{
    "Area": 3527.2,
    "LongitudCauce": 197.9,
    "TiempoConcentracion": 2,
   "hu": [
	0.5,
	6.58953579,
	10.28860967,
	11.5862585,
	10.43255948,
	6.89553227,
	1.99136526,
	0.77360178
    ],
    "hu_time": [
        0,
        1,
        2,
        3,
        4,
        5,
		6,
		7
    ]
}