Fecha,Q
09/11/1986,32.762
10/11/1986,20.254
11/11/1986,6.903
12/11/1986,3.954
13/11/1986,3.411
14/11/1986,2.797
15/11/1986,2.539
16/11/1986,2.339
17/11/1986,2.087
18/11/1986,2.64
19/11/1986,17.611
20/11/1986,13.464
21/11/1986,5.645
22/11/1986,26.027
23/11/1986,30.1
24/11/1986,11.633
25/11/1986,36.566
26/11/1986,24.216
28/11/1986,29.325
29/11/1986,13.152
30/11/1986,6.79
01/12/1986,4.85
02/12/1986,3.678
03/12/1986,3.036
04/12/1986,2.71
05/12/1986,2.41
06/12/1986,2.115
07/12/1986,2.034
08/12/1986,1.975
09/12/1986,1.918
10/12/1986,1.852
11/12/1986,1.786
12/12/1986,1.721
13/12/1986,1.658
14/12/1986,1.596
15/12/1986,1.536
16/12/1986,1.477
17/12/1986,1.419
18/12/1986,1.362
19/12/1986,1.307
20/12/1986,1.254
21/12/1986,1.309
22/12/1986,2.62
23/12/1986,3.03
24/12/1986,2.741
25/12/1986,2.41
26/12/1986,2.115
27/12/1986,2.034
28/12/1986,1.975
29/12/1986,1.918
30/12/1986,1.852
31/12/1986,1.79
01/01/1987,1.66
02/01/1987,1.537
03/01/1987,1.42
04/01/1987,1.309
05/01/1987,1.186
06/01/1987,1.078
07/01/1987,0.945
08/01/1987,0.87
09/01/1987,0.828
10/01/1987,0.787
11/01/1987,0.781
12/01/1987,1.212
13/01/1987,1.299
14/01/1987,1.157
15/01/1987,1.021
16/01/1987,0.901
17/01/1987,0.828
18/01/1987,0.787
19/01/1987,0.75
20/01/1987,0.746
21/01/1987,0.746
22/01/1987,0.744
23/01/1987,0.728
24/01/1987,0.938
25/01/1987,1.043
26/01/1987,1.006
27/01/1987,0.891
28/01/1987,0.826
29/01/1987,0.75
30/01/1987,0.752
31/01/1987,0.865
01/02/1987,0.945
02/02/1987,0.82
03/02/1987,0.747
04/02/1987,0.714
05/02/1987,0.891
06/02/1987,1.13
07/02/1987,1.007
08/02/1987,0.856
09/02/1987,0.75
10/02/1987,0.744
11/02/1987,0.711
12/02/1987,0.708
13/02/1987,0.705
14/02/1987,0.674
15/02/1987,0.668
16/02/1987,0.637
17/02/1987,0.632
18/02/1987,0.602
19/02/1987,0.597
20/02/1987,0.575
21/02/1987,0.704
22/02/1987,0.868
23/02/1987,0.992
24/02/1987,0.959
25/02/1987,0.914
26/02/1987,0.854
27/02/1987,0.787
28/02/1987,0.753
01/03/1987,0.78
02/03/1987,0.747
03/03/1987,0.711
04/03/1987,0.749
05/03/1987,0.876
06/03/1987,0.948
07/03/1987,0.914
08/03/1987,0.861
09/03/1987,0.94
10/03/1987,0.834
11/03/1987,0.75
12/03/1987,0.744
13/03/1987,0.709
14/03/1987,0.674
15/03/1987,0.673
16/03/1987,0.727
17/03/1987,0.744
18/03/1987,0.711
19/03/1987,0.693
20/03/1987,0.678
21/03/1987,0.811
22/03/1987,0.77
23/03/1987,0.752
24/03/1987,0.84
25/03/1987,0.927
26/03/1987,0.951
27/03/1987,0.85
28/03/1987,0.774
29/03/1987,0.746
30/03/1987,0.816
31/03/1987,1.07
01/04/1987,1.366
02/04/1987,1.271
03/04/1987,0.973
04/04/1987,0.858
05/04/1987,0.79
06/04/1987,0.783
07/04/1987,0.75
08/04/1987,0.752
09/04/1987,0.859
10/04/1987,0.846
11/04/1987,0.787
12/04/1987,0.75
13/04/1987,0.734
14/04/1987,0.751
15/04/1987,1.046
16/04/1987,2.48
17/04/1987,6.013
18/04/1987,9.314
19/04/1987,19.019
20/04/1987,11.651
21/04/1987,3.72
22/04/1987,2.356
23/04/1987,2.037
24/04/1987,1.734
25/04/1987,1.538
26/04/1987,1.361
27/04/1987,1.206
28/04/1987,1.15
29/04/1987,1.1
30/04/1987,1.274
01/05/1987,5.409
02/05/1987,10.339
03/05/1987,5.475
04/05/1987,2.315
05/05/1987,1.566
06/05/1987,1.401
07/05/1987,1.982
08/05/1987,2.418
09/05/1987,1.922
10/05/1987,1.437
11/05/1987,1.263
12/05/1987,1.337
13/05/1987,1.606
14/05/1987,1.604
15/05/1987,1.417
16/05/1987,1.208
17/05/1987,1.142
18/05/1987,1.969
19/05/1987,8.373
20/05/1987,7.976
21/05/1987,5.372
22/05/1987,4.017
23/05/1987,3.398
24/05/1987,3.021
25/05/1987,2.676
26/05/1987,2.406
27/05/1987,2.161
28/05/1987,1.977
29/05/1987,1.788
30/05/1987,1.598
31/05/1987,1.477
01/06/1987,1.419
02/06/1987,1.342
03/06/1987,1.566
04/06/1987,2.595
05/06/1987,2.471
06/06/1987,2.218
07/06/1987,1.978
08/06/1987,1.725
09/06/1987,1.484
10/06/1987,1.33
11/06/1987,1.438
12/06/1987,3.199
13/06/1987,2.645
14/06/1987,2.28
15/06/1987,2.041
16/06/1987,1.853
17/06/1987,1.656
18/06/1987,1.426
19/06/1987,1.259
20/06/1987,1.197
21/06/1987,1.153
22/06/1987,1.146
23/06/1987,1.104
24/06/1987,1.096
25/06/1987,1.055
26/06/1987,1.047
27/06/1987,1.008
28/06/1987,1.003
29/06/1987,1.0
30/06/1987,0.997
01/07/1987,1.532
02/07/1987,1.881
03/07/1987,2.829
04/07/1987,4.082
05/07/1987,2.216
06/07/1987,1.511
07/07/1987,1.264
08/07/1987,1.2
09/07/1987,1.181
10/07/1987,1.691
11/07/1987,7.444
12/07/1987,9.548
13/07/1987,5.361
14/07/1987,2.974
15/07/1987,2.431
16/07/1987,2.054
17/07/1987,2.349
18/07/1987,2.264
19/07/1987,1.92
20/07/1987,1.786
21/07/1987,1.721
22/07/1987,1.704
23/07/1987,2.215
24/07/1987,3.624
25/07/1987,2.933
26/07/1987,1.986
27/07/1987,2.384
28/07/1987,6.505
29/07/1987,12.879
30/07/1987,13.61
31/07/1987,6.683
01/08/1987,3.612
02/08/1987,3.027
03/08/1987,2.646
04/08/1987,2.278
05/08/1987,3.834
06/08/1987,17.269
07/08/1987,51.663
08/08/1987,26.832
09/08/1987,13.344
10/08/1987,5.701
11/08/1987,3.951
12/08/1987,4.734
13/08/1987,11.652
14/08/1987,18.673
15/08/1987,22.913
16/08/1987,13.354
17/08/1987,7.606
18/08/1987,4.498
19/08/1987,3.635
20/08/1987,3.133
21/08/1987,2.682
22/08/1987,2.473
23/08/1987,2.378
24/08/1987,2.244
25/08/1987,2.173
26/08/1987,2.118
27/08/1987,3.272
28/08/1987,7.512
29/08/1987,25.181
30/08/1987,14.328
31/08/1987,6.222
01/09/1987,4.526
02/09/1987,3.681
03/09/1987,3.191
04/09/1987,2.773
05/09/1987,2.446
06/09/1987,2.184
07/09/1987,2.093
08/09/1987,2.034
09/09/1987,2.571
10/09/1987,3.273
11/09/1987,3.074
12/09/1987,2.684
13/09/1987,2.344
14/09/1987,2.782
15/09/1987,35.775
16/09/1987,18.023
17/09/1987,6.624
18/09/1987,4.058
19/09/1987,3.283
20/09/1987,2.556
21/09/1987,2.278
22/09/1987,2.103
23/09/1987,2.19
24/09/1987,2.39
25/09/1987,2.401
26/09/1987,2.424
27/09/1987,2.935
28/09/1987,3.953
29/09/1987,6.142
30/09/1987,4.193
01/10/1987,3.287
02/10/1987,2.624
03/10/1987,2.276
04/10/1987,1.948
05/10/1987,1.593
06/10/1987,1.316
07/10/1987,1.18
08/10/1987,1.727
09/10/1987,1.737
10/10/1987,2.054
11/10/1987,10.671
12/10/1987,16.201
13/10/1987,6.93
14/10/1987,3.273
15/10/1987,3.795
16/10/1987,3.727
17/10/1987,3.241
18/10/1987,2.859
19/10/1987,2.367
20/10/1987,2.096
21/10/1987,1.884
22/10/1987,1.79
23/10/1987,2.199
24/10/1987,2.338
25/10/1987,1.981
26/10/1987,1.662
27/10/1987,1.437
28/10/1987,1.17
29/10/1987,1.096
30/10/1987,1.009
31/10/1987,0.974
01/11/1987,1.088
02/11/1987,1.005
03/11/1987,0.978
04/11/1987,1.7
05/11/1987,11.101
06/11/1987,21.89
07/11/1987,11.892
08/11/1987,4.128
09/11/1987,3.144
10/11/1987,2.678
11/11/1987,2.344
12/11/1987,2.037
13/11/1987,1.801
14/11/1987,1.849
15/11/1987,2.997
16/11/1987,3.122
17/11/1987,2.597
18/11/1987,2.333
19/11/1987,2.037
20/11/1987,1.801
21/11/1987,1.78
22/11/1987,1.725
23/11/1987,1.711
24/11/1987,1.683
25/11/1987,3.013
26/11/1987,3.54
27/11/1987,3.027
28/11/1987,2.603
29/11/1987,2.353
30/11/1987,2.088
01/12/1987,1.744
02/12/1987,1.619
03/12/1987,2.25
04/12/1987,6.071
05/12/1987,23.92
06/12/1987,13.531
07/12/1987,4.72
08/12/1987,3.093
09/12/1987,4.405
10/12/1987,7.483
11/12/1987,4.955
12/12/1987,3.611
13/12/1987,2.998
14/12/1987,2.745
15/12/1987,2.71
16/12/1987,2.356
17/12/1987,2.087
18/12/1987,1.876
19/12/1987,3.024
20/12/1987,3.795
21/12/1987,3.101
22/12/1987,2.558
23/12/1987,10.2
24/12/1987,13.403
25/12/1987,6.041
26/12/1987,3.17
27/12/1987,2.108
28/12/1987,1.85
29/12/1987,3.052
30/12/1987,3.952
31/12/1987,5.237
01/01/1988,4.032
02/01/1988,3.294
03/01/1988,2.684
04/01/1988,2.344
05/01/1988,2.037
06/01/1988,1.792
07/01/1988,1.604
08/01/1988,1.502
09/01/1988,1.778
10/01/1988,2.573
11/01/1988,2.873
12/01/1988,2.324
13/01/1988,2.032
14/01/1988,1.801
15/01/1988,1.78
16/01/1988,1.725
17/01/1988,2.117
18/01/1988,9.353
19/01/1988,25.993
20/01/1988,14.369
21/01/1988,50.087
22/01/1988,50.689
23/01/1988,16.856
24/01/1988,4.271
25/01/1988,3.538
26/01/1988,40.468
27/01/1988,49.342
28/01/1988,28.662
29/01/1988,73.808
30/01/1988,17.104
31/01/1988,6.165
01/02/1988,4.929
02/02/1988,3.908
03/02/1988,3.307
04/02/1988,3.014
05/02/1988,2.672
06/02/1988,2.353
07/02/1988,2.159
08/02/1988,2.088
09/02/1988,2.038
10/02/1988,2.036
11/02/1988,2.086
12/02/1988,2.088
13/02/1988,2.002
14/02/1988,1.801
15/02/1988,1.805
16/02/1988,2.426
17/02/1988,3.737
18/02/1988,4.204
19/02/1988,3.604
20/02/1988,3.037
21/02/1988,2.787
22/02/1988,2.356
23/02/1988,2.037
24/02/1988,1.726
25/02/1988,1.996
26/02/1988,3.174
27/02/1988,8.231
28/02/1988,6.47
29/02/1988,3.323
01/03/1988,2.241
02/03/1988,1.798
03/03/1988,1.604
04/03/1988,1.477
05/03/1988,1.379
06/03/1988,1.214
07/03/1988,1.2
08/03/1988,1.197
09/03/1988,1.153
10/03/1988,1.146
11/03/1988,1.104
12/03/1988,1.099
13/03/1988,1.141
14/03/1988,1.054
15/03/1988,1.051
16/03/1988,1.047
17/03/1988,1.008
18/03/1988,1.0
19/03/1988,0.962
20/03/1988,0.957
21/03/1988,0.957
22/03/1988,0.954
23/03/1988,0.917
24/03/1988,0.913
25/03/1988,0.913
26/03/1988,0.916
27/03/1988,0.954
28/03/1988,0.957
29/03/1988,0.957
30/03/1988,0.957
31/03/1988,0.957
01/04/1988,0.957
02/04/1988,0.957
03/04/1988,0.957
04/04/1988,0.957
05/04/1988,0.974
06/04/1988,1.461
07/04/1988,1.78
08/04/1988,1.725
09/04/1988,1.72
10/04/1988,1.8
11/04/1988,2.142
12/04/1988,2.462
13/04/1988,2.719
14/04/1988,2.791
15/04/1988,2.734
16/04/1988,2.653
17/04/1988,2.29
18/04/1988,2.019
19/04/1988,1.541
20/04/1988,1.694
21/04/1988,1.65
22/04/1988,1.487
23/04/1988,1.423
24/04/1988,1.414
25/04/1988,1.366
26/04/1988,1.35
27/04/1988,1.214
28/04/1988,1.197
29/04/1988,1.153
30/04/1988,1.149
01/05/1988,1.152
02/05/1988,1.287
03/05/1988,1.589
04/05/1988,2.161
05/05/1988,2.603
06/05/1988,3.169
07/05/1988,3.763
08/05/1988,3.398
09/05/1988,3.021
10/05/1988,2.65
11/05/1988,2.306
12/05/1988,2.032
13/05/1988,1.726
14/05/1988,1.424
15/05/1988,1.155
16/05/1988,0.941
17/05/1988,0.873
18/05/1988,0.869
19/05/1988,0.866
20/05/1988,0.831
21/05/1988,0.824
22/05/1988,0.79
23/05/1988,0.792
24/05/1988,0.865
25/05/1988,0.912
26/05/1988,0.954
27/05/1988,1.103
28/05/1988,1.273
29/05/1988,1.36
30/05/1988,1.416
31/05/1988,1.47
01/06/1988,1.479
02/06/1988,1.529
03/06/1988,1.538
04/06/1988,1.589
05/06/1988,1.595
06/06/1988,1.595
07/06/1988,1.631
08/06/1988,1.657
09/06/1988,1.661
10/06/1988,1.714
11/06/1988,1.72
12/06/1988,1.757
13/06/1988,1.784
14/06/1988,1.784
15/06/1988,1.784
16/06/1988,1.797
17/06/1988,2.036
18/06/1988,2.507
19/06/1988,3.006
20/06/1988,3.435
21/06/1988,3.169
22/06/1988,2.674
23/06/1988,2.27
24/06/1988,1.743
25/06/1988,1.638
26/06/1988,2.453
27/06/1988,4.31
28/06/1988,6.223
29/06/1988,5.017
30/06/1988,4.111
01/07/1988,3.974
02/07/1988,5.44
03/07/1988,18.482
04/07/1988,46.803
05/07/1988,24.552
06/07/1988,11.015
07/07/1988,5.382
08/07/1988,3.864
09/07/1988,3.488
10/07/1988,3.45
11/07/1988,3.254
12/07/1988,3.028
13/07/1988,2.937
14/07/1988,2.868
15/07/1988,2.776
16/07/1988,2.56
17/07/1988,2.401
18/07/1988,2.376
19/07/1988,2.333
20/07/1988,2.236
21/07/1988,2.082
22/07/1988,1.741
23/07/1988,1.511
24/07/1988,1.471
25/07/1988,1.427
26/07/1988,1.478
27/07/1988,1.617
28/07/1988,1.794
29/07/1988,2.136
30/07/1988,2.518
31/07/1988,3.364
01/08/1988,12.242
02/08/1988,32.529
03/08/1988,41.559
04/08/1988,29.899
05/08/1988,13.647
06/08/1988,5.735
07/08/1988,3.935
08/08/1988,3.471
09/08/1988,3.219
10/08/1988,2.761
11/08/1988,2.562
12/08/1988,2.409
13/08/1988,2.274
14/08/1988,2.098
15/08/1988,1.995
16/08/1988,1.857
17/08/1988,1.79
18/08/1988,1.784
19/08/1988,1.88
20/08/1988,2.306
21/08/1988,3.208
22/08/1988,5.219
23/08/1988,4.737
24/08/1988,3.584
25/08/1988,3.034
26/08/1988,2.672
27/08/1988,2.344
28/08/1988,2.037
29/08/1988,1.801
30/08/1988,1.784
31/08/1988,1.784
01/09/1988,1.784
02/09/1988,1.784
03/09/1988,1.78
04/09/1988,1.725
05/09/1988,1.711
06/09/1988,1.606
07/09/1988,1.587
08/09/1988,1.486
09/09/1988,1.471
10/09/1988,1.423
11/09/1988,1.414
12/09/1988,1.366
13/09/1988,1.354
14/09/1988,1.262
15/09/1988,1.249
16/09/1988,1.205
17/09/1988,1.2
18/09/1988,1.197
19/09/1988,1.153
20/09/1988,1.146
21/09/1988,1.15
22/09/1988,1.948
23/09/1988,5.198
24/09/1988,23.813
25/09/1988,13.05
26/09/1988,5.157
27/09/1988,6.451
28/09/1988,5.134
29/09/1988,3.799
30/09/1988,3.476
01/10/1988,3.396
02/10/1988,3.833
03/10/1988,6.467
04/10/1988,4.842
05/10/1988,3.419
06/10/1988,2.682
07/10/1988,2.243
08/10/1988,1.855
09/10/1988,1.78
10/10/1988,1.717
11/10/1988,1.598
12/10/1988,1.482
13/10/1988,1.431
14/10/1988,1.528
15/10/1988,1.585
16/10/1988,1.536
17/10/1988,1.48
18/10/1988,1.471
19/10/1988,1.423
20/10/1988,1.414
21/10/1988,1.366
22/10/1988,1.357
23/10/1988,1.304
24/10/1988,1.209
25/10/1988,1.18
26/10/1988,1.142
27/10/1988,1.053
28/10/1988,0.963
29/10/1988,0.9
30/10/1988,0.864
31/10/1988,0.791
01/11/1988,0.75
02/11/1988,0.744
03/11/1988,0.711
04/11/1988,0.705
05/11/1988,0.674
06/11/1988,0.67
07/11/1988,0.668
08/11/1988,0.637
09/11/1988,0.632
10/11/1988,0.602
11/11/1988,0.597
12/11/1988,0.592
13/11/1988,0.903
14/11/1988,0.996
15/11/1988,0.959
16/11/1988,0.914
17/11/1988,0.87
18/11/1988,0.828
19/11/1988,0.79
20/11/1988,0.798
21/11/1988,1.084
22/11/1988,1.554
23/11/1988,1.769
24/11/1988,1.66
25/11/1988,1.532
26/11/1988,1.366
27/11/1988,1.167
28/11/1988,0.954
29/11/1988,0.87
30/11/1988,0.831
01/12/1988,0.827
02/12/1988,0.827
03/12/1988,0.824
04/12/1988,0.79
05/12/1988,0.783
06/12/1988,0.75
07/12/1988,0.746
08/12/1988,0.746
09/12/1988,0.744
10/12/1988,0.711
11/12/1988,0.708
12/12/1988,0.705
13/12/1988,0.674
14/12/1988,0.668
15/12/1988,0.637
16/12/1988,0.634
17/12/1988,0.634
18/12/1988,0.632
19/12/1988,0.602
20/12/1988,0.599
21/12/1988,0.597
22/12/1988,0.568
23/12/1988,0.565
24/12/1988,0.565
25/12/1988,0.565
26/12/1988,0.565
27/12/1988,0.565
28/12/1988,0.565
29/12/1988,0.565
30/12/1988,0.565
31/12/1988,0.565
01/01/1989,0.565
02/01/1989,0.565
03/01/1989,0.565
04/01/1989,0.565
05/01/1989,0.565
06/01/1989,0.565
07/01/1989,0.565
08/01/1989,0.565
09/01/1989,0.565
10/01/1989,0.565
11/01/1989,0.565
12/01/1989,0.565
13/01/1989,0.565
14/01/1989,0.565
15/01/1989,0.565
16/01/1989,0.565
17/01/1989,0.565
18/01/1989,0.565
19/01/1989,0.565
20/01/1989,0.565
21/01/1989,0.565
22/01/1989,0.565
23/01/1989,0.565
24/01/1989,0.565
25/01/1989,0.565
26/01/1989,0.565
27/01/1989,0.565
28/01/1989,0.565
29/01/1989,0.565
30/01/1989,0.565
31/01/1989,0.565
01/02/1989,0.565
02/02/1989,0.565
03/02/1989,0.565
04/02/1989,0.565
05/02/1989,0.565
06/02/1989,0.565
07/02/1989,0.565
08/02/1989,0.565
09/02/1989,0.565
10/02/1989,0.565
11/02/1989,0.565
12/02/1989,0.565
13/02/1989,0.565
14/02/1989,0.565
15/02/1989,0.565
16/02/1989,0.565
17/02/1989,0.565
18/02/1989,0.565
19/02/1989,0.563
20/02/1989,0.536
21/02/1989,0.533
22/02/1989,0.533
23/02/1989,0.533
24/02/1989,0.533
25/02/1989,0.533
26/02/1989,0.533
27/02/1989,0.533
28/02/1989,0.533
01/03/1989,0.533
02/03/1989,0.533
03/03/1989,0.533
04/03/1989,0.533
05/03/1989,0.533
06/03/1989,0.533
07/03/1989,0.533
08/03/1989,0.533
09/03/1989,0.533
10/03/1989,0.533
11/03/1989,0.555
12/03/1989,0.533
13/03/1989,0.533
14/03/1989,0.533
15/03/1989,0.533
16/03/1989,0.533
17/03/1989,0.533
18/03/1989,0.533
19/03/1989,0.535
20/03/1989,0.562
21/03/1989,0.565
22/03/1989,0.565
23/03/1989,0.565
24/03/1989,0.565
25/03/1989,0.565
26/03/1989,0.565
27/03/1989,0.565
28/03/1989,0.565
29/03/1989,0.565
30/03/1989,0.565
31/03/1989,0.565
01/04/1989,0.565
02/04/1989,0.565
03/04/1989,0.565
04/04/1989,0.565
05/04/1989,0.565
06/04/1989,0.565
07/04/1989,0.565
08/04/1989,0.565
09/04/1989,0.565
10/04/1989,0.565
11/04/1989,0.565
12/04/1989,0.565
13/04/1989,0.565
14/04/1989,0.565
15/04/1989,0.565
16/04/1989,0.565
17/04/1989,0.565
18/04/1989,0.565
19/04/1989,0.565
20/04/1989,0.565
21/04/1989,0.565
22/04/1989,0.565
23/04/1989,0.565
24/04/1989,0.565
25/04/1989,0.565
26/04/1989,0.565
27/04/1989,0.565
28/04/1989,0.565
29/04/1989,0.565
30/04/1989,0.565
01/05/1989,0.565
02/05/1989,0.565
03/05/1989,0.565
04/05/1989,0.565
05/05/1989,0.565
06/05/1989,0.565
07/05/1989,0.563
08/05/1989,0.536
09/05/1989,0.533
10/05/1989,0.533
11/05/1989,0.533
12/05/1989,0.533
13/05/1989,0.533
14/05/1989,0.53
15/05/1989,0.504
16/05/1989,0.501
17/05/1989,0.501
18/05/1989,0.501
19/05/1989,0.501
20/05/1989,0.501
21/05/1989,0.501
22/05/1989,0.501
23/05/1989,0.501
24/05/1989,0.501
25/05/1989,0.501
26/05/1989,0.499
27/05/1989,0.473
28/05/1989,0.471
29/05/1989,0.471
30/05/1989,0.471
31/05/1989,0.471
01/06/1989,0.471
02/06/1989,0.471
03/06/1989,0.471
04/06/1989,0.471
05/06/1989,0.471
06/06/1989,0.471
07/06/1989,0.471
08/06/1989,0.471
09/06/1989,0.471
10/06/1989,0.471
11/06/1989,0.471
12/06/1989,0.471
13/06/1989,0.471
14/06/1989,0.471
15/06/1989,0.471
16/06/1989,0.471
17/06/1989,0.471
18/06/1989,0.471
19/06/1989,0.471
20/06/1989,0.471
21/06/1989,0.471
22/06/1989,0.471
23/06/1989,0.471
24/06/1989,0.471
25/06/1989,0.471
26/06/1989,0.471
27/06/1989,0.471
28/06/1989,0.471
29/06/1989,0.471
30/06/1989,0.471
01/07/1989,0.471
02/07/1989,0.471
03/07/1989,0.471
04/07/1989,0.471
05/07/1989,0.471
06/07/1989,0.471
07/07/1989,0.471
08/07/1989,0.471
09/07/1989,0.471
10/07/1989,0.471
11/07/1989,0.471
12/07/1989,0.471
13/07/1989,0.471
14/07/1989,0.471
15/07/1989,0.471
16/07/1989,0.471
17/07/1989,0.471
18/07/1989,0.471
19/07/1989,0.471
20/07/1989,0.471
21/07/1989,0.471
22/07/1989,0.471
23/07/1989,0.473
24/07/1989,0.53
25/07/1989,0.565
26/07/1989,0.565
27/07/1989,0.565
28/07/1989,0.565
29/07/1989,0.565
30/07/1989,0.565
31/07/1989,0.565
01/08/1989,0.565
02/08/1989,0.565
03/08/1989,0.565
04/08/1989,0.565
05/08/1989,0.565
06/08/1989,0.57
07/08/1989,0.645
08/08/1989,0.72
09/08/1989,0.746
10/08/1989,0.772
11/08/1989,0.823
12/08/1989,0.822
13/08/1989,0.751
14/08/1989,0.711
15/08/1989,0.705
16/08/1989,0.671
17/08/1989,0.635
18/08/1989,0.602
19/08/1989,0.597
20/08/1989,0.568
21/08/1989,0.565
22/08/1989,0.565
23/08/1989,0.565
24/08/1989,0.57
25/08/1989,0.631
26/08/1989,0.667
27/08/1989,0.673
28/08/1989,0.707
29/08/1989,0.746
30/08/1989,0.788
31/08/1989,0.882
01/09/1989,0.957
02/09/1989,1.021
03/09/1989,1.095
04/09/1989,1.106
05/09/1989,1.191
06/09/1989,1.2
07/09/1989,1.197
08/09/1989,1.153
09/09/1989,1.129
10/09/1989,1.096
11/09/1989,1.055
12/09/1989,1.047
13/09/1989,1.005
14/09/1989,0.962
15/09/1989,0.957
16/09/1989,0.957
17/09/1989,0.957
18/09/1989,0.954
19/09/1989,0.917
20/09/1989,0.913
21/09/1989,0.913
22/09/1989,0.896
23/09/1989,0.89
24/09/1989,0.957
25/09/1989,1.027
26/09/1989,1.047
27/09/1989,1.005
28/09/1989,0.962
29/09/1989,0.957
30/09/1989,0.957
01/10/1989,0.957
02/10/1989,0.954
03/10/1989,0.914
04/10/1989,0.87
05/10/1989,0.831
06/10/1989,0.824
07/10/1989,0.79
08/10/1989,0.786
09/10/1989,0.783
10/10/1989,0.75
11/10/1989,0.746
12/10/1989,0.746
13/10/1989,0.744
14/10/1989,0.711
15/10/1989,0.705
16/10/1989,0.674
17/10/1989,0.668
18/10/1989,0.637
19/10/1989,0.634
20/10/1989,0.63
21/10/1989,0.571
22/10/1989,0.565
23/10/1989,0.565
24/10/1989,0.565
25/10/1989,0.565
26/10/1989,0.565
27/10/1989,0.565
28/10/1989,0.565
29/10/1989,0.565
30/10/1989,0.565
31/10/1989,0.565
01/11/1989,0.578
02/11/1989,0.739
03/11/1989,0.858
04/11/1989,0.869
05/11/1989,0.864
06/11/1989,0.794
07/11/1989,0.786
08/11/1989,0.783
09/11/1989,0.75
10/11/1989,0.761
11/11/1989,1.275
12/11/1989,4.075
13/11/1989,13.766
14/11/1989,14.155
15/11/1989,6.215
16/11/1989,3.787
17/11/1989,3.435
18/11/1989,3.034
19/11/1989,2.751
20/11/1989,2.719
21/11/1989,2.519
22/11/1989,2.43
23/11/1989,2.983
24/11/1989,4.249
25/11/1989,9.164
26/11/1989,4.492
27/11/1989,3.478
28/11/1989,3.219
29/11/1989,3.086
30/11/1989,3.086
01/12/1989,3.086
02/12/1989,3.086
03/12/1989,3.062
04/12/1989,2.764
05/12/1989,2.733
06/12/1989,2.733
07/12/1989,2.728
08/12/1989,2.666
09/12/1989,2.599
10/12/1989,2.537
11/12/1989,2.522
12/12/1989,2.413
13/12/1989,2.401
14/12/1989,2.397
15/12/1989,2.339
16/12/1989,2.272
17/12/1989,2.159
18/12/1989,2.097
19/12/1989,2.088
20/12/1989,2.034
21/12/1989,1.971
22/12/1989,1.857
23/12/1989,1.79
24/12/1989,1.776
25/12/1989,1.664
26/12/1989,1.592
27/12/1989,1.482
28/12/1989,1.419
29/12/1989,1.355
30/12/1989,1.214
31/12/1989,1.2
01/01/1990,1.193
02/01/1990,1.098
03/01/1990,0.967
04/01/1990,0.917
05/01/1990,0.91
06/01/1990,0.873
07/01/1990,0.864
08/01/1990,0.794
09/01/1990,0.783
10/01/1990,0.75
11/01/1990,0.741
12/01/1990,0.677
13/01/1990,0.663
14/01/1990,0.575
15/01/1990,0.565
16/01/1990,0.565
17/01/1990,0.565
18/01/1990,0.565
19/01/1990,0.565
20/01/1990,0.565
21/01/1990,0.565
22/01/1990,0.563
23/01/1990,0.536
24/01/1990,0.533
25/01/1990,0.53
26/01/1990,0.504
27/01/1990,0.497
28/01/1990,0.445
29/01/1990,0.415
30/01/1990,0.411
31/01/1990,0.388
01/02/1990,0.388
02/02/1990,0.412
03/02/1990,0.439
04/02/1990,0.443
05/02/1990,0.468
06/02/1990,0.477
07/02/1990,0.557
08/02/1990,0.648
09/02/1990,2.45
10/02/1990,5.504
11/02/1990,9.955
12/02/1990,17.26
13/02/1990,31.874
14/02/1990,52.559
15/02/1990,52.253
16/02/1990,40.084
17/02/1990,18.037
18/02/1990,11.318
19/02/1990,6.477
20/02/1990,4.032
21/02/1990,3.476
22/02/1990,3.282
23/02/1990,2.732
24/02/1990,2.418
25/02/1990,3.205
26/02/1990,4.636
27/02/1990,8.4
28/02/1990,6.698
01/03/1990,4.741
02/03/1990,3.838
03/03/1990,3.625
04/03/1990,3.435
05/03/1990,3.058
06/03/1990,2.758
07/03/1990,2.782
08/03/1990,4.649
09/03/1990,10.801
10/03/1990,44.744
11/03/1990,69.008
12/03/1990,66.224
13/03/1990,58.867
14/03/1990,50.836
15/03/1990,29.888
16/03/1990,16.21
17/03/1990,8.261
18/03/1990,5.004
19/03/1990,3.83
20/03/1990,3.481
21/03/1990,3.46
22/03/1990,3.455
23/03/1990,3.385
24/03/1990,3.29
25/03/1990,3.351
26/03/1990,3.453
27/03/1990,3.46
28/03/1990,3.646
29/03/1990,5.417
30/03/1990,14.292
31/03/1990,45.345
01/04/1990,71.492
02/04/1990,32.188
03/04/1990,17.046
04/04/1990,8.719
05/04/1990,4.193
06/04/1990,3.488
07/04/1990,3.455
08/04/1990,3.37
09/04/1990,3.027
10/04/1990,2.751
11/04/1990,2.782
12/04/1990,3.642
13/04/1990,5.511
14/04/1990,7.382
15/04/1990,16.813
16/04/1990,16.644
17/04/1990,12.504
18/04/1990,6.079
19/04/1990,4.415
20/04/1990,3.825
21/04/1990,3.488
22/04/1990,3.974
23/04/1990,13.537
24/04/1990,27.816
25/04/1990,72.932
26/04/1990,66.713
27/04/1990,31.127
28/04/1990,65.537
29/04/1990,28.81
30/04/1990,12.506
01/05/1990,7.122
02/05/1990,4.576
03/05/1990,4.022
04/05/1990,3.819
05/05/1990,3.661
06/05/1990,3.474
07/05/1990,3.487
08/05/1990,3.822
09/05/1990,3.851
10/05/1990,3.735
11/05/1990,3.481
12/05/1990,3.39
13/05/1990,3.172
14/05/1990,3.13
15/05/1990,3.076
16/05/1990,2.94
17/05/1990,2.747
18/05/1990,2.662
19/05/1990,2.543
20/05/1990,2.489
21/05/1990,2.407
22/05/1990,2.424
23/05/1990,2.876
24/05/1990,3.389
25/05/1990,3.956
26/05/1990,4.243
27/05/1990,3.985
28/05/1990,3.783
29/05/1990,4.43
30/05/1990,4.764
31/05/1990,5.116
01/06/1990,5.789
02/06/1990,6.115
03/06/1990,5.541
04/06/1990,5.084
05/06/1990,4.634
06/06/1990,4.193
07/06/1990,3.716
08/06/1990,3.474
09/06/1990,3.46
10/06/1990,3.455
11/06/1990,3.385
12/06/1990,3.304
13/06/1990,3.167
14/06/1990,3.092
15/06/1990,3.076
16/06/1990,2.95
17/06/1990,2.877
18/06/1990,2.862
19/06/1990,2.745
20/06/1990,2.728
21/06/1990,2.671
22/06/1990,2.656
23/06/1990,2.539
24/06/1990,2.467
25/06/1990,2.407
26/06/1990,2.393
27/06/1990,2.253
28/06/1990,2.094
29/06/1990,1.972
30/06/1990,1.801
01/07/1990,1.784
02/07/1990,1.784
03/07/1990,1.784
04/07/1990,1.78
05/07/1990,1.725
06/07/1990,1.711
07/07/1990,1.606
08/07/1990,1.591
09/07/1990,1.54
10/07/1990,1.53
11/07/1990,1.48
12/07/1990,1.467
13/07/1990,1.371
14/07/1990,1.357
15/07/1990,1.307
16/07/1990,1.257
17/07/1990,1.249
18/07/1990,1.205
19/07/1990,1.2
20/07/1990,1.197
21/07/1990,1.153
22/07/1990,1.142
23/07/1990,1.059
24/07/1990,1.051
25/07/1990,1.047
26/07/1990,1.008
27/07/1990,1.003
28/07/1990,1.0
29/07/1990,0.962
30/07/1990,0.957
31/07/1990,0.957
01/08/1990,0.957
02/08/1990,0.957
03/08/1990,0.957
04/08/1990,0.957
05/08/1990,0.957
06/08/1990,0.957
07/08/1990,0.954
08/08/1990,0.917
09/08/1990,0.913
10/08/1990,0.91
11/08/1990,0.873
12/08/1990,0.864
13/08/1990,0.794
14/08/1990,0.783
15/08/1990,0.75
16/08/1990,0.746
17/08/1990,0.746
18/08/1990,0.746
19/08/1990,0.744
20/08/1990,0.711
21/08/1990,0.708
22/08/1990,0.703
23/08/1990,0.641
24/08/1990,0.634
25/08/1990,0.642
26/08/1990,0.739
27/08/1990,0.783
28/08/1990,0.792
29/08/1990,0.868
30/08/1990,0.95
31/08/1990,0.957
01/09/1990,0.957
02/09/1990,0.957
03/09/1990,0.957
04/09/1990,0.957
05/09/1990,0.957
06/09/1990,0.957
07/09/1990,0.993
08/09/1990,2.01
09/09/1990,4.231
10/09/1990,6.256
11/09/1990,7.641
12/09/1990,6.222
13/09/1990,4.35
14/09/1990,3.496
15/09/1990,3.435
16/09/1990,2.89
17/09/1990,2.287
18/09/1990,1.926
19/09/1990,3.496
20/09/1990,6.452
21/09/1990,6.882
22/09/1990,4.84
23/09/1990,3.867
24/09/1990,3.496
25/09/1990,3.435
26/09/1990,2.913
27/09/1990,2.58
28/09/1990,2.06
29/09/1990,1.792
30/09/1990,1.562
01/10/1990,1.475
02/10/1990,1.496
03/10/1990,1.778
04/10/1990,2.108
05/10/1990,2.725
06/10/1990,3.451
07/10/1990,4.174
08/10/1990,3.737
09/10/1990,3.46
10/10/1990,3.516
11/10/1990,5.028
12/10/1990,7.399
13/10/1990,6.667
14/10/1990,4.395
15/10/1990,3.496
16/10/1990,3.435
17/10/1990,3.095
18/10/1990,2.427
19/10/1990,1.812
20/10/1990,1.784
21/10/1990,1.776
22/10/1990,1.668
23/10/1990,1.652
24/10/1990,1.6
25/10/1990,1.591
26/10/1990,1.54
27/10/1990,1.53
28/10/1990,1.48
29/10/1990,1.475
30/10/1990,1.475
31/10/1990,1.467
01/11/1990,1.371
02/11/1990,1.361
03/11/1990,1.357
04/11/1990,1.311
05/11/1990,1.299
06/11/1990,1.209
07/11/1990,1.2
08/11/1990,1.197
09/11/1990,1.153
10/11/1990,1.146
11/11/1990,1.104
12/11/1990,1.21
13/11/1990,3.546
14/11/1990,12.072
15/11/1990,51.644
16/11/1990,54.413
17/11/1990,43.548
18/11/1990,23.607
19/11/1990,10.744
20/11/1990,4.746
21/11/1990,3.496
22/11/1990,3.46
23/11/1990,3.455
24/11/1990,3.39
25/11/1990,3.389
26/11/1990,3.586
27/11/1990,4.43
28/11/1990,4.266
29/11/1990,3.496
30/11/1990,3.46
01/12/1990,3.435
02/12/1990,3.119
03/12/1990,3.081
04/12/1990,3.02
05/12/1990,3.044
06/12/1990,3.421
07/12/1990,3.775
08/12/1990,7.291
09/12/1990,22.437
10/12/1990,66.845
11/12/1990,77.337
12/12/1990,61.491
13/12/1990,41.894
14/12/1990,18.717
15/12/1990,9.444
16/12/1990,5.358
17/12/1990,4.144
18/12/1990,3.51
19/12/1990,3.435
20/12/1990,3.119
21/12/1990,3.062
22/12/1990,2.75
23/12/1990,2.54
24/12/1990,2.392
25/12/1990,2.119
26/12/1990,2.071
27/12/1990,1.807
28/12/1990,1.709
29/12/1990,1.478
30/12/1990,1.225
31/12/1990,1.2
01/01/1991,1.2
02/01/1991,1.2
03/01/1991,1.2
04/01/1991,1.197
05/01/1991,1.153
06/01/1991,1.149
07/01/1991,1.146
08/01/1991,1.104
09/01/1991,1.099
10/01/1991,1.096
11/01/1991,1.055
12/01/1991,1.047
13/01/1991,1.008
14/01/1991,1.003
15/01/1991,1.0
16/01/1991,0.962
17/01/1991,0.957
18/01/1991,0.951
19/01/1991,0.877
20/01/1991,0.869
21/01/1991,0.866
22/01/1991,0.831
23/01/1991,0.822
24/01/1991,0.754
25/01/1991,0.744
26/01/1991,0.711
27/01/1991,0.703
28/01/1991,0.641
29/01/1991,0.63
30/01/1991,0.571
31/01/1991,0.565
01/02/1991,0.565
02/02/1991,0.565
03/02/1991,0.565
04/02/1991,0.565
05/02/1991,0.565
06/02/1991,0.565
07/02/1991,0.565
08/02/1991,0.565
09/02/1991,0.565
10/02/1991,0.565
11/02/1991,0.565
12/02/1991,0.565
13/02/1991,0.565
14/02/1991,0.565
15/02/1991,0.565
16/02/1991,0.565
17/02/1991,0.565
18/02/1991,0.565
19/02/1991,0.565
20/02/1991,0.565
21/02/1991,0.565
22/02/1991,0.565
23/02/1991,0.565
24/02/1991,0.565
25/02/1991,0.565
26/02/1991,0.565
27/02/1991,0.565
28/02/1991,0.657
01/03/1991,0.761
02/03/1991,0.979
03/03/1991,0.957
04/03/1991,0.964
05/03/1991,1.042
06/03/1991,1.061
07/03/1991,1.187
08/03/1991,1.2
09/03/1991,1.2
10/03/1991,1.207
11/03/1991,1.297
12/03/1991,1.306
13/03/1991,1.318
14/03/1991,1.46
15/03/1991,1.475
16/03/1991,1.475
17/03/1991,1.483
18/03/1991,1.584
19/03/1991,1.595
20/03/1991,1.608
21/03/1991,1.767
22/03/1991,1.784
23/03/1991,1.784
24/03/1991,1.784
25/03/1991,1.784
26/03/1991,1.784
27/03/1991,1.784
28/03/1991,1.784
29/03/1991,1.784
30/03/1991,1.784
31/03/1991,1.784
01/04/1991,1.776
02/04/1991,1.664
03/04/1991,1.592
04/04/1991,1.486
05/04/1991,1.496
06/04/1991,1.766
07/04/1991,1.901
08/04/1991,1.852
09/04/1991,1.79
10/04/1991,1.78
11/04/1991,1.725
12/04/1991,1.711
13/04/1991,1.606
14/04/1991,1.681
15/04/1991,2.283
16/04/1991,3.013
17/04/1991,3.828
18/04/1991,5.918
19/04/1991,8.524
20/04/1991,8.436
21/04/1991,5.892
22/04/1991,4.157
23/04/1991,3.485
24/04/1991,3.121
25/04/1991,2.729
26/04/1991,2.356
27/04/1991,2.048
28/04/1991,1.801
29/04/1991,1.784
30/04/1991,1.805
01/05/1991,2.4
02/05/1991,3.458
03/05/1991,4.711
04/05/1991,5.988
05/05/1991,4.469
06/05/1991,3.762
07/05/1991,3.481
08/05/1991,3.455
09/05/1991,3.307
10/05/1991,3.094
11/05/1991,2.941
12/05/1991,2.745
13/05/1991,3.103
14/05/1991,3.453
15/05/1991,3.487
16/05/1991,4.139
17/05/1991,6.51
18/05/1991,7.099
19/05/1991,5.94
20/05/1991,4.694
21/05/1991,4.182
22/05/1991,3.784
23/05/1991,3.481
24/05/1991,3.482
25/05/1991,3.823
26/05/1991,4.544
27/05/1991,6.685
28/05/1991,9.502
29/05/1991,9.938
30/05/1991,7.501
31/05/1991,5.824
01/06/1991,7.249
02/06/1991,11.426
03/06/1991,21.135
04/06/1991,28.384
05/06/1991,28.306
06/06/1991,22.035
07/06/1991,14.378
08/06/1991,8.243
09/06/1991,5.229
10/06/1991,4.513
11/06/1991,3.889
12/06/1991,3.735
13/06/1991,3.481
14/06/1991,3.455
15/06/1991,3.37
16/06/1991,3.112
17/06/1991,3.138
18/06/1991,3.993
19/06/1991,5.971
20/06/1991,8.823
21/06/1991,9.291
22/06/1991,7.199
23/06/1991,9.162
24/06/1991,18.338
25/06/1991,40.968
26/06/1991,60.5
27/06/1991,51.039
28/06/1991,38.634
29/06/1991,30.761
30/06/1991,22.973
01/07/1991,14.962
02/07/1991,8.19
03/07/1991,5.268
04/07/1991,4.651
05/07/1991,4.101
06/07/1991,3.851
07/07/1991,3.72
08/07/1991,3.481
09/07/1991,3.516
10/07/1991,4.822
11/07/1991,8.665
12/07/1991,13.638
13/07/1991,14.544
14/07/1991,10.341
15/07/1991,6.183
16/07/1991,5.451
17/07/1991,5.318
18/07/1991,8.639
19/07/1991,17.59
20/07/1991,31.885
21/07/1991,55.039
22/07/1991,59.192
23/07/1991,62.825
24/07/1991,38.035
25/07/1991,22.666
26/07/1991,14.961
27/07/1991,8.968
28/07/1991,5.986
29/07/1991,4.972
30/07/1991,4.177
31/07/1991,4.014
01/08/1991,3.496
02/08/1991,3.455
03/08/1991,3.39
04/08/1991,3.378
05/08/1991,3.315
06/08/1991,3.303
07/08/1991,3.24
08/08/1991,3.233
09/08/1991,3.228
10/08/1991,3.165
11/08/1991,3.154
12/08/1991,3.092
13/08/1991,3.081
14/08/1991,3.02
15/08/1991,3.004
16/08/1991,2.884
17/08/1991,2.862
18/08/1991,2.745
19/08/1991,2.728
20/08/1991,2.671
21/08/1991,2.651
22/08/1991,2.484
23/08/1991,2.461
24/08/1991,2.407
25/08/1991,2.393
26/08/1991,2.282
27/08/1991,2.21
28/08/1991,2.094
29/08/1991,1.972
30/08/1991,1.801
31/08/1991,1.784
01/09/1991,1.784
02/09/1991,1.78
03/09/1991,1.725
04/09/1991,1.715
05/09/1991,1.662
06/09/1991,1.665
07/09/1991,1.794
08/09/1991,2.4
09/09/1991,3.203
10/09/1991,3.46
11/09/1991,3.435
12/09/1991,2.869
13/09/1991,2.149
14/09/1991,2.092
15/09/1991,1.948
16/09/1991,1.784
17/09/1991,1.784
18/09/1991,1.784
19/09/1991,1.704
20/09/1991,2.033
21/09/1991,2.038
22/09/1991,2.028
23/09/1991,1.979
24/09/1991,1.961
25/09/1991,1.797
26/09/1991,1.721
27/09/1991,1.658
28/09/1991,1.592
29/09/1991,1.486
30/09/1991,1.496
01/10/1991,1.748
02/10/1991,1.656
03/10/1991,1.491
04/10/1991,1.475
05/10/1991,1.496
06/10/1991,1.799
07/10/1991,2.716
08/10/1991,3.653
09/10/1991,3.77
10/10/1991,3.456
11/10/1991,3.095
12/10/1991,2.764
13/10/1991,2.757
14/10/1991,3.03
15/10/1991,2.655
16/10/1991,3.374
17/10/1991,6.418
18/10/1991,13.128
19/10/1991,20.381
20/10/1991,20.656
21/10/1991,13.452
22/10/1991,6.951
23/10/1991,4.532
24/10/1991,3.507
25/10/1991,2.93
26/10/1991,2.368
27/10/1991,2.048
28/10/1991,1.78
29/10/1991,1.503
30/10/1991,1.475
31/10/1991,1.475
01/11/1991,1.475
02/11/1991,1.475
03/11/1991,1.475
04/11/1991,1.496
05/11/1991,1.946
06/11/1991,3.216
07/11/1991,3.46
08/11/1991,3.46
09/11/1991,3.435
10/11/1991,3.119
11/11/1991,3.062
12/11/1991,2.764
13/11/1991,2.71
14/11/1991,2.431
15/11/1991,2.38
16/11/1991,2.119
17/11/1991,2.071
18/11/1991,1.791
19/11/1991,1.662
20/11/1991,1.662
21/11/1991,1.545
22/11/1991,1.812
23/11/1991,3.531
24/11/1991,5.781
25/11/1991,10.107
26/11/1991,12.311
27/11/1991,11.04
28/11/1991,6.832
29/11/1991,4.422
30/11/1991,3.83
01/12/1991,3.496
02/12/1991,3.46
03/12/1991,3.435
04/12/1991,3.119
05/12/1991,3.062
06/12/1991,2.764
07/12/1991,2.71
08/12/1991,2.41
09/12/1991,2.119
10/12/1991,2.135
11/12/1991,2.676
12/12/1991,2.742
13/12/1991,2.864
14/12/1991,2.945
15/12/1991,3.125
16/12/1991,4.53
17/12/1991,6.921
18/12/1991,4.889
19/12/1991,3.867
20/12/1991,3.446
21/12/1991,2.797
22/12/1991,2.71
23/12/1991,2.41
24/12/1991,2.119
25/12/1991,2.071
26/12/1991,1.812
27/12/1991,1.784
28/12/1991,1.784
29/12/1991,1.784
30/12/1991,1.784
31/12/1991,1.784
01/01/1992,1.503
02/01/1992,1.475
03/01/1992,1.475
04/01/1992,1.517
05/01/1992,2.037
06/01/1992,2.092
07/01/1992,2.092
08/01/1992,2.071
09/01/1992,1.812
10/01/1992,1.784
11/01/1992,1.784
12/01/1992,1.784
13/01/1992,1.784
14/01/1992,1.784
15/01/1992,1.784
16/01/1992,1.784
17/01/1992,1.784
18/01/1992,1.78
19/01/1992,1.725
20/01/1992,1.72
21/01/1992,1.715
22/01/1992,1.662
23/01/1992,1.657
24/01/1992,1.644
25/01/1992,1.491
26/01/1992,1.475
27/01/1992,1.475
28/01/1992,1.475
29/01/1992,1.475
30/01/1992,1.475
31/01/1992,1.475
01/02/1992,1.475
02/02/1992,1.475
03/02/1992,1.475
04/02/1992,1.475
05/02/1992,1.475
06/02/1992,1.475
07/02/1992,1.496
08/02/1992,1.972
09/02/1992,3.585
10/02/1992,5.508
11/02/1992,5.211
12/02/1992,3.888
13/02/1992,3.051
14/02/1992,2.18
15/02/1992,2.071
16/02/1992,1.807
17/02/1992,1.717
18/02/1992,1.606
19/02/1992,1.587
20/02/1992,1.486
21/02/1992,1.475
22/02/1992,1.471
23/02/1992,1.452
24/02/1992,1.419
25/02/1992,1.395
26/02/1992,1.355
27/02/1992,1.214
28/02/1992,1.2
29/02/1992,1.25
01/03/1992,1.219
02/03/1992,1.451
03/03/1992,1.475
04/03/1992,1.496
05/03/1992,1.757
06/03/1992,1.805
07/03/1992,2.064
08/03/1992,2.135
09/03/1992,2.676
10/03/1992,2.733
11/03/1992,2.733
12/03/1992,2.728
13/03/1992,2.671
14/03/1992,2.656
15/03/1992,2.543
16/03/1992,2.522
17/03/1992,2.413
18/03/1992,2.401
19/03/1992,2.401
20/03/1992,2.393
21/03/1992,2.286
22/03/1992,2.262
23/03/1992,2.108
24/03/1992,2.092
25/03/1992,2.092
26/03/1992,2.092
27/03/1992,2.092
28/03/1992,2.092
29/03/1992,2.092
30/03/1992,2.092
31/03/1992,2.092
01/04/1992,2.088
02/04/1992,2.038
03/04/1992,2.032
04/04/1992,2.028
05/04/1992,1.979
06/04/1992,1.974
07/04/1992,1.966
08/04/1992,1.861
09/04/1992,1.846
10/04/1992,1.79
11/04/1992,1.784
12/04/1992,1.784
13/04/1992,1.784
14/04/1992,1.789
15/04/1992,1.853
16/04/1992,1.963
17/04/1992,1.978
18/04/1992,2.027
19/04/1992,2.036
20/04/1992,2.086
21/04/1992,2.092
22/04/1992,2.092
23/04/1992,2.104
24/04/1992,2.263
25/04/1992,2.336
26/04/1992,2.418
27/04/1992,2.727
28/04/1992,3.23
29/04/1992,4.602
30/04/1992,8.614
01/05/1992,12.934
02/05/1992,13.413
03/05/1992,8.644
04/05/1992,4.889
05/05/1992,3.867
06/05/1992,3.496
07/05/1992,3.46
08/05/1992,3.259
09/05/1992,2.764
10/05/1992,2.872
11/05/1992,3.234
12/05/1992,3.46
13/05/1992,3.564
14/05/1992,3.843
15/05/1992,3.967
16/05/1992,4.29
17/05/1992,4.67
18/05/1992,4.535
19/05/1992,4.206
20/05/1992,3.879
21/05/1992,3.83
22/05/1992,3.496
23/05/1992,3.46
24/05/1992,3.487
25/05/1992,4.082
26/05/1992,6.201
27/05/1992,9.7
28/05/1992,13.482
29/05/1992,10.068
30/05/1992,5.88
31/05/1992,4.959
01/06/1992,4.513
02/06/1992,4.017
03/06/1992,6.499
04/06/1992,17.732
05/06/1992,58.543
06/06/1992,62.157
07/06/1992,70.422
08/06/1992,67.609
09/06/1992,64.513
10/06/1992,56.089
11/06/1992,30.222
12/06/1992,18.664
13/06/1992,12.774
14/06/1992,6.78
15/06/1992,6.024
16/06/1992,4.562
17/06/1992,3.894
18/06/1992,3.777
19/06/1992,3.481
20/06/1992,3.46
21/06/1992,3.487
22/06/1992,3.822
23/06/1992,3.874
24/06/1992,4.244
25/06/1992,5.733
26/06/1992,9.116
27/06/1992,14.039
28/06/1992,12.89
29/06/1992,7.563
30/06/1992,5.706
01/07/1992,5.628
02/07/1992,5.22
03/07/1992,5.165
04/07/1992,4.816
05/07/1992,4.303
06/07/1992,4.103
07/07/1992,3.879
08/07/1992,3.851
09/07/1992,3.783
10/07/1992,3.765
11/07/1992,3.63
12/07/1992,3.606
13/07/1992,3.474
14/07/1992,3.46
15/07/1992,3.46
16/07/1992,3.45
17/07/1992,3.332
18/07/1992,3.474
19/07/1992,3.822
20/07/1992,3.885
21/07/1992,4.268
22/07/1992,4.708
23/07/1992,5.136
24/07/1992,5.21
25/07/1992,5.971
26/07/1992,8.915
27/07/1992,10.888
28/07/1992,10.311
29/07/1992,6.832
30/07/1992,4.559
31/07/1992,3.894
01/08/1992,3.857
02/08/1992,3.851
03/08/1992,3.783
04/08/1992,3.77
05/08/1992,3.703
06/08/1992,3.69
07/08/1992,3.618
08/08/1992,3.545
09/08/1992,3.533
10/08/1992,3.467
11/08/1992,3.46
12/08/1992,3.46
13/08/1992,3.46
14/08/1992,3.455
15/08/1992,3.39
16/08/1992,3.378
17/08/1992,3.315
18/08/1992,3.303
19/08/1992,3.24
20/08/1992,3.228
21/08/1992,3.165
22/08/1992,3.154
23/08/1992,3.092
24/08/1992,3.086
25/08/1992,3.086
26/08/1992,3.081
27/08/1992,3.02
28/08/1992,3.008
29/08/1992,2.948
30/08/1992,2.942
31/08/1992,3.004
01/09/1992,3.775
02/09/1992,3.857
03/09/1992,3.857
04/09/1992,3.83
05/09/1992,3.496
06/09/1992,3.46
07/09/1992,3.46
08/09/1992,3.46
09/09/1992,3.455
10/09/1992,3.39
11/09/1992,3.384
12/09/1992,3.378
13/09/1992,3.315
14/09/1992,3.293
15/09/1992,3.105
16/09/1992,3.076
17/09/1992,2.955
18/09/1992,2.942
19/09/1992,2.937
20/09/1992,2.877
21/09/1992,2.862
22/09/1992,2.745
23/09/1992,2.733
24/09/1992,2.728
25/09/1992,2.671
26/09/1992,2.656
27/09/1992,2.543
28/09/1992,2.522
29/09/1992,2.413
30/09/1992,2.401
01/10/1992,2.401
02/10/1992,2.397
03/10/1992,2.343
04/10/1992,2.338
05/10/1992,2.333
06/10/1992,2.28
07/10/1992,2.271
08/10/1992,2.218
09/10/1992,2.205
10/10/1992,2.102
11/10/1992,2.092
12/10/1992,2.092
13/10/1992,2.092
14/10/1992,2.088
15/10/1992,2.038
16/10/1992,2.032
17/10/1992,2.028
18/10/1992,1.979
19/10/1992,1.974
20/10/1992,1.966
21/10/1992,1.861
22/10/1992,1.85
23/10/1992,1.85
24/10/1992,1.846
25/10/1992,1.79
26/10/1992,1.784
27/10/1992,1.784
28/10/1992,1.784
29/10/1992,1.784
30/10/1992,1.784
31/10/1992,1.784
01/11/1992,1.784
02/11/1992,1.78
03/11/1992,1.725
04/11/1992,1.72
05/11/1992,1.715
06/11/1992,1.662
07/11/1992,1.657
08/11/1992,1.652
09/11/1992,1.6
10/11/1992,1.587
11/11/1992,1.486
12/11/1992,1.475
13/11/1992,1.475
14/11/1992,1.475
15/11/1992,1.475
16/11/1992,1.475
17/11/1992,1.483
18/11/1992,1.588
19/11/1992,1.655
20/11/1992,1.719
21/11/1992,1.779
22/11/1992,1.784
23/11/1992,1.789
24/11/1992,1.844
25/11/1992,1.859
26/11/1992,1.963
27/11/1992,1.982
28/11/1992,2.081
29/11/1992,2.092
30/11/1992,2.092
01/12/1992,2.092
02/12/1992,2.092
03/12/1992,2.088
04/12/1992,2.038
05/12/1992,2.032
06/12/1992,2.028
07/12/1992,1.979
08/12/1992,1.978
09/12/1992,1.985
10/12/1992,1.861
11/12/1992,1.85
12/12/1992,1.846
13/12/1992,1.79
14/12/1992,1.784
15/12/1992,1.776
16/12/1992,1.668
17/12/1992,1.657
18/12/1992,1.657
19/12/1992,1.652
20/12/1992,1.6
21/12/1992,1.587
22/12/1992,1.486
23/12/1992,1.475
24/12/1992,1.475
25/12/1992,1.475
26/12/1992,1.475
27/12/1992,1.475
28/12/1992,1.517
29/12/1992,2.373
30/12/1992,3.458
31/12/1992,4.678
01/01/1993,6.387
02/01/1993,6.123
03/01/1993,4.514
04/01/1993,3.737
05/01/1993,3.46
06/01/1993,3.435
07/01/1993,3.119
08/01/1993,3.076
09/01/1993,2.94
10/01/1993,2.751
11/01/1993,2.728
12/01/1993,2.671
13/01/1993,2.656
14/01/1993,2.543
15/01/1993,2.527
16/01/1993,2.472
17/01/1993,2.461
18/01/1993,2.407
19/01/1993,2.401
20/01/1993,2.393
21/01/1993,2.282
22/01/1993,2.21
23/01/1993,2.102
24/01/1993,2.092
25/01/1993,2.088
26/01/1993,2.038
27/01/1993,2.016
28/01/1993,1.806
29/01/1993,1.784
30/01/1993,1.784
31/01/1993,1.784
01/02/1993,1.784
02/02/1993,1.784
03/02/1993,1.784
04/02/1993,1.784
05/02/1993,1.805
06/02/1993,2.064
07/02/1993,2.084
08/02/1993,1.972
09/02/1993,1.801
10/02/1993,1.784
11/02/1993,1.784
12/02/1993,1.784
13/02/1993,1.784
14/02/1993,1.784
15/02/1993,1.784
16/02/1993,1.78
17/02/1993,1.725
18/02/1993,1.72
19/02/1993,1.711
20/02/1993,1.606
21/02/1993,1.595
22/02/1993,1.587
23/02/1993,1.486
24/02/1993,1.475
25/02/1993,1.475
26/02/1993,1.475
27/02/1993,1.537
28/02/1993,1.475
01/03/1993,1.475
02/03/1993,1.475
03/03/1993,1.475
04/03/1993,1.475
05/03/1993,1.475
06/03/1993,1.475
07/03/1993,1.475
08/03/1993,1.475
09/03/1993,1.475
10/03/1993,1.475
11/03/1993,1.475
12/03/1993,1.475
13/03/1993,1.475
14/03/1993,1.475
15/03/1993,1.475
16/03/1993,1.475
17/03/1993,1.475
18/03/1993,1.475
19/03/1993,1.475
20/03/1993,1.475
21/03/1993,1.475
22/03/1993,1.475
23/03/1993,1.475
24/03/1993,1.475
25/03/1993,1.475
26/03/1993,1.475
27/03/1993,1.475
28/03/1993,1.475
29/03/1993,1.475
30/03/1993,1.475
31/03/1993,1.475
01/04/1993,1.475
02/04/1993,1.475
03/04/1993,1.475
04/04/1993,1.475
05/04/1993,1.475
06/04/1993,1.475
07/04/1993,1.475
08/04/1993,1.475
09/04/1993,1.475
10/04/1993,1.475
11/04/1993,1.475
12/04/1993,1.475
13/04/1993,1.475
14/04/1993,1.475
15/04/1993,1.475
16/04/1993,1.475
17/04/1993,1.475
18/04/1993,1.475
19/04/1993,1.475
20/04/1993,1.475
21/04/1993,1.475
22/04/1993,1.475
23/04/1993,1.475
24/04/1993,1.496
25/04/1993,1.778
26/04/1993,2.064
27/04/1993,2.092
28/04/1993,2.092
29/04/1993,2.113
30/04/1993,2.374
01/05/1993,2.401
02/05/1993,2.406
03/05/1993,2.534
04/05/1993,2.721
05/05/1993,2.733
06/05/1993,2.757
07/05/1993,3.272
08/05/1993,9.196
09/05/1993,25.715
14/05/1993,39.778
15/05/1993,27.193
16/05/1993,17.648
17/05/1993,11.112
18/05/1993,5.488
19/05/1993,3.533
20/05/1993,3.411
21/05/1993,2.718
22/05/1993,2.302
23/05/1993,1.546
24/05/1993,1.475
25/05/1993,1.517
26/05/1993,2.261
27/05/1993,2.709
28/05/1993,2.71
29/05/1993,2.356
30/05/1993,2.108
31/05/1993,2.092
01/06/1993,2.092
02/06/1993,2.092
03/06/1993,2.092
04/06/1993,2.088
05/06/1993,2.038
06/06/1993,2.016
07/06/1993,1.806
08/06/1993,1.784
09/06/1993,1.784
10/06/1993,1.784
11/06/1993,1.78
12/06/1993,1.725
13/06/1993,1.72
14/06/1993,1.745
15/06/1993,2.126
16/06/1993,3.108
17/06/1993,5.032
18/06/1993,5.408
19/06/1993,3.954
20/06/1993,3.46
21/06/1993,3.45
22/06/1993,3.306
23/06/1993,3.105
24/06/1993,3.086
25/06/1993,3.081
26/06/1993,3.02
27/06/1993,3.004
28/06/1993,2.884
29/06/1993,2.862
30/06/1993,2.745
01/07/1993,2.733
02/07/1993,2.733
03/07/1993,2.733
04/07/1993,2.733
05/07/1993,2.728
06/07/1993,2.671
07/07/1993,2.66
08/07/1993,2.603
09/07/1993,2.589
10/07/1993,2.478
11/07/1993,2.466
12/07/1993,2.461
13/07/1993,2.407
14/07/1993,2.401
15/07/1993,2.401
16/07/1993,2.397
17/07/1993,2.343
18/07/1993,2.338
19/07/1993,2.338
20/07/1993,2.333
21/07/1993,2.28
22/07/1993,2.275
23/07/1993,2.271
24/07/1993,2.218
25/07/1993,2.163
26/07/1993,1.541
27/07/1993,1.475
28/07/1993,1.475
29/07/1993,1.475
30/07/1993,1.475
31/07/1993,1.475
01/08/1993,1.475
02/08/1993,1.475
03/08/1993,1.475
04/08/1993,1.475
05/08/1993,1.475
06/08/1993,1.475
07/08/1993,1.475
08/08/1993,1.475
09/08/1993,1.471
10/08/1993,1.423
11/08/1993,1.418
12/08/1993,1.414
13/08/1993,1.366
14/08/1993,1.361
15/08/1993,1.357
16/08/1993,1.311
17/08/1993,1.306
18/08/1993,1.299
19/08/1993,1.209
20/08/1993,1.2
21/08/1993,1.2
22/08/1993,1.2
23/08/1993,1.2
24/08/1993,1.2
25/08/1993,1.2
26/08/1993,1.2
27/08/1993,1.261
28/08/1993,2.401
29/08/1993,4.31
30/08/1993,7.192
31/08/1993,10.156
01/09/1993,10.183
02/09/1993,6.832
03/09/1993,4.395
04/09/1993,3.496
05/09/1993,3.45
06/09/1993,3.321
07/09/1993,3.298
08/09/1993,3.172
09/09/1993,3.154
10/09/1993,3.092
11/09/1993,3.086
12/09/1993,3.086
13/09/1993,3.086
14/09/1993,3.081
15/09/1993,3.02
16/09/1993,3.004
17/09/1993,2.884
18/09/1993,2.862
19/09/1993,2.745
20/09/1993,2.733
21/09/1993,2.733
22/09/1993,2.733
23/09/1993,2.733
24/09/1993,2.733
25/09/1993,2.757
26/09/1993,3.08
27/09/1993,3.658
28/09/1993,3.695
29/09/1993,2.882
30/09/1993,2.425
01/10/1993,2.401
02/10/1993,2.401
03/10/1993,2.401
04/10/1993,2.401
05/10/1993,2.397
06/10/1993,2.343
07/10/1993,2.338
08/10/1993,2.338
09/10/1993,2.333
10/10/1993,2.28
11/10/1993,2.275
12/10/1993,2.271
13/10/1993,2.218
14/10/1993,2.213
15/10/1993,2.205
16/10/1993,2.102
17/10/1993,2.092
18/10/1993,2.092
19/10/1993,2.092
20/10/1993,2.092
21/10/1993,2.088
22/10/1993,2.038
23/10/1993,2.032
24/10/1993,2.036
25/10/1993,2.086
26/10/1993,2.092
27/10/1993,2.092
28/10/1993,2.113
29/10/1993,2.406
30/10/1993,3.053
31/10/1993,3.938
01/11/1993,6.042
02/11/1993,6.123
03/11/1993,4.658
04/11/1993,3.838
05/11/1993,3.481
06/11/1993,3.46
07/11/1993,3.455
08/11/1993,3.396
09/11/1993,3.453
10/11/1993,3.46
11/11/1993,3.46
12/11/1993,3.634
13/11/1993,4.388
14/11/1993,5.105
15/11/1993,4.415
16/11/1993,3.852
17/11/1993,3.496
18/11/1993,3.46
19/11/1993,3.46
20/11/1993,3.46
21/11/1993,3.46
22/11/1993,3.46
23/11/1993,3.46
24/11/1993,3.487
25/11/1993,4.304
26/11/1993,5.544
27/11/1993,4.972
28/11/1993,4.07
29/11/1993,3.83
30/11/1993,3.496
01/12/1993,3.46
02/12/1993,3.46
03/12/1993,3.46
04/12/1993,3.46
05/12/1993,3.46
06/12/1993,3.46
07/12/1993,3.46
08/12/1993,3.46
09/12/1993,3.46
10/12/1993,3.45
11/12/1993,3.321
12/12/1993,3.308
13/12/1993,3.303
14/12/1993,3.24
15/12/1993,3.233
16/12/1993,3.223
17/12/1993,3.099
18/12/1993,3.086
19/12/1993,3.081
20/12/1993,3.02
21/12/1993,2.994
22/12/1993,2.758
23/12/1993,2.733
24/12/1993,2.728
25/12/1993,2.671
26/12/1993,2.656
27/12/1993,2.543
28/12/1993,2.522
29/12/1993,2.413
30/12/1993,2.401
31/12/1993,2.401
01/01/1994,2.401
02/01/1994,2.401
03/01/1994,2.401
04/01/1994,2.401
05/01/1994,2.401
06/01/1994,2.393
07/01/1994,2.286
08/01/1994,2.275
09/01/1994,2.262
10/01/1994,2.108
11/01/1994,2.092
12/01/1994,2.092
13/01/1994,2.092
14/01/1994,2.088
15/01/1994,2.038
16/01/1994,2.032
17/01/1994,2.032
18/01/1994,2.025
19/01/1994,1.928
20/01/1994,1.913
21/01/1994,1.856
22/01/1994,1.85
23/01/1994,1.846
24/01/1994,1.79
25/01/1994,1.784
26/01/1994,1.784
27/01/1994,1.784
28/01/1994,1.784
29/01/1994,1.784
30/01/1994,1.784
31/01/1994,1.784
01/02/1994,1.784
02/02/1994,1.784
03/02/1994,1.784
04/02/1994,1.784
05/02/1994,1.784
06/02/1994,1.784
07/02/1994,1.784
08/02/1994,1.784
09/02/1994,1.784
10/02/1994,1.78
11/02/1994,1.725
12/02/1994,1.72
13/02/1994,1.72
14/02/1994,1.72
15/02/1994,1.72
16/02/1994,1.72
17/02/1994,1.72
18/02/1994,1.72
19/02/1994,1.711
20/02/1994,1.606
21/02/1994,1.595
22/02/1994,1.587
23/02/1994,1.486
24/02/1994,1.475
25/02/1994,1.475
26/02/1994,1.475
27/02/1994,1.475
28/02/1994,1.475
01/03/1994,1.475
02/03/1994,1.475
03/03/1994,1.475
04/03/1994,1.475
05/03/1994,1.475
06/03/1994,1.475
07/03/1994,1.475
08/03/1994,1.475
09/03/1994,1.475
10/03/1994,1.475
11/03/1994,1.475
12/03/1994,1.475
13/03/1994,1.475
14/03/1994,1.517
15/03/1994,2.425
16/03/1994,3.922
17/03/1994,4.264
18/03/1994,3.896
19/03/1994,3.446
20/03/1994,3.299
21/03/1994,3.058
22/03/1994,2.753
23/03/1994,2.662
24/03/1994,2.534
25/03/1994,2.409
26/03/1994,2.343
27/03/1994,2.329
28/03/1994,2.216
29/03/1994,2.102
30/03/1994,2.092
31/03/1994,2.092
01/04/1994,2.092
02/04/1994,2.092
03/04/1994,2.092
04/04/1994,2.092
05/04/1994,2.092
06/04/1994,2.092
07/04/1994,2.088
08/04/1994,2.038
09/04/1994,2.032
10/04/1994,2.032
11/04/1994,2.032
12/04/1994,2.028
13/04/1994,1.979
14/04/1994,1.974
15/04/1994,1.974
16/04/1994,1.966
17/04/1994,1.861
18/04/1994,1.85
19/04/1994,1.85
20/04/1994,1.867
21/04/1994,2.07
22/04/1994,2.092
23/04/1994,2.092
24/04/1994,2.092
25/04/1994,2.092
26/04/1994,2.14
27/04/1994,2.213
28/04/1994,2.213
29/04/1994,2.226
30/04/1994,2.385
01/05/1994,2.401
02/05/1994,2.401
03/05/1994,2.401
04/05/1994,2.401
05/05/1994,2.401
06/05/1994,2.401
07/05/1994,2.401
08/05/1994,2.401
09/05/1994,2.401
10/05/1994,2.397
11/05/1994,2.343
12/05/1994,2.338
13/05/1994,2.338
14/05/1994,2.329
15/05/1994,2.224
16/05/1994,2.213
17/05/1994,2.213
18/05/1994,2.213
19/05/1994,2.213
20/05/1994,2.205
21/05/1994,2.102
22/05/1994,2.092
23/05/1994,2.092
24/05/1994,2.092
25/05/1994,2.092
26/05/1994,2.092
27/05/1994,2.092
28/05/1994,2.092
29/05/1994,2.092
30/05/1994,2.092
31/05/1994,2.092
01/06/1994,2.092
02/06/1994,2.092
03/06/1994,2.092
04/06/1994,2.092
05/06/1994,2.092
06/06/1994,2.092
07/06/1994,2.092
08/06/1994,2.196
09/06/1994,2.467
10/06/1994,2.773
11/06/1994,2.745
12/06/1994,2.733
13/06/1994,2.733
14/06/1994,2.733
15/06/1994,2.733
16/06/1994,2.733
17/06/1994,2.733
18/06/1994,2.733
19/06/1994,2.733
20/06/1994,2.728
21/06/1994,2.596
22/06/1994,2.376
23/06/1994,2.342
24/06/1994,2.396
25/06/1994,2.401
26/06/1994,2.401
27/06/1994,2.401
28/06/1994,2.401
29/06/1994,2.401
30/06/1994,2.401
01/07/1994,2.401
02/07/1994,2.401
03/07/1994,2.406
04/07/1994,2.465
05/07/1994,2.595
06/07/1994,2.727
07/07/1994,2.815
08/07/1994,3.067
09/07/1994,3.086
10/07/1994,3.086
11/07/1994,3.086
12/07/1994,3.086
13/07/1994,3.086
14/07/1994,3.086
15/07/1994,3.086
16/07/1994,3.086
17/07/1994,3.106
18/07/1994,3.649
19/07/1994,5.616
20/07/1994,7.848
21/07/1994,11.094
22/07/1994,20.601
23/07/1994,66.224
30/07/1994,36.545
31/07/1994,26.821
01/08/1994,21.921
02/08/1994,17.763
03/08/1994,14.229
04/08/1994,10.311
05/08/1994,7.682
06/08/1994,6.081
07/08/1994,5.189
08/08/1994,4.726
09/08/1994,4.314
10/08/1994,4.11
11/08/1994,3.857
12/08/1994,3.851
13/08/1994,3.778
14/08/1994,3.697
15/08/1994,3.623
16/08/1994,3.616
17/08/1994,3.616
18/08/1994,3.606
19/08/1994,3.474
20/08/1994,3.46
21/08/1994,3.46
22/08/1994,3.46
23/08/1994,3.46
24/08/1994,3.46
25/08/1994,3.46
26/08/1994,3.46
27/08/1994,3.516
28/08/1994,5.137
29/08/1994,13.955
30/08/1994,29.658
31/08/1994,65.195
06/09/1994,40.86
07/09/1994,33.584
08/09/1994,28.219
09/09/1994,22.774
10/09/1994,14.256
11/09/1994,9.216
12/09/1994,6.752
13/09/1994,5.047
14/09/1994,4.639
15/09/1994,4.295
16/09/1994,4.103
17/09/1994,3.879
18/09/1994,3.851
19/09/1994,3.783
20/09/1994,3.765
21/09/1994,3.63
22/09/1994,3.606
23/09/1994,3.474
24/09/1994,3.46
25/09/1994,3.45
26/09/1994,3.321
27/09/1994,3.303
28/09/1994,3.229
29/09/1994,3.099
30/09/1994,3.086
01/10/1994,3.086
02/10/1994,3.081
03/10/1994,3.02
04/10/1994,3.008
05/10/1994,2.948
06/10/1994,2.937
07/10/1994,2.877
08/10/1994,2.862
09/10/1994,2.754
10/10/1994,2.873
11/10/1994,3.082
12/10/1994,3.298
13/10/1994,3.447
14/10/1994,3.46
15/10/1994,3.493
16/10/1994,3.974
17/10/1994,4.243
18/10/1994,3.963
19/10/1994,3.846
20/10/1994,3.705
21/10/1994,3.613
22/10/1994,3.474
23/10/1994,3.487
24/10/1994,3.877
25/10/1994,4.075
26/10/1994,3.821
27/10/1994,3.62
28/10/1994,3.474
29/10/1994,3.46
30/10/1994,3.567
31/10/1994,4.797
01/11/1994,7.63
02/11/1994,8.026
03/11/1994,6.939
04/11/1994,5.666
05/11/1994,4.111
06/11/1994,3.83
07/11/1994,3.496
08/11/1994,3.46
09/11/1994,3.46
10/11/1994,3.455
11/11/1994,3.39
12/11/1994,3.378
13/11/1994,3.315
14/11/1994,3.293
15/11/1994,3.1
16/11/1994,3.01
17/11/1994,2.884
18/11/1994,2.862
19/11/1994,2.745
20/11/1994,2.723
21/11/1994,2.609
22/11/1994,2.597
23/11/1994,2.589
24/11/1994,2.478
25/11/1994,2.461
26/11/1994,2.407
27/11/1994,2.401
28/11/1994,2.401
29/11/1994,2.401
30/11/1994,2.401
01/12/1994,2.401
02/12/1994,2.401
03/12/1994,2.401
04/12/1994,2.401
05/12/1994,2.397
06/12/1994,2.343
07/12/1994,2.338
08/12/1994,2.338
09/12/1994,2.329
10/12/1994,2.224
11/12/1994,2.213
12/12/1994,2.213
13/12/1994,2.205
14/12/1994,2.102
15/12/1994,2.092
16/12/1994,2.092
17/12/1994,2.092
18/12/1994,2.084
19/12/1994,1.984
20/12/1994,1.974
21/12/1994,1.966
22/12/1994,1.861
23/12/1994,1.85
24/12/1994,1.846
25/12/1994,1.79
26/12/1994,1.784
27/12/1994,1.784
28/12/1994,1.784
29/12/1994,1.784
30/12/1994,1.784
31/12/1994,1.784
01/01/1995,1.784
02/01/1995,1.784
03/01/1995,1.784
04/01/1995,1.784
05/01/1995,1.784
06/01/1995,1.784
07/01/1995,1.784
08/01/1995,1.784
09/01/1995,1.784
10/01/1995,1.784
11/01/1995,1.776
12/01/1995,1.668
13/01/1995,1.657
14/01/1995,1.657
15/01/1995,1.644
16/01/1995,1.491
17/01/1995,1.475
18/01/1995,1.475
19/01/1995,1.475
20/01/1995,1.475
21/01/1995,1.475
22/01/1995,1.475
23/01/1995,1.475
24/01/1995,1.475
25/01/1995,1.475
26/01/1995,1.475
27/01/1995,1.475
28/01/1995,1.475
29/01/1995,1.475
30/01/1995,1.475
31/01/1995,1.475
01/02/1995,1.475
02/02/1995,1.475
03/02/1995,1.475
04/02/1995,1.475
05/02/1995,1.475
06/02/1995,1.475
07/02/1995,1.475
08/02/1995,1.475
09/02/1995,1.475
10/02/1995,1.475
11/02/1995,1.475
12/02/1995,1.475
13/02/1995,1.475
14/02/1995,1.475
15/02/1995,1.475
16/02/1995,1.475
17/02/1995,1.475
18/02/1995,1.475
19/02/1995,1.475
20/02/1995,1.475
21/02/1995,1.475
22/02/1995,1.475
23/02/1995,1.475
24/02/1995,1.475
25/02/1995,1.475
26/02/1995,1.475
27/02/1995,1.475
28/02/1995,1.475
01/03/1995,1.475
02/03/1995,1.475
03/03/1995,1.475
04/03/1995,1.475
05/03/1995,1.475
06/03/1995,1.496
07/03/1995,1.873
08/03/1995,2.508
09/03/1995,3.048
10/03/1995,3.062
11/03/1995,2.706
12/03/1995,2.258
13/03/1995,1.716
14/03/1995,1.486
15/03/1995,1.475
16/03/1995,1.475
17/03/1995,1.475
18/03/1995,1.475
19/03/1995,1.475
20/03/1995,1.475
21/03/1995,1.475
22/03/1995,1.475
23/03/1995,1.475
24/03/1995,1.475
25/03/1995,1.475
26/03/1995,1.475
27/03/1995,1.475
28/03/1995,1.475
29/03/1995,1.475
30/03/1995,1.475
31/03/1995,1.475
01/04/1995,1.475
02/04/1995,1.475
03/04/1995,1.475
04/04/1995,1.475
05/04/1995,1.475
06/04/1995,1.475
07/04/1995,1.475
08/04/1995,1.564
09/04/1995,1.692
10/04/1995,1.879
11/04/1995,2.026
12/04/1995,2.131
13/04/1995,2.225
14/04/1995,2.401
15/04/1995,2.401
16/04/1995,2.401
17/04/1995,2.401
18/04/1995,2.401
19/04/1995,2.401
20/04/1995,2.401
21/04/1995,2.401
22/04/1995,2.401
23/04/1995,2.401
24/04/1995,2.401
25/04/1995,2.401
26/04/1995,2.401
27/04/1995,2.401
28/04/1995,2.401
29/04/1995,2.401
30/04/1995,2.401
01/05/1995,2.401
02/05/1995,2.401
03/05/1995,2.401
04/05/1995,2.401
05/05/1995,2.401
06/05/1995,2.401
07/05/1995,2.401
08/05/1995,2.38
09/05/1995,2.119
10/05/1995,2.092
11/05/1995,2.092
12/05/1995,2.092
13/05/1995,2.113
14/05/1995,2.374
15/05/1995,2.401
16/05/1995,2.401
17/05/1995,2.401
18/05/1995,2.401
19/05/1995,2.401
20/05/1995,2.401
21/05/1995,2.338
22/05/1995,1.558
23/05/1995,1.475
24/05/1995,1.475
25/05/1995,1.457
26/05/1995,1.225
27/05/1995,1.2
28/05/1995,1.2
29/05/1995,1.2
30/05/1995,1.2
31/05/1995,1.184
01/06/1995,0.979
02/06/1995,0.957
03/06/1995,0.957
04/06/1995,0.957
05/06/1995,0.957
06/06/1995,0.957
07/06/1995,0.943
08/06/1995,0.765
09/06/1995,0.746
10/06/1995,0.761
11/06/1995,0.939
12/06/1995,0.957
13/06/1995,0.957
14/06/1995,0.957
15/06/1995,1.072
16/06/1995,1.451
17/06/1995,1.475
18/06/1995,1.475
19/06/1995,1.475
20/06/1995,1.475
21/06/1995,1.496
22/06/1995,1.757
23/06/1995,1.784
24/06/1995,1.784
25/06/1995,1.805
26/06/1995,2.064
27/06/1995,2.092
28/06/1995,2.092
29/06/1995,2.092
30/06/1995,2.748
01/07/1995,6.252
02/07/1995,13.031
03/07/1995,16.498
04/07/1995,15.779
05/07/1995,12.381
06/07/1995,11.502
07/07/1995,14.781
08/07/1995,19.173
09/07/1995,20.715
10/07/1995,19.156
11/07/1995,17.819
12/07/1995,16.424
13/07/1995,15.641
14/07/1995,15.457
15/07/1995,13.998
16/07/1995,11.736
17/07/1995,8.88
18/07/1995,7.311
19/07/1995,6.744
20/07/1995,6.695
21/07/1995,6.486
22/07/1995,6.167
23/07/1995,6.203
24/07/1995,7.134
25/07/1995,9.929
26/07/1995,12.089
27/07/1995,19.127
28/07/1995,28.132
29/07/1995,67.766
03/08/1995,8.124
04/08/1995,5.826
05/08/1995,4.529
06/08/1995,3.889
07/08/1995,3.72
08/08/1995,3.431
09/08/1995,2.941
10/08/1995,2.662
11/08/1995,2.552
12/08/1995,2.639
13/08/1995,2.526
14/08/1995,3.33
15/08/1995,2.81
16/08/1995,2.41
17/08/1995,2.119
18/08/1995,2.075
19/08/1995,1.867
20/08/1995,1.795
21/08/1995,1.844
22/08/1995,1.846
23/08/1995,1.781
24/08/1995,1.664
25/08/1995,1.6
26/08/1995,1.595
27/08/1995,1.595
28/08/1995,1.587
29/08/1995,1.507
30/08/1995,1.736
31/08/1995,1.503
01/09/1995,1.475
02/09/1995,1.467
03/09/1995,1.36
04/09/1995,1.214
05/09/1995,1.2
06/09/1995,1.2
07/09/1995,1.2
08/09/1995,1.215
09/09/1995,1.861
10/09/1995,4.498
11/09/1995,3.095
12/09/1995,1.984
13/09/1995,1.766
14/09/1995,3.788
15/09/1995,2.959
16/09/1995,1.988
17/09/1995,1.721
18/09/1995,1.491
19/09/1995,1.438
20/09/1995,1.219
21/09/1995,1.2
22/09/1995,1.2
23/09/1995,1.254
24/09/1995,1.449
25/09/1995,1.314
26/09/1995,1.209
27/09/1995,1.2
28/09/1995,1.2
29/09/1995,1.2
30/09/1995,1.273
01/10/1995,1.456
02/10/1995,1.423
03/10/1995,2.593
04/10/1995,18.937
05/10/1995,13.303
06/10/1995,4.867
07/10/1995,7.847
08/10/1995,11.961
09/10/1995,4.708
10/10/1995,3.644
11/10/1995,3.119
12/10/1995,4.965
13/10/1995,4.911
14/10/1995,3.688
15/10/1995,2.688
16/10/1995,2.131
17/10/1995,2.057
19/10/1995,1.771
20/10/1995,1.612
21/10/1995,1.547
22/10/1995,1.475
23/10/1995,1.442
24/10/1995,1.434
25/10/1995,1.91
26/10/1995,5.288
27/10/1995,3.764
28/10/1995,2.257
29/10/1995,1.943
30/10/1995,1.503
31/10/1995,1.467
01/11/1995,1.308
02/11/1995,1.193
03/11/1995,1.108
04/11/1995,1.099
05/11/1995,1.099
06/11/1995,1.106
07/11/1995,1.21
08/11/1995,1.481
09/11/1995,2.58
10/11/1995,6.11
11/11/1995,2.154
12/11/1995,1.633
13/11/1995,1.491
14/11/1995,1.438
15/11/1995,1.219
16/11/1995,1.261
17/11/1995,2.465
18/11/1995,6.196
19/11/1995,3.819
20/11/1995,1.956
21/11/1995,1.503
22/11/1995,1.76
23/11/1995,4.498
24/11/1995,2.672
25/11/1995,1.716
26/11/1995,1.473
27/11/1995,1.225
28/11/1995,1.193
29/11/1995,1.098
30/11/1995,0.97
01/12/1995,0.957
02/12/1995,0.957
03/12/1995,0.957
04/12/1995,0.951
05/12/1995,0.828
06/12/1995,0.746
07/12/1995,0.746
08/12/1995,0.746
09/12/1995,0.746
10/12/1995,0.746
11/12/1995,0.741
12/12/1995,0.677
13/12/1995,0.67
14/12/1995,0.67
15/12/1995,0.647
16/12/1995,0.6
17/12/1995,0.568
18/12/1995,0.565
19/12/1995,0.565
20/12/1995,0.565
21/12/1995,0.694
22/12/1995,2.874
23/12/1995,6.121
24/12/1995,2.567
25/12/1995,1.068
26/12/1995,0.765
27/12/1995,0.741
28/12/1995,0.67
29/12/1995,0.575
30/12/1995,0.565
31/12/1995,0.565
01/01/1996,0.565
02/01/1996,0.565
03/01/1996,0.565
04/01/1996,0.879
05/01/1996,4.26
06/01/1996,1.833
07/01/1996,0.972
08/01/1996,0.606
09/01/1996,0.565
10/01/1996,0.563
11/01/1996,0.6
12/01/1996,1.167
13/01/1996,0.809
14/01/1996,1.001
15/01/1996,0.672
16/01/1996,0.586
17/01/1996,0.586
18/01/1996,0.542
19/01/1996,0.533
20/01/1996,0.533
21/01/1996,0.533
22/01/1996,0.52
23/01/1996,0.532
24/01/1996,0.594
25/01/1996,0.666
26/01/1996,0.836
27/01/1996,0.757
28/01/1996,0.644
29/01/1996,0.642
30/01/1996,0.742
31/01/1996,1.324
01/02/1996,1.498
02/02/1996,0.76
03/02/1996,0.619
04/02/1996,0.565
05/02/1996,0.565
06/02/1996,0.563
07/02/1996,0.536
08/02/1996,0.527
09/02/1996,0.55
10/02/1996,0.742
11/02/1996,0.876
12/02/1996,0.745
13/02/1996,0.581
14/02/1996,0.546
15/02/1996,0.533
16/02/1996,0.533
17/02/1996,0.533
18/02/1996,0.533
19/02/1996,0.533
20/02/1996,0.553
21/02/1996,0.6
22/02/1996,0.565
23/02/1996,0.588
24/02/1996,0.571
25/02/1996,0.557
26/02/1996,0.58
27/02/1996,0.565
28/02/1996,0.565
29/02/1996,0.586
01/03/1996,0.799
02/03/1996,0.768
03/03/1996,0.636
04/03/1996,0.571
05/03/1996,0.563
06/03/1996,0.536
07/03/1996,0.533
08/03/1996,0.533
09/03/1996,0.533
10/03/1996,0.533
11/03/1996,0.54
12/03/1996,0.598
13/03/1996,0.663
14/03/1996,0.741
15/03/1996,0.581
16/03/1996,0.565
17/03/1996,0.565
18/03/1996,0.546
19/03/1996,0.533
20/03/1996,0.533
21/03/1996,0.533
22/03/1996,0.597
23/03/1996,1.869
24/03/1996,5.143
25/03/1996,2.495
26/03/1996,1.306
27/03/1996,0.833
28/03/1996,1.006
29/03/1996,0.949
30/03/1996,0.754
31/03/1996,0.642
01/04/1996,0.659
02/04/1996,5.377
03/04/1996,18.704
04/04/1996,8.609
05/04/1996,3.539
06/04/1996,4.833
07/04/1996,9.1
08/04/1996,4.375
09/04/1996,4.147
10/04/1996,13.063
11/04/1996,7.919
12/04/1996,3.412
13/04/1996,2.625
14/04/1996,2.301
15/04/1996,3.857
16/04/1996,15.148
17/04/1996,11.276
18/04/1996,3.92
19/04/1996,3.006
20/04/1996,2.489
21/04/1996,2.283
22/04/1996,2.142
23/04/1996,1.86
24/04/1996,4.117
25/04/1996,19.513
26/04/1996,9.651
27/04/1996,4.445
28/04/1996,3.485
29/04/1996,2.975
30/04/1996,2.609
01/05/1996,2.404
02/05/1996,2.274
03/05/1996,2.092
04/05/1996,1.825
05/05/1996,1.643
06/05/1996,1.571
07/05/1996,1.342
08/05/1996,1.471
09/05/1996,1.357
10/05/1996,1.249
11/05/1996,1.205
12/05/1996,1.197
13/05/1996,1.157
14/05/1996,1.257
15/05/1996,1.257
16/05/1996,1.108
17/05/1996,1.096
18/05/1996,1.049
19/05/1996,0.966
20/05/1996,0.957
21/05/1996,0.957
22/05/1996,0.957
23/05/1996,0.954
24/05/1996,0.914
25/05/1996,0.873
26/05/1996,0.869
27/05/1996,0.869
28/05/1996,0.866
29/05/1996,0.831
30/05/1996,0.83
31/05/1996,0.866
01/06/1996,0.869
02/06/1996,0.869
03/06/1996,0.869
04/06/1996,0.869
05/06/1996,0.869
06/06/1996,0.869
07/06/1996,0.853
08/06/1996,0.827
09/06/1996,0.827
10/06/1996,0.827
11/06/1996,0.827
12/06/1996,0.827
13/06/1996,0.827
14/06/1996,1.18
15/06/1996,3.963
16/06/1996,3.433
17/06/1996,2.206
18/06/1996,1.585
19/06/1996,1.465
20/06/1996,1.251
21/06/1996,1.2
22/06/1996,1.193
23/06/1996,1.102
24/06/1996,1.009
25/06/1996,0.962
26/06/1996,0.957
27/06/1996,0.954
28/06/1996,0.917
29/06/1996,0.913
30/06/1996,0.913
01/07/1996,0.913
02/07/1996,0.913
03/07/1996,0.913
04/07/1996,0.913
05/07/1996,0.91
06/07/1996,0.873
07/07/1996,0.866
08/07/1996,0.913
09/07/1996,2.462
10/07/1996,2.99
11/07/1996,2.444
12/07/1996,2.102
13/07/1996,1.844
14/07/1996,1.3
15/07/1996,1.252
16/07/1996,1.228
17/07/1996,1.153
18/07/1996,1.146
19/07/1996,1.104
20/07/1996,1.093
21/07/1996,1.009
22/07/1996,0.962
23/07/1996,0.957
24/07/1996,0.957
25/07/1996,0.957
26/07/1996,0.957
27/07/1996,0.957
28/07/1996,0.954
29/07/1996,0.917
30/07/1996,0.913
31/07/1996,0.913
01/08/1996,0.913
02/08/1996,0.907
03/08/1996,0.835
04/08/1996,0.808
05/08/1996,0.758
06/08/1996,0.843
07/08/1996,0.946
08/08/1996,1.001
09/08/1996,1.311
10/08/1996,1.669
11/08/1996,1.471
12/08/1996,1.046
13/08/1996,1.523
14/08/1996,3.598
15/08/1996,3.043
16/08/1996,1.687
17/08/1996,1.406
18/08/1996,1.347
19/08/1996,1.132
20/08/1996,1.009
21/08/1996,0.962
22/08/1996,0.957
23/08/1996,0.957
24/08/1996,0.957
25/08/1996,0.957
26/08/1996,0.957
27/08/1996,0.957
28/08/1996,0.957
29/08/1996,0.957
30/08/1996,0.957
31/08/1996,0.957
01/09/1996,0.957
02/09/1996,0.957
03/09/1996,0.957
04/09/1996,0.957
05/09/1996,0.957
06/09/1996,0.917
07/09/1996,0.794
08/09/1996,0.786
09/09/1996,0.786
10/09/1996,0.786
11/09/1996,0.786
12/09/1996,0.77
13/09/1996,0.746
14/09/1996,0.746
15/09/1996,0.896
16/09/1996,1.614
17/09/1996,1.855
18/09/1996,1.221
19/09/1996,1.342
20/09/1996,13.386
21/09/1996,51.507
22/09/1996,41.206
23/09/1996,21.893
24/09/1996,9.302
25/09/1996,8.25
26/09/1996,5.304
27/09/1996,4.646
28/09/1996,4.215
29/09/1996,3.505
30/09/1996,3.272
01/10/1996,8.211
02/10/1996,13.399
03/10/1996,5.963
04/10/1996,4.709
05/10/1996,3.546
06/10/1996,3.109
07/10/1996,2.764
08/10/1996,2.714
09/10/1996,2.485
10/10/1996,2.407
11/10/1996,2.401
12/10/1996,2.401
13/10/1996,2.38
14/10/1996,2.088
15/10/1996,1.875
16/10/1996,1.784
17/10/1996,1.748
18/10/1996,2.616
19/10/1996,2.128
20/10/1996,1.757
21/10/1996,1.56
22/10/1996,1.344
23/10/1996,2.147
24/10/1996,1.999
25/10/1996,1.818
26/10/1996,1.993
27/10/1996,1.77
28/10/1996,1.293
29/10/1996,1.158
30/10/1996,1.142
31/10/1996,1.25
01/11/1996,4.9
02/11/1996,10.622
03/11/1996,3.433
04/11/1996,1.911
05/11/1996,1.609
06/11/1996,1.486
07/11/1996,1.483
08/11/1996,4.838
09/11/1996,37.574
10/11/1996,38.53
11/11/1996,14.53
12/11/1996,8.178
13/11/1996,5.322
14/11/1996,3.902
15/11/1996,2.891
16/11/1996,2.699
17/11/1996,2.199
18/11/1996,2.097
19/11/1996,2.06
20/11/1996,1.871
21/11/1996,1.721
22/11/1996,1.65
23/11/1996,1.491
24/11/1996,1.475
25/11/1996,1.475
26/11/1996,1.471
27/11/1996,1.415
28/11/1996,1.316
29/11/1996,1.299
30/11/1996,1.183
01/12/1996,1.053
02/12/1996,0.966
03/12/1996,0.957
04/12/1996,0.957
05/12/1996,0.957
06/12/1996,0.957
07/12/1996,0.957
08/12/1996,0.957
09/12/1996,0.957
10/12/1996,0.957
11/12/1996,0.957
12/12/1996,0.957
13/12/1996,0.957
14/12/1996,0.957
15/12/1996,0.957
16/12/1996,0.957
17/12/1996,0.957
18/12/1996,0.957
19/12/1996,1.012
20/12/1996,1.047
21/12/1996,1.005
22/12/1996,0.959
23/12/1996,0.917
24/12/1996,0.913
25/12/1996,0.913
26/12/1996,0.913
27/12/1996,0.913
28/12/1996,0.91
29/12/1996,0.873
30/12/1996,0.818
31/12/1996,0.75
01/01/1997,0.746
02/01/1997,0.746
03/01/1997,0.746
04/01/1997,0.746
05/01/1997,0.746
06/01/1997,0.746
07/01/1997,0.746
08/01/1997,0.746
09/01/1997,0.746
10/01/1997,0.746
11/01/1997,0.746
12/01/1997,0.746
13/01/1997,0.744
14/01/1997,0.711
15/01/1997,0.708
16/01/1997,0.708
17/01/1997,0.708
18/01/1997,0.729
19/01/1997,0.804
20/01/1997,0.783
21/01/1997,0.75
22/01/1997,0.744
23/01/1997,0.711
24/01/1997,0.708
25/01/1997,0.693
26/01/1997,0.67
27/01/1997,0.67
28/01/1997,0.67
29/01/1997,0.67
30/01/1997,0.67
31/01/1997,0.668
01/02/1997,0.635
02/02/1997,0.602
03/02/1997,0.579
04/02/1997,0.572
05/02/1997,0.784
06/02/1997,1.192
07/02/1997,0.965
08/02/1997,0.872
09/02/1997,1.235
10/02/1997,1.307
11/02/1997,1.5
12/02/1997,1.439
13/02/1997,2.412
14/02/1997,2.492
15/02/1997,1.743
16/02/1997,1.982
17/02/1997,6.347
18/02/1997,7.198
19/02/1997,3.089
20/02/1997,2.096
21/02/1997,1.685
22/02/1997,1.102
23/02/1997,1.009
24/02/1997,0.962
25/02/1997,0.937
26/02/1997,0.87
27/02/1997,0.828
28/02/1997,0.774
01/03/1997,0.746
02/03/1997,0.746
03/03/1997,0.746
04/03/1997,0.746
05/03/1997,0.746
06/03/1997,0.746
07/03/1997,0.752
08/03/1997,0.82
09/03/1997,0.824
10/03/1997,0.787
11/03/1997,0.75
12/03/1997,0.801
13/03/1997,0.855
14/03/1997,0.75
15/03/1997,0.744
16/03/1997,0.711
17/03/1997,0.708
18/03/1997,0.708
19/03/1997,0.708
20/03/1997,0.708
21/03/1997,0.708
22/03/1997,0.71
23/03/1997,0.836
24/03/1997,0.847
25/03/1997,0.748
26/03/1997,0.677
27/03/1997,0.67
28/03/1997,0.67
29/03/1997,0.668
30/03/1997,0.637
31/03/1997,0.634
01/04/1997,0.634
02/04/1997,0.634
03/04/1997,0.634
04/04/1997,0.709
05/04/1997,0.848
06/04/1997,0.674
07/04/1997,0.67
08/04/1997,0.67
09/04/1997,0.67
10/04/1997,0.84
11/04/1997,2.706
12/04/1997,2.08
13/04/1997,1.015
14/04/1997,0.752
15/04/1997,0.677
16/04/1997,0.673
17/04/1997,0.835
18/04/1997,0.927
19/04/1997,1.257
20/04/1997,1.289
21/04/1997,1.43
22/04/1997,1.019
23/04/1997,0.829
24/04/1997,0.825
25/04/1997,1.296
26/04/1997,1.34
27/04/1997,1.016
28/04/1997,0.876
29/04/1997,0.77
30/04/1997,0.746
01/05/1997,0.746
02/05/1997,0.746
03/05/1997,0.724
04/05/1997,0.708
05/05/1997,0.708
06/05/1997,0.708
07/05/1997,0.708
08/05/1997,0.708
09/05/1997,0.708
10/05/1997,0.708
11/05/1997,0.708
12/05/1997,0.708
13/05/1997,0.708
14/05/1997,0.708
15/05/1997,0.708
16/05/1997,0.708
17/05/1997,0.708
18/05/1997,0.786
19/05/1997,3.465
20/05/1997,9.235
21/05/1997,4.654
22/05/1997,2.498
23/05/1997,2.021
24/05/1997,1.743
25/05/1997,1.446
26/05/1997,1.233
27/05/1997,1.134
28/05/1997,1.099
29/05/1997,1.093
30/05/1997,1.012
31/05/1997,1.003
01/06/1997,1.0
02/06/1997,0.962
03/06/1997,0.957
04/06/1997,0.957
05/06/1997,0.957
06/06/1997,1.152
07/06/1997,1.51
08/06/1997,2.061
09/06/1997,1.509
10/06/1997,1.019
11/06/1997,0.917
12/06/1997,1.005
13/06/1997,5.049
14/06/1997,12.175
15/06/1997,6.807
16/06/1997,8.472
17/06/1997,4.315
18/06/1997,3.43
19/06/1997,2.822
20/06/1997,2.444
21/06/1997,2.943
22/06/1997,9.197
23/06/1997,10.645
24/06/1997,15.968
25/06/1997,7.642
26/06/1997,4.186
27/06/1997,3.576
28/06/1997,3.353
29/06/1997,2.513
30/06/1997,2.242
01/07/1997,2.091
02/07/1997,1.906
03/07/1997,1.77
04/07/1997,1.654
05/07/1997,1.591
06/07/1997,2.354
07/07/1997,3.942
08/07/1997,2.53
09/07/1997,2.471
10/07/1997,2.079
11/07/1997,2.025
12/07/1997,1.897
13/07/1997,1.79
14/07/1997,1.784
15/07/1997,1.78
16/07/1997,1.721
17/07/1997,1.658
18/07/1997,1.568
19/07/1997,1.417
20/07/1997,1.267
21/07/1997,1.252
22/07/1997,1.252
23/07/1997,1.252
24/07/1997,1.252
25/07/1997,1.249
26/07/1997,1.184
27/07/1997,1.146
28/07/1997,1.104
29/07/1997,1.093
30/07/1997,1.012
31/07/1997,1.116
01/08/1997,2.955
02/08/1997,3.519
03/08/1997,2.174
04/08/1997,3.219
05/08/1997,2.415
06/08/1997,1.787
07/08/1997,1.548
08/08/1997,1.701
09/08/1997,1.858
10/08/1997,1.712
11/08/1997,1.648
12/08/1997,1.541
13/08/1997,1.477
14/08/1997,1.389
15/08/1997,1.314
16/08/1997,3.987
17/08/1997,13.467
18/08/1997,9.045
19/08/1997,38.421
20/08/1997,36.097
21/08/1997,14.103
22/08/1997,7.38
23/08/1997,5.179
24/08/1997,4.369
25/08/1997,3.894
26/08/1997,3.48
27/08/1997,3.171
28/08/1997,2.75
29/08/1997,2.54
30/08/1997,2.376
31/08/1997,2.297
01/09/1997,2.218
02/09/1997,2.213
03/09/1997,2.205
04/09/1997,2.17
05/09/1997,4.476
06/09/1997,3.056
07/09/1997,4.837
08/09/1997,36.442
09/09/1997,33.568
10/09/1997,26.48
11/09/1997,9.907
12/09/1997,4.854
13/09/1997,3.765
14/09/1997,3.396
15/09/1997,3.145
16/09/1997,2.882
17/09/1997,2.692
18/09/1997,2.442
19/09/1997,2.331
20/09/1997,2.164
21/09/1997,2.097
22/09/1997,2.084
23/09/1997,1.935
24/09/1997,1.846
25/09/1997,1.748
26/09/1997,1.658
27/09/1997,1.6
28/09/1997,1.591
29/09/1997,1.536
30/09/1997,1.48
01/10/1997,1.475
02/10/1997,1.475
03/10/1997,1.53
04/10/1997,3.156
05/10/1997,7.375
06/10/1997,4.066
07/10/1997,2.171
08/10/1997,1.862
09/10/1997,1.74
10/10/1997,2.421
11/10/1997,13.544
12/10/1997,18.209
13/10/1997,6.337
14/10/1997,12.742
15/10/1997,19.972
16/10/1997,9.113
17/10/1997,6.136
18/10/1997,4.599
19/10/1997,3.805
20/10/1997,3.128
21/10/1997,3.005
22/10/1997,2.816
23/10/1997,2.804
24/10/1997,3.564
25/10/1997,3.392
26/10/1997,2.777
27/10/1997,2.521
28/10/1997,8.815
29/10/1997,11.824
30/10/1997,5.21
31/10/1997,3.647
01/11/1997,3.571
02/11/1997,22.725
03/11/1997,45.323
04/11/1997,19.436
05/11/1997,12.745
06/11/1997,16.198
07/11/1997,9.918
08/11/1997,6.541
09/11/1997,11.922
10/11/1997,15.49
11/11/1997,7.846
12/11/1997,14.125
13/11/1997,43.835
14/11/1997,16.723
15/11/1997,7.411
16/11/1997,5.784
17/11/1997,4.551
18/11/1997,4.008
19/11/1997,3.613
20/11/1997,3.428
21/11/1997,3.694
22/11/1997,3.644
23/11/1997,3.061
24/11/1997,2.613
25/11/1997,2.438
26/11/1997,2.202
27/11/1997,2.088
28/11/1997,2.006
29/11/1997,1.835
30/11/1997,1.784
01/12/1997,1.754
02/12/1997,1.658
03/12/1997,1.6
04/12/1997,1.591
05/12/1997,1.54
06/12/1997,1.53
07/12/1997,1.48
08/12/1997,1.475
09/12/1997,1.475
10/12/1997,1.475
11/12/1997,1.475
12/12/1997,1.92
13/12/1997,5.178
14/12/1997,9.474
15/12/1997,3.063
16/12/1997,1.988
17/12/1997,1.643
18/12/1997,1.475
19/12/1997,1.475
20/12/1997,1.475
21/12/1997,1.816
22/12/1997,19.438
23/12/1997,23.854
24/12/1997,12.56
25/12/1997,6.154
26/12/1997,6.493
27/12/1997,40.714
28/12/1997,32.754
29/12/1997,43.385
30/12/1997,49.853
31/12/1997,43.583
01/01/1998,12.388
02/01/1998,12.299
03/01/1998,9.484
04/01/1998,8.231
05/01/1998,19.88
06/01/1998,44.599
07/01/1998,40.906
08/01/1998,32.202
09/01/1998,12.679
10/01/1998,7.371
11/01/1998,6.865
12/01/1998,15.598
13/01/1998,15.982
14/01/1998,12.626
15/01/1998,5.388
16/01/1998,4.292
17/01/1998,3.86
18/01/1998,3.33
19/01/1998,2.94
20/01/1998,2.628
21/01/1998,2.609
22/01/1998,5.72
23/01/1998,3.747
24/01/1998,2.757
25/01/1998,2.458
26/01/1998,2.397
27/01/1998,2.37
28/01/1998,3.519
29/01/1998,4.446
30/01/1998,3.776
31/01/1998,3.432
01/02/1998,2.793
02/02/1998,2.666
03/02/1998,4.153
04/02/1998,23.891
05/02/1998,12.82
06/02/1998,8.631
07/02/1998,27.677
08/02/1998,16.947
09/02/1998,10.635
10/02/1998,5.785
12/02/1998,3.106
13/02/1998,2.945
14/02/1998,2.787
15/02/1998,2.697
16/02/1998,2.534
17/02/1998,2.396
18/02/1998,2.15
19/02/1998,2.092
20/02/1998,2.088
21/02/1998,2.025
22/02/1998,1.84
23/02/1998,1.784
24/02/1998,1.784
25/02/1998,1.78
26/02/1998,1.725
27/02/1998,1.675
28/02/1998,1.545
01/03/1998,1.534
02/03/1998,1.625
03/03/1998,1.668
04/03/1998,1.648
05/03/1998,1.522
06/03/1998,1.475
07/03/1998,1.475
08/03/1998,1.483
09/03/1998,1.719
10/03/1998,3.083
11/03/1998,3.787
12/03/1998,2.676
13/03/1998,2.221
14/03/1998,2.091
15/03/1998,1.772
16/03/1998,1.541
17/03/1998,1.48
18/03/1998,1.505
19/03/1998,2.136
20/03/1998,2.289
21/03/1998,2.118
22/03/1998,1.725
23/03/1998,1.491
24/03/1998,1.475
25/03/1998,1.475
26/03/1998,1.475
27/03/1998,1.475
28/03/1998,1.452
29/03/1998,1.41
30/03/1998,1.316
31/03/1998,1.302
01/04/1998,1.257
02/04/1998,1.228
03/04/1998,1.153
04/04/1998,1.129
05/04/1998,1.099
06/04/1998,1.096
07/04/1998,1.033
08/04/1998,0.962
09/04/1998,1.001
10/04/1998,3.857
11/04/1998,34.581
12/04/1998,20.265
13/04/1998,6.523
14/04/1998,4.053
15/04/1998,3.226
16/04/1998,2.795
20/04/1998,16.129
21/04/1998,10.141
22/04/1998,7.431
23/04/1998,6.33
24/04/1998,5.925
25/04/1998,6.748
26/04/1998,6.736
27/04/1998,6.218
28/04/1998,5.795
29/04/1998,7.083
30/04/1998,9.05
01/05/1998,6.351
02/05/1998,4.288
03/05/1998,3.826
04/05/1998,3.436
05/05/1998,3.14
06/05/1998,2.95
07/05/1998,2.845
08/05/1998,2.734
09/05/1998,2.593
10/05/1998,2.527
11/05/1998,2.425
12/05/1998,2.233
13/05/1998,2.097
14/05/1998,7.827
16/05/1998,36.836
17/05/1998,13.989
18/05/1998,5.769
19/05/1998,5.262
20/05/1998,4.927
21/05/1998,4.58
22/05/1998,4.058
23/05/1998,3.846
24/05/1998,3.595
25/05/1998,3.46
27/05/1998,37.67
28/05/1998,15.967
29/05/1998,13.177
30/05/1998,12.989
31/05/1998,12.885
01/06/1998,12.545
02/06/1998,8.538
03/06/1998,5.288
04/06/1998,4.52
05/06/1998,3.818
06/06/1998,3.218
07/06/1998,2.792
08/06/1998,6.294
09/06/1998,23.024
10/06/1998,28.68
11/06/1998,26.039
12/06/1998,16.307
13/06/1998,13.888
14/06/1998,12.691
15/06/1998,14.728
16/06/1998,22.335
17/06/1998,20.796
18/06/1998,15.881
19/06/1998,9.666
20/06/1998,6.618
21/06/1998,5.558
22/06/1998,5.242
23/06/1998,4.818
24/06/1998,4.33
25/06/1998,3.769
27/06/1998,3.312
28/06/1998,3.076
29/06/1998,3.337
30/06/1998,8.434
01/07/1998,35.409
02/07/1998,24.263
03/07/1998,11.213
04/07/1998,7.653
05/07/1998,9.534
06/07/1998,9.344
07/07/1998,8.366
08/07/1998,7.713
09/07/1998,7.265
10/07/1998,6.891
11/07/1998,4.686
12/07/1998,3.744
13/07/1998,3.467
14/07/1998,3.455
15/07/1998,3.272
16/07/1998,2.946
17/07/1998,5.064
18/07/1998,32.091
19/07/1998,19.639
20/07/1998,11.237
21/07/1998,4.113
22/07/1998,3.507
23/07/1998,3.46
24/07/1998,3.4
27/07/1998,31.493
28/07/1998,12.906
29/07/1998,7.878
30/07/1998,5.992
31/07/1998,5.086
01/08/1998,4.755
02/08/1998,4.49
03/08/1998,4.2
04/08/1998,4.055
05/08/1998,3.729
06/08/1998,3.54
07/08/1998,3.467
08/08/1998,3.312
09/08/1998,3.113
10/08/1998,3.004
11/08/1998,2.976
12/08/1998,4.635
13/08/1998,3.701
14/08/1998,3.181
15/08/1998,3.076
16/08/1998,2.886
17/08/1998,2.797
18/08/1998,2.734
19/08/1998,2.609
20/08/1998,2.29
21/08/1998,2.117
22/08/1998,2.092
24/08/1998,34.077
25/08/1998,18.008
26/08/1998,14.623
28/08/1998,18.395
29/08/1998,9.149
30/08/1998,6.444
31/08/1998,5.319
01/09/1998,4.537
02/09/1998,4.905
04/09/1998,18.625
05/09/1998,9.092
06/09/1998,6.686
07/09/1998,5.498
08/09/1998,4.851
09/09/1998,4.437
10/09/1998,4.012
11/09/1998,3.743
12/09/1998,3.639
13/09/1998,3.464
14/09/1998,3.201
15/09/1998,2.954
16/09/1998,2.718
17/09/1998,2.554
18/09/1998,2.517
19/09/1998,2.466
20/09/1998,2.44
21/09/1998,2.401
22/09/1998,2.401
23/09/1998,2.397
24/09/1998,2.343
25/09/1998,2.333
26/09/1998,2.209
27/09/1998,2.132
28/09/1998,2.301
29/09/1998,2.398
30/09/1998,2.282
01/10/1998,2.214
02/10/1998,2.157
03/10/1998,2.128
04/10/1998,2.088
05/10/1998,1.992
06/10/1998,1.891
07/10/1998,1.824
08/10/1998,1.784
09/10/1998,1.78
10/10/1998,1.725
11/10/1998,1.683
12/10/1998,1.657
13/10/1998,1.62
14/10/1998,1.591
15/10/1998,1.54
16/10/1998,1.511
17/10/1998,1.475
18/10/1998,1.475
19/10/1998,1.475
20/10/1998,1.475
21/10/1998,1.452
22/10/1998,1.41
23/10/1998,1.316
24/10/1998,1.306
25/10/1998,1.285
26/10/1998,1.252
27/10/1998,1.232
28/10/1998,1.2
29/10/1998,1.2
30/10/1998,1.2
31/10/1998,1.2
01/11/1998,1.2
03/11/1998,1.149
04/11/1998,1.149
05/11/1998,1.149
06/11/1998,1.149
07/11/1998,1.149
08/11/1998,1.149
09/11/1998,1.149
10/11/1998,1.149
11/11/1998,1.146
12/11/1998,1.104
13/11/1998,1.099
14/11/1998,1.099
15/11/1998,1.099
16/11/1998,1.099
17/11/1998,1.099
18/11/1998,1.166
19/11/1998,1.184
20/11/1998,1.149
21/11/1998,1.149
22/11/1998,1.146
23/11/1998,1.1
24/11/1998,1.055
25/11/1998,1.051
26/11/1998,1.023
27/11/1998,0.985
28/11/1998,0.957
29/11/1998,0.957
30/11/1998,0.957
01/12/1998,0.957
02/12/1998,0.957
03/12/1998,0.957
04/12/1998,0.957
05/12/1998,0.957
06/12/1998,0.957
07/12/1998,0.931
08/12/1998,0.896
09/12/1998,0.845
10/12/1998,0.803
11/12/1998,0.786
12/12/1998,0.783
13/12/1998,0.75
14/12/1998,0.746
15/12/1998,0.746
16/12/1998,0.873
17/12/1998,1.921
18/12/1998,2.779
19/12/1998,2.691
20/12/1998,2.556
21/12/1998,2.371
22/12/1998,2.272
23/12/1998,2.131
24/12/1998,1.886
25/12/1998,1.564
26/12/1998,1.453
27/12/1998,1.175
28/12/1998,0.832
29/12/1998,0.783
30/12/1998,0.75
31/12/1998,0.746
01/01/1999,0.746
02/01/1999,0.746
03/01/1999,0.746
04/01/1999,0.85
05/01/1999,1.149
06/01/1999,0.985
07/01/1999,0.822
08/01/1999,0.786
09/01/1999,0.786
10/01/1999,0.786
11/01/1999,0.77
12/01/1999,0.746
13/01/1999,0.746
14/01/1999,0.746
15/01/1999,0.746
16/01/1999,0.746
17/01/1999,0.746
18/01/1999,0.746
19/01/1999,0.744
20/01/1999,0.711
21/01/1999,0.708
22/01/1999,0.708
23/01/1999,0.708
24/01/1999,0.708
25/01/1999,0.708
26/01/1999,0.708
27/01/1999,0.708
28/01/1999,0.713
29/01/1999,0.815
30/01/1999,1.018
31/01/1999,0.998
01/02/1999,0.957
02/02/1999,1.207
03/02/1999,4.716
04/02/1999,3.88
05/02/1999,1.242
06/02/1999,0.812
07/02/1999,1.513
08/02/1999,5.92
09/02/1999,2.55
10/02/1999,1.664
11/02/1999,1.29
12/02/1999,1.245
13/02/1999,1.116
14/02/1999,0.981
15/02/1999,0.951
16/02/1999,0.872
17/02/1999,0.794
18/02/1999,0.786
19/02/1999,0.783
20/02/1999,0.75
21/02/1999,0.746
22/02/1999,0.746
23/02/1999,0.744
24/02/1999,0.711
25/02/1999,0.708
26/02/1999,0.708
27/02/1999,0.708
28/02/1999,0.708
01/03/1999,0.708
02/03/1999,0.708
03/03/1999,0.708
04/03/1999,0.693
05/03/1999,0.67
06/03/1999,0.67
07/03/1999,0.668
08/03/1999,0.637
09/03/1999,0.75
10/03/1999,0.821
11/03/1999,0.735
12/03/1999,0.606
13/03/1999,0.599
14/03/1999,0.599
15/03/1999,0.597
16/03/1999,0.568
17/03/1999,0.565
18/03/1999,0.627
19/03/1999,1.747
20/03/1999,2.252
21/03/1999,1.861
22/03/1999,1.686
23/03/1999,1.511
24/03/1999,1.467
25/03/1999,1.364
26/03/1999,1.246
27/03/1999,1.86
28/03/1999,5.291
29/03/1999,9.184
30/03/1999,5.534
31/03/1999,2.796
01/04/1999,1.962
02/04/1999,1.673
03/04/1999,1.587
04/04/1999,3.73
05/04/1999,14.339
06/04/1999,6.269
07/04/1999,3.561
08/04/1999,3.057
09/04/1999,2.4
10/04/1999,1.678
11/04/1999,1.369
12/04/1999,1.653
13/04/1999,1.78
14/04/1999,1.713
15/04/1999,1.543
16/04/1999,1.321
17/04/1999,1.2
18/04/1999,1.2
19/04/1999,1.2
20/04/1999,1.197
21/04/1999,1.15
22/04/1999,1.084
23/04/1999,1.051
24/04/1999,1.051
26/04/1999,1.051
27/04/1999,1.061
28/04/1999,1.21
29/04/1999,1.151
30/04/1999,1.059
01/05/1999,1.051
02/05/1999,1.029
03/05/1999,0.962
04/05/1999,0.957
05/05/1999,0.957
06/05/1999,0.957
07/05/1999,0.957
08/05/1999,0.957
09/05/1999,0.957
10/05/1999,0.957
11/05/1999,0.957
12/05/1999,0.957
13/05/1999,0.957
14/05/1999,0.957
15/05/1999,0.957
16/05/1999,0.931
17/05/1999,0.885
18/05/1999,0.812
19/05/1999,0.75
20/05/1999,0.746
21/05/1999,0.746
22/05/1999,0.746
23/05/1999,0.746
24/05/1999,0.746
25/05/1999,0.746
26/05/1999,0.746
27/05/1999,0.746
28/05/1999,0.752
29/05/1999,0.996
30/05/1999,1.179
31/05/1999,1.001
01/06/1999,0.957
02/06/1999,0.957
03/06/1999,0.957
04/06/1999,0.957
05/06/1999,0.957
06/06/1999,0.957
07/06/1999,0.957
08/06/1999,0.997
09/06/1999,1.773
10/06/1999,2.17
11/06/1999,1.903
12/06/1999,1.69
13/06/1999,1.6
14/06/1999,1.587
15/06/1999,1.486
16/06/1999,1.475
17/06/1999,1.475
18/06/1999,1.475
19/06/1999,1.475
20/06/1999,1.475
21/06/1999,1.453
22/06/1999,1.258
23/06/1999,1.283
24/06/1999,1.158
25/06/1999,1.142
26/06/1999,1.505
27/06/1999,10.381
28/06/1999,42.62
01/07/1999,45.376
02/07/1999,17.343
03/07/1999,7.09
04/07/1999,5.74
05/07/1999,4.556
06/07/1999,3.894
07/07/1999,3.475
08/07/1999,3.157
09/07/1999,3.066
10/07/1999,2.822
11/07/1999,2.734
12/07/1999,2.653
13/07/1999,2.42
14/07/1999,2.732
15/07/1999,7.464
16/07/1999,4.339
17/07/1999,3.316
18/07/1999,2.823
19/07/1999,2.579
20/07/1999,3.051
21/07/1999,9.795
22/07/1999,6.33
23/07/1999,4.211
24/07/1999,3.496
25/07/1999,3.41
26/07/1999,3.093
27/07/1999,2.799
28/07/1999,2.733
29/07/1999,2.733
30/07/1999,2.733
31/07/1999,2.689
01/08/1999,2.149
02/08/1999,2.088
03/08/1999,1.966
04/08/1999,1.852
05/08/1999,1.79
06/08/1999,1.784
07/08/1999,1.734
08/08/1999,1.547
09/08/1999,1.531
10/08/1999,2.257
11/08/1999,2.44
12/08/1999,2.23
13/08/1999,2.03
14/08/1999,1.888
15/08/1999,1.674
16/08/1999,1.648
17/08/1999,1.545
18/08/1999,1.53
19/08/1999,1.48
20/08/1999,1.475
21/08/1999,1.475
22/08/1999,1.475
23/08/1999,1.475
24/08/1999,1.475
25/08/1999,1.475
26/08/1999,1.442
27/08/1999,1.414
28/08/1999,1.359
29/08/1999,1.262
30/08/1999,1.252
31/08/1999,1.68
01/09/1999,5.449
02/09/1999,6.157
03/09/1999,4.056
04/09/1999,3.442
05/09/1999,3.159
06/09/1999,5.311
08/09/1999,36.756
09/09/1999,10.391
10/09/1999,5.495
11/09/1999,3.952
12/09/1999,3.841
13/09/1999,11.294
14/09/1999,9.395
15/09/1999,6.005
16/09/1999,4.16
17/09/1999,3.148
18/09/1999,2.773
19/09/1999,2.507
20/09/1999,2.373
21/09/1999,2.22
22/09/1999,2.122
23/09/1999,2.045
24/09/1999,1.84
25/09/1999,1.784
26/09/1999,1.747
27/09/1999,1.711
28/09/1999,1.602
29/09/1999,1.516
30/09/1999,1.475
01/10/1999,1.475
02/10/1999,1.475
03/10/1999,1.475
04/10/1999,1.475
05/10/1999,1.475
06/10/1999,1.475
07/10/1999,1.475
08/10/1999,1.501
09/10/1999,1.95
10/10/1999,1.704
11/10/1999,1.475
12/10/1999,1.501
13/10/1999,2.033
14/10/1999,2.736
15/10/1999,2.081
16/10/1999,1.654
17/10/1999,1.545
18/10/1999,1.53
19/10/1999,1.48
20/10/1999,1.475
21/10/1999,1.452
22/10/1999,1.373
23/10/1999,1.299
24/10/1999,1.206
25/10/1999,1.147
26/10/1999,1.056
27/10/1999,1.005
28/10/1999,0.962
29/10/1999,0.957
30/10/1999,0.957
31/10/1999,0.957
01/11/1999,0.957
02/11/1999,0.957
03/11/1999,0.957
04/11/1999,0.957
05/11/1999,0.957
06/11/1999,0.957
07/11/1999,0.957
08/11/1999,0.957
09/11/1999,0.957
10/11/1999,0.957
11/11/1999,0.957
12/11/1999,0.957
13/11/1999,0.954
14/11/1999,0.917
15/11/1999,0.913
16/11/1999,0.882
17/11/1999,0.794
18/11/1999,0.783
19/11/1999,0.75
20/11/1999,0.746
21/11/1999,0.746
22/11/1999,0.746
23/11/1999,0.746
24/11/1999,0.752
25/11/1999,0.796
26/11/1999,0.792
27/11/1999,0.854
28/11/1999,0.757
29/11/1999,0.746
30/11/1999,0.746
01/12/1999,0.746
02/12/1999,0.746
03/12/1999,0.746
04/12/1999,0.746
05/12/1999,0.746
06/12/1999,0.724
07/12/1999,0.708
08/12/1999,0.708
09/12/1999,0.708
10/12/1999,0.705
11/12/1999,0.671
12/12/1999,0.637
13/12/1999,0.663
14/12/1999,0.977
15/12/1999,0.954
16/12/1999,0.838
17/12/1999,0.686
18/12/1999,0.634
19/12/1999,0.632
20/12/1999,0.6
21/12/1999,0.568
22/12/1999,0.565
23/12/1999,0.565
24/12/1999,0.565
25/12/1999,0.565
26/12/1999,0.565
27/12/1999,0.565
28/12/1999,0.565
29/12/1999,0.565
30/12/1999,0.565
31/12/1999,0.565
01/01/2000,0.536
02/01/2000,0.533
03/01/2000,0.533
04/01/2000,0.53
05/01/2000,0.502
06/01/2000,0.473
07/01/2000,0.471
08/01/2000,0.471
09/01/2000,0.477
10/01/2000,0.557
11/01/2000,0.565
12/01/2000,0.565
13/01/2000,0.563
14/01/2000,0.536
15/01/2000,0.533
16/01/2000,0.533
17/01/2000,0.542
18/01/2000,0.653
19/01/2000,0.603
20/01/2000,0.568
21/01/2000,0.563
22/01/2000,0.536
23/01/2000,0.528
24/01/2000,0.476
25/01/2000,0.471
26/01/2000,0.471
27/01/2000,0.471
28/01/2000,0.471
29/01/2000,0.471
30/01/2000,0.477
31/01/2000,0.572
01/02/2000,0.761
02/02/2000,0.715
03/02/2000,0.665
04/02/2000,0.634
05/02/2000,0.647
06/02/2000,0.715
07/02/2000,0.539
08/02/2000,0.533
09/02/2000,0.533
10/02/2000,0.533
11/02/2000,0.533
12/02/2000,0.533
13/02/2000,0.533
14/02/2000,0.53
15/02/2000,0.492
16/02/2000,0.471
17/02/2000,0.471
18/02/2000,0.471
19/02/2000,0.471
20/02/2000,0.471
21/02/2000,0.471
22/02/2000,0.471
23/02/2000,0.471
24/02/2000,0.471
25/02/2000,0.471
26/02/2000,0.471
27/02/2000,0.5
28/02/2000,0.581
29/02/2000,0.609
01/03/2000,0.453
02/03/2000,0.415
03/03/2000,0.411
04/03/2000,0.388
05/03/2000,0.386
06/03/2000,0.386
07/03/2000,0.386
08/03/2000,0.386
09/03/2000,0.386
10/03/2000,0.386
11/03/2000,0.386
12/03/2000,0.371
13/03/2000,0.36
14/03/2000,0.36
15/03/2000,0.358
16/03/2000,0.337
17/03/2000,0.342
18/03/2000,0.464
19/03/2000,0.587
20/03/2000,0.45
21/03/2000,0.415
22/03/2000,0.413
23/03/2000,0.413
24/03/2000,0.475
25/03/2000,0.939
26/03/2000,0.814
27/03/2000,0.566
28/03/2000,0.449
29/03/2000,0.439
30/03/2000,0.415
01/04/2000,0.413
02/04/2000,0.413
03/04/2000,0.413
04/04/2000,0.413
05/04/2000,0.447
06/04/2000,0.597
07/04/2000,0.568
08/04/2000,0.58
09/04/2000,0.946
10/04/2000,0.973
11/04/2000,0.836
12/04/2000,0.678
13/04/2000,0.597
14/04/2000,0.565
15/04/2000,0.546
16/04/2000,0.458
17/04/2000,0.647
18/04/2000,1.522
19/04/2000,3.57
20/04/2000,3.36
21/04/2000,2.746
22/04/2000,2.422
23/04/2000,2.078
24/04/2000,1.811
25/04/2000,1.448
26/04/2000,1.15
27/04/2000,1.051
28/04/2000,1.051
29/04/2000,1.051
30/04/2000,3.15
01/05/2000,51.613
03/05/2000,48.038
07/05/2000,26.59
08/05/2000,10.81
09/05/2000,6.61
10/05/2000,4.823
11/05/2000,3.933
12/05/2000,3.617
13/05/2000,3.435
14/05/2000,3.048
15/05/2000,2.698
18/05/2000,20.148
19/05/2000,12.652
20/05/2000,8.245
21/05/2000,6.015
22/05/2000,5.058
23/05/2000,4.617
24/05/2000,4.135
25/05/2000,6.48
26/05/2000,65.195
27/05/2000,26.28
28/05/2000,8.638
29/05/2000,5.815
30/05/2000,4.904
31/05/2000,4.344
01/06/2000,3.915
02/06/2000,3.525
03/06/2000,3.205
04/06/2000,3.086
05/06/2000,3.081
06/06/2000,4.265
07/06/2000,23.317
08/06/2000,19.009
09/06/2000,12.622
10/06/2000,40.61
12/06/2000,28.865
13/06/2000,11.213
14/06/2000,7.755
15/06/2000,6.621
16/06/2000,11.395
17/06/2000,8.66
18/06/2000,6.557
19/06/2000,5.823
20/06/2000,5.143
21/06/2000,4.556
22/06/2000,3.936
23/06/2000,3.846
24/06/2000,3.699
25/06/2000,3.496
26/06/2000,3.109
27/06/2000,2.899
30/06/2000,13.667
01/07/2000,11.524
03/07/2000,39.302
04/07/2000,12.828
05/07/2000,10.204
06/07/2000,9.535
07/07/2000,8.369
08/07/2000,6.454
09/07/2000,6.31
10/07/2000,14.549
12/07/2000,32.5
13/07/2000,18.433
14/07/2000,12.464
15/07/2000,10.109
16/07/2000,7.239
17/07/2000,6.056
18/07/2000,5.099
19/07/2000,4.499
20/07/2000,4.327
21/07/2000,4.197
22/07/2000,3.937
23/07/2000,3.701
24/07/2000,3.461
25/07/2000,3.157
26/07/2000,3.081
27/07/2000,3.015
28/07/2000,2.948
29/07/2000,2.942
30/07/2000,2.896
31/07/2000,2.803
01/08/2000,2.739
02/08/2000,2.733
03/08/2000,2.733
04/08/2000,2.706
05/08/2000,2.616
06/08/2000,2.469
07/08/2000,2.308
08/08/2000,2.298
09/08/2000,3.728
10/08/2000,3.574
11/08/2000,3.208
12/08/2000,2.635
13/08/2000,2.398
14/08/2000,2.242
15/08/2000,2.102
16/08/2000,2.092
17/08/2000,2.092
18/08/2000,2.088
19/08/2000,2.025
20/08/2000,1.866
21/08/2000,1.824
22/08/2000,2.209
23/08/2000,4.818
24/08/2000,5.703
26/08/2000,44.853
27/08/2000,19.031
28/08/2000,6.067
29/08/2000,4.483
30/08/2000,4.252
31/08/2000,3.909
01/09/2000,3.496
02/09/2000,3.4
03/09/2000,3.121
04/09/2000,2.853
05/09/2000,2.595
06/09/2000,2.472
07/09/2000,2.432
08/09/2000,2.282
09/09/2000,2.218
10/09/2000,2.209
11/09/2000,2.122
12/09/2000,2.092
13/09/2000,2.092
14/09/2000,2.308
15/09/2000,6.115
16/09/2000,5.842
17/09/2000,7.045
18/09/2000,8.513
19/09/2000,26.999
22/09/2000,53.599
23/09/2000,29.59
24/09/2000,18.952
25/09/2000,15.458
26/09/2000,6.966
27/09/2000,4.563
28/09/2000,3.894
29/09/2000,3.857
30/09/2000,3.83
01/10/2000,3.496
02/10/2000,3.326
03/10/2000,3.427
04/10/2000,11.693
05/10/2000,8.203
06/10/2000,6.317
07/10/2000,5.817
08/10/2000,5.04
09/10/2000,4.27
10/10/2000,4.974
11/10/2000,4.461
12/10/2000,4.051
13/10/2000,3.713
14/10/2000,3.142
15/10/2000,2.881
16/10/2000,2.745
17/10/2000,2.733
18/10/2000,2.714
19/10/2000,2.49
20/10/2000,2.44
21/10/2000,2.355
22/10/2000,2.261
23/10/2000,4.585
24/10/2000,3.353
25/10/2000,2.774
26/10/2000,7.844
27/10/2000,20.063
28/10/2000,15.449
29/10/2000,5.518
30/10/2000,3.551
31/10/2000,3.42
01/11/2000,2.869
02/11/2000,2.733
03/11/2000,2.645
04/11/2000,2.473
05/11/2000,2.398
06/11/2000,2.286
07/11/2000,2.267
08/11/2000,2.159
09/11/2000,2.097
10/11/2000,2.08
11/11/2000,1.894
12/11/2000,1.85
13/11/2000,1.824
14/11/2000,1.776
15/11/2000,1.562
16/11/2000,1.475
17/11/2000,1.475
18/11/2000,1.475
19/11/2000,1.475
20/11/2000,1.475
21/11/2000,1.475
22/11/2000,1.475
23/11/2000,1.475
24/11/2000,1.475
25/11/2000,1.471
26/11/2000,1.415
27/11/2000,1.312
28/11/2000,1.257
29/11/2000,1.252
30/11/2000,1.222
01/12/2000,1.2
02/12/2000,1.2
03/12/2000,1.2
04/12/2000,1.193
05/12/2000,1.108
06/12/2000,1.099
07/12/2000,1.08
08/12/2000,1.051
09/12/2000,1.051
10/12/2000,1.051
11/12/2000,1.051
12/12/2000,1.051
13/12/2000,1.051
14/12/2000,2.414
15/12/2000,4.808
16/12/2000,4.219
17/12/2000,3.418
18/12/2000,2.589
19/12/2000,1.56
20/12/2000,1.264
21/12/2000,1.205
22/12/2000,1.2
23/12/2000,1.2
24/12/2000,1.2
25/12/2000,1.2
26/12/2000,1.2
27/12/2000,1.747
28/12/2000,3.693
29/12/2000,1.993
30/12/2000,1.42
31/12/2000,1.295
01/01/2001,1.198
02/01/2001,1.089
03/01/2001,1.044
04/01/2001,0.966
05/01/2001,0.957
06/01/2001,0.957
07/01/2001,0.957
08/01/2001,0.957
09/01/2001,0.957
10/01/2001,1.211
11/01/2001,2.734
12/01/2001,2.275
13/01/2001,1.883
14/01/2001,1.588
15/01/2001,1.308
16/01/2001,1.232
17/01/2001,1.193
18/01/2001,1.108
19/01/2001,1.068
20/01/2001,1.005
21/01/2001,0.962
22/01/2001,0.957
23/01/2001,0.957
24/01/2001,0.978
25/01/2001,1.664
26/01/2001,1.612
27/01/2001,1.423
28/01/2001,1.221
29/01/2001,1.018
30/01/2001,0.957
31/01/2001,0.957
01/02/2001,0.957
02/02/2001,0.957
03/02/2001,0.957
04/02/2001,0.957
05/02/2001,0.954
06/02/2001,0.883
07/02/2001,0.811
08/02/2001,0.798
09/02/2001,0.942
10/02/2001,0.957
11/02/2001,0.957
12/02/2001,1.018
13/02/2001,1.602
14/02/2001,1.364
15/02/2001,1.255
16/02/2001,1.113
17/02/2001,0.966
18/02/2001,0.957
19/02/2001,0.957
20/02/2001,0.957
21/02/2001,0.957
22/02/2001,0.954
23/02/2001,0.914
24/02/2001,1.0
25/02/2001,2.468
26/02/2001,1.796
27/02/2001,1.473
28/02/2001,1.225
01/03/2001,1.2
02/03/2001,1.193
03/03/2001,1.108
04/03/2001,1.099
05/03/2001,1.194
06/03/2001,4.172
07/03/2001,9.013
08/03/2001,13.201
09/03/2001,5.465
10/03/2001,2.922
11/03/2001,1.258
12/03/2001,1.154
13/03/2001,0.994
14/03/2001,0.957
15/03/2001,0.957
16/03/2001,0.957
17/03/2001,0.957
18/03/2001,0.957
19/03/2001,0.957
20/03/2001,0.957
21/03/2001,1.952
22/03/2001,21.642
23/03/2001,30.2
24/03/2001,18.97
25/03/2001,18.085
26/03/2001,14.533
27/03/2001,5.635
28/03/2001,4.067
29/03/2001,3.462
30/03/2001,2.81
31/03/2001,2.285
01/04/2001,2.075
02/04/2001,1.863
03/04/2001,1.694
04/04/2001,1.491
05/04/2001,1.475
06/04/2001,1.467
07/04/2001,1.328
08/04/2001,1.435
09/04/2001,5.262
10/04/2001,15.283
11/04/2001,9.484
12/04/2001,6.194
13/04/2001,4.531
14/04/2001,3.658
15/04/2001,3.199
16/04/2001,2.563
17/04/2001,2.357
18/04/2001,2.222
19/04/2001,2.093
20/04/2001,2.025
21/04/2001,1.866
22/04/2001,1.811
23/04/2001,1.584
24/04/2001,1.48
25/04/2001,1.475
26/04/2001,1.471
27/04/2001,1.357
28/04/2001,1.252
29/04/2001,1.222
30/04/2001,1.484
03/05/2001,26.989
04/05/2001,12.262
05/05/2001,7.041
06/05/2001,5.417
07/05/2001,4.881
08/05/2001,4.452
09/05/2001,7.458
10/05/2001,6.108
11/05/2001,4.701
12/05/2001,3.906
13/05/2001,3.488
14/05/2001,3.46
15/05/2001,3.44
16/05/2001,3.133
17/05/2001,2.886
18/05/2001,2.761
19/05/2001,2.723
20/05/2001,2.545
21/05/2001,2.466
22/05/2001,2.848
23/05/2001,5.394
24/05/2001,6.021
25/05/2001,8.109
26/05/2001,5.827
27/05/2001,4.683
28/05/2001,4.038
29/05/2001,3.395
30/05/2001,3.042
01/06/2001,32.035
02/06/2001,20.31
03/06/2001,21.414
05/06/2001,52.488
06/06/2001,25.457
07/06/2001,16.788
08/06/2001,13.795
09/06/2001,11.778
10/06/2001,8.657
11/06/2001,6.037
12/06/2001,5.365
13/06/2001,5.228
14/06/2001,4.806
15/06/2001,4.925
16/06/2001,11.046
17/06/2001,13.001
18/06/2001,9.28
19/06/2001,6.962
20/06/2001,6.856
21/06/2001,5.346
22/06/2001,5.043
23/06/2001,4.808
24/06/2001,4.723
25/06/2001,4.715
26/06/2001,4.656
27/06/2001,4.179
28/06/2001,3.792
29/06/2001,3.381
30/06/2001,3.075
01/07/2001,2.764
02/07/2001,2.719
03/07/2001,2.545
04/07/2001,3.506
05/07/2001,14.42
06/07/2001,6.55
07/07/2001,5.12
08/07/2001,4.41
09/07/2001,3.81
11/07/2001,37.236
12/07/2001,20.294
13/07/2001,9.156
14/07/2001,6.558
15/07/2001,5.808
16/07/2001,7.193
17/07/2001,33.289
18/07/2001,23.916
19/07/2001,19.441
20/07/2001,33.469
21/07/2001,14.309
22/07/2001,10.163
23/07/2001,6.5
24/07/2001,5.023
25/07/2001,4.49
26/07/2001,4.144
27/07/2001,3.702
28/07/2001,3.467
29/07/2001,3.46
30/07/2001,3.395
31/07/2001,3.199
01/08/2001,4.185
02/08/2001,3.773
03/08/2001,3.474
04/08/2001,3.46
05/08/2001,3.46
06/08/2001,3.45
07/08/2001,3.234
08/08/2001,3.125
09/08/2001,2.987
10/08/2001,2.845
11/08/2001,2.721
12/08/2001,2.439
13/08/2001,2.17
14/08/2001,2.084
15/08/2001,1.947
16/08/2001,1.966
17/08/2001,3.509
18/08/2001,7.158
19/08/2001,28.901
20/08/2001,21.397
21/08/2001,8.727
22/08/2001,4.916
23/08/2001,3.554
24/08/2001,3.39
25/08/2001,3.143
26/08/2001,3.111
27/08/2001,3.726
28/08/2001,4.519
29/08/2001,4.468
30/08/2001,3.245
31/08/2001,2.645
01/09/2001,3.095
04/09/2001,29.325
05/09/2001,23.708
06/09/2001,17.053
07/09/2001,15.611
09/09/2001,22.359
10/09/2001,15.388
11/09/2001,8.997
12/09/2001,6.329
13/09/2001,5.397
14/09/2001,4.833
15/09/2001,4.253
16/09/2001,4.025
17/09/2001,3.871
18/09/2001,3.83
19/09/2001,3.496
20/09/2001,3.44
21/09/2001,3.017
22/09/2001,2.801
23/09/2001,2.752
24/09/2001,2.583
25/09/2001,2.522
26/09/2001,2.413
27/09/2001,2.393
28/09/2001,2.233
29/09/2001,3.153
30/09/2001,23.162
02/10/2001,28.072
03/10/2001,25.819
04/10/2001,21.117
05/10/2001,15.417
06/10/2001,7.71
07/10/2001,6.237
08/10/2001,9.369
09/10/2001,9.159
10/10/2001,7.697
11/10/2001,5.696
12/10/2001,4.868
13/10/2001,4.393
14/10/2001,3.963
15/10/2001,3.914
16/10/2001,10.314
18/10/2001,49.278
19/10/2001,15.515
20/10/2001,10.945
21/10/2001,17.9
22/10/2001,18.805
23/10/2001,13.392
24/10/2001,7.448
25/10/2001,4.728
26/10/2001,4.306
27/10/2001,8.17
28/10/2001,14.746
29/10/2001,14.865
30/10/2001,35.303
31/10/2001,22.066
01/11/2001,8.225
02/11/2001,5.732
03/11/2001,4.964
04/11/2001,4.729
05/11/2001,4.116
06/11/2001,3.679
07/11/2001,6.526
08/11/2001,11.278
09/11/2001,4.554
10/11/2001,7.844
12/11/2001,13.608
13/11/2001,7.563
14/11/2001,5.563
15/11/2001,4.857
16/11/2001,4.221
17/11/2001,3.824
18/11/2001,3.507
19/11/2001,3.46
20/11/2001,3.297
21/11/2001,2.831
22/11/2001,2.563
23/11/2001,5.054
24/11/2001,41.3
25/11/2001,27.357
26/11/2001,16.73
27/11/2001,7.285
28/11/2001,4.073
29/11/2001,3.473
30/11/2001,3.209
01/12/2001,2.952
02/12/2001,2.809
03/12/2001,2.739
04/12/2001,2.728
05/12/2001,2.55
06/12/2001,2.479
07/12/2001,3.843
08/12/2001,3.145
09/12/2001,2.584
10/12/2001,2.404
11/12/2001,2.246
12/12/2001,2.157
13/12/2001,2.148
14/12/2001,2.093
15/12/2001,1.966
16/12/2001,1.852
17/12/2001,1.79
18/12/2001,1.776
19/12/2001,1.664
20/12/2001,1.592
21/12/2001,1.486
22/12/2001,1.475
23/12/2001,1.475
24/12/2001,1.475
25/12/2001,1.471
26/12/2001,1.397
27/12/2001,1.28
28/12/2001,1.222
29/12/2001,1.2
30/12/2001,1.2
31/12/2001,1.2
01/01/2002,1.2
02/01/2002,1.2
03/01/2002,1.2
04/01/2002,1.2
05/01/2002,1.2
06/01/2002,1.2
07/01/2002,1.193
08/01/2002,1.108
09/01/2002,1.099
10/01/2002,1.099
11/01/2002,1.071
12/01/2002,1.051
13/01/2002,1.047
14/01/2002,1.008
15/01/2002,1.003
16/01/2002,0.977
17/01/2002,0.957
18/01/2002,0.957
19/01/2002,0.957
20/01/2002,0.957
21/01/2002,0.957
22/01/2002,0.957
23/01/2002,0.957
24/01/2002,0.957
25/01/2002,0.957
26/01/2002,0.957
27/01/2002,0.957
28/01/2002,0.957
29/01/2002,0.957
30/01/2002,1.641
31/01/2002,10.205
01/02/2002,6.364
02/02/2002,4.654
03/02/2002,3.515
04/02/2002,3.162
05/02/2002,2.11
06/02/2002,1.539
07/02/2002,1.464
08/02/2002,1.213
09/02/2002,1.012
10/02/2002,1.003
11/02/2002,1.003
12/02/2002,1.0
13/02/2002,0.962
14/02/2002,0.957
15/02/2002,0.957
16/02/2002,0.957
17/02/2002,0.957
18/02/2002,0.957
19/02/2002,0.957
20/02/2002,0.957
21/02/2002,0.957
22/02/2002,0.957
23/02/2002,0.957
24/02/2002,0.978
25/02/2002,1.13
26/02/2002,0.979
27/02/2002,0.877
28/02/2002,1.062
01/03/2002,4.118
02/03/2002,2.848
03/03/2002,1.394
04/03/2002,0.931
05/03/2002,1.758
06/03/2002,6.595
07/03/2002,9.542
08/03/2002,6.863
09/03/2002,4.901
10/03/2002,2.562
11/03/2002,1.425
12/03/2002,1.121
13/03/2002,0.966
14/03/2002,0.957
15/03/2002,0.957
16/03/2002,1.195
19/03/2002,32.653
20/03/2002,31.04
21/03/2002,18.681
22/03/2002,10.33
23/03/2002,7.587
24/03/2002,5.648
25/03/2002,4.077
26/03/2002,3.488
27/03/2002,3.617
28/03/2002,9.748
29/03/2002,60.257
01/04/2002,20.218
02/04/2002,12.352
03/04/2002,9.106
04/04/2002,6.593
05/04/2002,5.027
06/04/2002,3.649
07/04/2002,3.317
08/04/2002,2.947
09/04/2002,2.745
10/04/2002,2.733
11/04/2002,2.733
12/04/2002,2.733
13/04/2002,2.728
14/04/2002,2.666
15/04/2002,2.518
16/04/2002,2.276
18/04/2002,29.477
19/04/2002,14.477
21/04/2002,64.854
22/04/2002,36.82
26/04/2002,68.657
27/04/2002,35.782
28/04/2002,12.965
29/04/2002,8.719
30/04/2002,19.302
01/05/2002,20.389
02/05/2002,17.46
03/05/2002,15.874
04/05/2002,14.008
05/05/2002,12.371
06/05/2002,10.331
07/05/2002,8.273
08/05/2002,6.777
09/05/2002,5.483
10/05/2002,4.186
11/05/2002,3.503
12/05/2002,3.44
13/05/2002,3.109
14/05/2002,3.9
15/05/2002,20.149
16/05/2002,17.023
17/05/2002,12.025
18/05/2002,9.808
19/05/2002,7.606
20/05/2002,8.098
21/05/2002,7.609
22/05/2002,6.524
23/05/2002,10.63
24/05/2002,6.709
25/05/2002,4.471
26/05/2002,3.841
27/05/2002,3.471
28/05/2002,3.121
30/05/2002,18.513
31/05/2002,13.101
01/06/2002,9.195
02/06/2002,7.797
03/06/2002,18.154
04/06/2002,15.46
05/06/2002,10.892
06/06/2002,9.491
07/06/2002,15.574
08/06/2002,26.59
09/06/2002,20.727
10/06/2002,16.719
11/06/2002,14.551
12/06/2002,13.424
13/06/2002,11.414
14/06/2002,9.925
15/06/2002,10.008
16/06/2002,10.636
17/06/2002,8.869
18/06/2002,8.249
19/06/2002,7.934
20/06/2002,7.874
21/06/2002,7.586
22/06/2002,6.999
23/06/2002,5.932
24/06/2002,5.124
25/06/2002,4.346
26/06/2002,3.927
27/06/2002,3.65
28/06/2002,3.46
29/06/2002,3.46
30/06/2002,3.44
01/07/2002,3.035
02/07/2002,2.824
03/07/2002,6.19
04/07/2002,16.337
05/07/2002,16.743
06/07/2002,13.442
07/07/2002,10.499
08/07/2002,7.126
09/07/2002,5.616
10/07/2002,4.436
11/07/2002,3.939
12/07/2002,3.583
13/07/2002,3.46
14/07/2002,3.46
15/07/2002,3.445
16/07/2002,3.101
17/07/2002,2.809
18/07/2002,2.739
19/07/2002,2.733
20/07/2002,2.868
21/07/2002,5.737
23/07/2002,60.172
24/07/2002,26.52
26/07/2002,20.006
27/07/2002,13.255
28/07/2002,7.808
29/07/2002,6.358
30/07/2002,8.431
31/07/2002,9.432
01/08/2002,6.778
02/08/2002,4.916
03/08/2002,4.363
04/08/2002,4.283
05/08/2002,4.275
06/08/2002,4.224
07/08/2002,4.003
08/08/2002,7.865
10/08/2002,47.373
11/08/2002,12.606
12/08/2002,7.996
13/08/2002,6.423
14/08/2002,5.232
15/08/2002,4.687
16/08/2002,4.421
17/08/2002,7.7
18/08/2002,6.717
19/08/2002,16.707
21/08/2002,65.195
22/08/2002,18.538
23/08/2002,10.2
24/08/2002,7.72
25/08/2002,6.599
26/08/2002,5.921
27/08/2002,5.305
28/08/2002,4.868
29/08/2002,7.131
30/08/2002,9.252
31/08/2002,6.371
01/09/2002,5.205
02/09/2002,4.681
03/09/2002,4.166
04/09/2002,4.01
05/09/2002,3.871
06/09/2002,3.846
07/09/2002,3.668
08/09/2002,3.464
09/09/2002,3.134
10/09/2002,2.737
11/09/2002,3.894
12/09/2002,25.895
13/09/2002,28.075
14/09/2002,18.948
15/09/2002,16.401
16/09/2002,14.636
17/09/2002,7.083
18/09/2002,4.44
19/09/2002,5.646
20/09/2002,19.137
21/09/2002,15.59
22/09/2002,10.76
23/09/2002,5.304
24/09/2002,4.248
25/09/2002,3.8
26/09/2002,3.474
27/09/2002,3.45
28/09/2002,3.093
29/09/2002,2.649
30/09/2002,4.394
01/10/2002,7.694
02/10/2002,6.539
03/10/2002,4.741
04/10/2002,3.877
05/10/2002,3.474
06/10/2002,3.46
07/10/2002,5.626
08/10/2002,26.352
09/10/2002,11.772
10/10/2002,8.166
11/10/2002,6.347
12/10/2002,4.993
13/10/2002,4.015
14/10/2002,3.62
15/10/2002,3.474
16/10/2002,3.45
17/10/2002,3.167
18/10/2002,2.803
19/10/2002,4.105
20/10/2002,25.682
21/10/2002,28.156
22/10/2002,16.282
23/10/2002,7.146
24/10/2002,4.771
25/10/2002,4.009
26/10/2002,3.583
27/10/2002,3.337
28/10/2002,3.155
29/10/2002,2.902
30/10/2002,2.728
31/10/2002,2.554
01/11/2002,2.263
02/11/2002,2.067
03/11/2002,1.777
04/11/2002,1.679
05/11/2002,2.461
06/11/2002,2.165
07/11/2002,2.092
08/11/2002,2.084
09/11/2002,1.952
10/11/2002,1.886
11/11/2002,1.79
12/11/2002,1.734
13/11/2002,1.657
14/11/2002,1.628
15/11/2002,1.536
16/11/2002,1.48
17/11/2002,1.475
18/11/2002,1.475
19/11/2002,1.475
20/11/2002,1.475
21/11/2002,1.467
22/11/2002,1.368
23/11/2002,1.28
24/11/2002,1.245
25/11/2002,3.266
26/11/2002,18.864
27/11/2002,12.352
28/11/2002,6.263
29/11/2002,4.417
30/11/2002,5.079
01/12/2002,39.655
02/12/2002,24.431
03/12/2002,7.468
04/12/2002,7.968
05/12/2002,31.835
06/12/2002,21.226
07/12/2002,13.315
08/12/2002,8.706
09/12/2002,5.054
10/12/2002,4.026
11/12/2002,7.749
12/12/2002,7.734
13/12/2002,4.664
14/12/2002,3.487
15/12/2002,3.101
16/12/2002,2.809
17/12/2002,2.725
18/12/2002,2.619
19/12/2002,4.982
20/12/2002,4.314
21/12/2002,2.864
22/12/2002,1.643
24/12/2002,34.063
25/12/2002,16.798
26/12/2002,5.809
27/12/2002,4.332
28/12/2002,7.39
29/12/2002,5.575
30/12/2002,4.021
31/12/2002,3.474
01/01/2003,3.36
02/01/2003,3.028
03/01/2003,2.79
04/01/2003,2.812
05/01/2003,2.371
06/01/2003,2.023
07/01/2003,1.852
08/01/2003,1.79
09/01/2003,1.722
10/01/2003,1.652
11/01/2003,1.592
12/01/2003,1.486
13/01/2003,1.475
14/01/2003,1.475
15/01/2003,1.475
16/01/2003,1.43
17/01/2003,1.282
18/01/2003,1.789
19/01/2003,1.893
20/01/2003,2.181
21/01/2003,3.808
22/01/2003,1.897
23/01/2003,1.602
24/01/2003,1.536
25/01/2003,1.469
26/01/2003,1.321
27/01/2003,1.299
28/01/2003,1.209
29/01/2003,1.2
30/01/2003,1.2
31/01/2003,1.193
01/02/2003,1.108
02/02/2003,1.096
03/02/2003,1.055
04/02/2003,1.072
05/02/2003,1.985
06/02/2003,6.048
07/02/2003,10.936
08/02/2003,5.271
09/02/2003,3.597
10/02/2003,2.866
11/02/2003,2.109
12/02/2003,1.842
13/02/2003,6.243
14/02/2003,3.535
15/02/2003,2.716
16/02/2003,15.583
17/02/2003,20.426
18/02/2003,4.652
19/02/2003,2.252
20/02/2003,1.962
21/02/2003,1.514
22/02/2003,0.993
26/02/2003,23.064
27/02/2003,11.192
28/02/2003,15.158
01/03/2003,14.464
02/03/2003,10.241
03/03/2003,7.465
04/03/2003,5.901
05/03/2003,4.982
06/03/2003,3.917
07/03/2003,3.862
08/03/2003,9.211
09/03/2003,7.383
10/03/2003,5.071
11/03/2003,5.576
12/03/2003,10.888
13/03/2003,12.885
14/03/2003,12.017
15/03/2003,9.889
16/03/2003,7.16
17/03/2003,4.711
18/03/2003,3.443
19/03/2003,2.454
20/03/2003,2.104
21/03/2003,1.927
22/03/2003,1.79
23/03/2003,1.784
24/03/2003,1.784
25/03/2003,1.784
26/03/2003,1.784
27/03/2003,1.73
28/03/2003,1.6
29/03/2003,1.603
30/03/2003,1.811
31/03/2003,2.212
01/04/2003,1.75
02/04/2003,1.486
03/04/2003,1.475
04/04/2003,1.496
05/04/2003,1.907
06/04/2003,1.78
07/04/2003,1.518
08/04/2003,1.423
09/04/2003,1.37
10/04/2003,1.254
11/04/2003,1.205
12/04/2003,1.2
13/04/2003,1.2
14/04/2003,1.2
15/04/2003,1.2
16/04/2003,1.2
17/04/2003,1.2
18/04/2003,1.2
19/04/2003,1.215
20/04/2003,1.569
21/04/2003,1.338
22/04/2003,1.205
23/04/2003,1.2
24/04/2003,1.2
25/04/2003,1.2
26/04/2003,1.381
27/04/2003,5.833
28/04/2003,11.873
29/04/2003,4.874
30/04/2003,6.503
01/05/2003,5.22
02/05/2003,3.659
03/05/2003,2.538
04/05/2003,2.315
05/05/2003,2.053
06/05/2003,1.823
07/05/2003,1.784
08/05/2003,1.734
09/05/2003,1.632
10/05/2003,1.567
11/05/2003,1.48
12/05/2003,1.475
13/05/2003,1.475
14/05/2003,1.475
15/05/2003,1.475
16/05/2003,2.283
17/05/2003,18.53
19/05/2003,20.362
22/05/2003,22.745
24/05/2003,89.325
25/05/2003,30.081
26/05/2003,9.281
27/05/2003,6.636
28/05/2003,5.905
29/05/2003,5.02
30/05/2003,4.401
31/05/2003,4.199
01/06/2003,9.078
02/06/2003,9.691
03/06/2003,26.352
04/06/2003,29.183
05/06/2003,10.437
06/06/2003,5.981
07/06/2003,5.221
08/06/2003,4.917
09/06/2003,4.77
10/06/2003,4.569
11/06/2003,4.745
12/06/2003,4.248
13/06/2003,3.91
14/06/2003,3.699
15/06/2003,3.625
16/06/2003,4.485
17/06/2003,3.776
18/06/2003,4.754
19/06/2003,38.22
20/06/2003,30.347
21/06/2003,24.939
22/06/2003,19.743
23/06/2003,16.111
24/06/2003,12.882
25/06/2003,8.678
26/06/2003,5.08
27/06/2003,4.518
28/06/2003,4.414
29/06/2003,4.311
30/06/2003,4.192
01/07/2003,3.525
02/07/2003,3.46
03/07/2003,3.46
04/07/2003,3.44
05/07/2003,3.143
06/07/2003,3.086
07/07/2003,3.029
08/07/2003,2.932
09/07/2003,2.814
10/07/2003,2.739
11/07/2003,2.426
12/07/2003,2.318
13/07/2003,2.271
14/07/2003,2.17
15/07/2003,2.092
16/07/2003,2.122
17/07/2003,2.655
18/07/2003,2.631
19/07/2003,2.341
20/07/2003,2.216
21/07/2003,2.102
22/07/2003,2.092
23/07/2003,2.092
24/07/2003,2.088
25/07/2003,2.034
26/07/2003,1.952
27/07/2003,1.856
28/07/2003,1.846
29/07/2003,1.79
30/07/2003,1.784
31/07/2003,1.784
01/08/2003,1.73
02/08/2003,1.6
03/08/2003,1.608
04/08/2003,4.048
05/08/2003,31.649
06/08/2003,26.702
07/08/2003,10.678
08/08/2003,7.271
09/08/2003,5.837
10/08/2003,5.182
11/08/2003,4.839
12/08/2003,4.245
13/08/2003,3.929
14/08/2003,3.602
15/08/2003,3.46
16/08/2003,3.39
17/08/2003,3.068
18/08/2003,2.739
19/08/2003,2.473
20/08/2003,2.401
21/08/2003,2.356
22/08/2003,2.341
23/08/2003,6.289
24/08/2003,27.196
25/08/2003,19.791
26/08/2003,7.002
27/08/2003,4.933
28/08/2003,8.678
29/08/2003,4.932
30/08/2003,3.759
31/08/2003,3.457
01/09/2003,3.229
02/09/2003,3.021
03/09/2003,2.742
04/09/2003,2.549
05/09/2003,2.634
06/09/2003,2.479
07/09/2003,2.36
08/09/2003,7.471
09/09/2003,21.923
10/09/2003,10.217
11/09/2003,5.281
12/09/2003,4.253
13/09/2003,3.538
14/09/2003,3.101
15/09/2003,2.809
16/09/2003,2.73
17/09/2003,2.519
18/09/2003,2.319
19/09/2003,2.098
20/09/2003,2.154
21/09/2003,5.005
22/09/2003,15.639
23/09/2003,35.122
24/09/2003,67.553
25/09/2003,21.004
26/09/2003,9.41
27/09/2003,9.032
28/09/2003,6.307
29/09/2003,4.979
30/09/2003,3.935
01/10/2003,3.481
02/10/2003,3.45
03/10/2003,3.248
04/10/2003,3.159
05/10/2003,3.203
06/10/2003,3.761
07/10/2003,2.866
08/10/2003,2.723
09/10/2003,2.545
10/10/2003,2.457
11/10/2003,2.341
12/10/2003,2.224
13/10/2003,2.209
14/10/2003,2.157
15/10/2003,2.148
16/10/2003,2.097
17/10/2003,2.092
18/10/2003,1.974
19/10/2003,1.846
20/10/2003,1.79
21/10/2003,1.776
22/10/2003,1.615
23/10/2003,1.48
24/10/2003,1.423
25/10/2003,1.623
26/10/2003,7.013
27/10/2003,4.941
28/10/2003,2.658
29/10/2003,1.856
30/10/2003,1.642
31/10/2003,1.475
01/11/2003,1.475
02/11/2003,1.475
03/11/2003,1.475
04/11/2003,1.467
05/11/2003,1.371
06/11/2003,1.361
07/11/2003,1.357
08/11/2003,1.307
09/11/2003,1.254
10/11/2003,1.205
11/11/2003,1.211
12/11/2003,1.548
13/11/2003,3.806
14/11/2003,2.561
15/11/2003,2.214
16/11/2003,2.157
17/11/2003,3.43
18/11/2003,24.217
19/11/2003,17.463
20/11/2003,11.604
21/11/2003,8.182
22/11/2003,4.878
23/11/2003,2.583
24/11/2003,2.322
25/11/2003,4.952
26/11/2003,14.418
27/11/2003,6.577
28/11/2003,3.42
29/11/2003,2.187
30/11/2003,2.0
01/12/2003,1.883
02/12/2003,1.85
03/12/2003,1.812
04/12/2003,1.784
05/12/2003,1.784
06/12/2003,1.784
07/12/2003,1.784
08/12/2003,1.784
09/12/2003,1.78
10/12/2003,1.721
11/12/2003,1.662
12/12/2003,1.62
13/12/2003,1.587
14/12/2003,1.486
15/12/2003,1.475
16/12/2003,1.475
17/12/2003,1.471
18/12/2003,1.415
19/12/2003,1.316
20/12/2003,1.271
21/12/2003,1.205
22/12/2003,1.2
23/12/2003,1.176
24/12/2003,1.1
25/12/2003,1.055
26/12/2003,1.047
27/12/2003,1.008
28/12/2003,1.003
29/12/2003,1.003
30/12/2003,1.003
31/12/2003,1.003
01/01/2004,0.962
02/01/2004,0.957
03/01/2004,0.957
04/01/2004,0.954
05/01/2004,0.917
06/01/2004,0.896
07/01/2004,0.845
08/01/2004,0.824
09/01/2004,0.79
10/01/2004,0.812
11/01/2004,1.412
12/01/2004,1.459
13/01/2004,1.289
14/01/2004,1.15
15/01/2004,1.1
16/01/2004,1.052
17/01/2004,1.008
18/01/2004,1.0
19/01/2004,0.962
20/01/2004,0.954
21/01/2004,0.917
22/01/2004,0.925
23/01/2004,1.166
24/01/2004,1.019
25/01/2004,0.926
26/01/2004,0.835
27/01/2004,0.803
28/01/2004,0.786
29/01/2004,0.786
30/01/2004,0.786
31/01/2004,0.763
01/02/2004,0.746
02/02/2004,0.746
03/02/2004,0.749
04/02/2004,0.809
05/02/2004,0.866
06/02/2004,0.853
07/02/2004,0.803
08/02/2004,0.786
09/02/2004,0.763
10/02/2004,0.746
11/02/2004,0.746
12/02/2004,0.744
13/02/2004,0.731
14/02/2004,1.163
15/02/2004,1.627
16/02/2004,1.603
17/02/2004,1.371
18/02/2004,1.294
19/02/2004,1.155
20/02/2004,0.97
21/02/2004,0.951
22/02/2004,0.874
23/02/2004,0.828
24/02/2004,0.767
25/02/2004,0.746
26/02/2004,0.746
27/02/2004,0.746
28/02/2004,0.746
29/02/2004,0.746
01/03/2004,0.746
02/03/2004,0.746
03/03/2004,0.744
04/03/2004,0.711
05/03/2004,0.705
06/03/2004,0.674
07/03/2004,0.676
08/03/2004,0.837
09/03/2004,0.82
10/03/2004,0.75
11/03/2004,0.709
12/03/2004,0.668
13/03/2004,0.637
14/03/2004,0.634
15/03/2004,0.632
16/03/2004,0.602
17/03/2004,0.599
18/03/2004,0.597
19/03/2004,0.568
20/03/2004,0.565
21/03/2004,0.565
22/03/2004,0.565
23/03/2004,0.565
24/03/2004,0.565
25/03/2004,0.565
26/03/2004,0.565
27/03/2004,0.565
28/03/2004,0.565
29/03/2004,0.565
30/03/2004,0.565
31/03/2004,0.565
01/04/2004,0.565
02/04/2004,0.565
03/04/2004,0.546
04/04/2004,0.533
05/04/2004,0.533
06/04/2004,0.533
07/04/2004,0.533
08/04/2004,0.533
09/04/2004,0.547
10/04/2004,0.751
11/04/2004,0.713
12/04/2004,0.641
13/04/2004,0.634
14/04/2004,0.634
15/04/2004,0.637
16/04/2004,0.734
17/04/2004,1.202
18/04/2004,1.431
19/04/2004,1.105
20/04/2004,0.727
21/04/2004,0.674
22/04/2004,1.199
23/04/2004,9.387
24/04/2004,21.508
25/04/2004,21.129
26/04/2004,13.398
27/04/2004,7.848
28/04/2004,4.548
29/04/2004,2.515
30/04/2004,1.232
01/05/2004,1.096
02/05/2004,1.049
03/05/2004,0.966
04/05/2004,0.964
05/05/2004,1.211
06/05/2004,1.725
07/05/2004,3.063
08/05/2004,4.479
09/05/2004,4.385
10/05/2004,2.595
11/05/2004,1.867
12/05/2004,1.489
13/05/2004,1.433
14/05/2004,2.715
15/05/2004,3.099
16/05/2004,3.043
17/05/2004,2.528
18/05/2004,2.128
19/05/2004,2.049
20/05/2004,1.816
21/05/2004,1.598
22/05/2004,1.482
23/05/2004,1.53
24/05/2004,5.596
25/05/2004,20.863
26/05/2004,23.761
27/05/2004,18.537
28/05/2004,14.317
29/05/2004,6.31
30/05/2004,4.22
31/05/2004,3.361
01/06/2004,2.865
02/06/2004,2.719
03/06/2004,2.428
04/06/2004,2.216
05/06/2004,2.102
06/06/2004,2.092
07/06/2004,2.092
08/06/2004,2.092
09/06/2004,2.092
10/06/2004,2.092
11/06/2004,2.088
12/06/2004,2.03
13/06/2004,1.914
14/06/2004,1.725
15/06/2004,1.572
16/06/2004,2.168
17/06/2004,3.713
18/06/2004,3.053
19/06/2004,2.339
20/06/2004,2.268
21/06/2004,2.108
22/06/2004,2.092
23/06/2004,2.092
24/06/2004,2.185
25/06/2004,4.586
26/06/2004,7.455
27/06/2004,6.554
28/06/2004,5.403
29/06/2004,3.941
30/06/2004,5.651
01/07/2004,36.647
02/07/2004,25.018
03/07/2004,13.68
04/07/2004,9.707
05/07/2004,8.604
06/07/2004,6.91
07/07/2004,4.973
08/07/2004,3.797
09/07/2004,3.467
10/07/2004,3.46
11/07/2004,3.45
12/07/2004,3.252
13/07/2004,2.916
14/07/2004,2.783
15/07/2004,2.504
16/07/2004,2.247
17/07/2004,2.102
18/07/2004,2.092
19/07/2004,2.08
20/07/2004,1.929
21/07/2004,1.78
22/07/2004,1.72
23/07/2004,1.695
24/07/2004,1.657
25/07/2004,1.657
26/07/2004,1.648
27/07/2004,1.545
28/07/2004,1.53
29/07/2004,1.48
30/07/2004,1.475
31/07/2004,1.475
01/08/2004,1.475
02/08/2004,1.467
03/08/2004,1.364
04/08/2004,1.262
05/08/2004,1.245
06/08/2004,1.158
07/08/2004,1.146
08/08/2004,1.1
09/08/2004,1.024
10/08/2004,0.962
11/08/2004,0.957
12/08/2004,0.957
13/08/2004,0.957
14/08/2004,0.954
15/08/2004,0.917
16/08/2004,0.913
17/08/2004,1.769
18/08/2004,11.244
19/08/2004,10.403
20/08/2004,10.124
21/08/2004,9.29
22/08/2004,6.915
23/08/2004,4.685
24/08/2004,3.953
25/08/2004,3.668
26/08/2004,3.454
27/08/2004,3.176
28/08/2004,3.017
29/08/2004,2.874
30/08/2004,2.745
31/08/2004,2.697
01/09/2004,2.207
02/09/2004,1.918
03/09/2004,1.784
04/09/2004,1.784
05/09/2004,1.784
06/09/2004,1.805
07/09/2004,5.05
08/09/2004,39.707
09/09/2004,41.699
10/09/2004,17.399
11/09/2004,12.562
12/09/2004,10.804
13/09/2004,9.568
14/09/2004,8.039
15/09/2004,5.715
16/09/2004,4.366
17/09/2004,3.503
18/09/2004,3.46
19/09/2004,3.411
20/09/2004,2.779
21/09/2004,2.389
22/09/2004,2.108
23/09/2004,2.092
24/09/2004,2.092
25/09/2004,2.092
26/09/2004,2.084
27/09/2004,1.984
28/09/2004,1.902
29/09/2004,1.85
30/09/2004,1.841
01/10/2004,1.723
02/10/2004,1.606
03/10/2004,1.595
04/10/2004,1.595
05/10/2004,1.587
06/10/2004,1.486
07/10/2004,1.475
08/10/2004,1.475
09/10/2004,1.475
10/10/2004,1.475
11/10/2004,1.475
12/10/2004,1.475
13/10/2004,1.471
14/10/2004,1.423
15/10/2004,1.418
16/10/2004,1.418
17/10/2004,1.414
18/10/2004,1.359
19/10/2004,1.262
20/10/2004,1.252
21/10/2004,1.252
22/10/2004,1.249
23/10/2004,1.205
24/10/2004,1.2
25/10/2004,1.2
26/10/2004,1.2
27/10/2004,1.2
28/10/2004,1.2
29/10/2004,1.2
30/10/2004,1.2
01/11/2004,1.2
02/11/2004,1.197
03/11/2004,1.153
04/11/2004,1.149
05/11/2004,1.149
06/11/2004,1.149
07/11/2004,1.149
08/11/2004,1.564
09/11/2004,11.749
10/11/2004,19.986
11/11/2004,5.284
12/11/2004,3.726
13/11/2004,3.46
14/11/2004,3.264
15/11/2004,2.882
16/11/2004,2.733
17/11/2004,2.719
18/11/2004,2.489
19/11/2004,2.253
20/11/2004,2.102
21/11/2004,2.032
22/11/2004,1.801
23/11/2004,1.784
24/11/2004,1.776
25/11/2004,1.668
26/11/2004,1.648
27/11/2004,1.545
28/11/2004,1.53
29/11/2004,1.473
30/11/2004,1.36
01/12/2004,1.214
02/12/2004,1.193
03/12/2004,1.108
04/12/2004,1.099
05/12/2004,1.099
06/12/2004,1.099
07/12/2004,1.099
08/12/2004,1.096
09/12/2004,1.055
10/12/2004,1.023
11/12/2004,1.003
12/12/2004,1.003
13/12/2004,1.0
14/12/2004,0.962
15/12/2004,0.934
16/12/2004,0.835
17/12/2004,0.824
18/12/2004,0.79
19/12/2004,0.786
20/12/2004,0.783
21/12/2004,0.75
22/12/2004,0.746
23/12/2004,0.746
24/12/2004,0.761
25/12/2004,0.978
26/12/2004,0.844
27/12/2004,0.767
28/12/2004,0.746
29/12/2004,0.746
30/12/2004,0.746
31/12/2004,0.746
01/01/2005,0.746
02/01/2005,0.746
03/01/2005,0.746
04/01/2005,0.746
05/01/2005,0.746
06/01/2005,0.746
07/01/2005,0.746
08/01/2005,0.744
09/01/2005,0.711
10/01/2005,0.708
11/01/2005,0.708
12/01/2005,0.705
13/01/2005,0.674
14/01/2005,0.67
15/01/2005,0.67
16/01/2005,0.656
17/01/2005,0.634
18/01/2005,0.632
19/01/2005,0.602
20/01/2005,0.599
21/01/2005,0.599
22/01/2005,0.597
23/01/2005,0.568
24/01/2005,0.565
25/01/2005,0.565
26/01/2005,0.565
27/01/2005,0.565
28/01/2005,0.565
29/01/2005,0.565
30/01/2005,0.565
31/01/2005,0.565
01/02/2005,0.565
02/02/2005,0.565
03/02/2005,0.565
04/02/2005,0.565
05/02/2005,0.565
06/02/2005,0.565
07/02/2005,0.565
08/02/2005,0.565
09/02/2005,0.646
10/02/2005,0.855
11/02/2005,0.869
12/02/2005,0.869
13/02/2005,0.869
14/02/2005,0.869
15/02/2005,0.866
16/02/2005,0.809
17/02/2005,0.715
18/02/2005,0.708
19/02/2005,0.708
20/02/2005,0.708
21/02/2005,0.708
22/02/2005,0.708
23/02/2005,0.708
24/02/2005,0.708
25/02/2005,0.708
26/02/2005,0.708
27/02/2005,0.708
28/02/2005,0.708
01/03/2005,0.705
02/03/2005,0.671
03/03/2005,0.637
04/03/2005,0.634
05/03/2005,0.634
06/03/2005,0.634
07/03/2005,0.632
08/03/2005,0.602
09/03/2005,0.599
10/03/2005,0.599
11/03/2005,0.599
12/03/2005,0.597
13/03/2005,0.568
14/03/2005,0.565
15/03/2005,0.565
16/03/2005,0.565
17/03/2005,0.565
18/03/2005,0.565
19/03/2005,0.565
20/03/2005,0.565
21/03/2005,0.565
22/03/2005,0.565
23/03/2005,0.565
24/03/2005,0.565
25/03/2005,0.565
26/03/2005,0.565
27/03/2005,0.565
28/03/2005,0.565
29/03/2005,0.565
30/03/2005,0.565
31/03/2005,0.565
01/04/2005,0.565
02/04/2005,0.565
03/04/2005,0.565
04/04/2005,0.565
05/04/2005,0.565
06/04/2005,0.565
07/04/2005,0.565
08/04/2005,0.565
09/04/2005,0.565
10/04/2005,0.818
11/04/2005,7.302
12/04/2005,42.738
13/04/2005,77.842
14/04/2005,53.977
15/04/2005,78.634
16/04/2005,54.761
17/04/2005,32.13
18/04/2005,18.931
19/04/2005,13.355
20/04/2005,6.874
21/04/2005,4.101
22/04/2005,3.481
23/04/2005,3.46
24/04/2005,3.46
25/04/2005,3.375
26/04/2005,2.629
27/04/2005,1.996
28/04/2005,1.85
29/04/2005,1.85
30/04/2005,1.846
01/05/2005,1.781
02/05/2005,1.66
03/05/2005,1.545
04/05/2005,1.53
05/05/2005,1.48
06/05/2005,1.475
07/05/2005,1.467
08/05/2005,1.371
09/05/2005,1.35
10/05/2005,1.395
11/05/2005,6.659
12/05/2005,3.524
13/05/2005,1.868
14/05/2005,8.299
15/05/2005,87.38
16/05/2005,83.711
17/05/2005,91.181
18/05/2005,58.647
19/05/2005,40.457
20/05/2005,28.91
21/05/2005,15.702
22/05/2005,9.917
23/05/2005,6.493
24/05/2005,4.238
25/05/2005,3.414
26/05/2005,2.645
27/05/2005,1.82
28/05/2005,1.379
29/05/2005,1.062
30/05/2005,0.966
31/05/2005,0.957
01/06/2005,0.957
02/06/2005,0.957
03/06/2005,0.957
04/06/2005,7.847
05/06/2005,85.682
06/06/2005,62.379
07/06/2005,40.757
08/06/2005,35.528
09/06/2005,20.584
10/06/2005,15.613
11/06/2005,13.144
12/06/2005,9.327
13/06/2005,6.259
14/06/2005,4.104
15/06/2005,3.492
16/06/2005,3.311
17/06/2005,3.167
18/06/2005,3.092
19/06/2005,3.076
20/06/2005,2.955
21/06/2005,2.905
22/06/2005,2.854
23/06/2005,2.797
24/06/2005,2.739
25/06/2005,2.733
26/06/2005,2.733
27/06/2005,2.733
28/06/2005,2.733
29/06/2005,2.733
30/06/2005,2.714
01/07/2005,2.49
02/07/2005,2.466
03/07/2005,2.466
04/07/2005,2.466
05/07/2005,2.466
06/07/2005,2.466
07/07/2005,2.461
08/07/2005,2.407
09/07/2005,2.401
10/07/2005,2.401
11/07/2005,2.401
12/07/2005,2.401
13/07/2005,2.401
14/07/2005,2.401
15/07/2005,2.401
16/07/2005,2.393
17/07/2005,2.286
18/07/2005,2.275
19/07/2005,2.275
20/07/2005,2.271
21/07/2005,2.218
22/07/2005,2.213
23/07/2005,2.213
24/07/2005,2.213
25/07/2005,2.213
26/07/2005,2.209
27/07/2005,2.157
28/07/2005,2.152
29/07/2005,2.152
30/07/2005,2.152
31/07/2005,2.148
01/08/2005,2.097
02/08/2005,2.092
03/08/2005,2.092
04/08/2005,2.092
05/08/2005,2.092
06/08/2005,2.068
07/08/2005,2.02
08/08/2005,1.866
09/08/2005,1.846
10/08/2005,1.79
11/08/2005,1.784
12/08/2005,1.784
13/08/2005,1.776
14/08/2005,1.668
15/08/2005,1.657
16/08/2005,1.628
17/08/2005,1.54
18/08/2005,1.534
19/08/2005,1.534
20/08/2005,1.534
21/08/2005,1.53
22/08/2005,1.48
23/08/2005,1.475
24/08/2005,1.475
25/08/2005,1.475
26/08/2005,1.475
27/08/2005,1.475
28/08/2005,1.475
29/08/2005,1.475
30/08/2005,1.475
31/08/2005,1.475
01/09/2005,1.475
02/09/2005,1.475
03/09/2005,1.475
04/09/2005,1.475
05/09/2005,1.467
06/09/2005,1.371
07/09/2005,1.354
08/09/2005,1.262
09/09/2005,1.733
12/09/2005,88.863
13/09/2005,39.987
14/09/2005,31.477
15/09/2005,45.786
16/09/2005,66.745
17/09/2005,58.658
18/09/2005,34.12
19/09/2005,20.402
20/09/2005,13.128
21/09/2005,6.318
22/09/2005,3.846
23/09/2005,2.881
24/09/2005,1.971
25/09/2005,1.784
26/09/2005,2.015
27/09/2005,5.444
28/09/2005,4.053
29/09/2005,3.467
30/09/2005,3.46
01/10/2005,3.46
02/10/2005,3.46
03/10/2005,3.46
04/10/2005,3.46
05/10/2005,3.46
06/10/2005,3.46
07/10/2005,3.46
08/10/2005,3.46
09/10/2005,3.445
10/10/2005,3.253
11/10/2005,3.223
12/10/2005,3.099
13/10/2005,3.081
14/10/2005,3.02
15/10/2005,3.013
16/10/2005,3.004
17/10/2005,2.884
18/10/2005,2.871
19/10/2005,2.871
20/10/2005,2.871
21/10/2005,2.862
22/10/2005,2.745
23/10/2005,2.733
24/10/2005,2.733
25/10/2005,2.733
26/10/2005,2.733
27/10/2005,2.733
28/10/2005,2.733
29/10/2005,2.733
30/10/2005,2.733
31/10/2005,2.733
01/11/2005,2.733
02/11/2005,2.733
03/11/2005,2.733
04/11/2005,2.733
05/11/2005,2.733
06/11/2005,2.728
07/11/2005,2.671
08/11/2005,2.665
09/11/2005,2.66
10/11/2005,2.603
11/11/2005,2.597
12/11/2005,2.545
13/11/2005,2.466
14/11/2005,2.466
15/11/2005,2.457
16/11/2005,2.349
17/11/2005,2.338
18/11/2005,2.338
19/11/2005,2.329
20/11/2005,2.216
21/11/2005,2.102
22/11/2005,2.088
23/11/2005,2.03
24/11/2005,1.923
25/11/2005,1.852
26/11/2005,1.79
27/11/2005,1.784
28/11/2005,1.776
29/11/2005,1.668
30/11/2005,1.632
01/12/2005,1.595
02/12/2005,1.595
03/12/2005,1.595
04/12/2005,1.559
05/12/2005,1.534
06/12/2005,1.53
07/12/2005,1.48
08/12/2005,1.475
09/12/2005,1.475
10/12/2005,1.475
11/12/2005,1.475
12/12/2005,1.475
13/12/2005,1.475
14/12/2005,1.467
15/12/2005,1.371
16/12/2005,1.361
17/12/2005,1.361
18/12/2005,1.354
19/12/2005,1.259
20/12/2005,1.205
21/12/2005,1.193
22/12/2005,1.108
23/12/2005,1.099
24/12/2005,1.096
25/12/2005,1.052
26/12/2005,1.008
27/12/2005,1.003
28/12/2005,1.003
29/12/2005,1.003
30/12/2005,1.003
31/12/2005,1.099
01/01/2006,0.748
02/01/2006,0.704
03/01/2006,0.704
04/01/2006,0.704
05/01/2006,0.704
06/01/2006,0.704
07/01/2006,0.704
08/01/2006,1.492
09/01/2006,3.398
10/01/2006,2.206
11/01/2006,1.853
12/01/2006,1.786
13/01/2006,5.855
14/01/2006,8.092
15/01/2006,3.982
16/01/2006,2.538
17/01/2006,2.031
18/01/2006,1.419
19/01/2006,0.729
20/01/2006,0.557
21/01/2006,0.551
22/01/2006,0.551
23/01/2006,0.551
24/01/2006,0.656
25/01/2006,2.435
26/01/2006,2.078
27/01/2006,1.438
28/01/2006,1.152
29/01/2006,1.003
30/01/2006,0.884
31/01/2006,0.804
01/02/2006,0.737
02/02/2006,0.737
03/02/2006,0.737
04/02/2006,0.735
05/02/2006,0.707
06/02/2006,0.704
07/02/2006,0.704
08/02/2006,0.704
09/02/2006,0.704
10/02/2006,0.704
11/02/2006,0.704
12/02/2006,0.704
13/02/2006,0.704
14/02/2006,0.704
15/02/2006,0.701
16/02/2006,0.674
17/02/2006,0.671
18/02/2006,0.671
19/02/2006,0.671
20/02/2006,0.671
21/02/2006,0.671
22/02/2006,0.671
23/02/2006,0.669
24/02/2006,0.643
25/02/2006,0.64
26/02/2006,0.64
27/02/2006,0.64
28/02/2006,0.644
01/03/2006,0.698
02/03/2006,0.704
03/03/2006,0.704
04/03/2006,1.258
05/03/2006,7.288
06/03/2006,6.318
07/03/2006,3.234
08/03/2006,2.515
09/03/2006,2.409
10/03/2006,1.71
11/03/2006,0.979
12/03/2006,0.77
13/03/2006,0.71
14/03/2006,0.704
15/03/2006,0.704
16/03/2006,0.704
17/03/2006,0.704
18/03/2006,0.704
19/03/2006,0.699
20/03/2006,0.678
21/03/2006,0.646
22/03/2006,0.64
23/03/2006,0.636
24/03/2006,0.585
25/03/2006,0.58
26/03/2006,0.569
27/03/2006,0.551
28/03/2006,0.551
29/03/2006,0.551
30/03/2006,0.551
31/03/2006,0.551
01/04/2006,0.551
02/04/2006,0.551
03/04/2006,0.551
04/04/2006,0.551
05/04/2006,0.551
06/04/2006,0.551
07/04/2006,0.551
08/04/2006,0.551
09/04/2006,0.551
10/04/2006,0.551
11/04/2006,0.551
12/04/2006,0.55
13/04/2006,0.526
14/04/2006,0.524
15/04/2006,0.524
16/04/2006,0.524
17/04/2006,0.524
18/04/2006,0.524
19/04/2006,0.524
20/04/2006,0.524
21/04/2006,0.524
22/04/2006,0.524
23/04/2006,0.524
24/04/2006,0.524
25/04/2006,0.524
26/04/2006,0.524
27/04/2006,0.524
28/04/2006,0.524
29/04/2006,0.524
30/04/2006,0.526
01/05/2006,0.549
02/05/2006,0.551
03/05/2006,0.551
04/05/2006,0.551
05/05/2006,0.551
06/05/2006,0.551
07/05/2006,0.551
08/05/2006,0.551
09/05/2006,0.551
10/05/2006,0.551
11/05/2006,0.551
12/05/2006,0.551
13/05/2006,0.551
14/05/2006,0.551
15/05/2006,0.551
16/05/2006,0.551
17/05/2006,0.551
18/05/2006,0.551
19/05/2006,0.551
20/05/2006,0.551
21/05/2006,0.551
22/05/2006,0.551
23/05/2006,0.551
24/05/2006,0.551
25/05/2006,0.551
26/05/2006,0.551
27/05/2006,0.551
28/05/2006,0.551
29/05/2006,0.551
30/05/2006,0.551
31/05/2006,0.551
01/06/2006,0.551
02/06/2006,1.15
03/06/2006,11.895
04/06/2006,12.965
05/06/2006,8.955
06/06/2006,8.148
07/06/2006,3.849
08/06/2006,2.644
09/06/2006,2.591
10/06/2006,4.636
11/06/2006,3.896
12/06/2006,2.872
13/06/2006,2.528
14/06/2006,2.495
15/06/2006,2.537
16/06/2006,3.983
17/06/2006,4.483
18/06/2006,3.34
19/06/2006,2.881
20/06/2006,2.594
21/06/2006,2.562
22/06/2006,2.492
23/06/2006,2.358
24/06/2006,2.227
25/06/2006,2.159
26/06/2006,2.153
27/06/2006,2.153
28/06/2006,2.144
29/06/2006,2.036
30/06/2006,2.025
01/07/2006,2.021
02/07/2006,1.968
03/07/2006,1.939
04/07/2006,1.902
05/07/2006,1.878
06/07/2006,1.842
07/07/2006,1.842
08/07/2006,1.842
09/07/2006,1.842
10/07/2006,1.834
11/07/2006,1.736
12/07/2006,1.718
13/07/2006,1.773
14/07/2006,7.077
15/07/2006,14.377
16/07/2006,11.797
17/07/2006,8.598
18/07/2006,6.783
19/07/2006,5.561
20/07/2006,4.012
21/07/2006,3.21
22/07/2006,2.762
23/07/2006,2.532
24/07/2006,2.495
25/07/2006,2.476
26/07/2006,2.138
27/07/2006,1.952
28/07/2006,1.671
29/07/2006,1.459
30/07/2006,1.32
31/07/2006,1.306
01/08/2006,1.306
02/08/2006,1.306
03/08/2006,1.294
04/08/2006,1.139
05/08/2006,1.123
06/08/2006,1.123
07/08/2006,1.123
08/08/2006,2.038
09/08/2006,6.714
10/08/2006,31.243
11/08/2006,62.824
12/08/2006,49.229
13/08/2006,31.759
14/08/2006,21.048
15/08/2006,17.55
16/08/2006,14.44
17/08/2006,11.084
18/08/2006,7.401
19/08/2006,5.194
20/08/2006,3.514
21/08/2006,2.814
22/08/2006,2.515
23/08/2006,2.495
24/08/2006,2.39
25/08/2006,2.165
26/08/2006,2.07
27/08/2006,1.889
28/08/2006,1.842
29/08/2006,1.774
30/08/2006,1.726
31/08/2006,1.726
01/09/2006,1.726
02/09/2006,1.726
03/09/2006,1.726
04/09/2006,1.726
05/09/2006,1.726
06/09/2006,1.726
07/09/2006,1.726
08/09/2006,1.734
09/09/2006,2.161
10/09/2006,2.236
11/09/2006,1.842
12/09/2006,1.842
13/09/2006,1.842
14/09/2006,1.842
15/09/2006,1.834
16/09/2006,1.728
17/09/2006,1.624
18/09/2006,1.583
19/09/2006,1.553
20/09/2006,1.465
21/09/2006,1.448
22/09/2006,1.36
23/09/2006,1.307
24/09/2006,1.147
25/09/2006,1.0
26/09/2006,0.991
27/09/2006,0.922
28/09/2006,0.883
29/09/2006,0.879
30/09/2006,0.879
01/10/2006,0.879
02/10/2006,0.879
03/10/2006,0.879
04/10/2006,0.879
05/10/2006,0.879
06/10/2006,0.879
07/10/2006,0.879
08/10/2006,0.879
09/10/2006,0.879
10/10/2006,0.879
11/10/2006,0.879
12/10/2006,0.879
13/10/2006,0.879
14/10/2006,0.879
15/10/2006,0.879
16/10/2006,0.879
17/10/2006,0.879
18/10/2006,0.879
19/10/2006,0.879
20/10/2006,0.879
21/10/2006,0.879
22/10/2006,0.879
23/10/2006,0.879
24/10/2006,0.879
25/10/2006,0.879
26/10/2006,0.879
27/10/2006,0.879
28/10/2006,0.879
29/10/2006,0.879
30/10/2006,0.879
31/10/2006,0.879
01/11/2006,0.879
02/11/2006,0.879
03/11/2006,0.879
04/11/2006,0.879
05/11/2006,0.879
06/11/2006,0.879
07/11/2006,0.879
08/11/2006,0.879
09/11/2006,0.879
10/11/2006,0.879
11/11/2006,0.879
12/11/2006,0.879
13/11/2006,0.879
14/11/2006,0.879
15/11/2006,0.879
16/11/2006,0.879
17/11/2006,0.971
18/11/2006,1.95
19/11/2006,1.484
20/11/2006,1.294
21/11/2006,1.055
22/11/2006,0.921
23/11/2006,0.917
24/11/2006,0.915
25/11/2006,0.883
26/11/2006,0.879
27/11/2006,0.879
28/11/2006,0.879
29/11/2006,0.879
30/11/2006,0.879
01/12/2006,0.879
02/12/2006,0.879
03/12/2006,0.879
04/12/2006,0.879
05/12/2006,0.879
06/12/2006,0.879
07/12/2006,0.874
08/12/2006,0.813
09/12/2006,0.806
10/12/2006,0.806
11/12/2006,0.801
12/12/2006,0.743
13/12/2006,0.737
14/12/2006,0.737
15/12/2006,0.735
16/12/2006,0.707
17/12/2006,0.704
18/12/2006,0.704
19/12/2006,0.704
20/12/2006,0.704
21/12/2006,0.704
22/12/2006,0.704
23/12/2006,0.678
24/12/2006,0.743
25/12/2006,1.653
26/12/2006,1.212
27/12/2006,1.086
28/12/2006,1.001
29/12/2006,0.935
30/12/2006,0.883
31/12/2006,0.85
01/01/2007,0.688
02/01/2007,0.626
03/01/2007,0.583
04/01/2007,0.58
05/01/2007,0.578
06/01/2007,0.554
07/01/2007,0.551
08/01/2007,0.551
09/01/2007,0.551
10/01/2007,0.551
11/01/2007,0.55
12/01/2007,0.523
13/01/2007,0.475
14/01/2007,0.471
15/01/2007,0.471
16/01/2007,0.469
17/01/2007,0.448
18/01/2007,0.446
19/01/2007,0.446
20/01/2007,0.444
21/01/2007,0.423
22/01/2007,0.421
23/01/2007,0.421
24/01/2007,0.421
25/01/2007,0.421
26/01/2007,0.421
27/01/2007,0.421
28/01/2007,0.421
29/01/2007,0.421
30/01/2007,0.421
31/01/2007,0.421
01/02/2007,0.421
02/02/2007,0.421
03/02/2007,0.421
04/02/2007,0.421
05/02/2007,0.421
06/02/2007,0.421
07/02/2007,0.421
08/02/2007,0.421
09/02/2007,0.421
10/02/2007,0.421
11/02/2007,0.421
12/02/2007,0.421
13/02/2007,0.421
14/02/2007,0.421
15/02/2007,0.421
16/02/2007,0.421
17/02/2007,0.421
18/02/2007,0.421
19/02/2007,0.421
20/02/2007,0.421
21/02/2007,0.421
22/02/2007,0.421
23/02/2007,0.443
24/02/2007,0.771
25/02/2007,0.743
26/02/2007,0.634
27/02/2007,0.61
28/02/2007,0.606
01/03/2007,0.557
02/03/2007,0.551
03/03/2007,0.569
04/03/2007,0.965
05/03/2007,1.142
06/03/2007,1.084
07/03/2007,1.176
08/03/2007,4.697
09/03/2007,18.142
10/03/2007,18.772
11/03/2007,5.223
12/03/2007,2.393
13/03/2007,1.152
14/03/2007,0.89
15/03/2007,0.896
16/03/2007,1.346
17/03/2007,1.237
18/03/2007,0.847
19/03/2007,0.71
20/03/2007,0.704
21/03/2007,0.704
22/03/2007,0.704
23/03/2007,0.704
24/03/2007,0.704
25/03/2007,0.704
26/03/2007,1.292
27/03/2007,12.564
28/03/2007,21.283
29/03/2007,28.492
30/03/2007,20.656
31/03/2007,14.909
01/04/2007,8.999
02/04/2007,7.468
03/04/2007,44.068
04/04/2007,40.056
05/04/2007,17.909
06/04/2007,11.64
07/04/2007,8.279
08/04/2007,6.007
09/04/2007,4.258
10/04/2007,2.672
11/04/2007,2.478
12/04/2007,2.162
13/04/2007,1.85
14/04/2007,1.585
15/04/2007,1.56
16/04/2007,1.56
17/04/2007,1.56
18/04/2007,1.56
19/04/2007,1.492
20/04/2007,1.36
21/04/2007,1.256
22/04/2007,1.161
23/04/2007,2.438
24/04/2007,26.064
25/04/2007,15.686
26/04/2007,6.104
27/04/2007,2.956
28/04/2007,2.495
29/04/2007,2.472
30/04/2007,2.184
01/05/2007,2.153
02/05/2007,2.132
03/05/2007,1.87
04/05/2007,1.842
07/05/2007,68.809
08/05/2007,26.438
09/05/2007,14.702
10/05/2007,11.135
11/05/2007,9.568
12/05/2007,7.256
13/05/2007,5.398
14/05/2007,4.347
15/05/2007,3.902
16/05/2007,3.606
17/05/2007,3.004
18/05/2007,2.875
19/05/2007,2.843
20/05/2007,2.528
21/05/2007,2.495
22/05/2007,2.495
23/05/2007,2.495
24/05/2007,2.476
25/05/2007,2.244
26/05/2007,2.181
27/05/2007,2.09
28/05/2007,1.85
29/05/2007,1.728
30/05/2007,1.624
31/05/2007,1.614
01/06/2007,1.614
02/06/2007,1.614
03/06/2007,1.593
04/06/2007,1.553
05/06/2007,1.472
06/06/2007,1.544
07/06/2007,1.458
08/06/2007,1.364
09/06/2007,1.355
10/06/2007,1.355
11/06/2007,1.352
12/06/2007,1.311
13/06/2007,1.306
14/06/2007,1.656
15/06/2007,8.709
16/06/2007,4.667
17/06/2007,3.205
18/06/2007,2.788
19/06/2007,2.637
20/06/2007,2.508
21/06/2007,2.495
22/06/2007,2.472
23/06/2007,2.175
24/06/2007,1.988
25/06/2007,2.031
26/06/2007,6.42
27/06/2007,5.985
28/06/2007,4.547
29/06/2007,3.69
30/06/2007,3.067
01/07/2007,2.942
02/07/2007,2.875
03/07/2007,2.868
04/07/2007,2.858
05/07/2007,2.719
06/07/2007,2.575
07/07/2007,2.501
08/07/2007,2.495
09/07/2007,2.495
10/07/2007,2.481
11/07/2007,2.3
12/07/2007,2.225
13/07/2007,2.215
14/07/2007,2.159
15/07/2007,2.153
16/07/2007,2.153
17/07/2007,2.144
18/07/2007,2.036
19/07/2007,2.025
20/07/2007,2.021
21/07/2007,1.96
22/07/2007,1.853
23/07/2007,1.819
24/07/2007,1.772
25/07/2007,1.629
26/07/2007,1.61
27/07/2007,1.523
28/07/2007,1.435
29/07/2007,1.404
30/07/2007,1.404
31/07/2007,1.372
01/08/2007,1.311
02/08/2007,1.306
03/08/2007,1.3
04/08/2007,1.144
05/08/2007,1.08
06/08/2007,1.08
07/08/2007,1.074
08/08/2007,1.004
09/08/2007,0.989
10/08/2007,1.946
11/08/2007,23.854
12/08/2007,34.087
13/08/2007,23.048
14/08/2007,17.759
15/08/2007,15.615
16/08/2007,11.172
17/08/2007,7.385
18/08/2007,6.834
19/08/2007,24.108
20/08/2007,34.664
21/08/2007,23.268
22/08/2007,9.031
23/08/2007,5.139
24/08/2007,20.565
25/08/2007,23.222
26/08/2007,11.998
27/08/2007,7.182
28/08/2007,5.296
29/08/2007,4.515
30/08/2007,4.223
31/08/2007,3.968
01/09/2007,3.806
02/09/2007,3.523
03/09/2007,2.706
04/09/2007,2.495
05/09/2007,2.495
06/09/2007,2.495
07/09/2007,2.476
08/09/2007,2.23
09/09/2007,2.009
10/09/2007,1.853
11/09/2007,1.842
12/09/2007,1.842
13/09/2007,1.826
14/09/2007,1.634
15/09/2007,1.603
16/09/2007,1.469
17/09/2007,1.426
18/09/2007,1.562
19/09/2007,4.762
20/09/2007,5.181
21/09/2007,4.028
22/09/2007,6.129
23/09/2007,5.75
24/09/2007,4.618
25/09/2007,3.509
26/09/2007,2.905
27/09/2007,2.528
28/09/2007,2.495
29/09/2007,2.476
30/09/2007,2.13
01/10/2007,2.013
02/10/2007,1.903
03/10/2007,2.552
04/10/2007,8.507
05/10/2007,43.347
06/10/2007,62.198
07/10/2007,51.876
08/10/2007,28.65
09/10/2007,7.46
10/10/2007,19.826
11/10/2007,11.469
12/10/2007,52.082
13/10/2007,57.452
14/10/2007,28.454
15/10/2007,13.273
16/10/2007,8.326
17/10/2007,7.043
18/10/2007,6.261
19/10/2007,5.306
20/10/2007,4.711
21/10/2007,3.364
22/10/2007,2.872
23/10/2007,2.509
24/10/2007,2.167
25/10/2007,2.107
26/10/2007,3.006
27/10/2007,2.918
28/10/2007,2.206
29/10/2007,2.042
30/10/2007,1.985
31/10/2007,1.903
01/11/2007,1.847
02/11/2007,1.842
03/11/2007,1.842
04/11/2007,1.842
05/11/2007,1.842
06/11/2007,1.842
07/11/2007,1.842
08/11/2007,1.842
09/11/2007,1.842
10/11/2007,1.842
11/11/2007,1.834
12/11/2007,1.736
13/11/2007,1.718
14/11/2007,1.624
15/11/2007,1.593
16/11/2007,1.56
17/11/2007,1.56
18/11/2007,1.87
19/11/2007,2.619
20/11/2007,2.495
21/11/2007,2.476
22/11/2007,2.23
23/11/2007,2.014
24/11/2007,1.64
25/11/2007,1.462
26/11/2007,1.36
27/11/2007,1.307
28/11/2007,1.186
29/11/2007,1.04
30/11/2007,0.961
01/12/2007,0.918
02/12/2007,0.883
03/12/2007,0.879
04/12/2007,0.879
05/12/2007,0.879
06/12/2007,0.879
07/12/2007,0.877
08/12/2007,0.841
09/12/2007,0.764
10/12/2007,0.737
11/12/2007,0.717
12/12/2007,0.704
13/12/2007,0.704
14/12/2007,0.704
15/12/2007,0.699
16/12/2007,0.646
17/12/2007,0.64
18/12/2007,0.64
19/12/2007,0.638
20/12/2007,0.612
21/12/2007,0.61
22/12/2007,0.61
23/12/2007,0.606
24/12/2007,0.804
25/12/2007,14.675
26/12/2007,18.201
27/12/2007,11.471
28/12/2007,21.776
29/12/2007,20.606
30/12/2007,12.696
31/12/2007,5.331
01/01/2008,2.645
02/01/2008,2.495
03/01/2008,2.495
04/01/2008,2.485
05/01/2008,2.353
06/01/2008,2.162
07/01/2008,2.028
08/01/2008,1.909
09/01/2008,1.847
10/01/2008,1.842
11/01/2008,1.838
12/01/2008,1.784
13/01/2008,1.666
14/01/2008,1.614
15/01/2008,1.61
16/01/2008,1.565
17/01/2008,1.553
18/01/2008,1.454
19/01/2008,1.32
20/01/2008,1.294
21/01/2008,1.139
22/01/2008,1.098
23/01/2008,1.047
24/01/2008,0.948
25/01/2008,0.878
26/01/2008,0.813
27/01/2008,0.801
28/01/2008,0.743
29/01/2008,0.735
30/01/2008,0.707
31/01/2008,0.699
01/02/2008,0.646
02/02/2008,0.64
03/02/2008,0.64
04/02/2008,0.64
05/02/2008,0.64
06/02/2008,0.64
07/02/2008,0.64
08/02/2008,0.64
09/02/2008,0.64
10/02/2008,0.64
11/02/2008,0.64
12/02/2008,0.64
13/02/2008,0.64
14/02/2008,0.64
15/02/2008,0.64
16/02/2008,0.638
17/02/2008,0.612
18/02/2008,0.61
19/02/2008,0.61
20/02/2008,0.61
21/02/2008,0.61
22/02/2008,0.61
23/02/2008,0.61
24/02/2008,0.61
25/02/2008,0.61
26/02/2008,0.61
27/02/2008,0.61
28/02/2008,0.61
29/02/2008,0.61
01/03/2008,0.61
02/03/2008,0.738
03/03/2008,3.949
04/03/2008,3.44
05/03/2008,2.528
06/03/2008,2.495
07/03/2008,2.495
08/03/2008,2.495
09/03/2008,2.472
10/03/2008,2.184
11/03/2008,2.153
12/03/2008,2.144
13/03/2008,2.036
14/03/2008,2.025
15/03/2008,2.017
16/03/2008,1.905
17/03/2008,1.782
18/03/2008,1.618
19/03/2008,1.462
20/03/2008,1.36
21/03/2008,1.304
22/03/2008,1.221
23/03/2008,1.206
24/03/2008,1.131
25/03/2008,1.112
26/03/2008,0.966
27/03/2008,0.881
28/03/2008,0.808
29/03/2008,0.743
30/03/2008,0.737
31/03/2008,0.737
01/04/2008,0.737
02/04/2008,0.737
03/04/2008,0.737
04/04/2008,0.737
05/04/2008,0.737
06/04/2008,0.737
07/04/2008,0.737
08/04/2008,0.735
09/04/2008,0.707
10/04/2008,0.704
11/04/2008,0.704
12/04/2008,0.704
13/04/2008,0.704
14/04/2008,0.704
15/04/2008,0.704
16/04/2008,0.704
17/04/2008,0.704
18/04/2008,0.704
19/04/2008,0.701
20/04/2008,0.674
21/04/2008,0.669
22/04/2008,0.625
23/04/2008,0.61
24/04/2008,0.61
25/04/2008,0.61
26/04/2008,0.61
27/04/2008,0.61
28/04/2008,0.61
29/04/2008,0.61
30/04/2008,0.616
01/05/2008,0.695
02/05/2008,0.704
03/05/2008,0.704
04/05/2008,0.699
05/05/2008,0.646
06/05/2008,0.64
07/05/2008,0.64
08/05/2008,0.64
09/05/2008,0.64
10/05/2008,0.638
11/05/2008,0.612
12/05/2008,0.61
13/05/2008,0.61
14/05/2008,0.61
15/05/2008,0.606
16/05/2008,0.557
17/05/2008,0.551
18/05/2008,0.551
19/05/2008,0.551
20/05/2008,0.551
21/05/2008,0.551
22/05/2008,0.551
23/05/2008,0.551
24/05/2008,0.551
25/05/2008,0.551
26/05/2008,0.551
27/05/2008,0.639
28/05/2008,3.401
29/05/2008,13.608
30/05/2008,5.765
31/05/2008,2.512
01/06/2008,1.884
02/06/2008,1.531
03/06/2008,1.347
04/06/2008,1.306
05/06/2008,1.297
06/06/2008,1.151
07/06/2008,1.03
08/06/2008,0.925
09/06/2008,0.917
10/06/2008,0.915
11/06/2008,0.883
12/06/2008,0.879
13/06/2008,0.879
14/06/2008,0.879
15/06/2008,0.879
16/06/2008,0.879
17/06/2008,0.879
18/06/2008,0.879
19/06/2008,1.105
20/06/2008,6.203
21/06/2008,6.689
22/06/2008,2.853
23/06/2008,1.99
24/06/2008,1.093
25/06/2008,1.214
26/06/2008,7.441
27/06/2008,3.24
28/06/2008,1.631
29/06/2008,1.554
30/06/2008,1.379
01/07/2008,1.306
02/07/2008,1.306
03/07/2008,1.297
04/07/2008,1.18
05/07/2008,1.161
06/07/2008,1.088
07/07/2008,1.08
08/07/2008,1.074
09/07/2008,1.004
10/07/2008,0.997
11/07/2008,0.997
12/07/2008,0.997
13/07/2008,0.989
14/07/2008,0.89
15/07/2008,0.879
16/07/2008,0.879
17/07/2008,0.879
18/07/2008,0.879
19/07/2008,0.879
20/07/2008,0.879
21/07/2008,2.754
22/07/2008,37.946
23/07/2008,25.926
24/07/2008,11.167
25/07/2008,4.906
26/07/2008,2.988
27/07/2008,2.508
28/07/2008,2.495
29/07/2008,2.764
30/07/2008,11.191
31/07/2008,12.612
01/08/2008,4.296
02/08/2008,2.62
03/08/2008,2.501
04/08/2008,2.495
05/08/2008,2.472
06/08/2008,2.175
07/08/2008,2.024
08/08/2008,1.858
09/08/2008,1.823
10/08/2008,1.568
11/08/2008,4.88
12/08/2008,45.439
13/08/2008,34.903
14/08/2008,21.737
15/08/2008,10.037
16/08/2008,3.545
17/08/2008,2.557
18/08/2008,2.495
19/08/2008,2.495
20/08/2008,2.495
21/08/2008,2.485
22/08/2008,2.353
23/08/2008,4.872
24/08/2008,41.072
25/08/2008,35.367
26/08/2008,20.409
27/08/2008,11.134
28/08/2008,6.394
29/08/2008,5.63
30/08/2008,5.358
31/08/2008,5.35
01/09/2008,5.217
02/09/2008,4.291
03/09/2008,3.274
04/09/2008,2.678
05/09/2008,3.622
06/09/2008,27.617
07/09/2008,42.177
08/09/2008,26.098
09/09/2008,12.727
10/09/2008,7.76
11/09/2008,5.766
12/09/2008,4.534
13/09/2008,3.448
14/09/2008,2.89
15/09/2008,2.868
16/09/2008,2.843
17/09/2008,2.528
18/09/2008,2.426
19/09/2008,2.167
20/09/2008,2.094
21/09/2008,2.089
22/09/2008,2.089
23/09/2008,2.08
24/09/2008,1.958
25/09/2008,1.739
26/09/2008,1.62
27/09/2008,1.558
28/09/2008,1.454
29/09/2008,1.32
30/09/2008,1.306
01/10/2008,1.306
02/10/2008,1.306
03/10/2008,1.306
04/10/2008,1.3
05/10/2008,1.221
06/10/2008,1.206
07/10/2008,1.131
08/10/2008,1.12
09/10/2008,1.084
10/10/2008,1.08
11/10/2008,1.08
12/10/2008,1.074
13/10/2008,0.999
14/10/2008,0.925
15/10/2008,0.915
16/10/2008,0.883
17/10/2008,0.879
18/10/2008,0.879
19/10/2008,0.879
20/10/2008,0.879
21/10/2008,0.879
22/10/2008,0.879
23/10/2008,0.879
24/10/2008,0.879
25/10/2008,0.879
26/10/2008,0.879
27/10/2008,0.879
28/10/2008,0.879
29/10/2008,0.879
30/10/2008,0.879
31/10/2008,0.879
01/11/2008,0.879
02/11/2008,0.879
03/11/2008,0.879
04/11/2008,0.879
05/11/2008,0.879
06/11/2008,0.879
07/11/2008,0.879
08/11/2008,0.874
09/11/2008,0.813
10/11/2008,0.801
11/11/2008,0.743
12/11/2008,0.737
13/11/2008,0.737
14/11/2008,0.737
15/11/2008,0.715
16/11/2008,0.674
17/11/2008,0.671
18/11/2008,0.671
19/11/2008,0.671
20/11/2008,0.671
21/11/2008,0.671
22/11/2008,0.671
23/11/2008,0.671
24/11/2008,0.671
25/11/2008,0.671
26/11/2008,0.676
27/11/2008,0.731
28/11/2008,0.737
29/11/2008,0.797
30/11/2008,1.719
01/12/2008,1.082
02/12/2008,0.69
03/12/2008,0.671
04/12/2008,0.667
05/12/2008,0.615
06/12/2008,0.61
07/12/2008,0.61
08/12/2008,0.608
09/12/2008,0.583
10/12/2008,0.58
11/12/2008,0.578
12/12/2008,0.554
13/12/2008,0.551
14/12/2008,0.551
15/12/2008,0.551
16/12/2008,0.551
17/12/2008,0.551
18/12/2008,0.551
19/12/2008,0.551
20/12/2008,0.551
21/12/2008,0.551
22/12/2008,0.551
23/12/2008,0.551
24/12/2008,0.551
25/12/2008,0.551
26/12/2008,0.551
27/12/2008,0.551
28/12/2008,0.551
29/12/2008,0.551
30/12/2008,0.551
31/12/2008,0.551
01/01/2009,0.551
02/01/2009,0.551
03/01/2009,0.551
04/01/2009,0.551
05/01/2009,0.535
06/01/2009,0.522
07/01/2009,0.499
08/01/2009,0.493
09/01/2009,0.45
10/01/2009,0.446
11/01/2009,0.446
12/01/2009,0.446
13/01/2009,0.453
14/01/2009,0.609
15/01/2009,0.644
16/01/2009,0.612
17/01/2009,0.576
18/01/2009,0.551
19/01/2009,0.551
20/01/2009,0.551
21/01/2009,0.551
22/01/2009,0.551
23/01/2009,0.55
24/01/2009,0.526
25/01/2009,0.524
26/01/2009,0.524
27/01/2009,0.526
28/01/2009,0.549
29/01/2009,0.551
30/01/2009,0.551
31/01/2009,0.551
01/02/2009,0.551
02/02/2009,0.551
03/02/2009,0.551
04/02/2009,0.551
05/02/2009,0.551
06/02/2009,0.551
07/02/2009,0.551
08/02/2009,0.551
09/02/2009,0.551
10/02/2009,0.551
11/02/2009,0.551
12/02/2009,0.551
13/02/2009,0.551
14/02/2009,0.551
15/02/2009,0.551
16/02/2009,0.551
17/02/2009,0.551
18/02/2009,0.551
19/02/2009,0.551
20/02/2009,0.574
21/02/2009,0.76
22/02/2009,0.879
23/02/2009,2.505
24/02/2009,1.73
25/02/2009,1.327
26/02/2009,0.888
27/02/2009,0.799
28/02/2009,0.702
01/03/2009,0.565
02/03/2009,0.551
03/03/2009,0.551
04/03/2009,0.551
05/03/2009,0.551
06/03/2009,0.551
07/03/2009,0.551
08/03/2009,0.551
09/03/2009,0.551
10/03/2009,0.551
11/03/2009,2.212
12/03/2009,28.95
13/03/2009,25.073
14/03/2009,18.243
15/03/2009,14.258
16/03/2009,5.692
17/03/2009,2.663
18/03/2009,2.196
19/03/2009,1.501
20/03/2009,1.114
21/03/2009,1.047
22/03/2009,0.997
23/03/2009,0.991
24/03/2009,0.925
25/03/2009,0.917
26/03/2009,0.917
27/03/2009,0.917
28/03/2009,0.915
29/03/2009,0.883
30/03/2009,0.879
31/03/2009,0.879
01/04/2009,0.874
02/04/2009,0.813
03/04/2009,0.806
04/04/2009,0.801
05/04/2009,0.743
06/04/2009,0.735
07/04/2009,0.707
08/04/2009,0.699
09/04/2009,0.646
10/04/2009,0.64
11/04/2009,0.64
12/04/2009,0.638
13/04/2009,0.612
14/04/2009,0.61
15/04/2009,0.61
16/04/2009,0.61
17/04/2009,0.61
18/04/2009,0.61
19/04/2009,0.61
20/04/2009,0.61
21/04/2009,0.61
22/04/2009,0.61
23/04/2009,0.61
24/04/2009,0.61
25/04/2009,0.61
26/04/2009,0.61
27/04/2009,0.61
28/04/2009,0.61
29/04/2009,0.61
30/04/2009,0.61
01/05/2009,0.61
02/05/2009,0.61
03/05/2009,0.61
04/05/2009,0.606
05/05/2009,0.557
06/05/2009,0.551
07/05/2009,0.551
08/05/2009,0.551
09/05/2009,0.551
10/05/2009,0.551
11/05/2009,0.55
12/05/2009,0.526
13/05/2009,0.524
14/05/2009,0.524
15/05/2009,0.518
16/05/2009,0.453
17/05/2009,0.446
18/05/2009,0.444
19/05/2009,0.423
20/05/2009,0.421
21/05/2009,0.421
22/05/2009,0.421
23/05/2009,0.421
24/05/2009,0.421
25/05/2009,0.421
26/05/2009,0.421
27/05/2009,0.421
28/05/2009,0.421
29/05/2009,0.421
30/05/2009,0.557
01/06/2009,1.374
02/06/2009,1.182
03/06/2009,1.123
04/06/2009,1.114
05/06/2009,1.008
06/06/2009,0.991
07/06/2009,0.925
08/06/2009,0.895
09/06/2009,0.879
10/06/2009,0.879
11/06/2009,0.879
12/06/2009,0.877
13/06/2009,0.846
14/06/2009,0.837
15/06/2009,0.777
16/06/2009,0.751
17/06/2009,0.737
18/06/2009,0.724
19/06/2009,0.704
20/06/2009,0.704
21/06/2009,0.704
22/06/2009,0.713
23/06/2009,1.243
24/06/2009,2.306
25/06/2009,1.689
26/06/2009,1.139
27/06/2009,1.123
28/06/2009,1.12
29/06/2009,1.352
30/06/2009,6.165
01/07/2009,3.35
02/07/2009,1.982
03/07/2009,1.204
04/07/2009,1.084
05/07/2009,1.08
06/07/2009,1.157
07/07/2009,5.576
08/07/2009,4.908
09/07/2009,2.541
10/07/2009,1.418
11/07/2009,1.106
12/07/2009,1.08
13/07/2009,1.08
14/07/2009,1.074
15/07/2009,1.001
16/07/2009,0.96
17/07/2009,0.951
18/07/2009,0.886
19/07/2009,0.879
20/07/2009,0.879
21/07/2009,0.879
22/07/2009,0.879
23/07/2009,0.879
24/07/2009,0.879
25/07/2009,0.879
26/07/2009,0.879
27/07/2009,0.879
28/07/2009,0.879
29/07/2009,0.879
30/07/2009,0.879
31/07/2009,0.879
01/08/2009,0.879
02/08/2009,0.929
03/08/2009,1.302
04/08/2009,1.786
05/08/2009,1.625
06/08/2009,2.131
07/08/2009,5.836
08/08/2009,4.89
09/08/2009,2.759
10/08/2009,1.795
11/08/2009,1.539
12/08/2009,1.335
13/08/2009,1.279
14/08/2009,1.259
15/08/2009,1.259
16/08/2009,1.259
17/08/2009,1.299
18/08/2009,1.468
19/08/2009,2.272
20/08/2009,6.953
21/08/2009,6.191
22/08/2009,3.232
23/08/2009,2.501
24/08/2009,2.495
25/08/2009,2.481
26/08/2009,2.231
27/08/2009,1.984
28/08/2009,1.743
29/08/2009,1.423
30/08/2009,1.398
31/08/2009,1.315
01/09/2009,1.327
02/09/2009,1.822
03/09/2009,1.736
04/09/2009,1.573
05/09/2009,3.642
06/09/2009,2.591
07/09/2009,1.916
08/09/2009,7.056
09/09/2009,4.072
10/09/2009,2.535
11/09/2009,2.256
12/09/2009,1.824
13/09/2009,1.783
14/09/2009,1.709
15/09/2009,1.563
16/09/2009,1.465
17/09/2009,2.272
18/09/2009,17.216
19/09/2009,18.604
20/09/2009,7.922
21/09/2009,4.598
22/09/2009,3.431
23/09/2009,2.535
24/09/2009,2.296
25/09/2009,2.132
26/09/2009,1.866
27/09/2009,1.788
28/09/2009,1.681
29/09/2009,1.565
30/09/2009,1.56
01/10/2009,1.624
02/10/2009,2.992
03/10/2009,2.795
04/10/2009,2.495
05/10/2009,4.479
06/10/2009,41.751
07/10/2009,20.828
08/10/2009,13.094
09/10/2009,6.244
10/10/2009,3.611
11/10/2009,6.058
12/10/2009,11.227
13/10/2009,7.1
14/10/2009,4.346
15/10/2009,3.085
16/10/2009,2.843
17/10/2009,2.528
18/10/2009,2.472
19/10/2009,2.171
20/10/2009,1.976
21/10/2009,1.872
22/10/2009,1.842
23/10/2009,1.842
24/10/2009,1.834
25/10/2009,1.728
26/10/2009,1.595
27/10/2009,1.461
28/10/2009,1.352
29/10/2009,1.306
30/10/2009,5.469
31/10/2009,65.784
01/11/2009,48.507
02/11/2009,14.169
03/11/2009,29.331
04/11/2009,40.946
05/11/2009,71.529
06/11/2009,29.868
07/11/2009,15.717
08/11/2009,9.296
09/11/2009,6.722
10/11/2009,4.642
11/11/2009,2.919
12/11/2009,2.515
13/11/2009,2.495
14/11/2009,2.495
15/11/2009,2.495
16/11/2009,2.526
17/11/2009,9.309
18/11/2009,74.78
19/11/2009,76.808
20/11/2009,51.445
21/11/2009,27.575
22/11/2009,22.196
23/11/2009,19.131
24/11/2009,13.099
25/11/2009,12.301
26/11/2009,44.938
27/11/2009,33.18
28/11/2009,19.767
29/11/2009,14.105
30/11/2009,10.104
01/12/2009,5.89
02/12/2009,4.0
03/12/2009,3.221
04/12/2009,7.103
05/12/2009,2.636
06/12/2009,4.313
07/12/2009,3.883
08/12/2009,2.952
09/12/2009,2.875
10/12/2009,2.692
11/12/2009,2.495
12/12/2009,3.56
13/12/2009,18.085
14/12/2009,13.557
15/12/2009,6.239
16/12/2009,3.896
17/12/2009,2.91
18/12/2009,2.528
19/12/2009,2.495
20/12/2009,2.495
21/12/2009,2.495
22/12/2009,2.495
23/12/2009,2.61
24/12/2009,8.713
25/12/2009,7.513
26/12/2009,4.809
27/12/2009,3.276
28/12/2009,5.051
29/12/2009,3.387
30/12/2009,2.521
31/12/2009,2.495
01/01/2010,2.495
02/01/2010,2.495
03/01/2010,2.274
04/01/2010,1.87
05/01/2010,1.842
06/01/2010,1.823
07/01/2010,1.585
08/01/2010,1.498
09/01/2010,1.398
10/01/2010,1.315
11/01/2010,1.306
12/01/2010,1.306
13/01/2010,1.306
14/01/2010,1.306
15/01/2010,1.306
16/01/2010,1.306
17/01/2010,1.306
18/01/2010,1.306
19/01/2010,1.306
20/01/2010,1.303
21/01/2010,1.263
22/01/2010,1.253
23/01/2010,1.172
24/01/2010,1.127
25/01/2010,1.123
26/01/2010,1.098
27/01/2010,1.08
28/01/2010,1.08
29/01/2010,1.08
30/01/2010,1.08
31/01/2010,1.08
01/02/2010,1.176
02/02/2010,8.503
03/02/2010,34.663
04/02/2010,27.818
05/02/2010,47.808
06/02/2010,59.585
07/02/2010,78.605
09/02/2010,80.943
10/02/2010,30.483
11/02/2010,12.05
12/02/2010,9.656
13/02/2010,8.214
14/02/2010,7.177
15/02/2010,5.79
16/02/2010,4.465
17/02/2010,17.543
18/02/2010,18.976
19/02/2010,11.444
20/02/2010,7.991
21/02/2010,49.799
22/02/2010,45.155
23/02/2010,38.966
24/02/2010,28.596
25/02/2010,16.862
26/02/2010,9.533
27/02/2010,4.664
28/02/2010,3.231
01/03/2010,2.864
02/03/2010,2.528
03/03/2010,2.495
04/03/2010,2.472
05/03/2010,2.184
06/03/2010,2.144
07/03/2010,2.032
08/03/2010,1.929
09/03/2010,1.847
10/03/2010,1.83
11/03/2010,1.685
12/03/2010,1.666
13/03/2010,1.587
14/03/2010,1.56
15/03/2010,1.56
16/03/2010,1.56
17/03/2010,1.56
18/03/2010,1.56
19/03/2010,1.56
20/03/2010,1.56
21/03/2010,1.56
22/03/2010,1.56
23/03/2010,1.56
24/03/2010,1.56
25/03/2010,1.56
26/03/2010,1.56
27/03/2010,1.56
28/03/2010,1.56
29/03/2010,1.519
30/03/2010,1.455
31/03/2010,1.368
01/04/2010,1.306
02/04/2010,1.294
03/04/2010,1.139
04/04/2010,1.12
05/04/2010,1.084
06/04/2010,1.08
07/04/2010,1.08
08/04/2010,1.08
09/04/2010,1.08
10/04/2010,1.08
11/04/2010,1.08
12/04/2010,1.08
13/04/2010,1.08
14/04/2010,1.08
15/04/2010,1.074
16/04/2010,1.001
17/04/2010,0.955
18/04/2010,0.886
19/04/2010,0.879
20/04/2010,0.879
21/04/2010,0.879
22/04/2010,0.879
23/04/2010,0.879
24/04/2010,0.879
25/04/2010,0.879
26/04/2010,0.879
27/04/2010,0.879
28/04/2010,0.879
29/04/2010,0.879
30/04/2010,0.879
01/05/2010,0.879
02/05/2010,0.879
03/05/2010,0.879
04/05/2010,0.879
05/05/2010,0.893
06/05/2010,1.442
07/05/2010,1.485
08/05/2010,1.01
09/05/2010,0.95
10/05/2010,0.957
11/05/2010,0.954
12/05/2010,0.921
13/05/2010,0.915
14/05/2010,0.883
15/05/2010,0.879
16/05/2010,0.879
17/05/2010,0.879
18/05/2010,0.908
19/05/2010,1.207
20/05/2010,1.08
21/05/2010,1.08
22/05/2010,1.08
23/05/2010,1.08
24/05/2010,1.08
25/05/2010,1.08
26/05/2010,1.08
27/05/2010,1.08
28/05/2010,1.08
29/05/2010,1.08
30/05/2010,1.132
31/05/2010,2.411
01/06/2010,2.564
02/06/2010,2.495
03/06/2010,2.495
04/06/2010,2.495
05/06/2010,2.472
06/06/2010,1.972
07/06/2010,1.386
08/06/2010,1.145
09/06/2010,0.886
10/06/2010,0.879
11/06/2010,0.879
12/06/2010,0.879
13/06/2010,0.879
14/06/2010,0.989
15/06/2010,2.307
16/06/2010,1.817
17/06/2010,1.439
18/06/2010,1.306
19/06/2010,1.306
20/06/2010,1.222
21/06/2010,1.084
22/06/2010,1.074
23/06/2010,1.004
24/06/2010,0.994
25/06/2010,0.96
26/06/2010,0.951
27/06/2010,0.886
28/06/2010,0.879
29/06/2010,0.879
30/06/2010,0.879
01/07/2010,0.879
02/07/2010,0.879
03/07/2010,0.879
04/07/2010,0.879
05/07/2010,0.879
06/07/2010,0.879
07/07/2010,0.879
08/07/2010,0.879
09/07/2010,0.879
10/07/2010,0.879
11/07/2010,1.455
12/07/2010,5.892
13/07/2010,2.601
14/07/2010,1.603
15/07/2010,1.251
16/07/2010,1.096
17/07/2010,1.08
18/07/2010,5.97
19/07/2010,64.059
20/07/2010,44.791
21/07/2010,19.549
22/07/2010,11.097
23/07/2010,4.154
24/07/2010,3.811
25/07/2010,43.508
26/07/2010,47.779
27/07/2010,33.86
28/07/2010,17.269
29/07/2010,13.647
30/07/2010,5.53
31/07/2010,33.664
01/08/2010,18.577
02/08/2010,8.581
03/08/2010,4.93
04/08/2010,4.083
05/08/2010,3.271
06/08/2010,2.861
07/08/2010,2.868
08/08/2010,2.868
09/08/2010,2.853
10/08/2010,2.661
11/08/2010,2.631
12/08/2010,5.279
13/08/2010,42.2
14/08/2010,30.76
15/08/2010,12.673
16/08/2010,5.446
17/08/2010,4.166
18/08/2010,3.378
19/08/2010,3.252
20/08/2010,2.971
21/08/2010,2.875
22/08/2010,2.853
23/08/2010,2.651
24/08/2010,2.508
25/08/2010,2.495
26/08/2010,2.495
27/08/2010,2.495
28/08/2010,2.495
29/08/2010,2.495
30/08/2010,2.682
31/08/2010,10.57
01/09/2010,33.652
02/09/2010,54.667
03/09/2010,24.846
04/09/2010,12.419
05/09/2010,17.746
06/09/2010,16.931
07/09/2010,13.578
08/09/2010,9.039
09/09/2010,6.298
10/09/2010,4.206
11/09/2010,2.587
12/09/2010,5.557
13/09/2010,56.252
14/09/2010,55.245
15/09/2010,38.529
16/09/2010,30.441
17/09/2010,18.764
18/09/2010,14.852
19/09/2010,11.191
20/09/2010,8.591
21/09/2010,5.37
22/09/2010,3.396
23/09/2010,2.933
24/09/2010,2.926
25/09/2010,2.658
26/09/2010,2.508
27/09/2010,2.495
28/09/2010,2.495
29/09/2010,2.495
30/09/2010,2.495
01/10/2010,2.495
02/10/2010,2.495
03/10/2010,2.495
04/10/2010,2.472
05/10/2010,2.184
06/10/2010,2.153
07/10/2010,2.144
08/10/2010,1.968
09/10/2010,1.618
10/10/2010,1.549
11/10/2010,1.418
12/10/2010,1.366
13/10/2010,1.306
14/10/2010,1.306
15/10/2010,1.306
16/10/2010,1.303
17/10/2010,1.263
18/10/2010,1.259
19/10/2010,1.247
20/10/2010,1.096
21/10/2010,1.074
22/10/2010,1.001
23/10/2010,0.96
24/10/2010,0.957
25/10/2010,0.951
26/10/2010,0.886
27/10/2010,0.879
28/10/2010,0.879
29/10/2010,0.879
30/10/2010,0.879
31/10/2010,0.879
01/11/2010,0.879
02/11/2010,0.879
03/11/2010,0.879
04/11/2010,0.879
05/11/2010,0.879
06/11/2010,0.879
07/11/2010,0.879
08/11/2010,0.879
09/11/2010,0.879
10/11/2010,0.879
11/11/2010,0.879
12/11/2010,0.879
13/11/2010,0.879
14/11/2010,0.879
15/11/2010,0.879
16/11/2010,1.879
17/11/2010,19.018
18/11/2010,13.759
19/11/2010,3.665
20/11/2010,2.495
21/11/2010,2.451
22/11/2010,1.749
23/11/2010,1.412
24/11/2010,1.15
25/11/2010,0.901
26/11/2010,0.874
27/11/2010,0.806
28/11/2010,0.713
29/11/2010,0.678
30/11/2010,0.64
01/12/2010,0.636
02/12/2010,0.585
03/12/2010,0.578
04/12/2010,0.554
05/12/2010,0.551
06/12/2010,0.551
07/12/2010,0.551
08/12/2010,0.551
09/12/2010,0.551
10/12/2010,0.551
11/12/2010,0.551
12/12/2010,0.551
13/12/2010,0.551
14/12/2010,0.551
15/12/2010,0.551
16/12/2010,0.551
17/12/2010,0.551
18/12/2010,0.551
19/12/2010,0.551
20/12/2010,0.551
21/12/2010,0.551
22/12/2010,0.551
23/12/2010,0.551
24/12/2010,0.571
25/12/2010,0.705
26/12/2010,0.642
27/12/2010,0.984
28/12/2010,0.886
29/12/2010,0.879
30/12/2010,0.879
31/12/2010,0.879
01/01/2011,0.879
02/01/2011,0.879
03/01/2011,0.893
04/01/2011,1.332
05/01/2011,1.24
06/01/2011,0.933
07/01/2011,0.81
08/01/2011,0.707
09/01/2011,0.704
10/01/2011,0.704
11/01/2011,0.704
12/01/2011,0.704
13/01/2011,0.704
14/01/2011,0.704
15/01/2011,0.701
16/01/2011,0.674
17/01/2011,0.671
18/01/2011,0.671
19/01/2011,0.671
20/01/2011,0.671
21/01/2011,0.671
22/01/2011,0.671
23/01/2011,0.671
24/01/2011,0.671
25/01/2011,0.671
26/01/2011,0.647
27/01/2011,0.61
28/01/2011,0.61
29/01/2011,0.61
30/01/2011,0.61
31/01/2011,0.61
01/02/2011,0.61
02/02/2011,0.608
03/02/2011,0.583
04/02/2011,0.578
05/02/2011,0.554
06/02/2011,0.551
07/02/2011,0.551
08/02/2011,0.551
09/02/2011,0.551
10/02/2011,0.551
11/02/2011,0.551
12/02/2011,0.551
13/02/2011,0.551
14/02/2011,0.551
15/02/2011,0.551
16/02/2011,0.551
17/02/2011,0.551
18/02/2011,0.551
19/02/2011,0.551
20/02/2011,0.551
21/02/2011,0.551
22/02/2011,0.551
23/02/2011,0.551
24/02/2011,0.551
25/02/2011,0.551
26/02/2011,0.551
27/02/2011,0.551
28/02/2011,0.551
01/03/2011,0.551
02/03/2011,0.551
03/03/2011,0.551
04/03/2011,0.551
05/03/2011,0.551
06/03/2011,0.551
07/03/2011,0.551
08/03/2011,0.551
09/03/2011,0.551
10/03/2011,0.551
11/03/2011,0.551
12/03/2011,0.551
13/03/2011,0.551
14/03/2011,0.551
15/03/2011,0.551
16/03/2011,0.551
17/03/2011,0.551
18/03/2011,0.551
19/03/2011,0.551
20/03/2011,0.551
21/03/2011,0.551
22/03/2011,0.551
23/03/2011,0.551
24/03/2011,0.551
25/03/2011,0.551
26/03/2011,0.551
27/03/2011,0.551
28/03/2011,0.551
29/03/2011,0.551
30/03/2011,0.551
31/03/2011,0.551
01/04/2011,0.551
02/04/2011,0.551
03/04/2011,0.551
04/04/2011,0.551
05/04/2011,0.551
06/04/2011,0.551
07/04/2011,0.551
08/04/2011,0.551
09/04/2011,0.551
10/04/2011,0.551
11/04/2011,0.551
12/04/2011,0.551
13/04/2011,0.551
14/04/2011,0.551
15/04/2011,0.551
16/04/2011,0.551
17/04/2011,0.551
18/04/2011,0.574
19/04/2011,1.09
20/04/2011,1.018
21/04/2011,0.777
22/04/2011,0.697
23/04/2011,0.618
24/04/2011,0.61
25/04/2011,0.61
26/04/2011,0.61
27/04/2011,0.61
28/04/2011,0.61
29/04/2011,0.61
30/04/2011,0.616
01/05/2011,0.695
02/05/2011,0.704
03/05/2011,0.704
04/05/2011,0.704
05/05/2011,0.704
06/05/2011,0.704
07/05/2011,0.704
08/05/2011,0.704
09/05/2011,0.704
10/05/2011,0.704
11/05/2011,0.704
12/05/2011,0.704
13/05/2011,0.704
14/05/2011,0.704
15/05/2011,0.704
16/05/2011,0.704
17/05/2011,0.704
18/05/2011,0.704
19/05/2011,0.704
20/05/2011,0.704
21/05/2011,0.704
22/05/2011,0.704
23/05/2011,0.704
24/05/2011,5.127
25/05/2011,39.328
26/05/2011,25.981
27/05/2011,13.467
28/05/2011,4.811
29/05/2011,2.564
30/05/2011,2.056
31/05/2011,1.851
01/06/2011,1.892
02/06/2011,1.847
03/06/2011,1.842
04/06/2011,1.842
05/06/2011,1.842
06/06/2011,1.842
07/06/2011,1.842
08/06/2011,1.842
09/06/2011,1.842
10/06/2011,1.834
11/06/2011,1.736
12/06/2011,1.726
13/06/2011,1.726
14/06/2011,1.726
15/06/2011,1.726
16/06/2011,1.726
17/06/2011,1.726
18/06/2011,7.797
19/06/2011,75.087
20/06/2011,47.892
21/06/2011,37.004
22/06/2011,32.206
23/06/2011,23.339
24/06/2011,16.157
25/06/2011,7.37
26/06/2011,3.285
27/06/2011,2.495
28/06/2011,2.495
29/06/2011,2.495
30/06/2011,2.495
01/07/2011,2.495
02/07/2011,2.495
03/07/2011,2.495
04/07/2011,2.495
05/07/2011,2.495
06/07/2011,2.495
07/07/2011,2.495
08/07/2011,2.495
09/07/2011,2.495
10/07/2011,2.495
11/07/2011,2.472
12/07/2011,2.162
13/07/2011,1.82
14/07/2011,1.573
15/07/2011,1.465
16/07/2011,1.422
17/07/2011,1.356
18/07/2011,1.311
19/07/2011,1.656
20/07/2011,4.984
21/07/2011,3.015
22/07/2011,2.528
23/07/2011,2.495
24/07/2011,2.476
25/07/2011,2.205
26/07/2011,2.132
27/07/2011,1.87
28/07/2011,2.155
29/07/2011,7.119
30/07/2011,3.883
31/07/2011,2.535
01/08/2011,3.233
02/08/2011,13.84
03/08/2011,13.604
04/08/2011,12.029
05/08/2011,9.161
06/08/2011,7.832
07/08/2011,6.47
08/08/2011,3.937
09/08/2011,2.904
10/08/2011,2.848
11/08/2011,2.594
12/08/2011,2.562
13/08/2011,2.501
14/08/2011,2.495
15/08/2011,2.495
16/08/2011,3.275
17/08/2011,24.197
18/08/2011,16.156
19/08/2011,31.035
20/08/2011,25.038
21/08/2011,16.667
22/08/2011,15.415
23/08/2011,13.056
24/08/2011,11.208
25/08/2011,5.966
26/08/2011,3.483
27/08/2011,3.344
28/08/2011,18.145
29/08/2011,16.901
30/08/2011,11.205
31/08/2011,5.149
01/09/2011,3.407
02/09/2011,3.221
03/09/2011,2.564
04/09/2011,2.495
05/09/2011,2.495
06/09/2011,2.495
07/09/2011,2.495
08/09/2011,2.495
09/09/2011,2.495
10/09/2011,2.443
11/09/2011,1.794
12/09/2011,1.718
13/09/2011,1.624
14/09/2011,1.614
15/09/2011,1.614
16/09/2011,1.61
17/09/2011,1.565
18/09/2011,1.553
19/09/2011,1.465
20/09/2011,1.452
21/09/2011,1.409
22/09/2011,1.404
23/09/2011,1.404
24/09/2011,1.404
25/09/2011,1.398
26/09/2011,1.315
27/09/2011,1.306
28/09/2011,1.306
29/09/2011,1.306
30/09/2011,1.387
01/10/2011,4.214
02/10/2011,3.797
03/10/2011,2.549
04/10/2011,2.495
05/10/2011,2.476
06/10/2011,2.192
07/10/2011,1.98
08/10/2011,1.963
09/10/2011,2.025
10/10/2011,1.971
11/10/2011,1.853
12/10/2011,2.073
13/10/2011,19.981
14/10/2011,50.292
15/10/2011,33.715
16/10/2011,18.968
17/10/2011,15.979
18/10/2011,13.792
19/10/2011,11.386
20/10/2011,9.762
21/10/2011,7.288
22/10/2011,3.924
23/10/2011,2.897
24/10/2011,6.6
25/10/2011,28.597
26/10/2011,56.199
27/10/2011,32.871
28/10/2011,15.854
29/10/2011,10.672
30/10/2011,5.859
31/10/2011,3.367
01/11/2011,2.589
02/11/2011,2.495
03/11/2011,2.495
04/11/2011,2.495
05/11/2011,2.495
06/11/2011,2.495
07/11/2011,2.495
08/11/2011,2.472
09/11/2011,2.171
10/11/2011,1.98
11/11/2011,1.951
12/11/2011,1.784
13/11/2011,1.58
14/11/2011,1.525
15/11/2011,1.324
16/11/2011,1.306
17/11/2011,1.291
18/11/2011,1.092
19/11/2011,0.968
20/11/2011,0.951
21/11/2011,0.886
22/11/2011,0.879
23/11/2011,0.879
24/11/2011,0.879
25/11/2011,0.879
26/11/2011,0.879
27/11/2011,0.879
28/11/2011,0.879
29/11/2011,0.879
30/11/2011,0.879
01/12/2011,0.879
02/12/2011,0.879
03/12/2011,0.879
04/12/2011,0.879
05/12/2011,0.879
06/12/2011,0.879
07/12/2011,0.879
08/12/2011,0.87
09/12/2011,0.75
10/12/2011,0.737
11/12/2011,0.737
12/12/2011,0.735
13/12/2011,0.707
14/12/2011,0.704
15/12/2011,0.704
16/12/2011,0.704
17/12/2011,0.704
18/12/2011,0.704
19/12/2011,0.704
20/12/2011,0.704
21/12/2011,0.704
22/12/2011,0.704
23/12/2011,0.704
24/12/2011,0.704
25/12/2011,0.704
26/12/2011,0.704
27/12/2011,0.704
28/12/2011,0.704
29/12/2011,0.704
30/12/2011,0.704
31/12/2011,0.697
01/01/2012,0.618
02/01/2012,0.606
03/01/2012,0.557
04/01/2012,0.551
05/01/2012,0.551
06/01/2012,0.551
07/01/2012,0.551
08/01/2012,0.551
09/01/2012,0.551
10/01/2012,0.551
11/01/2012,0.551
12/01/2012,0.551
13/01/2012,0.551
14/01/2012,0.551
15/01/2012,0.551
16/01/2012,0.551
17/01/2012,0.551
18/01/2012,0.551
19/01/2012,0.551
20/01/2012,0.551
21/01/2012,0.551
22/01/2012,0.551
23/01/2012,0.551
24/01/2012,0.551
25/01/2012,0.551
26/01/2012,0.551
27/01/2012,0.551
28/01/2012,0.551
29/01/2012,0.551
30/01/2012,0.551
31/01/2012,0.551
01/02/2012,0.562
02/02/2012,0.69
03/02/2012,0.704
04/02/2012,0.704
05/02/2012,0.939
06/02/2012,0.779
07/02/2012,0.704
08/02/2012,0.704
09/02/2012,0.704
10/02/2012,0.704
11/02/2012,0.704
12/02/2012,0.704
13/02/2012,0.704
14/02/2012,0.704
15/02/2012,0.704
16/02/2012,0.704
17/02/2012,0.704
18/02/2012,0.704
19/02/2012,0.704
20/02/2012,0.704
21/02/2012,0.704
22/02/2012,0.704
23/02/2012,0.704
24/02/2012,0.704
25/02/2012,0.704
26/02/2012,0.699
27/02/2012,0.646
28/02/2012,0.64
29/02/2012,0.64
01/03/2012,0.64
02/03/2012,0.64
03/03/2012,0.64
04/03/2012,0.64
05/03/2012,0.64
06/03/2012,0.64
07/03/2012,0.64
08/03/2012,0.64
09/03/2012,0.64
10/03/2012,0.636
11/03/2012,0.585
12/03/2012,0.58
13/03/2012,0.578
14/03/2012,0.554
15/03/2012,0.551
16/03/2012,0.551
17/03/2012,0.551
18/03/2012,0.551
19/03/2012,0.551
20/03/2012,0.551
21/03/2012,0.551
22/03/2012,0.551
23/03/2012,0.551
24/03/2012,0.551
25/03/2012,0.551
26/03/2012,0.551
27/03/2012,0.551
28/03/2012,0.551
29/03/2012,0.551
30/03/2012,0.551
31/03/2012,0.551
01/04/2012,0.551
02/04/2012,0.551
03/04/2012,0.551
04/04/2012,0.603
05/04/2012,1.88
06/04/2012,2.528
07/04/2012,2.495
08/04/2012,2.495
09/04/2012,2.495
10/04/2012,2.548
11/04/2012,3.142
12/04/2012,2.607
13/04/2012,2.187
14/04/2012,1.428
15/04/2012,1.311
16/04/2012,1.306
17/04/2012,1.294
18/04/2012,1.139
19/04/2012,1.123
20/04/2012,1.106
21/04/2012,1.08
22/04/2012,1.08
23/04/2012,1.08
24/04/2012,1.08
25/04/2012,1.08
26/04/2012,1.08
27/04/2012,1.074
28/04/2012,0.999
29/04/2012,0.925
30/04/2012,0.917
01/05/2012,0.917
02/05/2012,0.915
03/05/2012,0.883
04/05/2012,0.879
05/05/2012,0.879
06/05/2012,0.879
07/05/2012,0.879
08/05/2012,0.874
09/05/2012,0.806
10/05/2012,0.713
11/05/2012,0.704
12/05/2012,0.697
13/05/2012,0.618
14/05/2012,0.61
15/05/2012,0.61
16/05/2012,0.606
17/05/2012,0.557
18/05/2012,0.551
19/05/2012,0.551
20/05/2012,0.551
21/05/2012,0.551
22/05/2012,0.551
23/05/2012,0.551
24/05/2012,0.551
25/05/2012,0.551
26/05/2012,0.551
27/05/2012,0.551
28/05/2012,0.551
29/05/2012,0.551
30/05/2012,0.551
31/05/2012,0.551
01/06/2012,0.551
02/06/2012,0.551
03/06/2012,0.551
04/06/2012,0.551
05/06/2012,0.551
06/06/2012,0.551
07/06/2012,0.551
08/06/2012,0.551
09/06/2012,0.551
10/06/2012,0.551
11/06/2012,3.002
12/06/2012,29.441
13/06/2012,16.726
14/06/2012,5.611
15/06/2012,2.367
16/06/2012,1.87
17/06/2012,1.842
18/06/2012,1.823
19/06/2012,1.552
20/06/2012,1.123
21/06/2012,1.072
22/06/2012,0.968
23/06/2012,0.951
24/06/2012,0.886
25/06/2012,0.879
26/06/2012,0.879
27/06/2012,0.879
28/06/2012,0.879
29/06/2012,0.879
30/06/2012,0.879
01/07/2012,0.879
02/07/2012,0.879
03/07/2012,5.957
04/07/2012,65.331
05/07/2012,68.189
06/07/2012,66.155
07/07/2012,53.92
08/07/2012,41.747
09/07/2012,38.174
10/07/2012,36.594
11/07/2012,29.019
12/07/2012,6.74
13/07/2012,2.904
14/07/2012,2.868
15/07/2012,2.725
16/07/2012,2.508
17/07/2012,2.495
18/07/2012,2.495
19/07/2012,2.495
20/07/2012,2.495
21/07/2012,2.495
22/07/2012,2.495
23/07/2012,2.495
24/07/2012,2.495
25/07/2012,2.495
26/07/2012,2.495
27/07/2012,2.495
28/07/2012,2.495
29/07/2012,2.495
30/07/2012,2.495
31/07/2012,2.495
01/08/2012,2.495
02/08/2012,2.495
03/08/2012,2.542
04/08/2012,3.788
05/08/2012,3.031
06/08/2012,2.868
07/08/2012,2.853
08/08/2012,2.651
09/08/2012,2.508
10/08/2012,2.495
11/08/2012,2.495
12/08/2012,2.495
13/08/2012,2.495
14/08/2012,2.495
15/08/2012,2.495
16/08/2012,2.472
17/08/2012,2.184
18/08/2012,2.153
19/08/2012,2.364
20/08/2012,9.941
21/08/2012,47.79
22/08/2012,32.464
23/08/2012,16.822
24/08/2012,10.954
25/08/2012,5.783
26/08/2012,4.153
27/08/2012,2.986
28/08/2012,2.868
29/08/2012,2.868
30/08/2012,2.868
31/08/2012,2.843
01/09/2012,2.528
02/09/2012,2.495
03/09/2012,2.495
04/09/2012,2.495
05/09/2012,2.472
06/09/2012,2.162
07/09/2012,1.87
08/09/2012,1.842
09/09/2012,1.842
10/09/2012,1.842
11/09/2012,1.842
12/09/2012,1.842
13/09/2012,1.842
14/09/2012,1.842
15/09/2012,1.842
16/09/2012,1.842
17/09/2012,1.912
18/09/2012,3.65
19/09/2012,4.534
20/09/2012,3.17
21/09/2012,2.508
22/09/2012,2.459
23/09/2012,1.986
24/09/2012,1.641
25/09/2012,1.565
26/09/2012,1.56
27/09/2012,1.56
28/09/2012,1.56
29/09/2012,1.56
30/09/2012,1.56
01/10/2012,1.56
02/10/2012,1.56
03/10/2012,1.56
04/10/2012,1.56
05/10/2012,1.56
06/10/2012,1.56
07/10/2012,3.268
08/10/2012,36.832
09/10/2012,57.338
10/10/2012,64.688
11/10/2012,44.656
12/10/2012,22.706
13/10/2012,10.718
14/10/2012,6.874
15/10/2012,5.454
16/10/2012,4.416
17/10/2012,3.992
18/10/2012,3.739
19/10/2012,3.495
20/10/2012,3.013
21/10/2012,2.721
22/10/2012,2.515
23/10/2012,2.495
24/10/2012,2.495
25/10/2012,2.485
26/10/2012,2.25
27/10/2012,2.153
28/10/2012,2.153
29/10/2012,2.153
30/10/2012,2.153
31/10/2012,2.09
01/11/2012,1.858
02/11/2012,1.842
03/11/2012,1.823
04/11/2012,1.585
05/11/2012,1.543
06/11/2012,1.329
07/11/2012,1.306
08/11/2012,1.291
09/11/2012,1.1
10/11/2012,1.08
11/11/2012,1.08
12/11/2012,1.08
13/11/2012,1.08
14/11/2012,1.08
15/11/2012,1.08
16/11/2012,1.08
17/11/2012,1.08
18/11/2012,1.066
19/11/2012,0.897
20/11/2012,0.879
21/11/2012,0.879
22/11/2012,0.879
23/11/2012,0.879
24/11/2012,0.879
25/11/2012,0.879
26/11/2012,0.879
27/11/2012,0.879
28/11/2012,0.879
29/11/2012,0.879
30/11/2012,0.879
01/12/2012,0.879
02/12/2012,0.879
03/12/2012,0.879
04/12/2012,0.879
05/12/2012,0.879
06/12/2012,0.879
07/12/2012,0.879
08/12/2012,0.879
09/12/2012,0.879
10/12/2012,0.879
11/12/2012,0.879
12/12/2012,0.879
13/12/2012,0.879
14/12/2012,0.879
15/12/2012,0.879
16/12/2012,0.879
17/12/2012,0.879
18/12/2012,0.879
19/12/2012,0.879
20/12/2012,0.879
21/12/2012,0.879
22/12/2012,0.879
23/12/2012,0.879
24/12/2012,0.879
25/12/2012,0.879
26/12/2012,0.879
27/12/2012,0.879
28/12/2012,0.879
29/12/2012,0.879
30/12/2012,0.879
31/12/2012,1.139
01/01/2013,5.185
02/01/2013,3.573
03/01/2013,2.528
04/01/2013,2.495
05/01/2013,2.495
06/01/2013,2.472
07/01/2013,2.017
08/01/2013,1.585
09/01/2013,1.56
10/01/2013,1.56
11/01/2013,1.56
12/01/2013,1.56
13/01/2013,1.514
14/01/2013,0.94
15/01/2013,0.879
16/01/2013,0.879
17/01/2013,0.879
18/01/2013,0.879
19/01/2013,0.879
20/01/2013,0.879
21/01/2013,0.879
22/01/2013,0.879
23/01/2013,1.105
24/01/2013,5.064
25/01/2013,3.81
26/01/2013,2.528
27/01/2013,2.495
28/01/2013,2.495
29/01/2013,2.495
30/01/2013,2.495
31/01/2013,2.495
01/02/2013,2.495
02/02/2013,2.495
03/02/2013,2.495
04/02/2013,2.495
05/02/2013,2.495
06/02/2013,2.495
07/02/2013,2.476
08/02/2013,2.244
09/02/2013,2.215
10/02/2013,2.146
11/02/2013,1.916
12/02/2013,1.602
13/02/2013,1.762
14/02/2013,7.261
15/02/2013,3.565
16/02/2013,2.444
17/02/2013,1.643
18/02/2013,1.739
19/02/2013,6.132
20/02/2013,24.561
21/02/2013,49.789
22/02/2013,32.224
23/02/2013,10.976
24/02/2013,6.512
25/02/2013,4.339
26/02/2013,2.535
27/02/2013,2.495
28/02/2013,2.495
01/03/2013,2.495
02/03/2013,2.495
03/03/2013,2.495
04/03/2013,2.495
05/03/2013,2.495
06/03/2013,2.495
07/03/2013,2.495
08/03/2013,2.495
09/03/2013,2.495
10/03/2013,2.472
11/03/2013,2.184
12/03/2013,2.153
13/03/2013,2.153
14/03/2013,2.153
15/03/2013,2.153
16/03/2013,2.153
17/03/2013,2.153
18/03/2013,2.153
19/03/2013,2.153
20/03/2013,2.153
21/03/2013,2.153
22/03/2013,2.153
23/03/2013,2.153
24/03/2013,2.153
25/03/2013,2.14
26/03/2013,1.98
27/03/2013,1.963
28/03/2013,1.963
29/03/2013,1.963
30/03/2013,2.074
01/04/2013,1.842
02/04/2013,1.842
03/04/2013,1.842
04/04/2013,1.842
05/04/2013,1.842
06/04/2013,1.842
07/04/2013,1.842
08/04/2013,1.834
09/04/2013,1.671
10/04/2013,1.614
11/04/2013,1.614
12/04/2013,2.036
13/04/2013,18.976
14/04/2013,11.302
15/04/2013,3.677
16/04/2013,2.535
17/04/2013,2.472
18/04/2013,2.184
19/04/2013,2.132
20/04/2013,1.854
21/04/2013,1.631
22/04/2013,1.565
23/04/2013,1.56
24/04/2013,1.56
25/04/2013,1.553
26/04/2013,1.458
27/04/2013,1.36
28/04/2013,1.311
29/04/2013,1.306
30/04/2013,1.306
01/05/2013,1.306
02/05/2013,1.306
03/05/2013,1.306
04/05/2013,1.413
05/05/2013,4.005
06/05/2013,3.353
07/05/2013,2.573
08/05/2013,3.777
09/05/2013,2.689
10/05/2013,2.501
11/05/2013,2.495
12/05/2013,2.495
13/05/2013,2.495
14/05/2013,2.495
15/05/2013,2.485
16/05/2013,2.353
17/05/2013,2.171
18/05/2013,2.132
19/05/2013,1.914
20/05/2013,3.26
21/05/2013,4.885
22/05/2013,3.156
23/05/2013,2.596
24/05/2013,2.501
25/05/2013,2.495
26/05/2013,2.495
27/05/2013,2.472
28/05/2013,2.184
29/05/2013,2.153
30/05/2013,2.153
31/05/2013,2.132
01/06/2013,1.87
02/06/2013,1.842
03/06/2013,1.842
04/06/2013,1.842
05/06/2013,1.826
06/06/2013,1.634
07/06/2013,1.614
08/06/2013,1.614
09/06/2013,1.614
10/06/2013,1.61
11/06/2013,1.565
12/06/2013,1.56
13/06/2013,1.56
14/06/2013,1.56
15/06/2013,1.543
16/06/2013,1.329
17/06/2013,1.306
18/06/2013,1.306
19/06/2013,1.306
20/06/2013,1.306
21/06/2013,1.306
22/06/2013,1.294
23/06/2013,1.139
24/06/2013,1.123
25/06/2013,1.12
26/06/2013,1.084
27/06/2013,1.08
28/06/2013,1.08
29/06/2013,1.08
30/06/2013,1.066
01/07/2013,0.897
02/07/2013,0.879
03/07/2013,0.879
04/07/2013,1.936
05/07/2013,10.735
06/07/2013,38.294
07/07/2013,29.427
08/07/2013,10.623
09/07/2013,4.367
10/07/2013,2.569
11/07/2013,2.495
12/07/2013,2.495
13/07/2013,2.495
14/07/2013,2.495
15/07/2013,2.495
16/07/2013,2.495
17/07/2013,2.495
18/07/2013,2.495
19/07/2013,2.495
20/07/2013,2.495
21/07/2013,2.495
22/07/2013,2.495
23/07/2013,2.472
24/07/2013,2.123
25/07/2013,1.993
26/07/2013,2.123
27/07/2013,1.971
28/07/2013,1.853
29/07/2013,1.842
30/07/2013,1.842
31/07/2013,1.842
01/08/2013,1.886
02/08/2013,7.026
03/08/2013,29.634
04/08/2013,26.03
05/08/2013,11.855
06/08/2013,6.054
07/08/2013,3.026
08/08/2013,2.61
09/08/2013,14.75
10/08/2013,17.84
11/08/2013,10.763
12/08/2013,5.075
13/08/2013,2.932
14/08/2013,2.495
15/08/2013,2.495
16/08/2013,2.495
17/08/2013,2.495
18/08/2013,2.495
19/08/2013,2.495
20/08/2013,2.495
21/08/2013,3.172
22/08/2013,17.356
23/08/2013,17.765
24/08/2013,11.832
25/08/2013,5.766
26/08/2013,2.841
27/08/2013,2.589
28/08/2013,2.495
29/08/2013,2.495
30/08/2013,2.495
31/08/2013,2.431
01/09/2013,1.643
02/09/2013,1.56
03/09/2013,1.56
04/09/2013,1.56
05/09/2013,1.553
06/09/2013,1.454
07/09/2013,1.32
08/09/2013,1.306
09/09/2013,1.306
10/09/2013,1.306
11/09/2013,1.306
12/09/2013,1.306
13/09/2013,1.306
16/09/2013,105.651
17/09/2013,42.25
18/09/2013,18.033
19/09/2013,11.956
20/09/2013,8.558
21/09/2013,6.33
22/09/2013,5.807
23/09/2013,5.333
24/09/2013,5.244
25/09/2013,6.038
26/09/2013,5.805
27/09/2013,5.275
28/09/2013,5.244
29/09/2013,5.207
30/09/2013,4.746
01/10/2013,4.517
02/10/2013,4.309
03/10/2013,4.126
04/10/2013,3.242
05/10/2013,2.89
06/10/2013,2.858
07/10/2013,2.714
08/10/2013,2.515
09/10/2013,2.495
10/10/2013,2.495
11/10/2013,2.495
12/10/2013,2.495
13/10/2013,2.495
14/10/2013,2.485
15/10/2013,2.297
16/10/2013,2.342
17/10/2013,2.345
18/10/2013,2.227
19/10/2013,2.159
20/10/2013,2.153
21/10/2013,2.153
22/10/2013,2.153
23/10/2013,2.153
24/10/2013,2.153
25/10/2013,2.364
26/10/2013,7.687
27/10/2013,7.304
28/10/2013,4.477
29/10/2013,3.261
30/10/2013,2.956
31/10/2013,2.8
01/11/2013,2.515
02/11/2013,2.495
03/11/2013,2.495
04/11/2013,2.548
05/11/2013,5.608
06/11/2013,5.984
07/11/2013,3.255
08/11/2013,2.719
09/11/2013,2.58
10/11/2013,2.985
11/11/2013,20.275
12/11/2013,19.265
13/11/2013,15.375
14/11/2013,4.633
15/11/2013,2.874
16/11/2013,2.603
17/11/2013,2.495
18/11/2013,2.495
19/11/2013,2.61
20/11/2013,4.974
21/11/2013,4.094
22/11/2013,2.884
23/11/2013,2.589
24/11/2013,2.501
25/11/2013,2.495
26/11/2013,2.495
27/11/2013,2.495
28/11/2013,4.053
29/11/2013,3.781
30/11/2013,2.549
01/12/2013,2.495
02/12/2013,2.495
03/12/2013,2.472
04/12/2013,2.175
05/12/2013,2.024
06/12/2013,1.858
07/12/2013,1.842
08/12/2013,1.834
09/12/2013,1.725
10/12/2013,1.575
11/12/2013,1.56
12/12/2013,1.553
13/12/2013,1.461
14/12/2013,1.345
15/12/2013,1.221
16/12/2013,1.213
17/12/2013,1.213
18/12/2013,1.102
19/12/2013,0.997
20/12/2013,0.997
21/12/2013,0.989
22/12/2013,0.89
23/12/2013,0.879
24/12/2013,0.879
25/12/2013,0.879
26/12/2013,0.879
27/12/2013,0.879
28/12/2013,0.879
29/12/2013,0.879
30/12/2013,0.879
31/12/2013,0.879
01/01/2014,0.879
02/01/2014,0.879
03/01/2014,0.879
04/01/2014,0.879
05/01/2014,0.879
06/01/2014,0.879
07/01/2014,1.176
08/01/2014,9.225
09/01/2014,15.514
10/01/2014,10.02
11/01/2014,3.807
12/01/2014,2.515
13/01/2014,2.495
14/01/2014,2.476
15/01/2014,2.205
16/01/2014,2.153
17/01/2014,2.153
18/01/2014,2.132
19/01/2014,1.87
20/01/2014,1.826
21/01/2014,1.634
22/01/2014,1.61
23/01/2014,1.554
24/01/2014,1.418
25/01/2014,1.401
26/01/2014,1.356
27/01/2014,1.311
28/01/2014,1.306
29/01/2014,1.418
30/01/2014,9.176
31/01/2014,27.746
01/02/2014,15.861
02/02/2014,14.052
03/02/2014,26.697
04/02/2014,50.349
05/02/2014,41.273
06/02/2014,36.595
07/02/2014,33.458
08/02/2014,20.117
09/02/2014,6.25
10/02/2014,19.639
11/02/2014,31.737
12/02/2014,21.828
13/02/2014,16.798
14/02/2014,15.368
15/02/2014,10.363
16/02/2014,6.534
17/02/2014,4.138
18/02/2014,2.549
19/02/2014,2.495
20/02/2014,4.901
21/02/2014,29.001
22/02/2014,23.606
23/02/2014,47.697
24/02/2014,43.337
25/02/2014,36.188
26/02/2014,26.811
27/02/2014,16.492
28/02/2014,14.526
01/03/2014,9.579
02/03/2014,3.988
03/03/2014,2.826
04/03/2014,5.161
05/03/2014,52.66
06/03/2014,29.374
07/03/2014,15.217
08/03/2014,8.268
09/03/2014,3.905
10/03/2014,2.782
11/03/2014,2.476
12/03/2014,2.154
13/03/2014,1.858
14/03/2014,1.842
15/03/2014,1.842
16/03/2014,2.352
17/03/2014,12.135
18/03/2014,13.362
19/03/2014,9.869
20/03/2014,19.632
21/03/2014,18.278
22/03/2014,10.388
23/03/2014,4.022
24/03/2014,2.549
25/03/2014,2.495
26/03/2014,2.495
27/03/2014,2.43
28/03/2014,2.209
29/03/2014,1.93
30/03/2014,1.902
31/03/2014,1.878
01/04/2014,1.842
02/04/2014,1.842
03/04/2014,1.842
04/04/2014,1.842
05/04/2014,1.842
06/04/2014,1.842
07/04/2014,1.886
08/04/2014,4.141
09/04/2014,4.647
10/04/2014,2.794
11/04/2014,5.86
12/04/2014,16.458
13/04/2014,19.096
14/04/2014,9.882
15/04/2014,3.988
16/04/2014,2.897
17/04/2014,2.868
18/04/2014,2.868
19/04/2014,2.868
20/04/2014,2.868
21/04/2014,2.843
22/04/2014,2.528
23/04/2014,2.495
24/04/2014,2.495
25/04/2014,2.495
26/04/2014,2.495
27/04/2014,2.495
28/04/2014,2.495
29/04/2014,2.495
30/04/2014,2.495
01/05/2014,2.495
02/05/2014,2.495
03/05/2014,2.495
04/05/2014,2.495
05/05/2014,2.495
06/05/2014,2.495
07/05/2014,2.495
08/05/2014,2.495
09/05/2014,2.495
10/05/2014,2.485
11/05/2014,2.367
12/05/2014,2.341
13/05/2014,2.171
14/05/2014,2.153
15/05/2014,2.153
16/05/2014,2.153
17/05/2014,2.153
18/05/2014,2.404
19/05/2014,3.605
20/05/2014,2.528
21/05/2014,2.495
22/05/2014,2.495
23/05/2014,2.495
24/05/2014,2.495
25/05/2014,2.495
26/05/2014,2.495
27/05/2014,2.495
28/05/2014,2.495
29/05/2014,2.495
30/05/2014,2.495
31/05/2014,2.495
01/06/2014,2.495
02/06/2014,2.495
03/06/2014,2.495
04/06/2014,2.495
05/06/2014,2.548
06/06/2014,5.481
07/06/2014,10.272
08/06/2014,4.858
09/06/2014,2.923
10/06/2014,2.589
11/06/2014,2.501
12/06/2014,2.495
13/06/2014,2.495
14/06/2014,2.495
15/06/2014,2.495
16/06/2014,2.495
17/06/2014,2.495
18/06/2014,2.49
19/06/2014,2.43
20/06/2014,2.41
21/06/2014,2.237
22/06/2014,2.215
23/06/2014,2.159
24/06/2014,2.153
25/06/2014,2.153
26/06/2014,2.153
27/06/2014,2.153
28/06/2014,2.153
29/06/2014,2.153
30/06/2014,2.153
01/07/2014,2.153
02/07/2014,2.153
03/07/2014,2.153
04/07/2014,4.409
05/07/2014,39.61
06/07/2014,26.065
07/07/2014,15.239
08/07/2014,8.393
09/07/2014,5.784
10/07/2014,4.775
11/07/2014,4.889
12/07/2014,25.331
13/07/2014,18.335
14/07/2014,13.017
15/07/2014,6.282
16/07/2014,19.176
17/07/2014,25.65
18/07/2014,16.851
19/07/2014,15.567
20/07/2014,15.567
21/07/2014,15.567
22/07/2014,16.426
23/07/2014,30.813
24/07/2014,30.242
25/07/2014,26.861
26/07/2014,22.763
27/07/2014,16.853
28/07/2014,15.641
29/07/2014,16.065
30/07/2014,26.527
31/07/2014,24.529
01/08/2014,61.265
02/08/2014,46.598
03/08/2014,36.809
04/08/2014,32.803
05/08/2014,18.734
06/08/2014,15.641
07/08/2014,15.567
08/08/2014,15.567
09/08/2014,15.544
10/08/2014,12.775
11/08/2014,6.762
12/08/2014,5.565
13/08/2014,4.271
14/08/2014,2.968
15/08/2014,2.868
16/08/2014,2.843
17/08/2014,2.528
18/08/2014,2.495
19/08/2014,2.495
20/08/2014,2.495
21/08/2014,2.495
22/08/2014,2.476
23/08/2014,2.226
24/08/2014,1.986
25/08/2014,1.963
26/08/2014,1.955
27/08/2014,1.853
28/08/2014,1.842
29/08/2014,1.842
30/08/2014,1.842
01/09/2014,1.842
02/09/2014,1.842
03/09/2014,1.842
04/09/2014,1.842
05/09/2014,1.842
06/09/2014,1.842
07/09/2014,1.842
08/09/2014,1.842
09/09/2014,4.035
10/09/2014,41.82
11/09/2014,36.673
12/09/2014,12.34
13/09/2014,3.923
14/09/2014,14.16
15/09/2014,34.064
16/09/2014,23.14
17/09/2014,16.583
18/09/2014,15.641
19/09/2014,13.311
20/09/2014,7.186
21/09/2014,4.515
22/09/2014,3.831
23/09/2014,3.806
24/09/2014,3.712
25/09/2014,3.033
26/09/2014,6.247
27/09/2014,8.822
28/09/2014,4.173
29/09/2014,2.926
30/09/2014,2.528
01/10/2014,2.495
02/10/2014,2.495
03/10/2014,2.495
04/10/2014,2.495
05/10/2014,2.495
06/10/2014,2.495
07/10/2014,2.495
08/10/2014,4.321
09/10/2014,36.201
10/10/2014,76.316
11/10/2014,45.375
12/10/2014,19.476
13/10/2014,15.641
14/10/2014,15.567
15/10/2014,16.383
16/10/2014,55.824
17/10/2014,77.578
18/10/2014,43.764
19/10/2014,32.569
20/10/2014,20.427
21/10/2014,16.393
22/10/2014,13.019
23/10/2014,7.465
24/10/2014,4.423
25/10/2014,2.926
26/10/2014,2.528
27/10/2014,2.495
28/10/2014,2.495
29/10/2014,2.764
30/10/2014,10.511
31/10/2014,14.861
01/11/2014,8.49
02/11/2014,3.588
03/11/2014,8.761
04/11/2014,71.722
05/11/2014,30.5
06/11/2014,14.272
07/11/2014,10.85
08/11/2014,6.592
09/11/2014,3.954
10/11/2014,3.145
11/11/2014,2.89
12/11/2014,2.868
13/11/2014,2.868
14/11/2014,2.868
15/11/2014,2.858
16/11/2014,2.729
17/11/2014,2.7
18/11/2014,2.515
19/11/2014,2.495
20/11/2014,2.495
21/11/2014,2.495
22/11/2014,2.495
23/11/2014,2.495
24/11/2014,2.495
25/11/2014,2.495
26/11/2014,2.495
27/11/2014,2.495
28/11/2014,2.495
29/11/2014,2.495
30/11/2014,2.495
01/12/2014,2.495
02/12/2014,2.495
03/12/2014,2.495
04/12/2014,2.495
05/12/2014,2.495
06/12/2014,2.495
07/12/2014,2.495
08/12/2014,2.495
09/12/2014,2.495
10/12/2014,2.495
11/12/2014,2.495
12/12/2014,2.495
13/12/2014,2.495
14/12/2014,3.549
15/12/2014,3.528
16/12/2014,2.672
17/12/2014,2.508
18/12/2014,2.495
19/12/2014,2.495
20/12/2014,2.495
21/12/2014,2.495
22/12/2014,2.495
23/12/2014,2.495
24/12/2014,2.495
25/12/2014,2.495
26/12/2014,2.495
27/12/2014,2.495
28/12/2014,2.495
29/12/2014,2.495
30/12/2014,2.495
31/12/2014,2.495
01/01/2015,2.495
02/01/2015,2.36
03/01/2015,2.153
04/01/2015,2.153
05/01/2015,2.153
06/01/2015,2.153
07/01/2015,2.14
08/01/2015,1.98
09/01/2015,1.955
10/01/2015,1.853
11/01/2015,1.842
12/01/2015,1.842
13/01/2015,1.842
14/01/2015,1.842
15/01/2015,1.842
16/01/2015,1.842
17/01/2015,1.842
18/01/2015,1.838
19/01/2015,1.788
20/01/2015,1.783
21/01/2015,1.783
22/01/2015,1.783
23/01/2015,1.783
24/01/2015,1.768
25/01/2015,1.58
26/01/2015,1.56
27/01/2015,1.56
28/01/2015,1.553
29/01/2015,1.458
30/01/2015,1.364
31/01/2015,1.355
01/02/2015,1.352
02/02/2015,1.311
03/02/2015,1.306
04/02/2015,1.225
05/02/2015,1.092
06/02/2015,1.004
07/02/2015,0.994
08/02/2015,0.96
09/02/2015,0.957
10/02/2015,0.951
11/02/2015,0.886
12/02/2015,0.879
13/02/2015,0.879
14/02/2015,0.879
15/02/2015,0.879
16/02/2015,0.879
17/02/2015,0.879
18/02/2015,0.879
19/02/2015,0.879
20/02/2015,0.879
21/02/2015,0.879
22/02/2015,0.879
23/02/2015,0.879
24/02/2015,0.879
25/02/2015,0.879
26/02/2015,0.879
27/02/2015,0.879
28/02/2015,0.879
01/03/2015,0.879
02/03/2015,0.879
03/03/2015,0.879
04/03/2015,0.879
05/03/2015,0.879
06/03/2015,0.879
07/03/2015,0.879
08/03/2015,0.879
09/03/2015,0.879
10/03/2015,0.879
11/03/2015,0.879
12/03/2015,0.879
13/03/2015,0.879
14/03/2015,0.879
15/03/2015,0.874
16/03/2015,0.813
17/03/2015,0.806
18/03/2015,0.806
19/03/2015,0.806
20/03/2015,0.806
21/03/2015,0.806
22/03/2015,0.806
23/03/2015,0.806
24/03/2015,0.806
25/03/2015,0.806
26/03/2015,0.806
27/03/2015,0.806
28/03/2015,0.806
29/03/2015,0.806
30/03/2015,0.806
31/03/2015,0.806
01/04/2015,0.806
02/04/2015,0.806
03/04/2015,0.806
04/04/2015,0.806
05/04/2015,0.801
06/04/2015,0.743
07/04/2015,0.737
08/04/2015,0.735
09/04/2015,0.707
10/04/2015,0.704
11/04/2015,0.704
12/04/2015,0.704
13/04/2015,0.704
14/04/2015,0.704
15/04/2015,0.704
16/04/2015,0.704
17/04/2015,0.704
18/04/2015,0.704
19/04/2015,0.704
20/04/2015,0.704
21/04/2015,0.704
22/04/2015,0.704
23/04/2015,0.704
24/04/2015,0.704
25/04/2015,0.704
26/04/2015,0.704
27/04/2015,0.704
28/04/2015,0.704
29/04/2015,0.704
30/04/2015,0.704
01/05/2015,0.704
02/05/2015,0.704
03/05/2015,0.704
04/05/2015,0.704
05/05/2015,0.704
06/05/2015,0.704
07/05/2015,0.704
08/05/2015,0.699
09/05/2015,0.646
10/05/2015,0.638
11/05/2015,0.612
12/05/2015,0.61
13/05/2015,0.61
14/05/2015,0.61
15/05/2015,0.61
16/05/2015,0.61
17/05/2015,0.61
18/05/2015,0.61
19/05/2015,0.61
20/05/2015,0.61
21/05/2015,0.61
22/05/2015,0.61
23/05/2015,0.618
24/05/2015,1.077
25/05/2015,0.976
26/05/2015,0.841
27/05/2015,0.775
28/05/2015,0.74
29/05/2015,0.737
30/05/2015,0.737
31/05/2015,0.737
01/06/2015,0.728
02/06/2015,0.621
03/06/2015,0.61
04/06/2015,0.61
05/06/2015,0.61
06/06/2015,0.608
07/06/2015,0.583
08/06/2015,0.578
09/06/2015,0.554
10/06/2015,0.551
11/06/2015,0.551
12/06/2015,0.551
13/06/2015,0.551
14/06/2015,0.551
15/06/2015,0.551
16/06/2015,0.551
17/06/2015,0.551
18/06/2015,0.551
19/06/2015,0.551
20/06/2015,0.551
21/06/2015,0.551
22/06/2015,0.551
23/06/2015,0.551
24/06/2015,0.551
25/06/2015,0.551
26/06/2015,0.551
27/06/2015,0.551
28/06/2015,0.551
29/06/2015,0.562
30/06/2015,0.69
01/07/2015,0.704
02/07/2015,0.704
03/07/2015,0.704
04/07/2015,0.704
05/07/2015,0.704
06/07/2015,0.704
07/07/2015,0.704
08/07/2015,0.704
09/07/2015,0.704
10/07/2015,0.704
11/07/2015,0.704
12/07/2015,0.721
13/07/2015,1.89
14/07/2015,2.528
15/07/2015,2.495
16/07/2015,2.472
17/07/2015,2.147
18/07/2015,1.632
19/07/2015,1.172
20/07/2015,1.08
21/07/2015,1.08
22/07/2015,1.08
23/07/2015,1.08
24/07/2015,1.08
25/07/2015,1.08
26/07/2015,1.08
27/07/2015,1.08
28/07/2015,1.08
29/07/2015,1.08
30/07/2015,1.08
31/07/2015,1.08
01/08/2015,1.08
02/08/2015,1.08
03/08/2015,1.08
04/08/2015,1.08
05/08/2015,1.08
06/08/2015,1.08
07/08/2015,1.08
08/08/2015,1.132
09/08/2015,3.488
10/08/2015,10.628
11/08/2015,6.512
12/08/2015,20.391
14/08/2015,71.272
15/08/2015,41.024
16/08/2015,27.56
17/08/2015,14.416
18/08/2015,25.336
19/08/2015,19.068
20/08/2015,12.595
21/08/2015,3.665
22/08/2015,2.495
23/08/2015,2.495
24/08/2015,2.495
25/08/2015,2.495
26/08/2015,2.495
27/08/2015,2.495
28/08/2015,2.495
29/08/2015,2.495
30/08/2015,2.495
31/08/2015,2.495
01/09/2015,2.495
02/09/2015,2.495
03/09/2015,2.476
04/09/2015,2.244
05/09/2015,2.193
06/09/2015,2.132
07/09/2015,1.87
08/09/2015,1.842
09/09/2015,1.842
10/09/2015,1.842
11/09/2015,1.842
12/09/2015,1.842
13/09/2015,1.842
14/09/2015,1.677
15/09/2015,1.56
16/09/2015,1.543
17/09/2015,1.329
18/09/2015,1.306
19/09/2015,1.306
20/09/2015,1.306
21/09/2015,1.306
22/09/2015,2.277
23/09/2015,26.529
24/09/2015,58.695
25/09/2015,46.557
26/09/2015,26.169
27/09/2015,16.679
28/09/2015,15.611
29/09/2015,14.597
30/09/2015,5.401
01/10/2015,2.603
02/10/2015,2.495
03/10/2015,2.495
04/10/2015,2.495
05/10/2015,2.495
06/10/2015,2.495
07/10/2015,4.735
08/10/2015,18.086
09/10/2015,16.039
10/10/2015,15.457
11/10/2015,13.504
12/10/2015,17.193
13/10/2015,16.318
14/10/2015,15.567
15/10/2015,15.567
16/10/2015,15.567
17/10/2015,15.804
18/10/2015,20.656
19/10/2015,16.95
20/10/2015,7.605
21/10/2015,4.082
22/10/2015,3.639
23/10/2015,2.902
24/10/2015,2.528
25/10/2015,2.495
26/10/2015,2.495
27/10/2015,2.495
28/10/2015,2.495
29/10/2015,2.495
30/10/2015,2.495
31/10/2015,2.472
01/11/2015,2.184
02/11/2015,2.153
03/11/2015,2.153
04/11/2015,2.153
05/11/2015,2.14
06/11/2015,1.98
07/11/2015,1.955
08/11/2015,1.853
09/11/2015,1.842
10/11/2015,1.842
11/11/2015,1.842
12/11/2015,1.842
13/11/2015,1.912
14/11/2015,4.165
15/11/2015,2.813
16/11/2015,2.495
17/11/2015,2.495
18/11/2015,2.36
19/11/2015,2.153
20/11/2015,2.144
21/11/2015,2.028
22/11/2015,1.893
23/11/2015,1.64
24/11/2015,1.593
25/11/2015,1.334
26/11/2015,1.306
27/11/2015,1.294
28/11/2015,1.136
29/11/2015,1.084
30/11/2015,1.08
01/12/2015,1.08
02/12/2015,1.08
03/12/2015,1.08
04/12/2015,1.08
05/12/2015,1.08
06/12/2015,1.08
07/12/2015,1.08
08/12/2015,1.08
09/12/2015,1.08
10/12/2015,1.08
11/12/2015,1.08
12/12/2015,1.08
13/12/2015,1.08
14/12/2015,1.08
15/12/2015,1.08
16/12/2015,1.08
17/12/2015,1.08
18/12/2015,1.445
19/12/2015,8.854
20/12/2015,5.32
21/12/2015,2.978
22/12/2015,2.528
23/12/2015,2.495
24/12/2015,2.495
25/12/2015,2.495
26/12/2015,2.495
27/12/2015,2.495
28/12/2015,2.472
29/12/2015,2.162
30/12/2015,1.843
31/12/2015,1.514
01/01/2016,1.329
02/01/2016,1.306
03/01/2016,1.306
04/01/2016,1.306
05/01/2016,1.306
06/01/2016,1.343
07/01/2016,1.992
08/01/2016,1.811
09/01/2016,1.378
10/01/2016,1.355
11/01/2016,1.345
12/01/2016,1.219
13/01/2016,1.128
14/01/2016,1.07
15/01/2016,0.897
16/01/2016,0.879
17/01/2016,0.879
18/01/2016,0.874
19/01/2016,0.813
20/01/2016,0.801
21/01/2016,0.741
22/01/2016,0.707
23/01/2016,0.704
24/01/2016,0.699
25/01/2016,0.646
26/01/2016,0.64
27/01/2016,0.64
28/01/2016,0.64
29/01/2016,0.64
30/01/2016,0.64
31/01/2016,0.636
01/02/2016,0.585
02/02/2016,0.58
03/02/2016,0.578
04/02/2016,0.554
05/02/2016,0.551
06/02/2016,0.551
07/02/2016,0.551
08/02/2016,0.551
09/02/2016,0.551
10/02/2016,0.551
11/02/2016,0.551
12/02/2016,0.551
13/02/2016,0.62
14/02/2016,1.237
15/02/2016,0.897
16/02/2016,0.879
17/02/2016,0.87
18/02/2016,0.747
19/02/2016,0.707
20/02/2016,0.695
21/02/2016,0.591
22/02/2016,0.578
23/02/2016,0.554
24/02/2016,0.551
25/02/2016,0.551
26/02/2016,0.551
27/02/2016,0.551
28/02/2016,0.551
29/02/2016,0.551
01/03/2016,0.551
02/03/2016,0.551
03/03/2016,0.551
04/03/2016,0.551
05/03/2016,0.551
06/03/2016,0.551
07/03/2016,0.551
08/03/2016,0.551
09/03/2016,0.551
10/03/2016,0.551
11/03/2016,0.551
12/03/2016,0.551
13/03/2016,0.551
14/03/2016,0.551
15/03/2016,0.551
16/03/2016,0.551
17/03/2016,0.551
18/03/2016,0.551
19/03/2016,0.551
20/03/2016,0.551
21/03/2016,0.551
22/03/2016,0.551
23/03/2016,0.551
24/03/2016,0.587
25/03/2016,1.783
26/03/2016,3.332
27/03/2016,2.471
28/03/2016,1.527
29/03/2016,1.005
30/03/2016,0.872
31/03/2016,0.781
01/04/2016,0.766
02/04/2016,0.71
03/04/2016,0.704
04/04/2016,0.704
05/04/2016,0.704
06/04/2016,0.704
07/04/2016,0.704
08/04/2016,0.704
09/04/2016,0.704
10/04/2016,0.704
11/04/2016,0.704
12/04/2016,0.704
13/04/2016,0.704
14/04/2016,0.704
15/04/2016,0.941
16/04/2016,7.202
17/04/2016,5.429
19/04/2016,100.248
20/04/2016,88.253
21/04/2016,91.987
22/04/2016,72.845
23/04/2016,31.199
24/04/2016,16.722
25/04/2016,15.645
26/04/2016,11.718
27/04/2016,6.621
28/04/2016,5.307
29/04/2016,5.028
30/04/2016,4.631
01/05/2016,3.627
02/05/2016,3.274
03/05/2016,3.274
04/05/2016,3.192
05/05/2016,2.864
06/05/2016,2.528
07/05/2016,2.495
08/05/2016,2.495
09/05/2016,2.495
10/05/2016,2.495
11/05/2016,2.495
12/05/2016,2.495
13/05/2016,2.495
14/05/2016,2.495
15/05/2016,2.495
16/05/2016,2.495
17/05/2016,2.495
18/05/2016,2.495
19/05/2016,2.495
20/05/2016,2.495
21/05/2016,2.495
22/05/2016,2.495
23/05/2016,2.495
24/05/2016,2.495
25/05/2016,2.495
26/05/2016,2.495
27/05/2016,2.495
28/05/2016,2.495
29/05/2016,2.495
30/05/2016,2.495
31/05/2016,2.495
01/06/2016,2.495
02/06/2016,2.495
03/06/2016,2.472
04/06/2016,2.184
05/06/2016,2.153
06/06/2016,2.153
07/06/2016,2.176
08/06/2016,2.965
09/06/2016,2.984
10/06/2016,2.535
11/06/2016,2.495
12/06/2016,2.495
13/06/2016,2.495
14/06/2016,2.495
15/06/2016,2.495
16/06/2016,2.495
17/06/2016,2.495
18/06/2016,2.495
19/06/2016,2.495
20/06/2016,2.495
21/06/2016,2.495
22/06/2016,2.495
23/06/2016,2.495
24/06/2016,2.631
25/06/2016,9.03
26/06/2016,22.03
27/06/2016,15.744
28/06/2016,10.467
29/06/2016,4.174
30/06/2016,2.89
01/07/2016,2.868
02/07/2016,2.868
03/07/2016,2.843
04/07/2016,2.528
05/07/2016,4.901
06/07/2016,38.449
07/07/2016,39.049
08/07/2016,36.477
09/07/2016,29.93
10/07/2016,14.363
11/07/2016,9.98
12/07/2016,8.565
13/07/2016,7.735
14/07/2016,6.623
15/07/2016,9.701
16/07/2016,8.141
17/07/2016,6.819
18/07/2016,6.067
19/07/2016,5.6
20/07/2016,4.596
21/07/2016,3.671
22/07/2016,3.274
23/07/2016,3.274
24/07/2016,3.274
25/07/2016,3.203
26/07/2016,2.897
27/07/2016,2.868
28/07/2016,2.843
29/07/2016,2.678
30/07/2016,4.623
31/07/2016,4.097
01/08/2016,2.879
02/08/2016,2.528
03/08/2016,2.472
04/08/2016,2.184
05/08/2016,2.153
06/08/2016,2.153
07/08/2016,2.136
08/08/2016,1.924
09/08/2016,1.902
10/08/2016,1.898
11/08/2016,1.847
12/08/2016,1.842
13/08/2016,1.842
14/08/2016,1.842
15/08/2016,1.842
16/08/2016,1.842
17/08/2016,1.842
18/08/2016,1.842
19/08/2016,1.842
20/08/2016,1.826
21/08/2016,1.631
22/08/2016,1.565
23/08/2016,1.56
24/08/2016,1.56
25/08/2016,1.56
26/08/2016,1.56
27/08/2016,1.739
28/08/2016,12.451
29/08/2016,13.512
30/08/2016,4.226
01/09/2016,6.498
02/09/2016,4.746
03/09/2016,2.912
04/09/2016,2.868
05/09/2016,2.868
06/09/2016,2.843
07/09/2016,2.528
08/09/2016,2.495
09/09/2016,2.495
10/09/2016,2.495
11/09/2016,2.495
12/09/2016,2.495
14/09/2016,40.194
15/09/2016,12.755
16/09/2016,3.187
17/09/2016,2.843
18/09/2016,2.528
19/09/2016,2.495
20/09/2016,2.495
21/09/2016,2.495
22/09/2016,2.495
23/09/2016,2.495
24/09/2016,2.495
25/09/2016,2.495
26/09/2016,2.495
27/09/2016,2.495
28/09/2016,2.495
29/09/2016,2.495
30/09/2016,2.495
01/10/2016,2.495
02/10/2016,2.495
03/10/2016,2.495
04/10/2016,2.495
05/10/2016,2.495
06/10/2016,2.495
07/10/2016,2.472
08/10/2016,2.184
09/10/2016,2.128
10/10/2016,1.71
11/10/2016,1.329
12/10/2016,1.306
13/10/2016,1.294
14/10/2016,1.139
15/10/2016,1.123
16/10/2016,1.172
17/10/2016,1.938
18/10/2016,6.077
19/10/2016,14.139
20/10/2016,8.188
21/10/2016,3.161
22/10/2016,2.528
23/10/2016,2.495
24/10/2016,2.495
25/10/2016,2.495
26/10/2016,2.495
27/10/2016,4.575
28/10/2016,7.553
29/10/2016,3.527
30/10/2016,2.875
31/10/2016,4.517
01/11/2016,35.619
02/11/2016,36.906
03/11/2016,21.411
04/11/2016,15.76
05/11/2016,9.905
06/11/2016,4.818
07/11/2016,2.779
08/11/2016,2.495
09/11/2016,2.495
10/11/2016,2.495
11/11/2016,2.495
12/11/2016,2.495
13/11/2016,2.495
14/11/2016,2.495
15/11/2016,2.495
16/11/2016,2.495
17/11/2016,2.495
18/11/2016,2.495
19/11/2016,2.495
20/11/2016,2.495
21/11/2016,2.495
22/11/2016,2.495
23/11/2016,2.495
24/11/2016,2.495
25/11/2016,2.495
26/11/2016,2.61
27/11/2016,4.134
28/11/2016,3.07
29/11/2016,2.845
30/11/2016,2.314
01/12/2016,1.986
02/12/2016,1.963
03/12/2016,1.943
04/12/2016,1.663
05/12/2016,1.614
06/12/2016,1.614
07/12/2016,1.593
08/12/2016,1.512
09/12/2016,1.36
10/12/2016,1.301
11/12/2016,1.174
12/12/2016,1.088
13/12/2016,1.109
14/12/2016,1.088
15/12/2016,1.024
16/12/2016,0.997
17/12/2016,0.989
18/12/2016,0.89
19/12/2016,0.879
20/12/2016,0.879
21/12/2016,0.879
22/12/2016,0.879
23/12/2016,0.879
24/12/2016,0.879
25/12/2016,1.105
26/12/2016,7.109
27/12/2016,13.62
28/12/2016,10.687
29/12/2016,4.048
30/12/2016,2.549
31/12/2016,2.495
01/01/2017,2.495
02/01/2017,2.495
03/01/2017,2.495
04/01/2017,2.495
05/01/2017,2.495
06/01/2017,2.495
07/01/2017,2.495
08/01/2017,2.495
09/01/2017,2.495
10/01/2017,2.495
11/01/2017,2.495
12/01/2017,2.495
13/01/2017,2.495
14/01/2017,2.495
15/01/2017,2.495
16/01/2017,2.994
17/01/2017,12.214
18/01/2017,15.217
19/01/2017,7.89
20/01/2017,3.759
21/01/2017,2.875
22/01/2017,2.868
23/01/2017,2.868
24/01/2017,2.868
25/01/2017,2.868
26/01/2017,2.868
27/01/2017,2.868
28/01/2017,2.868
29/01/2017,2.868
30/01/2017,2.843
31/01/2017,2.528
01/02/2017,2.495
02/02/2017,2.495
03/02/2017,2.495
04/02/2017,4.321
05/02/2017,34.024
06/02/2017,24.196
07/02/2017,21.086
08/02/2017,15.734
09/02/2017,13.193
10/02/2017,9.579
11/02/2017,18.799
12/02/2017,13.48
13/02/2017,7.72
14/02/2017,5.885
15/02/2017,4.458
16/02/2017,4.171
17/02/2017,4.188
18/02/2017,3.875
19/02/2017,3.061
20/02/2017,2.843
21/02/2017,2.528
22/02/2017,2.451
23/02/2017,1.9
24/02/2017,1.823
25/02/2017,1.552
26/02/2017,1.123
27/02/2017,1.08
28/02/2017,1.08
01/03/2017,1.08
02/03/2017,1.08
03/03/2017,1.08
04/03/2017,1.08
05/03/2017,1.08
06/03/2017,1.08
07/03/2017,1.08
08/03/2017,1.08
09/03/2017,1.08
10/03/2017,1.08
11/03/2017,1.08
12/03/2017,1.08
13/03/2017,1.08
14/03/2017,1.08
15/03/2017,1.08
16/03/2017,1.08
17/03/2017,1.08
18/03/2017,1.08
19/03/2017,1.08
20/03/2017,1.08
21/03/2017,1.08
22/03/2017,1.08
23/03/2017,1.08
24/03/2017,1.08
25/03/2017,1.08
26/03/2017,1.08
27/03/2017,1.08
28/03/2017,1.08
29/03/2017,1.08
30/03/2017,1.08
31/03/2017,1.08
01/04/2017,1.08
02/04/2017,1.08
03/04/2017,1.08
04/04/2017,1.08
05/04/2017,1.08
06/04/2017,1.08
07/04/2017,1.08
08/04/2017,1.08
09/04/2017,1.291
10/04/2017,6.117
11/04/2017,7.537
12/04/2017,24.384
13/04/2017,18.731
14/04/2017,13.835
15/04/2017,4.917
16/04/2017,3.031
17/04/2017,2.596
18/04/2017,2.501
19/04/2017,2.495
20/04/2017,2.495
21/04/2017,2.495
22/04/2017,2.495
23/04/2017,2.495
24/04/2017,2.495
25/04/2017,2.495
26/04/2017,2.495
27/04/2017,2.476
28/04/2017,2.244
29/04/2017,2.219
30/04/2017,2.215
01/05/2017,2.159
02/05/2017,2.153
03/05/2017,2.153
04/05/2017,2.153
05/05/2017,2.153
06/05/2017,2.153
07/05/2017,2.153
08/05/2017,2.153
09/05/2017,2.153
10/05/2017,2.153
11/05/2017,2.153
12/05/2017,2.853
13/05/2017,16.063
14/05/2017,16.111
15/05/2017,10.166
16/05/2017,5.01
17/05/2017,2.912
18/05/2017,2.868
19/05/2017,2.868
20/05/2017,2.868
21/05/2017,2.868
22/05/2017,2.868
23/05/2017,2.868
24/05/2017,2.932
25/05/2017,7.159
26/05/2017,34.37
27/05/2017,36.543
28/05/2017,27.734
29/05/2017,18.012
30/05/2017,12.576
31/05/2017,10.92
01/06/2017,8.445
02/06/2017,7.594
03/06/2017,5.962
04/06/2017,4.66
05/06/2017,3.373
06/06/2017,2.904
07/06/2017,2.868
08/06/2017,3.455
09/06/2017,3.481
10/06/2017,3.03
11/06/2017,5.187
12/06/2017,4.005
13/06/2017,3.546
14/06/2017,3.29
15/06/2017,3.274
16/06/2017,3.257
17/06/2017,3.049
18/06/2017,3.016
19/06/2017,2.882
20/06/2017,2.868
21/06/2017,2.868
22/06/2017,2.868
23/06/2017,2.843
24/06/2017,2.528
25/06/2017,2.495
26/06/2017,2.495
27/06/2017,2.495
28/06/2017,2.495
29/06/2017,2.495
30/06/2017,2.495
01/07/2017,2.495
02/07/2017,2.495
03/07/2017,2.495
04/07/2017,2.495
05/07/2017,2.495
06/07/2017,2.495
07/07/2017,2.495
08/07/2017,2.495
09/07/2017,2.495
10/07/2017,3.34
11/07/2017,3.373
12/07/2017,2.904
13/07/2017,2.868
14/07/2017,2.868
15/07/2017,3.112
16/07/2017,8.806
17/07/2017,11.376
18/07/2017,6.991
19/07/2017,4.397
20/07/2017,3.311
21/07/2017,2.904
22/07/2017,2.868
23/07/2017,2.868
24/07/2017,2.868
25/07/2017,2.868
26/07/2017,2.868
27/07/2017,2.868
28/07/2017,2.868
29/07/2017,3.586
30/07/2017,10.557
31/07/2017,14.523
01/08/2017,10.463
02/08/2017,9.44
03/08/2017,8.873
04/08/2017,7.041
05/08/2017,4.448
06/08/2017,4.26
07/08/2017,7.468
08/08/2017,26.559
09/08/2017,37.713
10/08/2017,65.992
14/08/2017,27.486
15/08/2017,15.942
16/08/2017,11.053
17/08/2017,9.31
18/08/2017,8.169
19/08/2017,6.572
20/08/2017,6.45
21/08/2017,6.333
22/08/2017,5.639
23/08/2017,4.766
24/08/2017,4.387
25/08/2017,7.456
26/08/2017,7.99
27/08/2017,8.118
28/08/2017,5.643
29/08/2017,6.0
30/08/2017,13.822
31/08/2017,15.641
01/09/2017,15.567
02/09/2017,15.567
03/09/2017,15.567
04/09/2017,15.354
05/09/2017,12.106
06/09/2017,9.979
07/09/2017,8.067
08/09/2017,7.537
09/09/2017,17.516
10/09/2017,37.61
15/09/2017,78.279
16/09/2017,52.041
17/09/2017,31.069
18/09/2017,18.001
19/09/2017,10.228
20/09/2017,8.59
21/09/2017,7.766
22/09/2017,7.174
23/09/2017,6.85
24/09/2017,6.45
25/09/2017,6.433
26/09/2017,5.761
27/09/2017,3.915
28/09/2017,3.352
29/09/2017,5.084
30/09/2017,5.946
01/10/2017,5.266
02/10/2017,4.843
03/10/2017,4.742
04/10/2017,4.698
05/10/2017,4.698
06/10/2017,4.698
07/10/2017,4.663
08/10/2017,4.233
09/10/2017,4.188
10/10/2017,4.188
11/10/2017,4.188
12/10/2017,4.202
13/10/2017,5.639
14/10/2017,5.958
15/10/2017,5.414
16/10/2017,5.214
17/10/2017,4.728
18/10/2017,4.681
19/10/2017,4.707
20/10/2017,4.698
21/10/2017,5.105
22/10/2017,5.102
23/10/2017,4.897
24/10/2017,4.703
25/10/2017,4.488
26/10/2017,4.215
27/10/2017,4.188
28/10/2017,4.188
29/10/2017,4.188
30/10/2017,4.188
01/11/2017,4.188
02/11/2017,4.188
03/11/2017,4.188
04/11/2017,3.911
05/11/2017,3.714
06/11/2017,3.714
07/11/2017,3.684
08/11/2017,3.313
09/11/2017,3.274
10/11/2017,3.252
11/11/2017,2.93
12/11/2017,2.843
13/11/2017,2.528
14/11/2017,2.495
15/11/2017,2.495
16/11/2017,2.495
17/11/2017,2.495
18/11/2017,2.495
19/11/2017,2.495
20/11/2017,2.495
21/11/2017,2.495
22/11/2017,2.495
23/11/2017,2.495
24/11/2017,2.495
25/11/2017,2.495
26/11/2017,2.36
27/11/2017,2.153
28/11/2017,2.153
29/11/2017,2.153
30/11/2017,2.153
01/12/2017,2.153
02/12/2017,2.153
03/12/2017,2.153
04/12/2017,2.153
05/12/2017,2.153
06/12/2017,2.153
07/12/2017,2.153
08/12/2017,2.153
09/12/2017,2.153
10/12/2017,2.153
11/12/2017,2.153
12/12/2017,2.153
13/12/2017,2.153
14/12/2017,2.153
15/12/2017,2.153
16/12/2017,2.14
17/12/2017,1.98
18/12/2017,1.963
19/12/2017,1.963
20/12/2017,1.963
21/12/2017,1.963
22/12/2017,1.963
23/12/2017,1.963
24/12/2017,1.963
25/12/2017,1.963
26/12/2017,1.963
27/12/2017,1.963
28/12/2017,1.963
29/12/2017,1.963
30/12/2017,1.963
31/12/2017,1.963
01/01/2018,1.963
02/01/2018,1.963
03/01/2018,1.955
04/01/2018,1.853
05/01/2018,1.842
06/01/2018,1.842
07/01/2018,1.842
08/01/2018,1.842
09/01/2018,1.842
10/01/2018,1.842
11/01/2018,1.842
12/01/2018,1.842
13/01/2018,1.842
14/01/2018,1.842
15/01/2018,2.281
16/01/2018,2.484
17/01/2018,2.102
18/01/2018,6.19
19/01/2018,3.993
20/01/2018,2.291
21/01/2018,1.842
22/01/2018,1.842
23/01/2018,1.842
24/01/2018,1.73
25/01/2018,1.56
26/01/2018,1.56
27/01/2018,1.56
28/01/2018,1.56
29/01/2018,1.56
30/01/2018,1.56
31/01/2018,1.56
01/02/2018,1.56
02/02/2018,1.56
03/02/2018,1.56
04/02/2018,1.56
05/02/2018,1.56
06/02/2018,1.56
07/02/2018,1.56
08/02/2018,1.56
09/02/2018,1.56
10/02/2018,1.56
11/02/2018,1.56
12/02/2018,1.56
13/02/2018,1.56
14/02/2018,1.56
15/02/2018,1.56
16/02/2018,1.56
17/02/2018,1.56
18/02/2018,1.56
19/02/2018,1.56
20/02/2018,1.56
21/02/2018,1.56
22/02/2018,1.56
23/02/2018,1.56
24/02/2018,1.56
25/02/2018,1.56
26/02/2018,1.56
27/02/2018,1.56
28/02/2018,1.56
01/03/2018,1.556
02/03/2018,1.512
03/03/2018,1.507
04/03/2018,1.507
05/03/2018,1.507
06/03/2018,1.507
07/03/2018,1.507
08/03/2018,1.507
09/03/2018,1.507
10/03/2018,1.507
11/03/2018,1.507
12/03/2018,1.507
13/03/2018,1.507
14/03/2018,1.507
15/03/2018,1.507
16/03/2018,1.507
17/03/2018,1.507
18/03/2018,1.522
19/03/2018,2.068
20/03/2018,1.986
21/03/2018,1.634
22/03/2018,1.614
23/03/2018,1.614
24/03/2018,1.614
25/03/2018,1.579
26/03/2018,1.512
27/03/2018,1.507
28/03/2018,1.507
29/03/2018,1.507
30/03/2018,1.507
31/03/2018,1.507
01/04/2018,1.507
02/04/2018,1.507
03/04/2018,1.507
04/04/2018,1.507
05/04/2018,1.507
06/04/2018,1.507
07/04/2018,1.507
08/04/2018,1.507
09/04/2018,1.507
10/04/2018,1.555
11/04/2018,2.64
12/04/2018,2.993
13/04/2018,5.518
14/04/2018,4.925
15/04/2018,3.048
16/04/2018,2.947
17/04/2018,2.947
18/04/2018,2.947
19/04/2018,2.947
20/04/2018,2.999
21/04/2018,5.21
22/04/2018,10.641
23/04/2018,8.11
24/04/2018,5.288
25/04/2018,4.511
26/04/2018,4.1
27/04/2018,3.107
28/04/2018,2.954
29/04/2018,2.947
30/04/2018,2.926
01/05/2018,2.668
02/05/2018,2.64
03/05/2018,2.68
04/05/2018,2.521
05/05/2018,2.548
06/05/2018,4.315
07/05/2018,4.676
08/05/2018,4.206
09/05/2018,4.188
10/05/2018,4.188
11/05/2018,4.188
12/05/2018,4.188
13/05/2018,4.162
14/05/2018,3.697
15/05/2018,3.297
16/05/2018,3.274
17/05/2018,3.274
18/05/2018,3.274
19/05/2018,3.274
20/05/2018,3.304
21/05/2018,4.696
22/05/2018,5.235
23/05/2018,4.398
24/05/2018,4.388
25/05/2018,4.388
26/05/2018,4.388
27/05/2018,4.374
28/05/2018,4.206
29/05/2018,4.188
30/05/2018,4.188
31/05/2018,4.126
01/06/2018,3.355
02/06/2018,3.274
03/06/2018,3.274
04/06/2018,3.274
05/06/2018,3.274
06/06/2018,3.687
07/06/2018,9.399
08/06/2018,9.085
09/06/2018,6.639
10/06/2018,5.257
11/06/2018,4.214
12/06/2018,3.379
13/06/2018,7.466
14/06/2018,6.386
15/06/2018,4.833
16/06/2018,4.663
17/06/2018,4.171
18/06/2018,3.355
19/06/2018,3.274
20/06/2018,3.274
21/06/2018,3.247
22/06/2018,2.904
23/06/2018,2.868
24/06/2018,2.868
25/06/2018,2.868
26/06/2018,2.868
27/06/2018,2.868
28/06/2018,2.843
29/06/2018,2.528
30/06/2018,2.52
01/07/2018,4.958
02/07/2018,42.93
03/07/2018,31.804
04/07/2018,18.61
05/07/2018,16.208
06/07/2018,35.279
07/07/2018,77.164
08/07/2018,56.573
09/07/2018,29.888
10/07/2018,16.034
11/07/2018,11.856
12/07/2018,6.31
13/07/2018,4.115
14/07/2018,3.662
15/07/2018,3.015
16/07/2018,2.942
17/07/2018,5.65
18/07/2018,41.81
19/07/2018,42.125
20/07/2018,70.607
21/07/2018,71.264
22/07/2018,55.303
23/07/2018,40.808
24/07/2018,37.898
25/07/2018,37.915
26/07/2018,61.001
27/07/2018,58.83
28/07/2018,42.885
29/07/2018,38.119
30/07/2018,31.648
31/07/2018,27.594
01/08/2018,21.777
02/08/2018,15.539
03/08/2018,12.663
04/08/2018,11.73
05/08/2018,11.035
06/08/2018,10.547
07/08/2018,10.121
08/08/2018,9.691
09/08/2018,9.318
10/08/2018,8.606
11/08/2018,8.195
12/08/2018,8.058
13/08/2018,7.977
14/08/2018,7.814
15/08/2018,7.619
16/08/2018,7.095
17/08/2018,6.303
18/08/2018,5.707
19/08/2018,5.01
20/08/2018,4.411
21/08/2018,4.206
22/08/2018,4.188
23/08/2018,4.188
24/08/2018,4.098
25/08/2018,3.816
26/08/2018,3.722
27/08/2018,3.788
28/08/2018,9.744
29/08/2018,40.018
30/08/2018,84.665
31/08/2018,78.433
01/09/2018,61.122
02/09/2018,39.028
03/09/2018,36.329
04/09/2018,31.487
05/09/2018,26.811
06/09/2018,19.959
07/09/2018,15.844
08/09/2018,15.567
09/09/2018,15.567
10/09/2018,15.354
11/09/2018,12.353
12/09/2018,10.817
13/09/2018,9.553
14/09/2018,9.135
15/09/2018,8.738
16/09/2018,8.65
17/09/2018,8.468
18/09/2018,7.023
19/09/2018,6.031
20/09/2018,4.871
21/09/2018,4.008
22/09/2018,3.311
23/09/2018,8.761
24/09/2018,72.664
25/09/2018,31.666
26/09/2018,16.892
27/09/2018,21.55
28/09/2018,16.736
29/09/2018,12.822
30/09/2018,72.525
01/10/2018,44.48
02/10/2018,29.087
03/10/2018,20.125
04/10/2018,15.718
05/10/2018,15.415
06/10/2018,12.491
07/10/2018,10.597
08/10/2018,9.653
09/10/2018,9.342
10/10/2018,9.342
11/10/2018,9.67
12/10/2018,9.431
13/10/2018,8.884
14/10/2018,8.516
15/10/2018,8.002
16/10/2018,7.827
17/10/2018,7.814
18/10/2018,7.814
19/10/2018,7.775
20/10/2018,7.299
21/10/2018,7.249
22/10/2018,7.249
23/10/2018,7.212
24/10/2018,6.655
25/10/2018,6.45
26/10/2018,6.45
27/10/2018,6.45
28/10/2018,6.45
29/10/2018,6.45
30/10/2018,6.45
31/10/2018,6.45
01/11/2018,6.45
02/11/2018,6.45
03/11/2018,6.158
04/11/2018,5.949
05/11/2018,5.538
06/11/2018,4.987
07/11/2018,4.804
08/11/2018,4.804
09/11/2018,4.79
10/11/2018,4.591
11/11/2018,4.314
12/11/2018,4.28
13/11/2018,4.197
14/11/2018,4.175
15/11/2018,4.011
16/11/2018,3.981
17/11/2018,3.823
18/11/2018,3.8
19/11/2018,3.722
20/11/2018,3.714
21/11/2018,3.69
22/11/2018,3.379
23/11/2018,3.205
24/11/2018,3.174
25/11/2018,2.963
26/11/2018,2.875
27/11/2018,2.868
28/11/2018,2.868
29/11/2018,2.868
30/11/2018,2.868
01/12/2018,2.868
02/12/2018,2.868
03/12/2018,2.868
04/12/2018,2.868
05/12/2018,2.868
06/12/2018,2.868
07/12/2018,2.868
08/12/2018,2.868
09/12/2018,2.868
10/12/2018,2.868
11/12/2018,2.902
12/12/2018,5.033
13/12/2018,10.09
14/12/2018,9.519
15/12/2018,7.391
16/12/2018,7.249
17/12/2018,7.455
18/12/2018,4.402
19/12/2018,6.023
20/12/2018,6.779
21/12/2018,5.61
22/12/2018,4.641
23/12/2018,4.519
24/12/2018,4.215
25/12/2018,4.342
26/12/2018,5.083
27/12/2018,4.93
28/12/2018,3.965
29/12/2018,3.8
30/12/2018,3.722
31/12/2018,3.714
01/01/2019,3.714
02/01/2019,3.788
03/01/2019,5.591
04/01/2019,4.81
05/01/2019,4.386
06/01/2019,4.053
07/01/2019,3.801
08/01/2019,4.688
09/01/2019,5.444
10/01/2019,4.567
11/01/2019,4.197
12/01/2019,4.188
13/01/2019,4.188
14/01/2019,4.462
15/01/2019,9.756
16/01/2019,46.62
17/01/2019,30.553
18/01/2019,25.908
19/01/2019,23.47
20/01/2019,14.205
21/01/2019,11.917
22/01/2019,10.701
23/01/2019,9.227
24/01/2019,8.188
25/01/2019,7.607
26/01/2019,7.142
27/01/2019,6.655
28/01/2019,6.45
29/01/2019,6.45
30/01/2019,6.45
31/01/2019,6.45
01/02/2019,6.45
02/02/2019,6.45
03/02/2019,6.45
04/02/2019,6.416
05/02/2019,5.986
06/02/2019,5.823
07/02/2019,5.588
08/02/2019,5.245
09/02/2019,4.843
10/02/2019,4.475
11/02/2019,4.588
12/02/2019,4.729
13/02/2019,9.191
14/02/2019,9.61
15/02/2019,8.312
16/02/2019,7.322
17/02/2019,5.833
18/02/2019,5.809
19/02/2019,5.329
20/02/2019,5.019
21/02/2019,4.727
22/02/2019,4.698
23/02/2019,4.575
24/02/2019,4.388
25/02/2019,4.374
26/02/2019,4.206
27/02/2019,4.188
28/02/2019,4.188
01/03/2019,4.188
02/03/2019,4.188
03/03/2019,4.188
04/03/2019,4.188
05/03/2019,4.188
06/03/2019,4.188
07/03/2019,4.188
08/03/2019,4.188
09/03/2019,4.188
10/03/2019,4.188
11/03/2019,4.188
12/03/2019,4.188
13/03/2019,4.188
14/03/2019,4.188
15/03/2019,4.188
16/03/2019,4.3
17/03/2019,5.68
18/03/2019,5.034
19/03/2019,4.425
20/03/2019,4.374
21/03/2019,4.206
22/03/2019,4.188
23/03/2019,4.037
24/03/2019,3.806
25/03/2019,3.806
26/03/2019,3.806
27/03/2019,3.8
28/03/2019,3.722
29/03/2019,3.714
30/03/2019,3.714
31/03/2019,3.714
01/04/2019,3.714
02/04/2019,3.714
03/04/2019,3.714
04/04/2019,3.714
05/04/2019,3.714
06/04/2019,3.714
07/04/2019,3.714
08/04/2019,3.714
09/04/2019,3.714
10/04/2019,3.714
11/04/2019,3.714
12/04/2019,3.714
13/04/2019,3.714
14/04/2019,3.714
15/04/2019,3.714
16/04/2019,3.714
17/04/2019,3.708
18/04/2019,3.631
19/04/2019,3.623
20/04/2019,3.623
21/04/2019,3.623
22/04/2019,3.623
23/04/2019,3.623
24/04/2019,3.623
25/04/2019,3.623
26/04/2019,4.012
27/04/2019,10.353
28/04/2019,20.125
29/04/2019,19.808
30/04/2019,6.914
01/05/2019,3.638
02/05/2019,2.904
03/05/2019,2.868
04/05/2019,2.868
05/05/2019,2.868
06/05/2019,2.868
07/05/2019,2.858
08/05/2019,2.729
09/05/2019,2.815
10/05/2019,6.728
11/05/2019,5.057
12/05/2019,3.617
13/05/2019,8.768
14/05/2019,6.754
15/05/2019,3.395
16/05/2019,2.916
17/05/2019,2.868
18/05/2019,2.868
19/05/2019,2.858
20/05/2019,2.857
21/05/2019,6.926
22/05/2019,5.243
23/05/2019,3.726
24/05/2019,3.313
25/05/2019,3.274
26/05/2019,3.274
27/05/2019,3.274
28/05/2019,3.274
29/05/2019,3.083
30/05/2019,2.947
31/05/2019,2.916
01/06/2019,2.535
02/06/2019,2.495
03/06/2019,2.495
04/06/2019,2.495
05/06/2019,2.495
06/06/2019,2.495
07/06/2019,2.495
08/06/2019,2.495
09/06/2019,2.495
10/06/2019,2.495
11/06/2019,2.495
12/06/2019,2.61
13/06/2019,9.454
14/06/2019,22.008
15/06/2019,16.593
16/06/2019,6.934
17/06/2019,5.591
18/06/2019,5.554
19/06/2019,3.978
20/06/2019,2.927
21/06/2019,2.868
22/06/2019,2.868
23/06/2019,2.868
24/06/2019,2.868
25/06/2019,2.868
26/06/2019,2.868
27/06/2019,2.885
28/06/2019,6.581
29/06/2019,45.971
30/06/2019,40.372
01/07/2019,26.001
02/07/2019,13.155
03/07/2019,4.612
04/07/2019,2.603
05/07/2019,2.495
06/07/2019,2.495
07/07/2019,2.495
08/07/2019,2.495
09/07/2019,2.495
10/07/2019,2.476
11/07/2019,2.244
12/07/2019,2.171
14/07/2019,1.842
15/07/2019,1.842
16/07/2019,1.842
17/07/2019,1.842
18/07/2019,1.842
19/07/2019,1.842
20/07/2019,1.912
21/07/2019,3.323
22/07/2019,4.801
23/07/2019,3.416
24/07/2019,2.697
25/07/2019,2.631
26/07/2019,2.508
27/07/2019,2.495
28/07/2019,2.495
29/07/2019,2.495
30/07/2019,2.495
31/07/2019,2.495
01/08/2019,2.495
02/08/2019,2.495
03/08/2019,2.495
04/08/2019,2.495
05/08/2019,2.495
06/08/2019,2.495
07/08/2019,6.178
08/08/2019,58.289
09/08/2019,69.871
10/08/2019,57.161
11/08/2019,31.876
12/08/2019,14.718
13/08/2019,10.286
14/08/2019,8.048
15/08/2019,5.696
16/08/2019,5.186
17/08/2019,4.388
18/08/2019,3.501
19/08/2019,3.282
20/08/2019,3.395
21/08/2019,2.611
22/08/2019,2.495
23/08/2019,2.495
24/08/2019,2.495
25/08/2019,2.495
26/08/2019,2.495
27/08/2019,2.495
28/08/2019,2.495
29/08/2019,2.495
30/08/2019,8.652
31/08/2019,81.268
01/09/2019,61.513
02/09/2019,40.208
03/09/2019,30.449
04/09/2019,18.525
05/09/2019,15.532
06/09/2019,12.76
07/09/2019,9.142
08/09/2019,11.604
09/09/2019,72.327
10/09/2019,61.266
11/09/2019,45.991
12/09/2019,35.916
13/09/2019,27.865
14/09/2019,19.395
15/09/2019,15.718
16/09/2019,15.567
17/09/2019,15.567
18/09/2019,15.567
19/09/2019,15.457
20/09/2019,13.468
21/09/2019,9.392
22/09/2019,7.911
23/09/2019,4.126
24/09/2019,3.328
25/09/2019,3.114
26/09/2019,2.904
27/09/2019,2.843
28/09/2019,2.528
29/09/2019,2.495
30/09/2019,2.495
01/10/2019,7.588
02/10/2019,78.982
03/10/2019,74.855
04/10/2019,59.897
05/10/2019,40.986
06/10/2019,36.68
07/10/2019,36.566
08/10/2019,36.566
09/10/2019,36.48
10/10/2019,35.098
11/10/2019,33.457
12/10/2019,38.767
13/10/2019,36.621
14/10/2019,33.697
15/10/2019,30.396
16/10/2019,15.872
17/10/2019,28.382
18/10/2019,64.687
19/10/2019,57.943
20/10/2019,41.653
21/10/2019,36.797
22/10/2019,36.329
23/10/2019,31.481
24/10/2019,19.907
25/10/2019,16.457
26/10/2019,15.641
27/10/2019,15.567
28/10/2019,24.649
29/10/2019,58.627
30/10/2019,82.432
31/10/2019,87.462
01/12/2019,1.306
02/12/2019,1.306
03/12/2019,1.306
04/12/2019,1.306
05/12/2019,1.306
06/12/2019,1.306
07/12/2019,1.306
08/12/2019,1.306
09/12/2019,1.306
10/12/2019,1.306
11/12/2019,1.306
12/12/2019,1.306
13/12/2019,1.306
14/12/2019,1.306
15/12/2019,1.306
16/12/2019,1.306
17/12/2019,1.306
18/12/2019,1.306
19/12/2019,1.306
20/12/2019,1.306
21/12/2019,1.306
22/12/2019,1.306
23/12/2019,1.306
24/12/2019,1.306
25/12/2019,1.306
26/12/2019,1.306
27/12/2019,1.306
28/12/2019,1.306
29/12/2019,1.306
30/12/2019,1.306
31/12/2019,1.291
01/01/2020,1.1
02/01/2020,1.08
03/01/2020,1.08
04/01/2020,1.08
05/01/2020,1.08
06/01/2020,1.08
07/01/2020,1.08
08/01/2020,1.08
09/01/2020,1.08
10/01/2020,1.08
11/01/2020,1.08
12/01/2020,1.08
13/01/2020,1.08
14/01/2020,1.08
15/01/2020,1.08
16/01/2020,1.08
17/01/2020,1.08
18/01/2020,1.08
19/01/2020,1.08
20/01/2020,1.08
21/01/2020,1.08
22/01/2020,1.08
23/01/2020,1.08
24/01/2020,1.08
25/01/2020,1.031
26/01/2020,0.997
27/01/2020,0.997
28/01/2020,0.997
29/01/2020,0.997
30/01/2020,0.997
31/01/2020,1.002
01/02/2020,1.073
02/02/2020,1.08
03/02/2020,1.08
04/02/2020,1.08
05/02/2020,1.08
06/02/2020,1.08
07/02/2020,1.08
08/02/2020,1.08
09/02/2020,1.08
10/02/2020,1.08
11/02/2020,1.08
12/02/2020,1.08
13/02/2020,1.08
14/02/2020,1.08
15/02/2020,1.072
16/02/2020,0.968
17/02/2020,0.957
18/02/2020,0.957
19/02/2020,0.957
20/02/2020,0.957
21/02/2020,0.957
22/02/2020,0.957
23/02/2020,0.957
24/02/2020,0.957
25/02/2020,0.957
26/02/2020,0.957
27/02/2020,0.957
28/02/2020,0.957
29/02/2020,0.951
01/03/2020,0.886
02/03/2020,0.879
03/03/2020,0.879
04/03/2020,0.879
05/03/2020,0.879
06/03/2020,0.879
07/03/2020,0.879
08/03/2020,0.879
09/03/2020,0.879
10/03/2020,0.879
11/03/2020,0.879
12/03/2020,0.879
13/03/2020,0.879
14/03/2020,0.879
15/03/2020,0.879
16/03/2020,0.879
17/03/2020,0.879
18/03/2020,0.879
19/03/2020,0.879
20/03/2020,0.879
21/03/2020,0.879
22/03/2020,0.879
23/03/2020,0.879
24/03/2020,0.879
25/03/2020,0.879
26/03/2020,0.879
27/03/2020,0.879
28/03/2020,0.879
29/03/2020,0.879
30/03/2020,0.879
31/03/2020,1.072
01/04/2020,3.462
02/04/2020,3.714
03/04/2020,3.714
04/04/2020,3.714
05/04/2020,3.714
06/04/2020,3.714
07/04/2020,3.714
08/04/2020,3.714
09/04/2020,3.714
10/04/2020,3.714
11/04/2020,3.714
12/04/2020,3.714
13/04/2020,3.714
14/04/2020,3.714
15/04/2020,3.714
16/04/2020,3.714
17/04/2020,3.708
18/04/2020,3.631
19/04/2020,3.623
20/04/2020,3.623
21/04/2020,3.623
22/04/2020,3.623
23/04/2020,3.623
24/04/2020,3.623
25/04/2020,3.623
26/04/2020,4.012
27/04/2020,10.353
28/04/2020,20.125
29/04/2020,19.808
30/04/2020,6.709
01/05/2020,1.097
02/05/2020,0.704
03/05/2020,0.704
04/05/2020,0.704
05/05/2020,0.704
06/05/2020,0.704
07/05/2020,0.704
08/05/2020,0.704
09/05/2020,0.704
10/05/2020,0.704
11/05/2020,0.704
12/05/2020,0.663
13/05/2020,0.652
14/05/2020,0.693
15/05/2020,0.663
16/05/2020,0.652
17/05/2020,0.693
18/05/2020,0.704
19/05/2020,0.704
20/05/2020,0.704
21/05/2020,0.704
22/05/2020,0.704
23/05/2020,0.704
24/05/2020,0.704
25/05/2020,0.704
26/05/2020,0.704
27/05/2020,0.704
28/05/2020,0.704
29/05/2020,0.663
30/05/2020,0.652
31/05/2020,0.652
01/06/2020,0.693
02/06/2020,0.704
03/06/2020,0.704
04/06/2020,0.704
05/06/2020,0.704
06/06/2020,0.704
07/06/2020,0.704
08/06/2020,0.704
09/06/2020,0.704
10/06/2020,0.704
11/06/2020,0.704
12/06/2020,0.704
13/06/2020,0.704
14/06/2020,0.738
15/06/2020,1.915
16/06/2020,2.528
17/06/2020,2.495
18/06/2020,2.495
19/06/2020,2.495
20/06/2020,2.495
21/06/2020,2.472
22/06/2020,2.162
23/06/2020,1.85
24/06/2020,1.568
25/06/2020,1.329
26/06/2020,1.3
27/06/2020,1.215
28/06/2020,1.131
29/06/2020,1.123
30/06/2020,1.12
01/07/2020,1.084
02/07/2020,1.072
03/07/2020,0.968
04/07/2020,0.957
05/07/2020,0.957
06/07/2020,0.957
07/07/2020,0.957
08/07/2020,0.957
09/07/2020,0.957
10/07/2020,0.957
11/07/2020,0.957
12/07/2020,0.957
13/07/2020,0.957
14/07/2020,0.951
15/07/2020,0.92
16/07/2020,0.915
17/07/2020,0.883
18/07/2020,0.879
19/07/2020,0.879
20/07/2020,0.879
21/07/2020,0.879
22/07/2020,0.879
23/07/2020,0.879
24/07/2020,0.879
25/07/2020,0.879
26/07/2020,0.879
27/07/2020,0.879
28/07/2020,0.879
29/07/2020,0.879
30/07/2020,0.879
31/07/2020,0.879
01/08/2020,0.879
02/08/2020,0.879
03/08/2020,0.879
04/08/2020,0.879
05/08/2020,0.879
06/08/2020,0.879
07/08/2020,0.879
08/08/2020,0.879
09/08/2020,0.879
10/08/2020,0.879
11/08/2020,0.879
12/08/2020,0.879
13/08/2020,0.879
14/08/2020,0.879
15/08/2020,0.879
16/08/2020,0.879
17/08/2020,0.879
18/08/2020,0.879
19/08/2020,0.879
20/08/2020,0.879
21/08/2020,0.879
22/08/2020,0.879
23/08/2020,0.879
24/08/2020,0.879
25/08/2020,0.879
26/08/2020,0.879
27/08/2020,0.879
28/08/2020,0.879
29/08/2020,0.879
30/08/2020,0.879
31/08/2020,0.879
01/09/2020,1.936
02/09/2020,24.974
03/09/2020,50.129
04/09/2020,69.202
05/09/2020,52.704
06/09/2020,38.641
07/09/2020,36.612
08/09/2020,36.566
09/09/2020,36.48
10/09/2020,32.44
11/09/2020,24.08
12/09/2020,18.762
13/09/2020,16.514
14/09/2020,15.699
15/09/2020,15.567
16/09/2020,15.567
17/09/2020,15.567
18/09/2020,15.567
19/09/2020,15.567
20/09/2020,15.567
21/09/2020,15.567
22/09/2020,15.567
23/09/2020,15.511
24/09/2020,14.399
25/09/2020,13.404
26/09/2020,11.79
27/09/2020,11.032
28/09/2020,11.007
29/09/2020,10.998
30/09/2020,10.132
01/10/2020,6.427
02/10/2020,4.094
03/10/2020,2.887
04/10/2020,2.843
05/10/2020,2.528
06/10/2020,2.495
07/10/2020,2.495
08/10/2020,2.495
09/10/2020,2.495
10/10/2020,2.495
11/10/2020,2.495
12/10/2020,2.495
13/10/2020,2.495
14/10/2020,2.455
15/10/2020,2.063
16/10/2020,1.91
17/10/2020,1.846
18/10/2020,1.842
19/10/2020,1.842
20/10/2020,1.842
21/10/2020,1.808
22/10/2020,1.622
23/10/2020,1.56
24/10/2020,1.56
25/10/2020,1.459
26/10/2020,1.404
27/10/2020,1.306
28/10/2020,1.306
29/10/2020,1.306
30/10/2020,1.306
31/10/2020,1.306
01/11/2020,1.306
02/11/2020,1.297
03/11/2020,1.18
04/11/2020,1.161
05/11/2020,1.088
06/11/2020,1.08
07/11/2020,1.08
08/11/2020,1.066
09/11/2020,0.897
10/11/2020,0.879
11/11/2020,0.879
12/11/2020,0.879
13/11/2020,0.879
14/11/2020,0.879
15/11/2020,0.879
16/11/2020,0.879
17/11/2020,0.878
18/11/2020,0.842
19/11/2020,0.835
20/11/2020,0.746
21/11/2020,0.737
22/11/2020,0.737
23/11/2020,0.737
24/11/2020,0.735
25/11/2020,0.707
26/11/2020,0.704
27/11/2020,0.704
28/11/2020,0.704
29/11/2020,0.704
30/11/2020,0.697
01/12/2020,0.618
02/12/2020,0.61
03/12/2020,0.61
04/12/2020,0.61
05/12/2020,0.61
06/12/2020,0.61
07/12/2020,0.61
08/12/2020,0.61
09/12/2020,0.61
10/12/2020,0.61
11/12/2020,0.61
12/12/2020,0.61
13/12/2020,0.61
14/12/2020,0.61
15/12/2020,0.61
16/12/2020,0.61
17/12/2020,0.61
18/12/2020,0.61
19/12/2020,0.61
20/12/2020,0.61
21/12/2020,0.61
22/12/2020,0.61
23/12/2020,0.61
24/12/2020,0.61
25/12/2020,0.61
26/12/2020,0.61
27/12/2020,0.61
28/12/2020,0.61
29/12/2020,0.61
30/12/2020,0.61
31/12/2020,0.606
01/01/2021,0.557
02/01/2021,0.551
03/01/2021,0.551
04/01/2021,0.551
05/01/2021,0.551
06/01/2021,0.551
07/01/2021,0.551
08/01/2021,0.551
09/01/2021,0.551
10/01/2021,0.551
11/01/2021,0.551
12/01/2021,0.551
13/01/2021,0.551
14/01/2021,0.551
15/01/2021,0.551
16/01/2021,0.551
17/01/2021,0.551
18/01/2021,0.551
19/01/2021,0.551
20/01/2021,0.551
21/01/2021,0.551
22/01/2021,0.551
23/01/2021,0.551
24/01/2021,0.551
25/01/2021,0.551
26/01/2021,0.551
27/01/2021,0.551
28/01/2021,0.551
29/01/2021,0.551
30/01/2021,0.551
31/01/2021,0.551
01/02/2021,0.799
02/02/2021,7.299
03/02/2021,23.579
04/02/2021,13.785
05/02/2021,6.429
06/02/2021,3.662
07/02/2021,3.274
08/02/2021,3.247
09/02/2021,2.889
10/02/2021,2.689
11/02/2021,2.633
12/02/2021,2.568
13/02/2021,2.518
14/02/2021,2.495
15/02/2021,2.495
16/02/2021,2.495
17/02/2021,2.495
18/02/2021,2.495
19/02/2021,2.495
20/02/2021,2.495
21/02/2021,2.495
22/02/2021,2.495
23/02/2021,2.495
24/02/2021,2.495
25/02/2021,2.495
26/02/2021,2.495
27/02/2021,2.495
28/02/2021,2.495
01/03/2021,2.495
02/03/2021,2.495
03/03/2021,2.495
04/03/2021,2.495
05/03/2021,2.495
06/03/2021,2.495
07/03/2021,2.444
08/03/2021,2.176
09/03/2021,2.153
10/03/2021,2.153
11/03/2021,2.153
12/03/2021,2.153
13/03/2021,2.125
14/03/2021,1.975
15/03/2021,1.945
16/03/2021,1.85
17/03/2021,1.842
18/03/2021,1.842
19/03/2021,1.842
20/03/2021,1.808
21/03/2021,1.614
22/03/2021,1.614
23/03/2021,1.651
24/03/2021,1.759
25/03/2021,1.56
26/03/2021,1.529
27/03/2021,1.457
28/03/2021,1.488
29/03/2021,1.546
30/03/2021,1.355
01/05/2021,2.633
02/05/2021,2.509
03/05/2021,2.495
04/05/2021,2.495
05/05/2021,2.495
06/05/2021,2.495
07/05/2021,2.495
08/05/2021,2.495
09/05/2021,2.495
10/05/2021,2.495
11/05/2021,2.495
12/05/2021,2.495
13/05/2021,2.495
14/05/2021,2.495
15/05/2021,2.495
16/05/2021,2.495
17/05/2021,2.495
18/05/2021,2.495
19/05/2021,2.495
20/05/2021,2.495
21/05/2021,2.495
22/05/2021,2.495
23/05/2021,2.495
24/05/2021,2.495
25/05/2021,2.495
26/05/2021,2.495
27/05/2021,2.26
28/05/2021,1.878
29/05/2021,1.842
30/05/2021,1.842
31/05/2021,1.842
01/06/2021,1.842
02/06/2021,1.842
03/06/2021,1.842
04/06/2021,1.842
05/06/2021,1.842
06/06/2021,1.842
07/06/2021,1.842
08/06/2021,1.842
09/06/2021,1.842
10/06/2021,1.842
11/06/2021,1.842
12/06/2021,1.842
13/06/2021,1.842
14/06/2021,1.842
15/06/2021,1.842
16/06/2021,1.842
17/06/2021,1.842
18/06/2021,1.842
19/06/2021,1.842
20/06/2021,1.842
21/06/2021,1.842
22/06/2021,1.945
23/06/2021,7.23
24/06/2021,43.635
25/06/2021,26.378
26/06/2021,23.334
27/06/2021,17.252
28/06/2021,15.532
29/06/2021,13.022
30/06/2021,8.509
01/07/2021,11.797
02/07/2021,10.688
03/07/2021,9.236
04/07/2021,7.843
05/07/2021,6.215
06/07/2021,5.527
07/07/2021,5.363
08/07/2021,5.249
09/07/2021,5.095
10/07/2021,4.854
11/07/2021,4.641
12/07/2021,4.435
13/07/2021,4.849
14/07/2021,18.739
15/07/2021,47.89
16/07/2021,82.526
17/07/2021,72.914
18/07/2021,48.026
19/07/2021,28.709
20/07/2021,19.951
21/07/2021,15.375
22/07/2021,11.346
23/07/2021,9.119
24/07/2021,7.498
25/07/2021,6.352
26/07/2021,8.406
27/07/2021,12.093
28/07/2021,16.897
29/07/2021,17.412
30/07/2021,15.097
31/07/2021,11.818
01/08/2021,4.007
02/08/2021,2.495
03/08/2021,2.495
04/08/2021,2.495
05/08/2021,2.495
06/08/2021,2.495
07/08/2021,2.495
08/08/2021,2.495
09/08/2021,2.591
10/08/2021,4.725
11/08/2021,7.946
12/08/2021,11.186
13/08/2021,6.408
14/08/2021,3.899
15/08/2021,2.567
16/08/2021,2.732
17/08/2021,2.842
18/08/2021,2.868
19/08/2021,2.868
20/08/2021,2.567
21/08/2021,2.504
22/08/2021,2.495
23/08/2021,2.495
24/08/2021,2.495
25/08/2021,2.495
26/08/2021,2.495
27/08/2021,2.495
28/08/2021,2.495
29/08/2021,2.495
30/08/2021,2.495
31/08/2021,2.495
01/09/2021,2.495
02/09/2021,2.495
03/09/2021,2.495
04/09/2021,2.495
05/09/2021,2.495
06/09/2021,2.495
07/09/2021,3.698
08/09/2021,22.731
09/09/2021,19.502
10/09/2021,15.642
11/09/2021,14.685
12/09/2021,26.088
15/09/2021,75.638
16/09/2021,59.798
17/09/2021,41.828
18/09/2021,36.773
19/09/2021,36.566
20/09/2021,34.133
21/09/2021,28.674
22/09/2021,19.38
23/09/2021,16.172
24/09/2021,15.641
25/09/2021,15.457
26/09/2021,13.142
27/09/2021,11.05
28/09/2021,10.054
29/09/2021,9.886
30/09/2021,9.321
01/10/2021,8.561
02/10/2021,4.442
03/10/2021,3.04
04/10/2021,2.926
05/10/2021,2.658
06/10/2021,2.508
07/10/2021,2.495
08/10/2021,2.495
09/10/2021,2.495
10/10/2021,2.495
11/10/2021,2.495
12/10/2021,2.495
13/10/2021,2.495
14/10/2021,2.495
15/10/2021,2.495
16/10/2021,2.476
17/10/2021,2.244
18/10/2021,2.197
19/10/2021,2.077
20/10/2021,2.149
21/10/2021,2.086
22/10/2021,1.926
23/10/2021,1.842
24/10/2021,1.842
25/10/2021,1.842
26/10/2021,1.842
27/10/2021,1.842
28/10/2021,1.842
29/10/2021,1.842
30/10/2021,1.842
31/10/2021,1.842
01/11/2021,1.842
02/11/2021,1.842
03/11/2021,1.842
04/11/2021,1.842
05/11/2021,1.83
06/11/2021,1.685
07/11/2021,1.669
08/11/2021,1.669
09/11/2021,1.669
10/11/2021,1.666
11/11/2021,1.601
12/11/2021,1.407
13/11/2021,1.404
14/11/2021,1.398
15/11/2021,1.315
16/11/2021,1.306
17/11/2021,1.306
18/11/2021,1.306
19/11/2021,1.297
20/11/2021,1.18
21/11/2021,1.124
22/11/2021,1.08
23/11/2021,1.08
24/11/2021,1.08
25/11/2021,1.08
26/11/2021,1.08
27/11/2021,1.08
28/11/2021,1.08
29/11/2021,1.08
30/11/2021,1.08
01/12/2021,1.08
02/12/2021,1.08
03/12/2021,1.039
04/12/2021,1.069
05/12/2021,1.074
06/12/2021,0.988
07/12/2021,0.957
08/12/2021,0.957
09/12/2021,0.957
10/12/2021,0.957
11/12/2021,0.957
12/12/2021,0.957
13/12/2021,0.957
14/12/2021,0.957
15/12/2021,0.957
16/12/2021,0.941
17/12/2021,0.917
18/12/2021,0.917
19/12/2021,0.917
20/12/2021,0.917
21/12/2021,0.915
22/12/2021,0.883
23/12/2021,0.879
24/12/2021,0.879
25/12/2021,0.879
26/12/2021,0.879
27/12/2021,0.879
28/12/2021,0.879
29/12/2021,0.879
30/12/2021,0.879
31/12/2021,0.879
01/01/2022,0.879
02/01/2022,0.879
03/01/2022,0.879
04/01/2022,0.879
05/01/2022,0.879
06/01/2022,0.879
07/01/2022,0.879
08/01/2022,0.879
09/01/2022,0.879
10/01/2022,0.879
11/01/2022,0.879
12/01/2022,0.879
13/01/2022,0.879
14/01/2022,0.879
15/01/2022,0.879
16/01/2022,0.879
17/01/2022,0.879
18/01/2022,0.879
19/01/2022,0.879
20/01/2022,0.879
21/01/2022,0.879
22/01/2022,0.879
23/01/2022,0.879
24/01/2022,0.879
25/01/2022,0.908
26/01/2022,1.286
27/01/2022,1.537
28/01/2022,1.56
29/01/2022,1.56
30/01/2022,1.56
31/01/2022,1.56
01/02/2022,0.889
02/02/2022,7.299
03/02/2022,23.579
04/02/2022,13.743
05/02/2022,6.175
06/02/2022,3.626
07/02/2022,3.274
08/02/2022,3.247
09/02/2022,2.889
10/02/2022,2.661
11/02/2022,2.631
12/02/2022,2.508
13/02/2022,2.495
14/02/2022,2.495
15/02/2022,2.495
16/02/2022,2.495
17/02/2022,2.495
18/02/2022,2.495
19/02/2022,2.495
20/02/2022,2.495
21/02/2022,2.495
22/02/2022,2.495
23/02/2022,2.495
24/02/2022,2.495
25/02/2022,2.495
26/02/2022,2.495
27/02/2022,2.495
28/02/2022,2.495
01/03/2022,2.495
02/03/2022,2.495
03/03/2022,2.495
04/03/2022,2.495
05/03/2022,2.495
06/03/2022,2.495
07/03/2022,2.472
08/03/2022,2.184
09/03/2022,2.153
10/03/2022,2.153
11/03/2022,2.153
12/03/2022,2.153
13/03/2022,2.14
14/03/2022,1.98
15/03/2022,1.955
16/03/2022,1.853
17/03/2022,1.842
18/03/2022,1.842
19/03/2022,1.842
20/03/2022,1.826
21/03/2022,1.634
22/03/2022,1.614
23/03/2022,1.61
24/03/2022,1.514
25/03/2022,1.546
26/03/2022,1.56
27/03/2022,1.56
28/03/2022,1.56
29/03/2022,1.546
30/03/2022,1.393
01/04/2022,1.56
02/04/2022,1.56
03/04/2022,1.56
04/04/2022,1.56
05/04/2022,1.56
06/04/2022,1.56
07/04/2022,1.56
08/04/2022,1.671
09/04/2022,8.023
12/04/2022,2.495
13/04/2022,88.059
14/04/2022,63.147
15/04/2022,44.343
16/04/2022,38.111
17/04/2022,36.689
18/04/2022,36.485
19/04/2022,32.862
20/04/2022,20.846
21/04/2022,15.774
22/04/2022,11.768
23/04/2022,10.787
24/04/2022,8.959
25/04/2022,5.861
26/04/2022,4.538
27/04/2022,4.07
28/04/2022,3.128
29/04/2022,3.112
30/04/2022,3.078
01/05/2022,2.701
03/05/2022,2.495
04/05/2022,2.495
05/05/2022,2.495
06/05/2022,2.495
07/05/2022,2.495
08/05/2022,2.495
09/05/2022,2.495
10/05/2022,2.495
11/05/2022,2.495
12/05/2022,2.495
13/05/2022,2.495
14/05/2022,2.495
15/05/2022,2.495
16/05/2022,2.495
17/05/2022,2.495
18/05/2022,2.495
19/05/2022,2.495
20/05/2022,2.495
21/05/2022,2.495
22/05/2022,2.495
23/05/2022,2.495
24/05/2022,2.495
25/05/2022,2.495
26/05/2022,2.495
27/05/2022,2.176
28/05/2022,1.853
29/05/2022,1.842
30/05/2022,1.842
31/05/2022,1.805
01/06/2022,1.354
02/06/2022,1.306
03/06/2022,1.306
04/06/2022,1.306
05/06/2022,1.306
06/06/2022,1.306
07/06/2022,1.306
08/06/2022,1.306
09/06/2022,1.306
10/06/2022,1.306
11/06/2022,1.306
12/06/2022,1.306
13/06/2022,1.306
14/06/2022,1.306
15/06/2022,1.306
16/06/2022,1.306
17/06/2022,1.306
18/06/2022,1.306
19/06/2022,1.306
20/06/2022,1.306
21/06/2022,1.306
22/06/2022,1.306
23/06/2022,1.303
24/06/2022,1.263
25/06/2022,1.259
26/06/2022,1.259
27/06/2022,1.259
28/06/2022,1.259
29/06/2022,1.259
30/06/2022,1.259
01/11/2022,1.08
02/11/2022,1.08
03/11/2022,1.08
04/11/2022,1.08
05/11/2022,1.08
06/11/2022,1.08
07/11/2022,1.08
08/11/2022,1.08
09/11/2022,1.08
10/11/2022,1.08
11/11/2022,1.08
12/11/2022,1.08
13/11/2022,1.08
14/11/2022,1.08
15/11/2022,1.08
16/11/2022,1.08
17/11/2022,1.08
18/11/2022,1.08
19/11/2022,1.08
20/11/2022,1.08
21/11/2022,1.08
22/11/2022,1.08
23/11/2022,1.08
24/11/2022,1.08
25/11/2022,1.08
26/11/2022,1.08
27/11/2022,1.08
28/11/2022,1.08
29/11/2022,1.08
30/11/2022,1.054
01/12/2022,0.737
02/12/2022,0.704
03/12/2022,0.704
04/12/2022,0.704
05/12/2022,0.704
06/12/2022,0.704
07/12/2022,0.704
08/12/2022,0.704
09/12/2022,0.704
10/12/2022,0.704
11/12/2022,0.704
12/12/2022,0.704
13/12/2022,0.704
14/12/2022,0.704
15/12/2022,0.704
16/12/2022,0.704
17/12/2022,0.704
18/12/2022,0.704
19/12/2022,0.704
20/12/2022,0.704
21/12/2022,0.704
22/12/2022,0.704
23/12/2022,0.704
24/12/2022,0.704
25/12/2022,0.704
26/12/2022,0.704
27/12/2022,0.704
28/12/2022,0.704
29/12/2022,0.704
30/12/2022,0.704
31/12/2022,0.704
01/01/2023,0.704
02/01/2023,0.704
03/01/2023,0.704
04/01/2023,0.704
05/01/2023,0.704
06/01/2023,0.704
07/01/2023,0.704
08/01/2023,0.704
09/01/2023,0.704
10/01/2023,0.704
11/01/2023,0.704
12/01/2023,0.704
13/01/2023,0.704
14/01/2023,0.704
15/01/2023,0.704
16/01/2023,0.704
17/01/2023,0.704
18/01/2023,0.704
19/01/2023,0.704
20/01/2023,0.704
21/01/2023,0.704
22/01/2023,0.704
23/01/2023,0.704
24/01/2023,0.704
25/01/2023,0.704
26/01/2023,0.704
27/01/2023,0.704
28/01/2023,0.704
29/01/2023,0.704
30/01/2023,0.704
31/01/2023,0.704
01/02/2023,0.704
02/02/2023,0.704
03/02/2023,0.704
04/02/2023,0.704
05/02/2023,0.704
06/02/2023,0.704
07/02/2023,0.704
08/02/2023,0.704
09/02/2023,0.704
10/02/2023,0.704
11/02/2023,0.704
12/02/2023,0.704
13/02/2023,0.704
14/02/2023,0.704
15/02/2023,0.704
16/02/2023,0.704
17/02/2023,0.704
18/02/2023,0.704
19/02/2023,0.704
20/02/2023,0.704
21/02/2023,0.704
22/02/2023,0.704
23/02/2023,0.704
24/02/2023,0.704
25/02/2023,0.704
26/02/2023,0.704
27/02/2023,0.704
28/02/2023,0.697
01/03/2023,0.692
02/03/2023,0.737
03/03/2023,0.676
04/03/2023,0.72
05/03/2023,0.737
06/03/2023,0.737
07/03/2023,0.737
08/03/2023,0.737
09/03/2023,0.737
10/03/2023,0.737
11/03/2023,0.737
12/03/2023,0.737
13/03/2023,0.737
14/03/2023,0.737
15/03/2023,0.737
16/03/2023,0.737
17/03/2023,0.737
18/03/2023,0.812
19/03/2023,2.002
20/03/2023,2.764
21/03/2023,10.076
22/03/2023,12.155
23/03/2023,3.216
24/03/2023,2.476
25/03/2023,2.057
26/03/2023,1.0
27/03/2023,0.917
28/03/2023,0.917
29/03/2023,0.917
30/03/2023,0.917
31/03/2023,0.889
01/04/2023,0.711
02/04/2023,0.737
03/04/2023,0.676
04/04/2023,0.72
05/04/2023,0.737
06/04/2023,0.737
07/04/2023,0.737
08/04/2023,0.737
09/04/2023,0.737
10/04/2023,0.737
11/04/2023,0.685
12/04/2023,0.723
13/04/2023,0.764
14/04/2023,0.737
15/04/2023,0.737
16/04/2023,0.737
17/04/2023,0.784
18/04/2023,0.825
19/04/2023,2.002
20/04/2023,2.764
21/04/2023,2.849
22/04/2023,6.548
23/04/2023,3.216
24/04/2023,2.476
25/04/2023,2.068
26/04/2023,1.057
27/04/2023,0.993
28/04/2023,0.898
29/04/2023,0.917
30/04/2023,0.91
24/04/2025,2.494
25/04/2025,2.445
26/04/2025,2.373
27/04/2025,2.289
28/04/2025,2.199
29/04/2025,2.146
30/04/2025,2.09
01/05/2025,2.049
02/05/2025,2.082
03/05/2025,2.039
04/05/2025,2.025
05/05/2025,2.025
06/05/2025,2.034
07/05/2025,2.089
08/05/2025,2.2
09/05/2025,3.079
10/05/2025,2.798
11/05/2025,2.286
12/05/2025,2.087
13/05/2025,2.025
14/05/2025,2.002
15/05/2025,1.969
16/05/2025,1.963
17/05/2025,1.963
18/05/2025,6.037
19/05/2025,14.673
20/05/2025,4.402
21/05/2025,3.182
22/05/2025,2.702
23/05/2025,2.477
24/05/2025,2.371
25/05/2025,2.355
26/05/2025,2.355
27/05/2025,2.805
28/05/2025,13.072
29/05/2025,23.898
30/05/2025,9.976
31/05/2025,5.98
01/06/2025,4.9
02/06/2025,4.244
03/06/2025,8.244
04/06/2025,11.872
05/06/2025,11.754
06/06/2025,11.334
07/06/2025,10.851
08/06/2025,10.556
09/06/2025,10.277
10/06/2025,9.97
11/06/2025,9.77
12/06/2025,9.641
13/06/2025,9.51
14/06/2025,13.75
15/06/2025,32.719
16/06/2025,19.36
17/06/2025,22.002
18/06/2025,23.249
19/06/2025,16.213
20/06/2025,14.314
21/06/2025,13.29
22/06/2025,12.475
23/06/2025,12.486
24/06/2025,12.163
25/06/2025,11.303
26/06/2025,11.123
27/06/2025,10.888
28/06/2025,10.554
29/06/2025,10.51
30/06/2025,11.029
01/07/2025,10.86
02/07/2025,10.135
03/07/2025,9.895
04/07/2025,9.829
05/07/2025,9.761
06/07/2025,9.672
07/07/2025,9.648
08/07/2025,9.326
09/07/2025,9.401
10/07/2025,9.304
11/07/2025,9.192
12/07/2025,9.185
13/07/2025,9.01
14/07/2025,9.073
15/07/2025,9.152
16/07/2025,9.179
17/07/2025,14.139
18/07/2025,24.194
19/07/2025,14.723
20/07/2025,11.776
21/07/2025,10.878
22/07/2025,10.767
23/07/2025,10.205
24/07/2025,10.102
25/07/2025,10.002
26/07/2025,11.257
27/07/2025,13.631
28/07/2025,27.823
29/07/2025,26.357
30/07/2025,15.822
31/07/2025,13.955
01/08/2025,13.057
02/08/2025,13.922
03/08/2025,16.619
04/08/2025,13.092
05/08/2025,11.784
06/08/2025,11.37
07/08/2025,11.298
08/08/2025,11.25
09/08/2025,11.012
10/08/2025,10.63
11/08/2025,10.356
12/08/2025,10.154
13/08/2025,9.972
14/08/2025,9.763
15/08/2025,9.585
16/08/2025,9.487
17/08/2025,9.504
18/08/2025,9.501
19/08/2025,13.261
20/08/2025,38.384
21/08/2025,29.478
22/08/2025,46.944
23/08/2025,56.035
24/08/2025,27.742
25/08/2025,18.16
26/08/2025,15.456
27/08/2025,14.433
28/08/2025,13.616
29/08/2025,12.796
30/08/2025,12.605
31/08/2025,12.168
01/09/2025,11.796
02/09/2025,11.65
03/09/2025,33.291
04/09/2025,77.532
05/09/2025,37.521
06/09/2025,20.704
07/09/2025,17.306
08/09/2025,22.034
09/09/2025,32.254
10/09/2025,18.908
11/09/2025,15.281
12/09/2025,14.005
13/09/2025,13.195
14/09/2025,12.745
15/09/2025,12.42
16/09/2025,12.211
17/09/2025,12.021
18/09/2025,11.678
19/09/2025,16.579
20/09/2025,31.776
21/09/2025,16.763
22/09/2025,13.025
23/09/2025,11.921
24/09/2025,11.475
25/09/2025,11.036
26/09/2025,10.644
27/09/2025,10.518
28/09/2025,12.023
29/09/2025,11.656
30/09/2025,10.598
01/10/2025,10.544
02/10/2025,10.005
03/10/2025,9.753
04/10/2025,9.668
05/10/2025,11.7
06/10/2025,23.599
07/10/2025,14.015
08/10/2025,11.128
09/10/2025,10.419
10/10/2025,9.998
11/10/2025,9.777
12/10/2025,37.686
13/10/2025,53.77
14/10/2025,21.038
15/10/2025,15.365
16/10/2025,13.725
17/10/2025,12.669
18/10/2025,12.069
19/10/2025,11.387
20/10/2025,11.0
21/10/2025,10.514
22/10/2025,10.417
23/10/2025,10.123
24/10/2025,9.923
25/10/2025,11.55
26/10/2025,19.075
27/10/2025,12.642
28/10/2025,10.999
29/10/2025,10.56
30/10/2025,10.392
31/10/2025,10.395
01/11/2025,9.867
02/11/2025,9.751
03/11/2025,9.498
04/11/2025,9.336
05/11/2025,9.147
06/11/2025,9.3
07/11/2025,9.502
08/11/2025,9.839
09/11/2025,10.718
10/11/2025,9.816
11/11/2025,9.417
12/11/2025,9.232
13/11/2025,9.107
14/11/2025,9.007
15/11/2025,8.713
16/11/2025,8.7
17/11/2025,8.917
18/11/2025,9.055
19/11/2025,8.78
20/11/2025,8.635
21/11/2025,8.512
22/11/2025,8.862
23/11/2025,8.932
24/11/2025,8.645
25/11/2025,8.554
26/11/2025,8.486
27/11/2025,8.408
28/11/2025,8.328
29/11/2025,8.242
30/11/2025,8.177
01/12/2025,8.252
02/12/2025,8.28
03/12/2025,8.241
04/12/2025,8.125
05/12/2025,8.082
06/12/2025,7.985
07/12/2025,7.953
08/12/2025,7.887
09/12/2025,8.255
10/12/2025,9.09
11/12/2025,10.882
12/12/2025,9.385
13/12/2025,8.553
14/12/2025,8.249
15/12/2025,8.008
16/12/2025,8.159
17/12/2025,8.237
18/12/2025,8.163
19/12/2025,8.094
20/12/2025,7.976
21/12/2025,7.958
22/12/2025,7.903
23/12/2025,8.008
24/12/2025,9.619
25/12/2025,9.638
26/12/2025,8.524
27/12/2025,8.117
28/12/2025,8.057
29/12/2025,8.056
30/12/2025,7.95
31/12/2025,7.818
01/01/2026,7.768
02/01/2026,7.76
03/01/2026,8.007
04/01/2026,7.777
05/01/2026,7.703
06/01/2026,7.67
07/01/2026,7.67
08/01/2026,7.67
09/01/2026,7.85
10/01/2026,9.448
11/01/2026,11.85
12/01/2026,9.499
13/01/2026,8.554
14/01/2026,8.305
15/01/2026,8.106
16/01/2026,7.976
17/01/2026,7.918
18/01/2026,7.809
19/01/2026,7.768
20/01/2026,7.71
21/01/2026,7.632
22/01/2026,7.599
23/01/2026,7.549
24/01/2026,7.528
25/01/2026,7.362
26/01/2026,7.388
27/01/2026,7.395
28/01/2026,7.41
29/01/2026,7.58
30/01/2026,7.451
31/01/2026,7.249
01/02/2026,7.373
02/02/2026,7.385
03/02/2026,7.326
04/02/2026,7.266
05/02/2026,7.249
06/02/2026,7.249
07/02/2026,7.278
08/02/2026,7.319
09/02/2026,7.246
10/02/2026,7.113
12/02/2026,8.606
13/02/2026,10.039
14/02/2026,9.005
15/02/2026,8.129
16/02/2026,7.874
17/02/2026,7.638
18/02/2026,7.579
19/02/2026,7.552
20/02/2026,7.711
21/02/2026,7.781
22/02/2026,7.694
23/02/2026,7.567
24/02/2026,7.426
25/02/2026,7.38
26/02/2026,7.385
27/02/2026,7.366
28/02/2026,7.292
01/03/2026,7.255
02/03/2026,7.249
05/03/2026,7.825
06/03/2026,8.843
07/03/2026,7.972
08/03/2026,7.757
09/03/2026,7.832
10/03/2026,7.717
11/03/2026,7.439
12/03/2026,7.537
13/03/2026,7.627
14/03/2026,7.633
15/03/2026,7.505
16/03/2026,7.372
17/03/2026,7.812
18/03/2026,8.478
19/03/2026,9.64
20/03/2026,8.559
21/03/2026,8.058
22/03/2026,7.967
23/03/2026,13.939
24/03/2026,34.83
25/03/2026,20.984
26/03/2026,11.939
27/03/2026,10.429
28/03/2026,9.746
29/03/2026,9.439
04/04/2026,9.629
05/04/2026,9.221
06/04/2026,9.154
07/04/2026,25.518
08/04/2026,46.783
09/04/2026,33.466
10/04/2026,18.942
11/04/2026,14.91
12/04/2026,13.599
12/05/2026,18.957
14/05/2026,16.086
15/05/2026,15.183
16/05/2026,14.526
17/05/2026,14.074
18/05/2026,13.67
19/05/2026,13.191
20/05/2026,12.76
21/05/2026,12.466
22/05/2026,12.195
23/05/2026,11.95
24/05/2026,11.855
25/05/2026,11.842
26/05/2026,11.706
27/05/2026,11.611
28/05/2026,11.666
29/05/2026,11.473
30/05/2026,11.308
31/05/2026,11.247
01/06/2026,11.09
02/06/2026,10.909
03/06/2026,10.349
04/06/2026,9.979
05/06/2026,9.9
06/06/2026,9.649
07/06/2026,9.753
08/06/2026,9.837
09/06/2026,11.144
10/06/2026,11.51
11/06/2026,10.385
12/06/2026,10.063
13/06/2026,9.972
14/06/2026,9.763
15/06/2026,9.557
16/06/2026,9.357
17/06/2026,9.254
18/06/2026,9.182
19/06/2026,9.363
20/06/2026,10.13
21/06/2026,9.92
22/06/2026,9.501
23/06/2026,9.346
24/06/2026,9.167
25/06/2026,9.21
26/06/2026,9.081
27/06/2026,9.023
28/06/2026,8.851
29/06/2026,8.971
30/06/2026,8.868
01/07/2026,8.866
02/07/2026,8.8
03/07/2026,8.711
04/07/2026,8.511
05/07/2026,8.703
06/07/2026,8.711
07/07/2026,8.74
08/07/2026,8.711
09/07/2026,8.655
10/07/2026,8.576
11/07/2026,8.616
12/07/2026,8.65
13/07/2026,8.648
14/07/2026,8.672
15/07/2026,8.711
16/07/2026,8.675
17/07/2026,8.674
18/07/2026,25.907
19/07/2026,128.223
20/07/2026,110.924
21/07/2026,50.511
22/07/2026,31.297
23/07/2026,23.067
24/07/2026,19.305
25/07/2026,17.625
26/07/2026,16.648
27/07/2026,17.82
28/07/2026,31.365
29/07/2026,22.794
30/07/2026,17.048
31/07/2026,15.583
01/08/2026,21.717
02/08/2026,41.748
03/08/2026,26.584
04/08/2026,68.134
05/08/2026,52.119
06/08/2026,57.405
07/08/2026,89.342
08/08/2026,45.142
09/08/2026,26.442
10/08/2026,20.791
11/08/2026,18.38
12/08/2026,17.37
13/08/2026,17.27
14/08/2026,17.264
15/08/2026,16.17
16/08/2026,23.128
17/08/2026,101.145
18/08/2026,152.977
19/08/2026,126.117
20/08/2026,121.372
21/08/2026,110.899
22/08/2026,57.15
23/08/2026,36.513
24/08/2026,28.975
25/08/2026,25.087
26/08/2026,23.003
27/08/2026,29.214
28/08/2026,95.645
29/08/2026,86.145
30/08/2026,42.49
31/08/2026,30.428
