Fecha,Q
01/01/1980,5.86
02/01/1980,5.86
03/01/1980,5.84
04/01/1980,5.85
05/01/1980,5.86
06/01/1980,5.85
07/01/1980,5.85
08/01/1980,5.84
09/01/1980,5.84
10/01/1980,5.83
11/01/1980,5.82
12/01/1980,5.82
13/01/1980,5.82
14/01/1980,5.81
15/01/1980,5.8
16/01/1980,5.79
17/01/1980,5.79
18/01/1980,5.78
19/01/1980,5.76
20/01/1980,5.75
21/01/1980,5.76
22/01/1980,5.76
23/01/1980,5.74
24/01/1980,5.73
25/01/1980,5.72
26/01/1980,5.71
27/01/1980,5.76
28/01/1980,5.73
29/01/1980,5.74
30/01/1980,5.73
31/01/1980,5.72
01/02/1980,5.71
02/02/1980,5.71
03/02/1980,5.71
04/02/1980,5.69
05/02/1980,5.71
06/02/1980,5.72
07/02/1980,5.74
08/02/1980,5.74
09/02/1980,5.73
10/02/1980,5.73
11/02/1980,5.74
12/02/1980,5.73
13/02/1980,5.72
14/02/1980,5.71
15/02/1980,5.71
16/02/1980,5.71
17/02/1980,5.69
18/02/1980,5.7
19/02/1980,5.69
20/02/1980,5.68
21/02/1980,5.67
22/02/1980,5.67
23/02/1980,5.66
24/02/1980,5.66
25/02/1980,5.7
26/02/1980,5.71
27/02/1980,5.7
28/02/1980,5.7
29/02/1980,5.69
01/03/1980,5.7
02/03/1980,5.71
03/03/1980,5.72
04/03/1980,5.71
05/03/1980,5.71
06/03/1980,5.71
07/03/1980,5.71
08/03/1980,5.71
09/03/1980,5.71
10/03/1980,5.71
11/03/1980,5.71
12/03/1980,5.71
13/03/1980,5.7
14/03/1980,5.7
15/03/1980,5.69
16/03/1980,5.69
17/03/1980,5.69
18/03/1980,5.69
19/03/1980,5.68
20/03/1980,5.68
21/03/1980,5.68
22/03/1980,5.67
23/03/1980,5.67
24/03/1980,5.76
25/03/1980,5.82
26/03/1980,5.87
27/03/1980,5.88
28/03/1980,5.89
29/03/1980,5.88
30/03/1980,5.89
31/03/1980,5.88
01/04/1980,5.88
02/04/1980,5.87
03/04/1980,5.87
04/04/1980,5.87
05/04/1980,5.87
06/04/1980,5.87
07/04/1980,5.88
08/04/1980,5.88
09/04/1980,5.88
10/04/1980,5.89
11/04/1980,5.9
12/04/1980,5.9
13/04/1980,5.91
14/04/1980,5.91
15/04/1980,5.94
16/04/1980,5.93
17/04/1980,5.94
18/04/1980,5.92
19/04/1980,5.92
20/04/1980,5.94
21/04/1980,6.01
22/04/1980,6.11
23/04/1980,6.16
24/04/1980,6.17
25/04/1980,6.81
26/04/1980,7.51
27/04/1980,7.46
28/04/1980,7.33
29/04/1980,7.21
30/04/1980,7.11
01/05/1980,7.09
02/05/1980,6.99
03/05/1980,6.93
04/05/1980,6.88
05/05/1980,6.82
06/05/1980,6.74
07/05/1980,6.67
08/05/1980,6.61
09/05/1980,6.58
10/05/1980,6.55
11/05/1980,6.51
12/05/1980,6.48
13/05/1980,6.46
14/05/1980,6.42
15/05/1980,6.42
16/05/1980,6.39
17/05/1980,6.33
18/05/1980,6.33
19/05/1980,6.32
20/05/1980,6.32
21/05/1980,6.37
22/05/1980,6.75
23/05/1980,6.81
24/05/1980,6.8
25/05/1980,6.75
26/05/1980,6.7
27/05/1980,6.65
28/05/1980,6.66
29/05/1980,6.7
30/05/1980,6.74
31/05/1980,6.81
01/06/1980,6.81
02/06/1980,6.77
03/06/1980,6.75
04/06/1980,6.76
05/06/1980,6.72
06/06/1980,6.67
07/06/1980,6.66
08/06/1980,6.71
09/06/1980,6.76
10/06/1980,6.8
11/06/1980,6.82
12/06/1980,6.81
13/06/1980,6.89
14/06/1980,6.99
15/06/1980,6.96
16/06/1980,6.9
17/06/1980,6.82
18/06/1980,6.79
19/06/1980,6.71
20/06/1980,6.7
21/06/1980,6.67
22/06/1980,6.63
23/06/1980,6.6
24/06/1980,6.56
25/06/1980,6.52
26/06/1980,6.56
27/06/1980,6.57
28/06/1980,6.56
29/06/1980,6.53
30/06/1980,6.55
01/07/1980,6.61
02/07/1980,6.6
03/07/1980,6.58
04/07/1980,6.55
05/07/1980,6.53
06/07/1980,6.51
07/07/1980,6.53
08/07/1980,6.61
09/07/1980,6.63
10/07/1980,6.62
11/07/1980,6.6
12/07/1980,6.56
13/07/1980,6.53
14/07/1980,6.51
15/07/1980,6.47
16/07/1980,6.45
17/07/1980,6.42
18/07/1980,6.4
19/07/1980,6.38
20/07/1980,6.36
21/07/1980,6.35
22/07/1980,6.33
23/07/1980,6.31
24/07/1980,6.29
25/07/1980,6.31
26/07/1980,6.39
27/07/1980,6.47
28/07/1980,6.5
29/07/1980,6.47
30/07/1980,6.49
31/07/1980,6.45
01/08/1980,6.44
02/08/1980,6.41
03/08/1980,6.39
04/08/1980,6.36
05/08/1980,6.39
06/08/1980,6.43
07/08/1980,6.43
08/08/1980,6.41
09/08/1980,6.4
10/08/1980,6.4
11/08/1980,6.37
12/08/1980,6.35
13/08/1980,6.33
14/08/1980,6.31
15/08/1980,6.3
16/08/1980,6.29
17/08/1980,6.33
18/08/1980,6.41
19/08/1980,6.41
20/08/1980,6.4
21/08/1980,6.37
22/08/1980,6.36
23/08/1980,6.34
24/08/1980,6.32
25/08/1980,6.3
26/08/1980,6.29
27/08/1980,6.28
28/08/1980,6.26
29/08/1980,6.25
30/08/1980,6.23
31/08/1980,6.25
01/09/1980,6.25
02/09/1980,6.23
03/09/1980,6.22
04/09/1980,6.2
05/09/1980,6.2
06/09/1980,6.19
07/09/1980,6.18
08/09/1980,6.16
09/09/1980,6.16
10/09/1980,6.16
11/09/1980,6.15
12/09/1980,6.14
13/09/1980,6.13
14/09/1980,6.16
15/09/1980,6.18
16/09/1980,6.21
17/09/1980,6.21
18/09/1980,6.2
19/09/1980,6.2
20/09/1980,6.19
21/09/1980,6.17
22/09/1980,6.16
23/09/1980,6.15
24/09/1980,6.15
25/09/1980,6.14
26/09/1980,6.13
27/09/1980,6.12
28/09/1980,6.12
29/09/1980,6.11
30/09/1980,6.1
01/10/1980,6.13
02/10/1980,6.26
03/10/1980,6.52
04/10/1980,6.57
05/10/1980,6.55
06/10/1980,6.52
07/10/1980,6.49
08/10/1980,6.46
09/10/1980,6.44
10/10/1980,6.41
11/10/1980,6.38
12/10/1980,6.36
13/10/1980,6.34
14/10/1980,6.32
15/10/1980,6.29
16/10/1980,6.27
17/10/1980,6.26
18/10/1980,6.26
19/10/1980,6.24
20/10/1980,6.23
21/10/1980,6.21
22/10/1980,6.18
23/10/1980,6.17
24/10/1980,6.18
25/10/1980,6.17
26/10/1980,6.16
27/10/1980,6.16
28/10/1980,6.15
29/10/1980,6.14
30/10/1980,6.13
31/10/1980,6.11
01/11/1980,6.11
02/11/1980,6.1
03/11/1980,6.09
04/11/1980,6.09
05/11/1980,6.13
06/11/1980,6.08
07/11/1980,6.08
08/11/1980,6.07
09/11/1980,6.07
10/11/1980,6.06
11/11/1980,6.06
12/11/1980,6.06
13/11/1980,6.05
14/11/1980,6.05
15/11/1980,6.04
16/11/1980,6.03
17/11/1980,6.03
18/11/1980,6.03
19/11/1980,6.03
20/11/1980,6.02
21/11/1980,6.02
22/11/1980,6.02
23/11/1980,6.02
24/11/1980,6.03
25/11/1980,6.02
26/11/1980,6
27/11/1980,6
28/11/1980,6
29/11/1980,6.03
30/11/1980,6.02
01/12/1980,6.01
02/12/1980,6.02
03/12/1980,6.02
04/12/1980,6.01
05/12/1980,6.01
06/12/1980,6.01
07/12/1980,6.01
08/12/1980,6.01
09/12/1980,6
10/12/1980,6
11/12/1980,5.99
12/12/1980,5.99
13/12/1980,5.97
14/12/1980,5.96
15/12/1980,5.96
16/12/1980,5.95
17/12/1980,5.95
18/12/1980,5.94
19/12/1980,5.94
20/12/1980,5.93
21/12/1980,5.93
22/12/1980,5.93
23/12/1980,5.92
24/12/1980,5.9
25/12/1980,5.9
26/12/1980,5.91
27/12/1980,5.9
28/12/1980,5.9
29/12/1980,5.9
30/12/1980,5.89
31/12/1980,5.89
01/01/1981,5.88
02/01/1981,5.88
03/01/1981,5.87
04/01/1981,5.87
05/01/1981,5.87
06/01/1981,5.86
07/01/1981,5.84
08/01/1981,5.85
09/01/1981,5.84
10/01/1981,5.84
11/01/1981,5.85
12/01/1981,5.85
13/01/1981,5.85
14/01/1981,5.82
15/01/1981,5.81
16/01/1981,5.81
17/01/1981,5.82
18/01/1981,5.81
19/01/1981,5.81
20/01/1981,5.8
21/01/1981,5.79
22/01/1981,5.78
23/01/1981,5.78
24/01/1981,5.77
25/01/1981,5.77
26/01/1981,5.76
27/01/1981,5.77
28/01/1981,5.79
29/01/1981,5.81
30/01/1981,5.82
31/01/1981,5.82
01/02/1981,5.82
02/02/1981,5.82
03/02/1981,5.81
04/02/1981,5.81
05/02/1981,5.8
06/02/1981,5.79
07/02/1981,5.78
08/02/1981,5.78
09/02/1981,5.77
10/02/1981,5.77
11/02/1981,5.76
12/02/1981,5.76
13/02/1981,5.75
14/02/1981,5.75
15/02/1981,5.76
16/02/1981,5.76
17/02/1981,5.76
18/02/1981,5.79
19/02/1981,5.82
20/02/1981,5.82
21/02/1981,5.82
22/02/1981,5.82
23/02/1981,5.82
24/02/1981,5.82
25/02/1981,5.81
26/02/1981,5.81
27/02/1981,5.82
28/02/1981,5.82
01/03/1981,5.81
02/03/1981,5.81
03/03/1981,5.82
04/03/1981,5.85
05/03/1981,5.86
06/03/1981,5.85
07/03/1981,5.85
08/03/1981,5.84
09/03/1981,5.84
10/03/1981,5.83
11/03/1981,5.82
12/03/1981,5.82
13/03/1981,5.82
14/03/1981,5.83
15/03/1981,5.83
16/03/1981,5.81
17/03/1981,5.81
18/03/1981,5.81
19/03/1981,5.8
20/03/1981,5.8
21/03/1981,5.8
22/03/1981,5.8
23/03/1981,5.79
24/03/1981,5.79
25/03/1981,5.78
26/03/1981,5.77
27/03/1981,5.76
28/03/1981,5.76
29/03/1981,5.77
30/03/1981,5.81
31/03/1981,5.82
01/04/1981,5.84
02/04/1981,5.84
03/04/1981,5.84
04/04/1981,5.85
05/04/1981,5.85
06/04/1981,5.86
07/04/1981,5.86
08/04/1981,5.86
09/04/1981,5.85
10/04/1981,5.85
11/04/1981,5.88
12/04/1981,6.02
13/04/1981,6.03
14/04/1981,6.02
15/04/1981,6.05
16/04/1981,6.04
17/04/1981,6.03
18/04/1981,6.04
19/04/1981,6.04
20/04/1981,6.04
21/04/1981,6.03
22/04/1981,6.06
23/04/1981,6.06
24/04/1981,6.06
25/04/1981,6.06
26/04/1981,6.06
27/04/1981,6.07
28/04/1981,6.07
29/04/1981,6.07
30/04/1981,6.06
01/05/1981,6.06
02/05/1981,6.06
03/05/1981,6.06
04/05/1981,6.06
05/05/1981,6.11
06/05/1981,6.21
07/05/1981,6.24
08/05/1981,6.23
09/05/1981,6.26
10/05/1981,6.39
11/05/1981,6.32
12/05/1981,6.63
13/05/1981,7.29
14/05/1981,7.51
15/05/1981,7.41
16/05/1981,7.27
17/05/1981,7.14
18/05/1981,7.04
19/05/1981,7.01
20/05/1981,7.36
21/05/1981,7.32
22/05/1981,7.21
23/05/1981,7.11
24/05/1981,7.01
25/05/1981,6.96
26/05/1981,6.94
27/05/1981,6.87
28/05/1981,6.9
29/05/1981,6.74
30/05/1981,6.69
31/05/1981,6.64
01/06/1981,6.6
02/06/1981,6.59
03/06/1981,6.56
04/06/1981,6.53
05/06/1981,6.51
06/06/1981,6.46
07/06/1981,6.44
08/06/1981,6.42
09/06/1981,6.41
10/06/1981,6.38
11/06/1981,6.36
12/06/1981,6.35
13/06/1981,6.33
14/06/1981,6.31
15/06/1981,6.31
16/06/1981,6.29
17/06/1981,6.26
18/06/1981,6.29
19/06/1981,6.31
20/06/1981,6.33
21/06/1981,6.32
22/06/1981,6.32
23/06/1981,6.31
24/06/1981,6.31
25/06/1981,6.3
26/06/1981,6.29
27/06/1981,6.27
28/06/1981,6.26
29/06/1981,6.26
30/06/1981,6.24
01/07/1981,6.23
02/07/1981,6.22
03/07/1981,6.21
04/07/1981,6.21
05/07/1981,6.2
06/07/1981,6.19
07/07/1981,6.18
08/07/1981,6.17
09/07/1981,6.16
10/07/1981,6.16
11/07/1981,6.16
12/07/1981,6.15
13/07/1981,6.15
14/07/1981,6.17
15/07/1981,6.19
16/07/1981,6.2
17/07/1981,6.28
18/07/1981,6.51
19/07/1981,6.66
20/07/1981,6.68
21/07/1981,6.66
22/07/1981,6.62
23/07/1981,6.59
24/07/1981,6.56
25/07/1981,6.52
26/07/1981,6.49
27/07/1981,6.46
28/07/1981,6.44
29/07/1981,6.42
30/07/1981,6.43
31/07/1981,6.43
01/08/1981,6.44
02/08/1981,6.42
03/08/1981,6.41
04/08/1981,6.39
05/08/1981,6.38
06/08/1981,6.37
07/08/1981,6.81
08/08/1981,7.06
09/08/1981,7.02
10/08/1981,7.01
11/08/1981,6.93
12/08/1981,6.86
13/08/1981,6.81
14/08/1981,6.73
15/08/1981,6.69
16/08/1981,6.63
17/08/1981,6.58
18/08/1981,6.55
19/08/1981,6.51
20/08/1981,6.46
21/08/1981,6.45
22/08/1981,6.41
23/08/1981,6.38
24/08/1981,6.36
25/08/1981,6.33
26/08/1981,6.31
27/08/1981,6.3
28/08/1981,6.29
29/08/1981,6.27
30/08/1981,6.26
31/08/1981,6.23
01/09/1981,6.22
02/09/1981,6.21
03/09/1981,6.2
04/09/1981,6.19
05/09/1981,6.18
06/09/1981,6.18
07/09/1981,6.16
08/09/1981,6.17
09/09/1981,6.16
10/09/1981,6.15
11/09/1981,6.13
12/09/1981,6.12
13/09/1981,6.1
14/09/1981,6.12
15/09/1981,6.21
16/09/1981,6.35
17/09/1981,6.37
18/09/1981,6.36
19/09/1981,6.36
20/09/1981,6.34
21/09/1981,6.31
22/09/1981,6.31
23/09/1981,6.29
24/09/1981,6.28
25/09/1981,6.26
26/09/1981,6.24
27/09/1981,6.24
28/09/1981,6.21
29/09/1981,6.24
30/09/1981,6.27
01/10/1981,6.26
02/10/1981,6.24
03/10/1981,6.22
04/10/1981,6.22
05/10/1981,6.21
06/10/1981,6.21
07/10/1981,6.21
08/10/1981,6.21
09/10/1981,6.21
10/10/1981,6.2
11/10/1981,6.18
12/10/1981,6.18
13/10/1981,6.17
14/10/1981,6.16
15/10/1981,6.16
16/10/1981,6.14
17/10/1981,6.12
18/10/1981,6.12
19/10/1981,6.12
20/10/1981,6.11
21/10/1981,6.11
22/10/1981,6.1
23/10/1981,6.1
24/10/1981,6.1
25/10/1981,6.09
26/10/1981,6.08
27/10/1981,6.07
28/10/1981,6.06
29/10/1981,6.06
30/10/1981,6.06
31/10/1981,6.07
01/11/1981,6.08
02/11/1981,6.08
03/11/1981,6.1
04/11/1981,6.09
05/11/1981,6.09
06/11/1981,6.1
07/11/1981,6.1
08/11/1981,6.09
09/11/1981,6.09
10/11/1981,6.08
11/11/1981,6.08
12/11/1981,6.07
13/11/1981,6.07
14/11/1981,6.06
15/11/1981,6.06
16/11/1981,6.06
17/11/1981,6.05
18/11/1981,6.05
19/11/1981,6.04
20/11/1981,6.11
21/11/1981,6.18
22/11/1981,6.19
23/11/1981,6.18
24/11/1981,6.17
25/11/1981,6.16
26/11/1981,6.16
27/11/1981,6.14
28/11/1981,6.13
29/11/1981,6.12
30/11/1981,6.11
01/12/1981,6.11
02/12/1981,6.1
03/12/1981,6.1
04/12/1981,6.09
05/12/1981,6.09
06/12/1981,6.08
07/12/1981,6.08
08/12/1981,6.07
09/12/1981,6.07
10/12/1981,6.05
11/12/1981,6.05
12/12/1981,6.04
13/12/1981,6.04
14/12/1981,6.03
15/12/1981,6.07
16/12/1981,6.06
17/12/1981,6.06
18/12/1981,6.05
19/12/1981,6.05
20/12/1981,6.04
21/12/1981,6.07
22/12/1981,6.06
23/12/1981,6.06
24/12/1981,6.05
25/12/1981,6.04
26/12/1981,6.04
27/12/1981,6.03
28/12/1981,6.03
29/12/1981,6.02
30/12/1981,6.01
31/12/1981,6
01/01/1982,6
02/01/1982,6
03/01/1982,5.99
04/01/1982,5.99
05/01/1982,5.99
06/01/1982,5.98
07/01/1982,5.96
08/01/1982,5.96
09/01/1982,5.95
10/01/1982,5.95
11/01/1982,5.94
12/01/1982,5.94
13/01/1982,5.94
14/01/1982,5.93
15/01/1982,5.93
16/01/1982,5.93
17/01/1982,5.92
18/01/1982,5.92
19/01/1982,5.91
20/01/1982,5.9
21/01/1982,5.88
22/01/1982,5.87
23/01/1982,5.87
24/01/1982,5.86
25/01/1982,5.86
26/01/1982,5.85
27/01/1982,5.85
28/01/1982,5.84
29/01/1982,5.84
30/01/1982,5.83
31/01/1982,5.83
01/02/1982,5.82
02/02/1982,5.81
03/02/1982,5.81
04/02/1982,5.81
05/02/1982,5.81
06/02/1982,5.8
07/02/1982,5.79
08/02/1982,5.76
09/02/1982,5.77
10/02/1982,5.8
11/02/1982,5.8
12/02/1982,5.79
13/02/1982,5.79
14/02/1982,5.78
15/02/1982,5.77
16/02/1982,5.77
17/02/1982,5.76
18/02/1982,5.76
19/02/1982,5.75
20/02/1982,5.75
21/02/1982,5.74
22/02/1982,5.74
23/02/1982,5.74
24/02/1982,5.74
25/02/1982,5.73
26/02/1982,5.73
27/02/1982,5.72
28/02/1982,5.72
01/03/1982,5.72
02/03/1982,5.72
03/03/1982,5.72
04/03/1982,5.71
05/03/1982,5.71
06/03/1982,5.72
07/03/1982,5.72
08/03/1982,5.71
09/03/1982,5.71
10/03/1982,5.71
11/03/1982,5.71
12/03/1982,5.7
13/03/1982,5.69
14/03/1982,5.67
15/03/1982,5.68
16/03/1982,5.69
17/03/1982,5.68
18/03/1982,5.67
19/03/1982,5.67
20/03/1982,5.67
21/03/1982,5.66
22/03/1982,5.66
23/03/1982,5.66
24/03/1982,5.66
25/03/1982,5.65
26/03/1982,5.65
27/03/1982,5.65
28/03/1982,5.66
29/03/1982,5.67
30/03/1982,5.67
31/03/1982,5.66
01/04/1982,5.66
02/04/1982,5.66
03/04/1982,5.65
04/04/1982,5.73
05/04/1982,5.78
06/04/1982,5.79
07/04/1982,5.8
08/04/1982,5.8
09/04/1982,5.79
10/04/1982,5.8
11/04/1982,5.8
12/04/1982,5.8
13/04/1982,5.8
14/04/1982,5.81
15/04/1982,5.8
16/04/1982,5.8
17/04/1982,5.8
18/04/1982,5.8
19/04/1982,5.79
20/04/1982,5.79
21/04/1982,5.8
22/04/1982,5.8
23/04/1982,5.8
24/04/1982,5.8
25/04/1982,5.8
26/04/1982,5.8
27/04/1982,5.8
28/04/1982,5.8
29/04/1982,5.8
30/04/1982,5.8
01/05/1982,5.8
02/05/1982,5.8
03/05/1982,5.79
04/05/1982,5.78
05/05/1982,5.78
06/05/1982,5.78
07/05/1982,5.77
08/05/1982,5.77
09/05/1982,5.77
10/05/1982,5.84
11/05/1982,5.86
12/05/1982,5.87
13/05/1982,5.91
14/05/1982,5.95
15/05/1982,5.99
16/05/1982,6
17/05/1982,6.06
18/05/1982,6.27
19/05/1982,6.36
20/05/1982,6.39
21/05/1982,6.4
22/05/1982,6.41
23/05/1982,6.41
24/05/1982,6.41
25/05/1982,6.42
26/05/1982,6.42
27/05/1982,6.43
28/05/1982,6.43
29/05/1982,6.4
30/05/1982,6.37
31/05/1982,6.35
01/06/1982,6.33
02/06/1982,6.31
03/06/1982,6.31
04/06/1982,6.3
05/06/1982,6.29
06/06/1982,6.28
07/06/1982,6.27
08/06/1982,6.37
09/06/1982,6.48
10/06/1982,6.5
11/06/1982,6.56
12/06/1982,6.6
13/06/1982,6.58
14/06/1982,6.56
15/06/1982,6.52
16/06/1982,6.5
17/06/1982,6.49
18/06/1982,6.46
19/06/1982,6.66
20/06/1982,6.81
21/06/1982,6.81
22/06/1982,6.81
23/06/1982,6.81
24/06/1982,6.77
25/06/1982,6.73
26/06/1982,6.69
27/06/1982,6.65
28/06/1982,6.61
29/06/1982,6.6
30/06/1982,6.56
01/07/1982,6.52
02/07/1982,6.5
03/07/1982,6.47
04/07/1982,6.45
05/07/1982,6.41
06/07/1982,6.41
07/07/1982,6.42
08/07/1982,6.41
09/07/1982,6.43
10/07/1982,6.42
11/07/1982,6.41
12/07/1982,6.4
13/07/1982,6.4
14/07/1982,6.41
15/07/1982,6.41
16/07/1982,6.41
17/07/1982,6.45
18/07/1982,6.47
19/07/1982,6.48
20/07/1982,6.46
21/07/1982,7.05
22/07/1982,7.31
23/07/1982,7.26
24/07/1982,7.24
25/07/1982,7.16
26/07/1982,7.11
27/07/1982,7.06
28/07/1982,7.09
29/07/1982,7.1
30/07/1982,7.08
31/07/1982,7.02
01/08/1982,6.99
02/08/1982,6.95
03/08/1982,6.91
04/08/1982,6.86
05/08/1982,6.84
06/08/1982,6.81
07/08/1982,6.85
08/08/1982,6.81
09/08/1982,6.78
10/08/1982,6.76
11/08/1982,6.72
12/08/1982,6.69
13/08/1982,6.66
14/08/1982,6.65
15/08/1982,6.63
16/08/1982,6.61
17/08/1982,6.6
18/08/1982,6.58
19/08/1982,6.56
20/08/1982,6.53
21/08/1982,6.5
22/08/1982,6.49
23/08/1982,6.47
24/08/1982,6.47
25/08/1982,6.5
26/08/1982,6.55
27/08/1982,6.58
28/08/1982,6.6
29/08/1982,6.85
30/08/1982,7.01
31/08/1982,6.99
01/09/1982,6.96
02/09/1982,6.92
03/09/1982,6.87
04/09/1982,6.89
05/09/1982,6.91
06/09/1982,6.92
07/09/1982,6.9
08/09/1982,6.85
09/09/1982,6.81
10/09/1982,6.79
11/09/1982,6.77
12/09/1982,6.76
13/09/1982,6.75
14/09/1982,6.74
15/09/1982,6.72
16/09/1982,6.7
17/09/1982,6.81
18/09/1982,6.86
19/09/1982,6.89
20/09/1982,6.88
21/09/1982,6.86
22/09/1982,6.85
23/09/1982,6.81
24/09/1982,6.77
25/09/1982,6.74
26/09/1982,6.72
27/09/1982,6.68
28/09/1982,6.66
29/09/1982,6.64
30/09/1982,6.61
01/10/1982,6.59
02/10/1982,6.57
03/10/1982,6.55
04/10/1982,6.53
05/10/1982,6.51
06/10/1982,6.5
07/10/1982,6.48
08/10/1982,6.46
09/10/1982,6.45
10/10/1982,6.43
11/10/1982,6.41
12/10/1982,6.4
13/10/1982,6.4
14/10/1982,6.4
15/10/1982,6.39
16/10/1982,6.38
17/10/1982,6.36
18/10/1982,6.4
19/10/1982,6.46
20/10/1982,6.46
21/10/1982,6.45
22/10/1982,6.44
23/10/1982,6.45
24/10/1982,6.42
25/10/1982,6.41
26/10/1982,6.39
27/10/1982,6.38
28/10/1982,6.37
29/10/1982,6.36
30/10/1982,6.35
31/10/1982,6.33
01/11/1982,6.32
02/11/1982,6.33
03/11/1982,6.32
04/11/1982,6.31
05/11/1982,6.3
06/11/1982,6.29
07/11/1982,6.29
08/11/1982,6.27
09/11/1982,6.26
10/11/1982,6.26
11/11/1982,6.24
12/11/1982,6.23
13/11/1982,6.21
14/11/1982,6.21
15/11/1982,6.2
16/11/1982,6.19
17/11/1982,6.19
18/11/1982,6.18
19/11/1982,6.16
20/11/1982,6.15
21/11/1982,6.15
22/11/1982,6.15
23/11/1982,6.14
24/11/1982,6.13
25/11/1982,6.12
26/11/1982,6.12
27/11/1982,6.11
28/11/1982,6.11
29/11/1982,6.11
30/11/1982,6.11
01/12/1982,6.11
02/12/1982,6.1
03/12/1982,6.1
04/12/1982,6.1
05/12/1982,6.08
06/12/1982,6.06
07/12/1982,6.05
08/12/1982,6.05
09/12/1982,6.05
10/12/1982,6.04
11/12/1982,6.04
12/12/1982,6.04
13/12/1982,6.05
14/12/1982,6.06
15/12/1982,6.06
16/12/1982,6.05
17/12/1982,6.05
18/12/1982,6.07
19/12/1982,6.09
20/12/1982,6.08
21/12/1982,6.07
22/12/1982,6.06
23/12/1982,6.06
24/12/1982,6.05
25/12/1982,6.05
26/12/1982,6.05
27/12/1982,6.05
28/12/1982,6.02
29/12/1982,6.01
30/12/1982,6.01
31/12/1982,6.01
01/01/1983,6
02/01/1983,6
03/01/1983,5.99
04/01/1983,5.98
05/01/1983,5.97
06/01/1983,5.96
07/01/1983,5.94
08/01/1983,5.94
09/01/1983,5.93
10/01/1983,5.92
11/01/1983,5.9
12/01/1983,5.91
13/01/1983,5.91
14/01/1983,5.9
15/01/1983,5.9
16/01/1983,5.9
17/01/1983,5.87
18/01/1983,5.87
19/01/1983,5.9
20/01/1983,5.91
21/01/1983,5.91
22/01/1983,5.9
23/01/1983,5.9
24/01/1983,5.91
25/01/1983,5.9
26/01/1983,5.9
27/01/1983,5.9
28/01/1983,5.89
29/01/1983,5.89
30/01/1983,5.88
31/01/1983,5.87
01/02/1983,5.86
02/02/1983,5.86
03/02/1983,5.85
04/02/1983,5.84
05/02/1983,5.84
06/02/1983,5.82
07/02/1983,5.82
08/02/1983,5.81
09/02/1983,5.81
10/02/1983,5.8
11/02/1983,5.8
12/02/1983,5.78
13/02/1983,5.77
14/02/1983,5.77
15/02/1983,5.76
16/02/1983,5.76
17/02/1983,5.76
18/02/1983,5.76
19/02/1983,5.76
20/02/1983,5.85
21/02/1983,5.86
22/02/1983,5.86
23/02/1983,5.87
24/02/1983,5.89
25/02/1983,5.89
26/02/1983,5.88
27/02/1983,5.86
28/02/1983,5.86
01/03/1983,5.86
02/03/1983,5.86
03/03/1983,5.86
04/03/1983,5.86
05/03/1983,5.85
06/03/1983,5.85
07/03/1983,5.85
08/03/1983,5.85
09/03/1983,5.83
10/03/1983,5.82
11/03/1983,5.81
12/03/1983,5.8
13/03/1983,5.8
14/03/1983,5.79
15/03/1983,5.79
16/03/1983,5.79
17/03/1983,5.81
18/03/1983,5.8
19/03/1983,5.79
20/03/1983,5.78
21/03/1983,5.77
22/03/1983,5.77
23/03/1983,5.76
24/03/1983,5.76
25/03/1983,5.76
26/03/1983,5.76
27/03/1983,5.75
28/03/1983,5.75
29/03/1983,5.75
30/03/1983,5.75
31/03/1983,5.74
01/04/1983,5.74
02/04/1983,5.73
03/04/1983,5.73
04/04/1983,5.73
05/04/1983,5.73
06/04/1983,5.72
07/04/1983,5.73
08/04/1983,5.72
09/04/1983,5.71
10/04/1983,5.71
11/04/1983,5.71
12/04/1983,5.71
13/04/1983,5.72
14/04/1983,5.71
15/04/1983,5.71
16/04/1983,5.71
17/04/1983,5.71
18/04/1983,5.7
19/04/1983,5.7
20/04/1983,5.69
21/04/1983,5.69
22/04/1983,5.7
23/04/1983,5.69
24/04/1983,5.69
25/04/1983,5.69
26/04/1983,5.69
27/04/1983,5.68
28/04/1983,5.68
29/04/1983,5.69
30/04/1983,5.69
01/05/1983,5.68
02/05/1983,5.68
03/05/1983,5.68
04/05/1983,5.71
05/05/1983,5.71
06/05/1983,5.71
07/05/1983,5.71
08/05/1983,5.71
09/05/1983,5.71
10/05/1983,5.71
11/05/1983,5.71
12/05/1983,5.7
13/05/1983,5.7
14/05/1983,5.7
15/05/1983,5.7
16/05/1983,5.71
17/05/1983,5.71
18/05/1983,5.71
19/05/1983,5.71
20/05/1983,5.71
21/05/1983,5.71
22/05/1983,5.7
23/05/1983,5.7
24/05/1983,5.7
25/05/1983,5.7
26/05/1983,5.7
27/05/1983,5.7
28/05/1983,5.69
29/05/1983,5.69
30/05/1983,5.7
31/05/1983,5.69
01/06/1983,5.69
02/06/1983,5.7
03/06/1983,5.7
04/06/1983,5.7
05/06/1983,5.71
06/06/1983,5.71
07/06/1983,5.71
08/06/1983,5.71
09/06/1983,5.7
10/06/1983,5.71
11/06/1983,5.7
12/06/1983,5.7
13/06/1983,5.7
14/06/1983,5.7
15/06/1983,5.82
16/06/1983,5.91
17/06/1983,5.93
18/06/1983,5.99
19/06/1983,5.99
20/06/1983,6
21/06/1983,6.29
22/06/1983,6.34
23/06/1983,6.36
24/06/1983,6.36
25/06/1983,6.36
26/06/1983,6.34
27/06/1983,6.33
28/06/1983,6.32
29/06/1983,6.31
30/06/1983,6.31
01/07/1983,6.31
02/07/1983,6.31
03/07/1983,6.3
04/07/1983,6.3
05/07/1983,6.29
06/07/1983,6.27
07/07/1983,6.26
08/07/1983,6.26
09/07/1983,6.27
10/07/1983,6.26
11/07/1983,6.26
12/07/1983,6.26
13/07/1983,6.25
14/07/1983,6.25
15/07/1983,6.25
16/07/1983,6.24
17/07/1983,6.23
18/07/1983,6.22
19/07/1983,6.21
20/07/1983,6.21
21/07/1983,6.21
22/07/1983,6.2
23/07/1983,6.2
24/07/1983,6.2
25/07/1983,6.18
26/07/1983,6.17
27/07/1983,6.17
28/07/1983,6.18
29/07/1983,6.18
30/07/1983,6.17
31/07/1983,6.16
01/08/1983,6.16
02/08/1983,6.16
03/08/1983,6.16
04/08/1983,6.16
05/08/1983,6.16
06/08/1983,6.15
07/08/1983,6.15
08/08/1983,6.14
09/08/1983,6.14
10/08/1983,6.14
11/08/1983,6.15
12/08/1983,6.15
13/08/1983,6.23
14/08/1983,6.28
15/08/1983,6.28
16/08/1983,6.28
17/08/1983,6.28
18/08/1983,6.28
19/08/1983,6.27
20/08/1983,6.26
21/08/1983,6.26
22/08/1983,6.26
23/08/1983,6.25
24/08/1983,6.25
25/08/1983,6.25
26/08/1983,6.3
27/08/1983,6.27
28/08/1983,6.46
29/08/1983,7.36
30/08/1983,7.81
31/08/1983,7.69
01/09/1983,7.61
02/09/1983,7.55
03/09/1983,7.43
04/09/1983,7.31
05/09/1983,7.21
06/09/1983,7.15
07/09/1983,7.06
08/09/1983,7
09/09/1983,6.96
10/09/1983,6.9
11/09/1983,6.85
12/09/1983,6.81
13/09/1983,6.76
14/09/1983,6.73
15/09/1983,6.71
16/09/1983,6.67
17/09/1983,6.65
18/09/1983,6.61
19/09/1983,6.59
20/09/1983,6.57
21/09/1983,6.56
22/09/1983,6.56
23/09/1983,6.53
24/09/1983,6.51
25/09/1983,6.5
26/09/1983,6.49
27/09/1983,6.61
28/09/1983,6.23
29/09/1983,7.67
30/09/1983,7.56
01/10/1983,7.46
02/10/1983,7.34
03/10/1983,7.25
04/10/1983,7.16
05/10/1983,7.07
06/10/1983,7.01
07/10/1983,7.04
08/10/1983,7.41
09/10/1983,7.81
10/10/1983,7.66
11/10/1983,7.55
12/10/1983,7.41
13/10/1983,7.29
14/10/1983,7.46
15/10/1983,7.51
16/10/1983,7.41
17/10/1983,7.42
18/10/1983,7.37
19/10/1983,7.31
20/10/1983,7.25
21/10/1983,7.11
22/10/1983,7.04
23/10/1983,7.01
24/10/1983,6.98
25/10/1983,6.96
26/10/1983,6.91
27/10/1983,6.86
28/10/1983,6.83
29/10/1983,6.8
30/10/1983,6.75
31/10/1983,6.71
01/11/1983,6.68
02/11/1983,6.65
03/11/1983,6.61
04/11/1983,6.63
05/11/1983,6.62
06/11/1983,6.6
07/11/1983,6.59
08/11/1983,6.57
09/11/1983,6.55
10/11/1983,6.53
11/11/1983,6.54
12/11/1983,6.54
13/11/1983,6.86
14/11/1983,7.85
15/11/1983,7.83
16/11/1983,7.69
17/11/1983,7.55
18/11/1983,7.44
19/11/1983,7.35
20/11/1983,7.23
21/11/1983,7.16
22/11/1983,7.11
23/11/1983,7.06
24/11/1983,6.99
25/11/1983,6.92
26/11/1983,6.88
27/11/1983,6.81
28/11/1983,6.78
29/11/1983,6.75
30/11/1983,6.71
01/12/1983,6.66
02/12/1983,6.64
03/12/1983,6.61
04/12/1983,6.58
05/12/1983,6.56
06/12/1983,6.54
07/12/1983,6.51
08/12/1983,6.5
09/12/1983,6.46
10/12/1983,6.45
11/12/1983,6.45
12/12/1983,6.44
13/12/1983,6.42
14/12/1983,6.41
15/12/1983,6.4
16/12/1983,6.36
17/12/1983,6.35
18/12/1983,6.34
19/12/1983,6.32
20/12/1983,6.31
21/12/1983,6.3
22/12/1983,6.29
23/12/1983,6.27
24/12/1983,6.26
25/12/1983,6.25
26/12/1983,6.23
27/12/1983,6.21
28/12/1983,6.2
29/12/1983,6.19
30/12/1983,6.22
31/12/1983,6.21
01/01/1984,6.2
02/01/1984,6.2
03/01/1984,6.21
04/01/1984,6.21
05/01/1984,6.21
06/01/1984,6.2
07/01/1984,6.23
08/01/1984,6.26
09/01/1984,6.27
10/01/1984,6.26
11/01/1984,6.25
12/01/1984,6.24
13/01/1984,6.24
14/01/1984,6.24
15/01/1984,6.23
16/01/1984,6.22
17/01/1984,6.21
18/01/1984,6.2
19/01/1984,6.19
20/01/1984,6.18
21/01/1984,6.16
22/01/1984,6.16
23/01/1984,6.16
24/01/1984,6.15
25/01/1984,6.13
26/01/1984,6.12
27/01/1984,6.12
28/01/1984,6.11
29/01/1984,6.11
30/01/1984,6.11
31/01/1984,6.11
01/02/1984,6.11
02/02/1984,6.11
03/02/1984,6.11
04/02/1984,6.11
05/02/1984,6.11
06/02/1984,6.11
07/02/1984,6.11
08/02/1984,6.1
09/02/1984,6.1
10/02/1984,6.09
11/02/1984,6.12
12/02/1984,6.13
13/02/1984,6.21
14/02/1984,6.2
15/02/1984,6.24
16/02/1984,6.25
17/02/1984,6.25
18/02/1984,6.25
19/02/1984,6.26
20/02/1984,6.26
21/02/1984,6.26
22/02/1984,6.27
23/02/1984,6.28
24/02/1984,6.29
25/02/1984,6.36
26/02/1984,6.4
27/02/1984,6.45
28/02/1984,6.4
29/02/1984,6.46
01/03/1984,6.5
02/03/1984,6.5
03/03/1984,6.5
04/03/1984,6.51
05/03/1984,6.51
06/03/1984,6.51
07/03/1984,6.51
08/03/1984,6.51
09/03/1984,6.5
10/03/1984,6.5
11/03/1984,6.48
12/03/1984,6.47
13/03/1984,6.46
14/03/1984,6.46
15/03/1984,6.46
16/03/1984,6.47
17/03/1984,6.47
18/03/1984,6.46
19/03/1984,6.45
20/03/1984,6.44
21/03/1984,6.42
22/03/1984,6.41
23/03/1984,6.41
24/03/1984,6.4
25/03/1984,6.41
26/03/1984,6.4
27/03/1984,6.39
28/03/1984,6.38
29/03/1984,6.36
30/03/1984,6.35
31/03/1984,6.33
01/04/1984,6.31
02/04/1984,6.35
03/04/1984,6.37
04/04/1984,6.38
05/04/1984,6.41
06/04/1984,6.46
07/04/1984,6.46
08/04/1984,6.46
09/04/1984,6.46
10/04/1984,6.45
11/04/1984,6.44
12/04/1984,6.44
13/04/1984,6.42
14/04/1984,6.41
15/04/1984,6.41
16/04/1984,6.39
17/04/1984,6.4
18/04/1984,6.4
19/04/1984,6.39
20/04/1984,6.41
21/04/1984,6.46
22/04/1984,6.5
23/04/1984,6.51
24/04/1984,6.48
25/04/1984,6.5
26/04/1984,6.49
27/04/1984,6.47
28/04/1984,6.46
29/04/1984,6.45
30/04/1984,6.44
01/05/1984,6.43
02/05/1984,6.41
03/05/1984,6.4
04/05/1984,6.41
05/05/1984,6.41
06/05/1984,6.4
07/05/1984,6.4
08/05/1984,6.39
09/05/1984,6.37
10/05/1984,6.35
11/05/1984,6.35
12/05/1984,6.33
13/05/1984,6.31
14/05/1984,6.31
15/05/1984,6.3
16/05/1984,6.29
17/05/1984,6.28
18/05/1984,6.28
19/05/1984,6.27
20/05/1984,6.26
21/05/1984,6.26
22/05/1984,6.26
23/05/1984,6.25
24/05/1984,6.33
25/05/1984,6.38
26/05/1984,6.4
27/05/1984,6.39
28/05/1984,6.41
29/05/1984,6.61
30/05/1984,6.72
31/05/1984,6.9
01/06/1984,6.91
02/06/1984,6.99
03/06/1984,7.11
04/06/1984,7.11
05/06/1984,7.1
06/06/1984,7.08
07/06/1984,7.18
08/06/1984,7.35
09/06/1984,7.34
10/06/1984,7.36
11/06/1984,7.33
12/06/1984,7.28
13/06/1984,7.22
14/06/1984,7.18
15/06/1984,7.14
16/06/1984,7.09
17/06/1984,7.06
18/06/1984,7.04
19/06/1984,7.01
20/06/1984,6.96
21/06/1984,6.93
22/06/1984,6.91
23/06/1984,6.87
24/06/1984,6.85
25/06/1984,6.81
26/06/1984,6.85
27/06/1984,6.87
28/06/1984,6.91
29/06/1984,6.91
30/06/1984,6.88
01/07/1984,6.86
02/07/1984,6.86
03/07/1984,6.99
04/07/1984,7
05/07/1984,6.97
06/07/1984,7.16
07/07/1984,7.2
08/07/1984,7.16
09/07/1984,7.1
10/07/1984,7.26
11/07/1984,7.36
12/07/1984,7.56
13/07/1984,7.55
14/07/1984,7.42
15/07/1984,7.35
16/07/1984,7.21
17/07/1984,7.14
18/07/1984,7.06
19/07/1984,7
20/07/1984,6.94
21/07/1984,6.89
22/07/1984,6.84
23/07/1984,6.78
24/07/1984,6.75
25/07/1984,6.7
26/07/1984,6.67
27/07/1984,6.63
28/07/1984,6.58
29/07/1984,6.56
30/07/1984,6.52
31/07/1984,6.51
01/08/1984,6.49
02/08/1984,6.46
03/08/1984,6.44
04/08/1984,6.41
05/08/1984,6.39
06/08/1984,6.37
07/08/1984,6.35
08/08/1984,6.32
09/08/1984,6.31
10/08/1984,6.29
11/08/1984,6.27
12/08/1984,6.3
13/08/1984,6.33
14/08/1984,6.35
15/08/1984,6.34
16/08/1984,6.32
17/08/1984,6.31
18/08/1984,6.3
19/08/1984,6.29
20/08/1984,6.28
21/08/1984,6.27
22/08/1984,6.26
23/08/1984,6.25
24/08/1984,6.26
25/08/1984,6.26
26/08/1984,6.26
27/08/1984,6.27
28/08/1984,6.28
29/08/1984,6.28
30/08/1984,6.28
31/08/1984,6.29
01/09/1984,6.3
02/09/1984,6.3
03/09/1984,6.3
04/09/1984,6.3
05/09/1984,6.31
06/09/1984,6.31
07/09/1984,6.31
08/09/1984,6.31
09/09/1984,6.31
10/09/1984,6.31
11/09/1984,6.31
12/09/1984,6.31
13/09/1984,6.31
14/09/1984,6.31
15/09/1984,6.31
16/09/1984,6.32
17/09/1984,6.33
18/09/1984,6.33
19/09/1984,6.33
20/09/1984,6.46
21/09/1984,6.75
22/09/1984,6.83
23/09/1984,6.86
24/09/1984,6.86
25/09/1984,6.86
26/09/1984,6.86
27/09/1984,6.85
28/09/1984,6.85
29/09/1984,6.85
30/09/1984,6.85
01/10/1984,6.84
02/10/1984,6.83
03/10/1984,6.84
04/10/1984,6.86
05/10/1984,6.86
06/10/1984,6.85
07/10/1984,6.84
08/10/1984,6.83
09/10/1984,6.82
10/10/1984,6.81
11/10/1984,6.81
12/10/1984,6.8
13/10/1984,6.79
14/10/1984,6.78
15/10/1984,6.77
16/10/1984,6.76
17/10/1984,6.78
18/10/1984,6.78
19/10/1984,6.76
20/10/1984,6.76
21/10/1984,6.75
22/10/1984,6.75
23/10/1984,6.76
24/10/1984,6.75
25/10/1984,6.75
26/10/1984,6.73
27/10/1984,6.73
28/10/1984,7.21
29/10/1984,7.79
30/10/1984,7.85
31/10/1984,7.76
01/11/1984,7.73
02/11/1984,7.53
03/11/1984,7.43
04/11/1984,7.36
05/11/1984,7.28
06/11/1984,7.21
07/11/1984,7.17
08/11/1984,7.11
09/11/1984,7.2
10/11/1984,7.18
11/11/1984,7.26
12/11/1984,7.22
13/11/1984,7.17
14/11/1984,7.13
15/11/1984,7.08
16/11/1984,7.06
17/11/1984,7.01
18/11/1984,6.98
19/11/1984,6.96
20/11/1984,6.94
21/11/1984,6.93
22/11/1984,6.91
23/11/1984,6.89
24/11/1984,6.87
25/11/1984,6.86
26/11/1984,6.84
27/11/1984,6.81
28/11/1984,6.81
29/11/1984,6.78
30/11/1984,6.77
01/12/1984,6.76
02/12/1984,6.76
03/12/1984,6.75
04/12/1984,6.73
05/12/1984,6.71
06/12/1984,6.71
07/12/1984,6.7
08/12/1984,6.7
09/12/1984,6.69
10/12/1984,6.68
11/12/1984,6.67
12/12/1984,6.66
13/12/1984,6.66
14/12/1984,6.66
15/12/1984,6.65
16/12/1984,6.64
17/12/1984,6.63
18/12/1984,6.61
19/12/1984,6.61
20/12/1984,6.61
21/12/1984,6.57
22/12/1984,6.54
23/12/1984,6.51
24/12/1984,6.49
25/12/1984,6.46
26/12/1984,6.44
27/12/1984,6.42
28/12/1984,6.4
29/12/1984,6.38
30/12/1984,6.37
31/12/1984,6.36
01/01/1985,6.32
02/01/1985,6.31
03/01/1985,6.3
04/01/1985,6.29
05/01/1985,6.27
06/01/1985,6.27
07/01/1985,6.27
08/01/1985,6.26
09/01/1985,6.25
10/01/1985,6.23
11/01/1985,6.22
12/01/1985,6.2
13/01/1985,6.2
14/01/1985,6.19
15/01/1985,6.2
16/01/1985,6.19
17/01/1985,6.17
18/01/1985,6.16
19/01/1985,6.15
20/01/1985,6.14
21/01/1985,6.14
22/01/1985,6.12
23/01/1985,6.12
24/01/1985,6.11
25/01/1985,6.1
26/01/1985,6.09
27/01/1985,6.1
28/01/1985,6.1
29/01/1985,6.1
30/01/1985,6.1
31/01/1985,6.09
01/02/1985,6.09
02/02/1985,6.08
03/02/1985,6.08
04/02/1985,6.07
05/02/1985,6.07
06/02/1985,6.06
07/02/1985,6.06
08/02/1985,6.05
09/02/1985,6.05
10/02/1985,6.03
11/02/1985,6.03
12/02/1985,6.03
13/02/1985,6.01
14/02/1985,6.01
15/02/1985,6
16/02/1985,6
17/02/1985,6
18/02/1985,5.99
19/02/1985,5.99
20/02/1985,5.99
21/02/1985,5.99
22/02/1985,5.99
23/02/1985,5.98
24/02/1985,5.96
25/02/1985,5.96
26/02/1985,5.98
27/02/1985,5.94
28/02/1985,5.94
01/03/1985,5.93
02/03/1985,5.92
03/03/1985,5.91
04/03/1985,5.91
05/03/1985,5.91
06/03/1985,5.91
07/03/1985,5.91
08/03/1985,5.9
09/03/1985,5.9
10/03/1985,5.92
11/03/1985,5.93
12/03/1985,5.94
13/03/1985,5.94
14/03/1985,5.94
15/03/1985,5.95
16/03/1985,5.95
17/03/1985,5.94
18/03/1985,5.93
19/03/1985,5.93
20/03/1985,5.92
21/03/1985,5.92
22/03/1985,5.91
23/03/1985,5.91
24/03/1985,5.92
25/03/1985,5.92
26/03/1985,5.92
27/03/1985,5.99
28/03/1985,5.99
29/03/1985,6.01
30/03/1985,6.01
31/03/1985,6.01
01/04/1985,6.01
02/04/1985,6.05
03/04/1985,6.06
04/04/1985,6.06
05/04/1985,6.06
06/04/1985,6.09
07/04/1985,6.1
08/04/1985,6.1
09/04/1985,6.11
10/04/1985,6.15
11/04/1985,6.16
12/04/1985,6.17
13/04/1985,6.17
14/04/1985,6.26
15/04/1985,6.35
16/04/1985,6.36
17/04/1985,6.38
18/04/1985,6.38
19/04/1985,6.36
20/04/1985,6.36
21/04/1985,6.31
22/04/1985,6.32
23/04/1985,6.32
24/04/1985,6.31
25/04/1985,6.31
26/04/1985,6.3
27/04/1985,6.29
28/04/1985,6.29
29/04/1985,6.27
30/04/1985,6.27
01/05/1985,6.26
02/05/1985,6.26
03/05/1985,6.26
04/05/1985,6.25
05/05/1985,6.25
06/05/1985,6.23
07/05/1985,6.22
08/05/1985,6.21
09/05/1985,6.21
10/05/1985,6.21
11/05/1985,6.21
12/05/1985,6.21
13/05/1985,6.21
14/05/1985,6.21
15/05/1985,6.21
16/05/1985,6.21
17/05/1985,6.21
18/05/1985,6.3
19/05/1985,6.36
20/05/1985,6.39
21/05/1985,6.4
22/05/1985,6.4
23/05/1985,6.38
24/05/1985,6.37
25/05/1985,6.37
26/05/1985,6.4
27/05/1985,6.45
28/05/1985,6.46
29/05/1985,6.45
30/05/1985,6.45
31/05/1985,6.45
01/06/1985,6.67
02/06/1985,6.91
03/06/1985,6.91
04/06/1985,6.91
05/06/1985,6.85
06/06/1985,6.77
07/06/1985,6.76
08/06/1985,6.75
09/06/1985,6.69
10/06/1985,6.64
11/06/1985,6.58
12/06/1985,6.54
13/06/1985,6.5
14/06/1985,6.47
15/06/1985,6.44
16/06/1985,6.41
17/06/1985,6.38
18/06/1985,6.36
19/06/1985,6.33
20/06/1985,6.34
21/06/1985,6.36
22/06/1985,6.36
23/06/1985,6.35
24/06/1985,6.33
25/06/1985,6.34
26/06/1985,6.35
27/06/1985,6.35
28/06/1985,6.38
29/06/1985,6.45
30/06/1985,6.57
01/07/1985,6.75
02/07/1985,6.78
03/07/1985,6.77
04/07/1985,6.73
05/07/1985,6.67
06/07/1985,6.66
07/07/1985,6.62
08/07/1985,6.58
09/07/1985,6.55
10/07/1985,6.51
11/07/1985,6.51
12/07/1985,6.51
13/07/1985,6.5
14/07/1985,6.47
15/07/1985,6.44
16/07/1985,6.46
17/07/1985,6.46
18/07/1985,6.46
19/07/1985,6.46
20/07/1985,6.44
21/07/1985,6.43
22/07/1985,6.39
23/07/1985,6.39
24/07/1985,6.37
25/07/1985,6.36
26/07/1985,6.39
27/07/1985,6.41
28/07/1985,6.39
29/07/1985,6.41
30/07/1985,6.39
31/07/1985,6.43
01/08/1985,6.46
02/08/1985,6.45
03/08/1985,6.45
04/08/1985,6.42
05/08/1985,6.41
06/08/1985,6.49
07/08/1985,6.72
08/08/1985,6.81
09/08/1985,6.76
10/08/1985,6.72
11/08/1985,6.68
12/08/1985,6.65
13/08/1985,6.61
14/08/1985,6.56
15/08/1985,6.52
16/08/1985,6.5
17/08/1985,6.46
18/08/1985,6.43
19/08/1985,6.41
20/08/1985,6.41
21/08/1985,6.41
22/08/1985,6.41
23/08/1985,6.41
24/08/1985,6.41
25/08/1985,6.4
26/08/1985,6.4
27/08/1985,6.41
28/08/1985,6.42
29/08/1985,6.45
30/08/1985,6.45
31/08/1985,6.45
01/09/1985,6.42
02/09/1985,6.41
03/09/1985,6.42
04/09/1985,6.44
05/09/1985,6.43
06/09/1985,6.42
07/09/1985,6.42
08/09/1985,6.41
09/09/1985,6.41
10/09/1985,6.39
11/09/1985,6.39
12/09/1985,6.39
13/09/1985,6.4
14/09/1985,6.41
15/09/1985,6.42
16/09/1985,6.48
17/09/1985,6.65
18/09/1985,6.81
19/09/1985,6.76
20/09/1985,6.72
21/09/1985,6.67
22/09/1985,6.62
23/09/1985,6.59
24/09/1985,6.56
25/09/1985,6.55
26/09/1985,6.56
27/09/1985,6.56
28/09/1985,6.56
29/09/1985,6.53
30/09/1985,6.51
01/10/1985,6.5
02/10/1985,6.5
03/10/1985,6.5
04/10/1985,6.49
05/10/1985,6.49
06/10/1985,6.5
07/10/1985,6.49
08/10/1985,6.6
09/10/1985,6.61
10/10/1985,6.61
11/10/1985,6.61
12/10/1985,6.58
13/10/1985,6.56
14/10/1985,6.56
15/10/1985,6.63
16/10/1985,6.61
17/10/1985,6.6
18/10/1985,6.57
19/10/1985,6.71
20/10/1985,6.81
21/10/1985,6.81
22/10/1985,6.76
23/10/1985,6.71
24/10/1985,6.66
25/10/1985,6.61
26/10/1985,6.56
27/10/1985,6.52
28/10/1985,6.48
29/10/1985,6.45
30/10/1985,6.41
31/10/1985,6.39
01/11/1985,6.37
02/11/1985,6.35
03/11/1985,6.31
04/11/1985,6.31
05/11/1985,6.31
06/11/1985,6.31
07/11/1985,6.31
08/11/1985,6.31
09/11/1985,6.31
10/11/1985,6.34
11/11/1985,6.4
12/11/1985,6.41
13/11/1985,6.45
14/11/1985,6.46
15/11/1985,6.47
16/11/1985,6.47
17/11/1985,6.48
18/11/1985,6.48
19/11/1985,6.48
20/11/1985,6.47
21/11/1985,6.47
22/11/1985,6.47
23/11/1985,6.47
24/11/1985,6.47
25/11/1985,6.47
26/11/1985,6.47
27/11/1985,6.46
28/11/1985,6.46
29/11/1985,6.45
30/11/1985,6.45
01/12/1985,6.41
02/12/1985,6.4
03/12/1985,6.39
04/12/1985,6.36
05/12/1985,6.35
06/12/1985,6.31
07/12/1985,6.31
08/12/1985,6.3
09/12/1985,6.29
10/12/1985,6.3
11/12/1985,6.3
12/12/1985,6.29
13/12/1985,6.29
14/12/1985,6.29
15/12/1985,6.28
16/12/1985,6.28
17/12/1985,6.27
18/12/1985,6.26
19/12/1985,6.26
20/12/1985,6.26
21/12/1985,6.26
22/12/1985,6.24
23/12/1985,6.25
24/12/1985,6.23
25/12/1985,6.22
26/12/1985,6.21
27/12/1985,6.21
28/12/1985,6.21
29/12/1985,6.2
30/12/1985,6.2
31/12/1985,6.19
01/01/1986,6.18
02/01/1986,6.18
03/01/1986,6.17
04/01/1986,6.16
05/01/1986,6.15
06/01/1986,6.13
07/01/1986,6.12
08/01/1986,6.11
09/01/1986,6.11
10/01/1986,6.1
11/01/1986,6.1
12/01/1986,6.08
13/01/1986,6.06
14/01/1986,6.06
15/01/1986,6.06
16/01/1986,6.05
17/01/1986,6.11
18/01/1986,6.15
19/01/1986,6.13
20/01/1986,6.11
21/01/1986,6.11
22/01/1986,6.11
23/01/1986,6.09
24/01/1986,6.09
25/01/1986,6.08
26/01/1986,6.09
27/01/1986,6.08
28/01/1986,6.07
29/01/1986,6.08
30/01/1986,6.07
31/01/1986,6.07
01/02/1986,6.06
02/02/1986,6.06
03/02/1986,6.06
04/02/1986,6.05
05/02/1986,6.04
06/02/1986,6.03
07/02/1986,6.03
08/02/1986,6.02
09/02/1986,6.01
10/02/1986,6
11/02/1986,6
12/02/1986,6
13/02/1986,6
14/02/1986,5.99
15/02/1986,5.99
16/02/1986,6.01
17/02/1986,6.02
18/02/1986,6.03
19/02/1986,6.03
20/02/1986,6.02
21/02/1986,6.02
22/02/1986,6.01
23/02/1986,6.01
24/02/1986,6.01
25/02/1986,6
26/02/1986,6
27/02/1986,6
28/02/1986,6
01/03/1986,5.99
02/03/1986,5.99
03/03/1986,5.95
04/03/1986,5.95
05/03/1986,5.94
06/03/1986,5.94
07/03/1986,5.92
08/03/1986,5.92
09/03/1986,5.92
10/03/1986,5.91
11/03/1986,5.91
12/03/1986,5.91
13/03/1986,5.91
14/03/1986,5.9
15/03/1986,5.9
16/03/1986,5.9
17/03/1986,5.89
18/03/1986,5.89
19/03/1986,5.88
20/03/1986,5.88
21/03/1986,5.88
22/03/1986,5.87
23/03/1986,5.87
24/03/1986,5.86
25/03/1986,5.86
26/03/1986,5.85
27/03/1986,5.85
28/03/1986,5.85
29/03/1986,5.85
30/03/1986,5.85
31/03/1986,5.85
01/04/1986,5.84
02/04/1986,5.84
03/04/1986,5.84
04/04/1986,5.84
05/04/1986,5.85
06/04/1986,5.85
07/04/1986,5.84
08/04/1986,5.83
09/04/1986,5.82
10/04/1986,5.81
11/04/1986,5.81
12/04/1986,5.81
13/04/1986,5.89
14/04/1986,5.91
15/04/1986,5.91
16/04/1986,5.92
17/04/1986,5.94
18/04/1986,5.94
19/04/1986,5.94
20/04/1986,5.94
21/04/1986,5.94
22/04/1986,5.94
23/04/1986,5.94
24/04/1986,5.94
25/04/1986,5.93
26/04/1986,5.93
27/04/1986,5.92
28/04/1986,5.92
29/04/1986,5.92
30/04/1986,5.92
01/05/1986,5.92
02/05/1986,5.92
03/05/1986,5.92
04/05/1986,5.94
05/05/1986,5.94
06/05/1986,5.94
07/05/1986,5.95
08/05/1986,5.98
09/05/1986,5.99
10/05/1986,6
11/05/1986,6.01
12/05/1986,6.01
13/05/1986,6.01
14/05/1986,6.01
15/05/1986,6.01
16/05/1986,6.01
17/05/1986,6.01
18/05/1986,6.01
19/05/1986,6.01
20/05/1986,6.21
21/05/1986,6.41
22/05/1986,6.41
23/05/1986,6.41
24/05/1986,6.46
25/05/1986,6.56
26/05/1986,6.56
27/05/1986,6.51
28/05/1986,6.51
29/05/1986,6.51
30/05/1986,6.51
31/05/1986,6.49
01/06/1986,6.47
02/06/1986,6.46
03/06/1986,6.43
04/06/1986,6.41
05/06/1986,6.4
06/06/1986,6.39
07/06/1986,6.38
08/06/1986,6.37
09/06/1986,6.36
10/06/1986,6.36
11/06/1986,6.35
12/06/1986,6.35
13/06/1986,6.36
14/06/1986,6.41
15/06/1986,6.44
16/06/1986,6.45
17/06/1986,6.46
18/06/1986,6.51
19/06/1986,6.55
20/06/1986,6.56
21/06/1986,6.57
22/06/1986,6.57
23/06/1986,6.67
24/06/1986,6.96
25/06/1986,7.19
26/06/1986,7.2
27/06/1986,7.13
28/06/1986,7.06
29/06/1986,7.01
30/06/1986,6.96
01/07/1986,6.91
02/07/1986,6.86
03/07/1986,6.84
04/07/1986,6.78
05/07/1986,6.79
06/07/1986,6.69
07/07/1986,6.66
08/07/1986,6.64
09/07/1986,6.61
10/07/1986,6.58
11/07/1986,6.57
12/07/1986,6.56
13/07/1986,6.54
14/07/1986,6.61
15/07/1986,6.66
16/07/1986,6.74
17/07/1986,6.76
18/07/1986,6.76
19/07/1986,6.73
20/07/1986,6.71
21/07/1986,6.69
22/07/1986,6.66
23/07/1986,6.64
24/07/1986,6.61
25/07/1986,6.59
26/07/1986,6.56
27/07/1986,6.54
28/07/1986,6.52
29/07/1986,6.51
30/07/1986,6.56
31/07/1986,6.59
01/08/1986,6.58
02/08/1986,6.57
03/08/1986,6.57
04/08/1986,6.61
05/08/1986,6.61
06/08/1986,6.61
07/08/1986,6.61
08/08/1986,7.21
09/08/1986,7.59
10/08/1986,8.05
11/08/1986,8.25
12/08/1986,8.07
13/08/1986,7.87
14/08/1986,7.68
15/08/1986,7.62
16/08/1986,7.94
17/08/1986,8.25
18/08/1986,8.13
19/08/1986,7.91
20/08/1986,7.73
21/08/1986,7.56
22/08/1986,7.42
23/08/1986,7.37
24/08/1986,7.29
25/08/1986,7.19
26/08/1986,7.11
27/08/1986,7.04
28/08/1986,6.99
29/08/1986,6.96
30/08/1986,6.92
31/08/1986,6.86
01/09/1986,6.89
02/09/1986,6.89
03/09/1986,6.86
04/09/1986,7.11
05/09/1986,7.31
06/09/1986,7.3
07/09/1986,7.21
08/09/1986,7.14
09/09/1986,7.06
10/09/1986,7.01
11/09/1986,6.96
12/09/1986,6.91
13/09/1986,6.86
14/09/1986,6.82
15/09/1986,6.8
16/09/1986,6.76
17/09/1986,6.72
18/09/1986,6.75
19/09/1986,6.74
20/09/1986,6.71
21/09/1986,6.71
22/09/1986,6.66
23/09/1986,6.63
24/09/1986,6.61
25/09/1986,6.6
26/09/1986,6.58
27/09/1986,6.56
28/09/1986,6.54
29/09/1986,6.51
30/09/1986,6.51
01/10/1986,6.5
02/10/1986,6.47
03/10/1986,6.48
04/10/1986,6.56
05/10/1986,6.63
06/10/1986,6.66
07/10/1986,6.73
08/10/1986,6.72
09/10/1986,6.71
10/10/1986,6.69
11/10/1986,6.67
12/10/1986,6.66
13/10/1986,6.64
14/10/1986,6.61
15/10/1986,6.59
16/10/1986,6.56
17/10/1986,6.55
18/10/1986,6.51
19/10/1986,6.49
20/10/1986,6.47
21/10/1986,6.46
22/10/1986,6.46
23/10/1986,6.45
24/10/1986,6.43
25/10/1986,6.41
26/10/1986,6.4
27/10/1986,6.38
28/10/1986,6.37
29/10/1986,6.35
30/10/1986,6.35
31/10/1986,6.34
01/11/1986,6.33
02/11/1986,6.33
03/11/1986,6.32
04/11/1986,6.32
05/11/1986,6.31
06/11/1986,6.3
07/11/1986,6.3
08/11/1986,6.29
09/11/1986,6.32
10/11/1986,6.32
11/11/1986,6.33
12/11/1986,6.33
13/11/1986,6.33
14/11/1986,6.32
15/11/1986,6.3
16/11/1986,6.3
17/11/1986,6.3
18/11/1986,6.29
19/11/1986,6.36
20/11/1986,6.4
21/11/1986,6.4
22/11/1986,6.41
23/11/1986,6.45
24/11/1986,6.46
25/11/1986,6.52
26/11/1986,6.61
27/11/1986,6.62
28/11/1986,6.64
29/11/1986,6.65
30/11/1986,6.66
01/12/1986,6.63
02/12/1986,6.6
03/12/1986,6.57
04/12/1986,6.54
05/12/1986,6.52
06/12/1986,6.5
07/12/1986,6.48
08/12/1986,6.46
09/12/1986,6.45
10/12/1986,6.41
11/12/1986,6.41
12/12/1986,6.39
13/12/1986,6.37
14/12/1986,6.36
15/12/1986,6.35
16/12/1986,6.33
17/12/1986,6.31
18/12/1986,6.28
19/12/1986,6.26
20/12/1986,6.26
21/12/1986,6.28
22/12/1986,6.27
23/12/1986,6.25
24/12/1986,6.24
25/12/1986,6.23
26/12/1986,6.22
27/12/1986,6.22
28/12/1986,6.21
29/12/1986,6.21
30/12/1986,6.2
31/12/1986,6.19
01/01/1987,6.18
02/01/1987,6.16
03/01/1987,6.16
04/01/1987,6.15
05/01/1987,6.14
06/01/1987,6.13
07/01/1987,6.12
08/01/1987,6.11
09/01/1987,6.11
10/01/1987,6.1
11/01/1987,6.1
12/01/1987,6.08
13/01/1987,6.1
14/01/1987,6.07
15/01/1987,6.06
16/01/1987,6.05
17/01/1987,6.05
18/01/1987,6.05
19/01/1987,6.04
20/01/1987,6.02
21/01/1987,6.01
22/01/1987,6.01
23/01/1987,6.01
24/01/1987,6.01
25/01/1987,6
26/01/1987,6
27/01/1987,6
28/01/1987,5.99
29/01/1987,5.99
30/01/1987,5.99
31/01/1987,6.01
01/02/1987,6.01
02/02/1987,6.01
03/02/1987,5.99
04/02/1987,5.99
05/02/1987,5.98
06/02/1987,5.98
07/02/1987,5.98
08/02/1987,5.97
09/02/1987,5.97
10/02/1987,5.97
11/02/1987,5.97
12/02/1987,5.97
13/02/1987,5.96
14/02/1987,5.96
15/02/1987,5.95
16/02/1987,5.95
17/02/1987,5.95
18/02/1987,5.93
19/02/1987,5.93
20/02/1987,5.91
21/02/1987,5.91
22/02/1987,5.91
23/02/1987,5.91
24/02/1987,5.91
25/02/1987,5.91
26/02/1987,5.91
27/02/1987,5.93
28/02/1987,5.95
01/03/1987,5.95
02/03/1987,5.95
03/03/1987,5.95
04/03/1987,5.96
05/03/1987,6.06
06/03/1987,6.08
07/03/1987,6.09
08/03/1987,6.09
09/03/1987,6.08
10/03/1987,6.06
11/03/1987,6.06
12/03/1987,6.06
13/03/1987,6.06
14/03/1987,6.06
15/03/1987,6.06
16/03/1987,6.05
17/03/1987,6.04
18/03/1987,6.04
19/03/1987,6.04
20/03/1987,6.04
21/03/1987,6.05
22/03/1987,6.06
23/03/1987,6.06
24/03/1987,6.06
25/03/1987,6.08
26/03/1987,6.08
27/03/1987,6.07
28/03/1987,6.06
29/03/1987,6.06
30/03/1987,6.06
31/03/1987,6.06
01/04/1987,6.08
02/04/1987,6.11
03/04/1987,6.13
04/04/1987,6.14
05/04/1987,6.14
06/04/1987,6.12
07/04/1987,6.12
08/04/1987,6.12
09/04/1987,6.12
10/04/1987,6.11
11/04/1987,6.11
12/04/1987,6.1
13/04/1987,6.1
14/04/1987,6.1
15/04/1987,6.09
16/04/1987,6.1
17/04/1987,6.1
18/04/1987,6.09
19/04/1987,6.09
20/04/1987,6.09
21/04/1987,6.09
22/04/1987,6.09
23/04/1987,6.09
24/04/1987,6.09
25/04/1987,6.09
26/04/1987,6.08
27/04/1987,6.08
28/04/1987,6.08
29/04/1987,6.08
30/04/1987,6.08
01/05/1987,6.08
02/05/1987,6.09
03/05/1987,6.11
04/05/1987,6.13
05/05/1987,6.18
06/05/1987,6.18
07/05/1987,6.18
08/05/1987,6.18
09/05/1987,6.18
10/05/1987,6.17
11/05/1987,6.17
12/05/1987,6.16
13/05/1987,6.16
14/05/1987,6.15
15/05/1987,6.14
16/05/1987,6.14
17/05/1987,6.13
18/05/1987,6.13
19/05/1987,6.12
20/05/1987,6.11
21/05/1987,6.11
22/05/1987,6.1
23/05/1987,6.1
24/05/1987,6.11
25/05/1987,6.11
26/05/1987,6.11
27/05/1987,6.11
28/05/1987,6.1
29/05/1987,6.1
30/05/1987,6.1
31/05/1987,6.09
01/06/1987,6.08
02/06/1987,6.08
03/06/1987,6.08
04/06/1987,6.08
05/06/1987,6.08
06/06/1987,6.07
07/06/1987,6.06
08/06/1987,6.05
09/06/1987,6.06
10/06/1987,6.06
11/06/1987,6.06
12/06/1987,6.06
13/06/1987,6.06
14/06/1987,6.06
15/06/1987,6.06
16/06/1987,6.06
17/06/1987,6.06
18/06/1987,6.06
19/06/1987,6.06
20/06/1987,6.06
21/06/1987,6.05
22/06/1987,6.05
23/06/1987,6.04
24/06/1987,6.04
25/06/1987,6.04
26/06/1987,6.03
27/06/1987,6.03
28/06/1987,6.03
29/06/1987,6.03
30/06/1987,6.03
01/07/1987,6.03
02/07/1987,6.03
03/07/1987,6.06
04/07/1987,6.06
05/07/1987,6.06
06/07/1987,6.06
07/07/1987,6.06
08/07/1987,6.06
09/07/1987,6.06
10/07/1987,6.06
11/07/1987,6.06
12/07/1987,6.12
13/07/1987,6.13
14/07/1987,6.15
15/07/1987,6.15
16/07/1987,6.16
17/07/1987,6.16
18/07/1987,6.16
19/07/1987,6.15
20/07/1987,6.15
21/07/1987,6.14
22/07/1987,6.14
23/07/1987,6.13
24/07/1987,6.15
25/07/1987,6.15
26/07/1987,6.19
27/07/1987,6.22
28/07/1987,6.27
29/07/1987,6.27
30/07/1987,6.27
31/07/1987,6.27
01/08/1987,6.26
02/08/1987,6.25
03/08/1987,6.25
04/08/1987,6.23
05/08/1987,6.23
06/08/1987,6.24
07/08/1987,6.24
08/08/1987,6.24
09/08/1987,6.23
10/08/1987,6.22
11/08/1987,6.22
12/08/1987,6.21
13/08/1987,6.21
14/08/1987,6.21
15/08/1987,6.21
16/08/1987,6.21
17/08/1987,6.21
18/08/1987,6.21
19/08/1987,6.21
20/08/1987,6.21
21/08/1987,6.21
22/08/1987,6.2
23/08/1987,6.2
24/08/1987,6.2
25/08/1987,6.2
26/08/1987,6.2
27/08/1987,6.19
28/08/1987,6.19
29/08/1987,6.17
30/08/1987,6.17
31/08/1987,6.16
01/09/1987,6.16
02/09/1987,6.16
03/09/1987,6.16
04/09/1987,6.16
05/09/1987,6.16
06/09/1987,6.15
07/09/1987,6.15
08/09/1987,6.14
09/09/1987,6.15
10/09/1987,6.16
11/09/1987,6.16
12/09/1987,6.16
13/09/1987,6.15
14/09/1987,6.14
15/09/1987,6.16
16/09/1987,6.21
17/09/1987,6.21
18/09/1987,6.21
19/09/1987,6.2
20/09/1987,6.2
21/09/1987,6.19
22/09/1987,6.2
23/09/1987,6.19
24/09/1987,6.18
25/09/1987,6.18
26/09/1987,6.17
27/09/1987,6.17
28/09/1987,6.16
29/09/1987,6.16
30/09/1987,6.16
01/10/1987,6.14
02/10/1987,6.14
03/10/1987,6.14
04/10/1987,6.13
05/10/1987,6.13
06/10/1987,6.13
07/10/1987,6.12
08/10/1987,6.12
09/10/1987,6.11
10/10/1987,6.11
11/10/1987,6.12
12/10/1987,6.13
13/10/1987,6.13
14/10/1987,6.13
15/10/1987,6.16
16/10/1987,6.21
17/10/1987,6.26
18/10/1987,6.29
19/10/1987,6.3
20/10/1987,6.29
21/10/1987,6.29
22/10/1987,6.26
23/10/1987,6.26
24/10/1987,6.24
25/10/1987,6.24
26/10/1987,6.22
27/10/1987,6.21
28/10/1987,6.21
29/10/1987,6.21
30/10/1987,6.2
31/10/1987,6.19
01/11/1987,6.19
02/11/1987,6.18
03/11/1987,6.17
04/11/1987,6.16
05/11/1987,6.16
06/11/1987,6.16
07/11/1987,6.17
08/11/1987,6.16
09/11/1987,6.15
10/11/1987,6.14
11/11/1987,6.14
12/11/1987,6.13
13/11/1987,6.12
14/11/1987,6.11
15/11/1987,6.13
16/11/1987,6.15
17/11/1987,6.15
18/11/1987,6.15
19/11/1987,6.14
20/11/1987,6.14
21/11/1987,6.13
22/11/1987,6.13
23/11/1987,6.12
24/11/1987,6.12
25/11/1987,6.11
26/11/1987,6.11
27/11/1987,6.11
28/11/1987,6.1
29/11/1987,6.1
30/11/1987,6.1
01/12/1987,6.09
02/12/1987,6.09
03/12/1987,6.07
04/12/1987,6.07
05/12/1987,6.06
06/12/1987,6.06
07/12/1987,6.05
08/12/1987,6.05
09/12/1987,6.05
10/12/1987,6.04
11/12/1987,6.04
12/12/1987,6.03
13/12/1987,6.03
14/12/1987,6.02
15/12/1987,6.02
16/12/1987,6.01
17/12/1987,6.01
18/12/1987,6.01
19/12/1987,6.01
20/12/1987,6
21/12/1987,6
22/12/1987,6
23/12/1987,6
24/12/1987,5.99
25/12/1987,5.99
26/12/1987,5.98
27/12/1987,5.98
28/12/1987,5.97
29/12/1987,5.96
30/12/1987,5.96
31/12/1987,5.96
01/01/1988,5.96
02/01/1988,5.96
03/01/1988,5.97
04/01/1988,6
05/01/1988,6.06
06/01/1988,6.06
07/01/1988,6.06
08/01/1988,6.05
09/01/1988,6.04
10/01/1988,6.04
11/01/1988,6.04
12/01/1988,6.04
13/01/1988,6.04
14/01/1988,6.06
15/01/1988,6.05
16/01/1988,6.05
17/01/1988,6.05
18/01/1988,6.09
19/01/1988,6.09
20/01/1988,6.07
21/01/1988,6.07
22/01/1988,6.06
23/01/1988,6.06
24/01/1988,6.06
25/01/1988,6.05
26/01/1988,6.04
27/01/1988,6.04
28/01/1988,6.07
29/01/1988,6.08
30/01/1988,6.11
31/01/1988,6.11
01/02/1988,6.11
02/02/1988,6.11
03/02/1988,6.11
04/02/1988,6.11
05/02/1988,6.11
06/02/1988,6.11
07/02/1988,6.11
08/02/1988,6.1
09/02/1988,6.1
10/02/1988,6.1
11/02/1988,6.09
12/02/1988,6.08
13/02/1988,6.07
14/02/1988,6.07
15/02/1988,6.06
16/02/1988,6.06
17/02/1988,6.05
18/02/1988,6.06
19/02/1988,6.06
20/02/1988,6.06
21/02/1988,6.06
22/02/1988,6.06
23/02/1988,6.04
24/02/1988,6.06
25/02/1988,6.06
26/02/1988,6.08
27/02/1988,6.1
28/02/1988,6.1
29/02/1988,6.1
01/03/1988,6.09
02/03/1988,6.09
03/03/1988,6.08
04/03/1988,6.07
05/03/1988,6.07
06/03/1988,6.06
07/03/1988,6.06
08/03/1988,6.05
09/03/1988,6.05
10/03/1988,6.04
11/03/1988,6.04
12/03/1988,6.04
13/03/1988,6.04
14/03/1988,6.04
15/03/1988,6.04
16/03/1988,6.03
17/03/1988,6.03
18/03/1988,6.03
19/03/1988,6.02
20/03/1988,6.02
21/03/1988,6.01
22/03/1988,6.01
23/03/1988,6.01
24/03/1988,6.05
25/03/1988,6.03
26/03/1988,6.15
27/03/1988,6.57
28/03/1988,7.17
29/03/1988,7.16
30/03/1988,7.11
31/03/1988,6.97
01/04/1988,6.88
02/04/1988,6.8
03/04/1988,6.77
04/04/1988,6.67
05/04/1988,6.61
06/04/1988,6.56
07/04/1988,6.51
08/04/1988,6.46
09/04/1988,6.44
10/04/1988,6.4
11/04/1988,6.36
12/04/1988,6.34
13/04/1988,6.33
14/04/1988,6.31
15/04/1988,6.28
16/04/1988,6.26
17/04/1988,6.24
18/04/1988,6.22
19/04/1988,6.21
20/04/1988,6.2
21/04/1988,6.21
22/04/1988,6.21
23/04/1988,6.21
24/04/1988,6.19
25/04/1988,6.18
26/04/1988,6.17
27/04/1988,6.16
28/04/1988,6.15
29/04/1988,6.14
30/04/1988,6.14
01/05/1988,6.14
02/05/1988,6.12
03/05/1988,6.11
04/05/1988,6.11
05/05/1988,6.11
06/05/1988,6.1
07/05/1988,6.1
08/05/1988,6.1
09/05/1988,6.09
10/05/1988,6.09
11/05/1988,6.09
12/05/1988,6.08
13/05/1988,6.08
14/05/1988,6.08
15/05/1988,6.07
16/05/1988,6.07
17/05/1988,6.09
18/05/1988,6.09
19/05/1988,6.08
20/05/1988,6.07
21/05/1988,6.06
22/05/1988,6.06
23/05/1988,6.05
24/05/1988,6.05
25/05/1988,6.04
26/05/1988,6.04
27/05/1988,6.04
28/05/1988,6.04
29/05/1988,6.03
30/05/1988,6.03
31/05/1988,6.03
01/06/1988,6.05
02/06/1988,6.05
03/06/1988,6.05
04/06/1988,6.05
05/06/1988,6.05
06/06/1988,6.05
07/06/1988,6.05
08/06/1988,6.04
09/06/1988,6.04
10/06/1988,6.04
11/06/1988,6.04
12/06/1988,6.04
13/06/1988,6.04
14/06/1988,6.04
15/06/1988,6.04
16/06/1988,6.04
17/06/1988,6.04
18/06/1988,6.04
19/06/1988,6.04
20/06/1988,6.03
21/06/1988,6.03
22/06/1988,6.03
23/06/1988,6.02
24/06/1988,6.02
25/06/1988,6.02
26/06/1988,6.02
27/06/1988,6.02
28/06/1988,6.02
29/06/1988,6.02
30/06/1988,6.02
01/07/1988,6.02
02/07/1988,6.02
03/07/1988,6.04
04/07/1988,6.06
05/07/1988,6.1
06/07/1988,6.11
07/07/1988,6.11
08/07/1988,6.11
09/07/1988,6.11
10/07/1988,6.1
11/07/1988,6.1
12/07/1988,6.1
13/07/1988,6.1
14/07/1988,6.09
15/07/1988,6.09
16/07/1988,6.09
17/07/1988,6.09
18/07/1988,6.08
19/07/1988,6.08
20/07/1988,6.07
21/07/1988,6.07
22/07/1988,6.09
23/07/1988,6.1
24/07/1988,6.11
25/07/1988,6.13
26/07/1988,6.15
27/07/1988,6.15
28/07/1988,6.16
29/07/1988,6.15
30/07/1988,6.15
31/07/1988,6.16
01/08/1988,6.16
02/08/1988,6.16
03/08/1988,6.16
04/08/1988,6.16
05/08/1988,6.16
06/08/1988,6.16
07/08/1988,6.15
08/08/1988,6.15
09/08/1988,6.14
10/08/1988,6.13
11/08/1988,6.12
12/08/1988,6.12
13/08/1988,6.11
14/08/1988,6.11
15/08/1988,6.15
16/08/1988,6.22
17/08/1988,6.22
18/08/1988,6.22
19/08/1988,6.23
20/08/1988,6.23
21/08/1988,6.24
22/08/1988,6.24
23/08/1988,6.23
24/08/1988,6.22
25/08/1988,6.21
26/08/1988,6.2
27/08/1988,6.18
28/08/1988,6.18
29/08/1988,6.17
30/08/1988,6.16
31/08/1988,6.15
01/09/1988,6.15
02/09/1988,6.12
03/09/1988,6.11
04/09/1988,6.11
05/09/1988,6.11
06/09/1988,6.11
07/09/1988,6.11
08/09/1988,6.11
09/09/1988,6.1
10/09/1988,6.1
11/09/1988,6.09
12/09/1988,6.09
13/09/1988,6.09
14/09/1988,6.08
15/09/1988,6.08
16/09/1988,6.08
17/09/1988,6.07
18/09/1988,6.07
19/09/1988,6.06
20/09/1988,6.06
21/09/1988,6.05
22/09/1988,6.05
23/09/1988,6.16
24/09/1988,6.18
25/09/1988,6.21
26/09/1988,6.25
27/09/1988,6.3
28/09/1988,6.27
29/09/1988,6.24
30/09/1988,6.21
01/10/1988,6.18
02/10/1988,6.16
03/10/1988,6.16
04/10/1988,6.16
05/10/1988,6.15
06/10/1988,6.15
07/10/1988,6.14
08/10/1988,6.13
09/10/1988,6.12
10/10/1988,6.12
11/10/1988,6.11
12/10/1988,6.11
13/10/1988,6.1
14/10/1988,6.1
15/10/1988,6.09
16/10/1988,6.09
17/10/1988,6.08
18/10/1988,6.08
19/10/1988,6.07
20/10/1988,6.07
21/10/1988,6.06
22/10/1988,6.06
23/10/1988,6.06
24/10/1988,6.06
25/10/1988,6.06
26/10/1988,6.07
27/10/1988,6.07
28/10/1988,6.06
29/10/1988,6.06
30/10/1988,6.06
31/10/1988,6.07
01/11/1988,6.11
02/11/1988,6.12
03/11/1988,6.12
04/11/1988,6.11
05/11/1988,6.11
06/11/1988,6.1
07/11/1988,6.1
08/11/1988,6.1
09/11/1988,6.09
10/11/1988,6.09
11/11/1988,6.08
12/11/1988,6.12
13/11/1988,6.13
14/11/1988,6.14
15/11/1988,6.15
16/11/1988,6.15
17/11/1988,6.14
18/11/1988,6.13
19/11/1988,6.12
20/11/1988,6.11
21/11/1988,6.11
22/11/1988,6.39
23/11/1988,6.77
24/11/1988,6.78
25/11/1988,6.72
26/11/1988,6.69
27/11/1988,6.61
28/11/1988,6.56
29/11/1988,6.51
30/11/1988,6.46
01/12/1988,6.43
02/12/1988,6.41
03/12/1988,6.39
04/12/1988,6.37
05/12/1988,6.35
06/12/1988,6.32
07/12/1988,6.27
08/12/1988,6.23
09/12/1988,6.21
10/12/1988,6.19
11/12/1988,6.17
12/12/1988,6.17
13/12/1988,6.16
14/12/1988,6.15
15/12/1988,6.14
16/12/1988,6.13
17/12/1988,6.12
18/12/1988,6.11
19/12/1988,6.11
20/12/1988,6.11
21/12/1988,6.1
22/12/1988,6.09
23/12/1988,6.08
24/12/1988,6.07
25/12/1988,6.07
26/12/1988,6.06
27/12/1988,6.05
28/12/1988,6.04
29/12/1988,6.04
30/12/1988,6.03
31/12/1988,6.02
01/01/1989,6.01
02/01/1989,6
03/01/1989,6
04/01/1989,5.99
05/01/1989,5.99
06/01/1989,5.98
07/01/1989,5.98
08/01/1989,5.97
09/01/1989,5.97
10/01/1989,5.96
11/01/1989,5.95
12/01/1989,5.95
13/01/1989,5.95
14/01/1989,5.94
15/01/1989,5.93
16/01/1989,5.92
17/01/1989,5.91
18/01/1989,5.9
19/01/1989,5.9
20/01/1989,5.89
21/01/1989,5.89
22/01/1989,5.88
23/01/1989,5.88
24/01/1989,5.87
25/01/1989,5.86
26/01/1989,5.86
27/01/1989,5.85
28/01/1989,5.84
29/01/1989,5.83
30/01/1989,5.82
31/01/1989,5.81
01/02/1989,5.81
02/02/1989,5.81
03/02/1989,5.8
04/02/1989,5.79
05/02/1989,5.78
06/02/1989,5.78
07/02/1989,5.77
08/02/1989,5.77
09/02/1989,5.76
10/02/1989,5.76
11/02/1989,5.75
12/02/1989,5.73
13/02/1989,5.72
14/02/1989,5.71
15/02/1989,5.71
16/02/1989,5.7
17/02/1989,5.7
18/02/1989,5.69
19/02/1989,5.69
20/02/1989,5.68
21/02/1989,5.67
22/02/1989,5.71
23/02/1989,5.71
24/02/1989,5.71
25/02/1989,5.7
26/02/1989,5.69
27/02/1989,5.68
28/02/1989,5.67
01/03/1989,5.67
02/03/1989,5.66
03/03/1989,5.66
04/03/1989,5.66
05/03/1989,5.65
06/03/1989,5.65
07/03/1989,5.64
08/03/1989,5.64
09/03/1989,5.61
10/03/1989,5.61
11/03/1989,5.61
12/03/1989,5.61
13/03/1989,5.61
14/03/1989,5.6
15/03/1989,5.6
16/03/1989,5.6
17/03/1989,5.56
18/03/1989,5.56
19/03/1989,5.56
20/03/1989,5.56
21/03/1989,5.56
22/03/1989,5.56
23/03/1989,5.56
24/03/1989,5.55
25/03/1989,5.56
26/03/1989,5.56
27/03/1989,5.56
28/03/1989,5.56
29/03/1989,5.56
30/03/1989,5.56
31/03/1989,5.55
01/04/1989,5.55
02/04/1989,5.57
03/04/1989,5.53
04/04/1989,5.53
05/04/1989,5.52
06/04/1989,5.52
07/04/1989,5.52
08/04/1989,5.51
09/04/1989,5.51
10/04/1989,5.61
11/04/1989,5.65
12/04/1989,5.65
13/04/1989,5.65
14/04/1989,5.65
15/04/1989,5.64
16/04/1989,5.66
17/04/1989,5.66
18/04/1989,5.66
19/04/1989,5.66
20/04/1989,5.66
21/04/1989,5.66
22/04/1989,5.66
23/04/1989,5.66
24/04/1989,5.65
25/04/1989,5.65
26/04/1989,5.65
27/04/1989,5.65
28/04/1989,5.65
29/04/1989,5.65
30/04/1989,5.64
01/05/1989,5.64
02/05/1989,5.64
03/05/1989,5.63
04/05/1989,5.63
05/05/1989,5.63
06/05/1989,5.63
07/05/1989,5.63
08/05/1989,5.62
09/05/1989,5.62
10/05/1989,5.62
11/05/1989,5.62
12/05/1989,5.62
13/05/1989,5.61
14/05/1989,5.61
15/05/1989,5.61
16/05/1989,5.7
17/05/1989,5.71
18/05/1989,5.73
19/05/1989,5.73
20/05/1989,5.73
21/05/1989,5.73
22/05/1989,5.73
23/05/1989,5.73
24/05/1989,5.74
25/05/1989,5.74
26/05/1989,5.74
27/05/1989,5.74
28/05/1989,5.74
29/05/1989,5.74
30/05/1989,5.74
31/05/1989,5.74
01/06/1989,5.74
02/06/1989,5.75
03/06/1989,5.75
04/06/1989,5.75
05/06/1989,5.73
06/06/1989,5.73
07/06/1989,5.73
08/06/1989,5.73
09/06/1989,5.73
10/06/1989,5.72
11/06/1989,5.72
12/06/1989,5.72
13/06/1989,5.72
14/06/1989,5.72
15/06/1989,5.72
16/06/1989,5.72
17/06/1989,5.72
18/06/1989,5.72
19/06/1989,5.72
20/06/1989,5.72
21/06/1989,5.72
22/06/1989,5.73
23/06/1989,5.74
24/06/1989,5.74
25/06/1989,5.74
26/06/1989,5.74
27/06/1989,5.74
28/06/1989,5.75
29/06/1989,5.75
30/06/1989,5.75
01/07/1989,5.75
02/07/1989,5.75
03/07/1989,5.75
04/07/1989,5.75
05/07/1989,5.75
06/07/1989,5.75
07/07/1989,5.75
08/07/1989,5.75
09/07/1989,5.75
10/07/1989,5.75
11/07/1989,5.75
12/07/1989,5.75
13/07/1989,5.75
14/07/1989,5.75
15/07/1989,5.75
16/07/1989,5.75
17/07/1989,5.75
18/07/1989,5.75
19/07/1989,5.75
20/07/1989,5.75
21/07/1989,5.75
22/07/1989,5.75
23/07/1989,5.75
24/07/1989,5.92
25/07/1989,5.96
26/07/1989,5.98
27/07/1989,6.01
28/07/1989,6.05
29/07/1989,6.12
30/07/1989,6.16
31/07/1989,6.16
01/08/1989,6.16
02/08/1989,6.16
03/08/1989,6.17
04/08/1989,6.36
05/08/1989,6.61
06/08/1989,6.59
07/08/1989,6.57
08/08/1989,6.54
09/08/1989,6.51
10/08/1989,6.49
11/08/1989,6.47
12/08/1989,6.44
13/08/1989,6.4
14/08/1989,6.39
15/08/1989,6.36
16/08/1989,6.34
17/08/1989,6.32
18/08/1989,6.31
19/08/1989,6.31
20/08/1989,6.36
21/08/1989,6.51
22/08/1989,6.71
23/08/1989,6.71
24/08/1989,6.68
25/08/1989,6.65
26/08/1989,6.61
27/08/1989,6.56
28/08/1989,6.51
29/08/1989,6.47
30/08/1989,6.45
31/08/1989,6.43
01/09/1989,6.41
02/09/1989,6.39
03/09/1989,6.36
04/09/1989,6.35
05/09/1989,6.32
06/09/1989,6.31
07/09/1989,6.31
08/09/1989,6.3
09/09/1989,6.28
10/09/1989,6.26
11/09/1989,6.26
12/09/1989,6.25
13/09/1989,6.25
14/09/1989,6.26
15/09/1989,6.26
16/09/1989,6.26
17/09/1989,6.26
18/09/1989,6.25
19/09/1989,6.25
20/09/1989,6.23
21/09/1989,6.21
22/09/1989,6.21
23/09/1989,6.21
24/09/1989,6.2
25/09/1989,6.19
26/09/1989,6.18
27/09/1989,6.17
28/09/1989,6.16
29/09/1989,6.15
30/09/1989,6.15
01/10/1989,6.14
02/10/1989,6.14
03/10/1989,6.13
04/10/1989,6.12
05/10/1989,6.11
06/10/1989,6.1
07/10/1989,6.09
08/10/1989,6.09
09/10/1989,6.08
10/10/1989,6.08
11/10/1989,6.08
12/10/1989,6.07
13/10/1989,6.07
14/10/1989,6.07
15/10/1989,6.07
16/10/1989,6.06
17/10/1989,6.06
18/10/1989,6.06
19/10/1989,6.06
20/10/1989,6.05
21/10/1989,6.05
22/10/1989,6.05
23/10/1989,6.05
24/10/1989,6.05
25/10/1989,6.04
26/10/1989,6.04
27/10/1989,6.03
28/10/1989,6.03
29/10/1989,6.03
30/10/1989,6.02
31/10/1989,6.01
01/11/1989,5.96
02/11/1989,5.96
03/11/1989,6.01
04/11/1989,6.01
05/11/1989,6.01
06/11/1989,6.01
07/11/1989,6.01
08/11/1989,6.01
09/11/1989,6.01
10/11/1989,5.96
11/11/1989,6
12/11/1989,6
13/11/1989,6
14/11/1989,6
15/11/1989,6
16/11/1989,6
17/11/1989,6
18/11/1989,6
19/11/1989,6
20/11/1989,5.99
21/11/1989,5.99
22/11/1989,5.99
23/11/1989,5.99
24/11/1989,5.99
25/11/1989,5.98
26/11/1989,5.97
27/11/1989,5.96
28/11/1989,5.96
29/11/1989,5.96
30/11/1989,5.96
01/12/1989,5.95
02/12/1989,5.95
03/12/1989,5.95
04/12/1989,5.94
05/12/1989,5.93
06/12/1989,5.92
07/12/1989,5.91
08/12/1989,5.9
09/12/1989,5.89
10/12/1989,5.89
11/12/1989,5.89
12/12/1989,5.88
13/12/1989,5.88
14/12/1989,5.88
15/12/1989,5.87
16/12/1989,5.87
17/12/1989,5.89
18/12/1989,5.91
19/12/1989,5.91
20/12/1989,5.91
21/12/1989,5.91
22/12/1989,5.9
23/12/1989,5.9
24/12/1989,5.89
25/12/1989,5.88
26/12/1989,5.88
27/12/1989,5.87
28/12/1989,5.86
29/12/1989,5.86
30/12/1989,5.85
31/12/1989,5.84
01/01/1990,5.83
02/01/1990,5.82
03/01/1990,5.81
04/01/1990,5.8
05/01/1990,5.8
06/01/1990,5.79
07/01/1990,5.79
08/01/1990,5.78
09/01/1990,5.77
10/01/1990,5.76
11/01/1990,5.75
12/01/1990,5.74
13/01/1990,5.73
14/01/1990,5.72
15/01/1990,5.71
16/01/1990,5.7
17/01/1990,5.69
18/01/1990,5.69
19/01/1990,5.68
20/01/1990,5.68
21/01/1990,5.67
22/01/1990,5.67
23/01/1990,5.66
24/01/1990,5.65
25/01/1990,5.66
26/01/1990,5.66
27/01/1990,5.66
28/01/1990,5.65
29/01/1990,5.64
30/01/1990,5.74
31/01/1990,5.74
01/02/1990,5.74
02/02/1990,5.74
03/02/1990,5.76
04/02/1990,5.76
05/02/1990,5.77
06/02/1990,5.76
07/02/1990,5.76
08/02/1990,5.76
09/02/1990,5.86
10/02/1990,5.86
11/02/1990,5.87
12/02/1990,5.88
13/02/1990,5.88
14/02/1990,5.87
15/02/1990,5.88
16/02/1990,5.87
17/02/1990,5.87
18/02/1990,5.87
19/02/1990,5.87
20/02/1990,5.87
21/02/1990,5.87
22/02/1990,5.87
23/02/1990,5.86
24/02/1990,5.85
25/02/1990,5.85
26/02/1990,5.87
27/02/1990,5.9
28/02/1990,5.91
01/03/1990,5.95
02/03/1990,5.93
03/03/1990,5.95
04/03/1990,5.95
05/03/1990,5.95
06/03/1990,5.95
07/03/1990,5.94
08/03/1990,5.94
09/03/1990,5.94
10/03/1990,5.95
11/03/1990,5.94
12/03/1990,5.94
13/03/1990,5.94
14/03/1990,5.93
15/03/1990,5.93
16/03/1990,5.92
17/03/1990,5.92
18/03/1990,5.91
19/03/1990,5.91
20/03/1990,5.91
21/03/1990,5.91
22/03/1990,5.91
23/03/1990,5.9
24/03/1990,5.9
25/03/1990,5.9
26/03/1990,5.91
27/03/1990,5.93
28/03/1990,5.94
29/03/1990,5.96
30/03/1990,5.96
31/03/1990,5.95
01/04/1990,5.95
02/04/1990,5.98
03/04/1990,5.98
04/04/1990,5.98
05/04/1990,5.98
06/04/1990,5.98
07/04/1990,5.98
08/04/1990,5.98
09/04/1990,5.98
10/04/1990,5.97
11/04/1990,5.97
12/04/1990,5.97
13/04/1990,5.98
14/04/1990,5.99
15/04/1990,6.11
16/04/1990,6.36
17/04/1990,6.36
18/04/1990,6.41
19/04/1990,6.41
20/04/1990,6.41
21/04/1990,6.41
22/04/1990,6.41
23/04/1990,6.5
24/04/1990,6.56
25/04/1990,6.55
26/04/1990,6.55
27/04/1990,6.56
28/04/1990,6.54
29/04/1990,6.51
30/04/1990,6.48
01/05/1990,6.45
02/05/1990,6.43
03/05/1990,6.4
04/05/1990,6.37
05/05/1990,6.35
06/05/1990,6.31
07/05/1990,6.3
08/05/1990,6.27
09/05/1990,6.26
10/05/1990,6.25
11/05/1990,6.24
12/05/1990,6.23
13/05/1990,6.22
14/05/1990,6.21
15/05/1990,6.2
16/05/1990,6.19
17/05/1990,6.18
18/05/1990,6.17
19/05/1990,6.16
20/05/1990,6.16
21/05/1990,6.16
22/05/1990,6.16
23/05/1990,6.15
24/05/1990,6.15
25/05/1990,6.14
26/05/1990,6.13
27/05/1990,6.12
28/05/1990,6.12
29/05/1990,6.12
30/05/1990,6.13
31/05/1990,6.13
01/06/1990,6.15
02/06/1990,6.13
03/06/1990,6.12
04/06/1990,6.14
05/06/1990,6.27
06/06/1990,6.41
07/06/1990,6.46
08/06/1990,6.43
09/06/1990,6.41
10/06/1990,6.39
11/06/1990,6.37
12/06/1990,6.35
13/06/1990,6.33
14/06/1990,6.31
15/06/1990,6.29
16/06/1990,6.28
17/06/1990,6.26
18/06/1990,6.26
19/06/1990,6.24
20/06/1990,6.22
21/06/1990,6.21
22/06/1990,6.2
23/06/1990,6.19
24/06/1990,6.19
25/06/1990,6.18
26/06/1990,6.18
27/06/1990,6.17
28/06/1990,6.16
29/06/1990,6.15
30/06/1990,6.15
01/07/1990,6.14
02/07/1990,6.14
03/07/1990,6.13
04/07/1990,6.13
05/07/1990,6.13
06/07/1990,6.13
07/07/1990,6.12
08/07/1990,6.12
09/07/1990,6.11
10/07/1990,6.11
11/07/1990,6.1
12/07/1990,6.1
13/07/1990,6.09
14/07/1990,6.09
15/07/1990,6.08
16/07/1990,6.11
17/07/1990,6.12
18/07/1990,6.12
19/07/1990,6.12
20/07/1990,6.11
21/07/1990,6.11
22/07/1990,6.1
23/07/1990,6.1
24/07/1990,6.1
25/07/1990,6.09
26/07/1990,6.09
27/07/1990,6.08
28/07/1990,6.07
29/07/1990,6.06
30/07/1990,6.06
31/07/1990,6.07
01/08/1990,6.07
02/08/1990,6.07
03/08/1990,6.07
04/08/1990,6.07
05/08/1990,6.07
06/08/1990,6.07
07/08/1990,6.06
08/08/1990,6.06
09/08/1990,6.06
10/08/1990,6.06
11/08/1990,6.06
12/08/1990,6.06
13/08/1990,6.05
14/08/1990,6.05
15/08/1990,6.06
16/08/1990,6.06
17/08/1990,6.06
18/08/1990,6.06
19/08/1990,6.05
20/08/1990,6.05
21/08/1990,6.04
22/08/1990,6.04
23/08/1990,6.04
24/08/1990,6.04
25/08/1990,6.03
26/08/1990,6.02
27/08/1990,6.01
28/08/1990,6.01
29/08/1990,6.03
30/08/1990,6.01
31/08/1990,6.01
01/09/1990,6.01
02/09/1990,6.01
03/09/1990,6.01
04/09/1990,6.01
05/09/1990,6.01
06/09/1990,6.01
07/09/1990,6.05
08/09/1990,6.15
09/09/1990,6.16
10/09/1990,6.18
11/09/1990,6.21
12/09/1990,6.25
13/09/1990,6.26
14/09/1990,6.26
15/09/1990,6.25
16/09/1990,6.22
17/09/1990,6.21
18/09/1990,6.2
19/09/1990,6.21
20/09/1990,6.21
21/09/1990,6.21
22/09/1990,6.2
23/09/1990,6.2
24/09/1990,6.19
25/09/1990,6.17
26/09/1990,6.16
27/09/1990,6.16
28/09/1990,6.15
29/09/1990,6.14
30/09/1990,6.14
01/10/1990,6.14
02/10/1990,6.11
03/10/1990,6.11
04/10/1990,6.12
05/10/1990,6.16
06/10/1990,6.31
07/10/1990,6.39
08/10/1990,6.4
09/10/1990,6.37
10/10/1990,6.36
11/10/1990,6.36
12/10/1990,6.32
13/10/1990,6.31
14/10/1990,6.29
15/10/1990,6.27
16/10/1990,6.25
17/10/1990,6.23
18/10/1990,6.22
19/10/1990,6.21
20/10/1990,6.2
21/10/1990,6.19
22/10/1990,6.19
23/10/1990,6.17
24/10/1990,6.16
25/10/1990,6.14
26/10/1990,6.14
27/10/1990,6.14
28/10/1990,6.14
29/10/1990,6.15
30/10/1990,6.19
31/10/1990,6.21
01/11/1990,6.2
02/11/1990,6.2
03/11/1990,6.26
04/11/1990,6.29
05/11/1990,6.36
06/11/1990,6.35
07/11/1990,6.31
08/11/1990,6.31
09/11/1990,6.3
10/11/1990,6.27
11/11/1990,6.25
12/11/1990,6.24
13/11/1990,6.24
14/11/1990,6.25
15/11/1990,6.26
16/11/1990,6.31
17/11/1990,6.33
18/11/1990,6.33
19/11/1990,6.31
20/11/1990,6.29
21/11/1990,6.27
22/11/1990,6.26
23/11/1990,6.26
24/11/1990,6.24
25/11/1990,6.22
26/11/1990,6.2
27/11/1990,6.19
28/11/1990,6.21
29/11/1990,6.2
30/11/1990,6.19
01/12/1990,6.18
02/12/1990,6.25
03/12/1990,6.31
04/12/1990,6.35
05/12/1990,6.38
06/12/1990,6.41
07/12/1990,6.42
08/12/1990,6.46
09/12/1990,6.47
10/12/1990,6.47
11/12/1990,6.48
12/12/1990,6.47
13/12/1990,6.47
14/12/1990,6.46
15/12/1990,6.46
16/12/1990,6.46
17/12/1990,6.46
18/12/1990,6.51
19/12/1990,6.51
20/12/1990,6.51
21/12/1990,6.51
22/12/1990,6.51
23/12/1990,6.51
24/12/1990,6.51
25/12/1990,6.5
26/12/1990,6.5
27/12/1990,6.5
28/12/1990,6.49
29/12/1990,6.48
30/12/1990,6.48
31/12/1990,6.47
01/01/1991,6.44
02/01/1991,6.41
03/01/1991,6.46
04/01/1991,6.46
05/01/1991,6.46
06/01/1991,6.46
07/01/1991,6.45
08/01/1991,6.44
09/01/1991,6.41
10/01/1991,6.41
11/01/1991,6.4
12/01/1991,6.4
13/01/1991,6.39
14/01/1991,6.38
15/01/1991,6.38
16/01/1991,6.37
17/01/1991,6.36
18/01/1991,6.36
19/01/1991,6.36
20/01/1991,6.35
21/01/1991,6.36
22/01/1991,6.36
23/01/1991,6.36
24/01/1991,6.35
25/01/1991,6.35
26/01/1991,6.34
27/01/1991,6.33
28/01/1991,6.32
29/01/1991,6.32
30/01/1991,6.31
31/01/1991,6.31
01/02/1991,6.31
02/02/1991,6.3
03/02/1991,6.29
04/02/1991,6.29
05/02/1991,6.28
06/02/1991,6.28
07/02/1991,6.27
08/02/1991,6.26
09/02/1991,6.26
10/02/1991,6.26
11/02/1991,6.25
12/02/1991,6.25
13/02/1991,6.24
14/02/1991,6.23
15/02/1991,6.22
16/02/1991,6.21
17/02/1991,6.21
18/02/1991,6.21
19/02/1991,6.2
20/02/1991,6.2
21/02/1991,6.19
22/02/1991,6.18
23/02/1991,6.17
24/02/1991,6.17
25/02/1991,6.17
26/02/1991,6.16
27/02/1991,6.16
28/02/1991,6.16
01/03/1991,6.16
02/03/1991,6.16
03/03/1991,6.16
04/03/1991,6.15
05/03/1991,6.14
06/03/1991,6.13
07/03/1991,6.12
08/03/1991,6.11
09/03/1991,6.11
10/03/1991,6.11
11/03/1991,6.11
12/03/1991,6.11
13/03/1991,6.1
14/03/1991,6.1
15/03/1991,6.09
16/03/1991,6.08
17/03/1991,6.07
18/03/1991,6.07
19/03/1991,6.07
20/03/1991,6.07
21/03/1991,6.06
22/03/1991,6.06
23/03/1991,6.06
24/03/1991,6.05
25/03/1991,6.05
26/03/1991,6.04
27/03/1991,6.04
28/03/1991,6.03
29/03/1991,6.03
30/03/1991,6.02
31/03/1991,6.01
01/04/1991,6.01
02/04/1991,6.01
03/04/1991,6
04/04/1991,6
05/04/1991,5.99
06/04/1991,5.99
07/04/1991,6
08/04/1991,6
09/04/1991,6
10/04/1991,6
11/04/1991,6
12/04/1991,6
13/04/1991,5.99
14/04/1991,5.99
15/04/1991,5.99
16/04/1991,6.01
17/04/1991,6.02
18/04/1991,5.99
19/04/1991,6
20/04/1991,6
21/04/1991,6.01
22/04/1991,6
23/04/1991,6
24/04/1991,6
25/04/1991,5.99
26/04/1991,5.99
27/04/1991,5.99
28/04/1991,5.99
29/04/1991,5.99
30/04/1991,5.99
01/05/1991,6.01
02/05/1991,6.02
03/05/1991,6.03
04/05/1991,6.05
05/05/1991,6.05
06/05/1991,6.05
07/05/1991,6.05
08/05/1991,6.05
09/05/1991,6.05
10/05/1991,6.05
11/05/1991,6.05
12/05/1991,6.04
13/05/1991,6.04
14/05/1991,6.04
15/05/1991,6.04
16/05/1991,6.04
17/05/1991,6.04
18/05/1991,6.04
19/05/1991,6.04
20/05/1991,6.04
21/05/1991,6.04
22/05/1991,6.06
23/05/1991,6.05
24/05/1991,6.05
25/05/1991,6.04
26/05/1991,6.04
27/05/1991,6.05
28/05/1991,6.05
29/05/1991,6.05
30/05/1991,6.05
31/05/1991,6.05
01/06/1991,6.05
02/06/1991,6.05
03/06/1991,6.07
04/06/1991,6.08
05/06/1991,6.1
06/06/1991,6.09
07/06/1991,6.11
08/06/1991,6.11
09/06/1991,6.11
10/06/1991,6.11
11/06/1991,6.11
12/06/1991,6.12
13/06/1991,6.12
14/06/1991,6.12
15/06/1991,6.13
16/06/1991,6.13
17/06/1991,6.13
18/06/1991,6.14
19/06/1991,6.33
20/06/1991,6.46
21/06/1991,6.45
22/06/1991,6.44
23/06/1991,6.41
24/06/1991,6.39
25/06/1991,6.37
26/06/1991,6.34
27/06/1991,6.33
28/06/1991,6.32
29/06/1991,6.31
30/06/1991,6.29
01/07/1991,6.28
02/07/1991,6.26
03/07/1991,6.24
04/07/1991,6.23
05/07/1991,6.23
06/07/1991,6.21
07/07/1991,6.2
08/07/1991,6.19
09/07/1991,6.18
10/07/1991,6.22
11/07/1991,6.25
12/07/1991,6.25
13/07/1991,6.26
14/07/1991,6.25
15/07/1991,6.24
16/07/1991,6.24
17/07/1991,6.24
18/07/1991,6.27
19/07/1991,6.34
20/07/1991,6.38
21/07/1991,6.48
22/07/1991,6.62
23/07/1991,6.63
24/07/1991,6.61
25/07/1991,6.58
26/07/1991,6.54
27/07/1991,6.51
28/07/1991,6.48
29/07/1991,6.45
30/07/1991,6.59
31/07/1991,6.76
01/08/1991,6.74
02/08/1991,6.7
03/08/1991,6.66
04/08/1991,6.62
05/08/1991,6.58
06/08/1991,6.54
07/08/1991,6.51
08/08/1991,6.48
09/08/1991,6.43
10/08/1991,6.7
11/08/1991,6.88
12/08/1991,6.86
13/08/1991,6.8
14/08/1991,6.75
15/08/1991,6.69
16/08/1991,6.64
17/08/1991,6.59
18/08/1991,6.57
19/08/1991,6.52
20/08/1991,6.48
21/08/1991,6.45
22/08/1991,6.43
23/08/1991,6.43
24/08/1991,6.45
25/08/1991,6.45
26/08/1991,6.46
27/08/1991,6.57
28/08/1991,6.59
29/08/1991,6.55
30/08/1991,6.53
31/08/1991,6.49
01/09/1991,6.46
02/09/1991,6.44
03/09/1991,6.4
04/09/1991,6.41
05/09/1991,6.41
06/09/1991,6.4
07/09/1991,6.37
08/09/1991,6.36
09/09/1991,6.33
10/09/1991,6.33
11/09/1991,6.29
12/09/1991,6.27
13/09/1991,6.26
14/09/1991,6.26
15/09/1991,6.25
16/09/1991,6.24
17/09/1991,6.24
18/09/1991,6.27
19/09/1991,6.27
20/09/1991,6.26
21/09/1991,6.26
22/09/1991,6.25
23/09/1991,6.24
24/09/1991,6.23
25/09/1991,6.21
26/09/1991,6.21
27/09/1991,6.19
28/09/1991,6.18
29/09/1991,6.18
30/09/1991,6.18
01/10/1991,6.19
02/10/1991,6.18
03/10/1991,6.17
04/10/1991,6.16
05/10/1991,6.16
06/10/1991,6.16
07/10/1991,6.16
08/10/1991,6.16
09/10/1991,6.16
10/10/1991,6.16
11/10/1991,6.16
12/10/1991,6.17
13/10/1991,6.17
14/10/1991,6.19
15/10/1991,6.25
16/10/1991,6.31
17/10/1991,6.35
18/10/1991,6.35
19/10/1991,6.37
20/10/1991,6.36
21/10/1991,6.35
22/10/1991,6.36
23/10/1991,6.59
24/10/1991,6.78
25/10/1991,6.76
26/10/1991,6.72
27/10/1991,6.67
28/10/1991,6.61
29/10/1991,6.58
30/10/1991,6.51
31/10/1991,6.48
01/11/1991,6.45
02/11/1991,6.42
03/11/1991,6.39
04/11/1991,6.36
05/11/1991,6.34
06/11/1991,6.34
07/11/1991,6.33
08/11/1991,6.3
09/11/1991,6.27
10/11/1991,6.27
11/11/1991,6.25
12/11/1991,6.25
13/11/1991,6.24
14/11/1991,6.21
15/11/1991,6.2
16/11/1991,6.2
17/11/1991,6.2
18/11/1991,6.18
19/11/1991,6.19
20/11/1991,6.19
21/11/1991,6.18
22/11/1991,6.18
23/11/1991,6.18
24/11/1991,6.21
25/11/1991,6.24
26/11/1991,6.26
27/11/1991,6.26
28/11/1991,6.23
29/11/1991,6.27
30/11/1991,6.29
01/12/1991,6.26
02/12/1991,6.27
03/12/1991,6.27
04/12/1991,6.26
05/12/1991,6.28
06/12/1991,6.28
07/12/1991,6.28
08/12/1991,6.28
09/12/1991,6.28
10/12/1991,6.31
11/12/1991,6.33
12/12/1991,6.33
13/12/1991,6.33
14/12/1991,6.32
15/12/1991,6.32
16/12/1991,6.32
17/12/1991,6.33
18/12/1991,6.32
19/12/1991,6.31
20/12/1991,6.32
21/12/1991,6.32
22/12/1991,6.31
23/12/1991,6.31
24/12/1991,6.31
25/12/1991,6.31
26/12/1991,6.29
27/12/1991,6.29
28/12/1991,6.29
29/12/1991,6.29
30/12/1991,6.28
31/12/1991,6.27
01/01/1992,6.26
02/01/1992,6.29
03/01/1992,6.31
04/01/1992,6.28
05/01/1992,6.27
06/01/1992,6.27
07/01/1992,6.27
08/01/1992,6.26
09/01/1992,6.26
10/01/1992,6.26
11/01/1992,6.25
12/01/1992,6.24
13/01/1992,6.24
14/01/1992,6.23
15/01/1992,6.22
16/01/1992,6.21
17/01/1992,6.21
18/01/1992,6.2
19/01/1992,6.19
20/01/1992,6.18
21/01/1992,6.18
22/01/1992,6.18
23/01/1992,6.17
24/01/1992,6.16
25/01/1992,6.15
26/01/1992,6.15
27/01/1992,6.15
28/01/1992,6.14
29/01/1992,6.14
30/01/1992,6.14
31/01/1992,6.14
01/02/1992,6.13
02/02/1992,6.14
03/02/1992,6.14
04/02/1992,6.14
05/02/1992,6.15
06/02/1992,6.15
07/02/1992,6.14
08/02/1992,6.14
09/02/1992,6.14
10/02/1992,6.14
11/02/1992,6.14
12/02/1992,6.14
13/02/1992,6.14
14/02/1992,6.13
15/02/1992,6.13
16/02/1992,6.12
17/02/1992,6.12
18/02/1992,6.11
19/02/1992,6.11
20/02/1992,6.11
21/02/1992,6.12
22/02/1992,6.13
23/02/1992,6.12
24/02/1992,6.11
25/02/1992,6.11
26/02/1992,6.11
27/02/1992,6.11
28/02/1992,6.11
29/02/1992,6.1
01/03/1992,6.09
02/03/1992,6.09
03/03/1992,6.08
04/03/1992,6.08
05/03/1992,6.09
06/03/1992,6.08
07/03/1992,6.08
08/03/1992,6.07
09/03/1992,6.07
10/03/1992,6.09
11/03/1992,6.1
12/03/1992,6.09
13/03/1992,6.09
14/03/1992,6.09
15/03/1992,6.09
16/03/1992,6.09
17/03/1992,6.08
18/03/1992,6.08
19/03/1992,6.1
20/03/1992,6.09
21/03/1992,6.09
22/03/1992,6.09
23/03/1992,6.09
24/03/1992,6.09
25/03/1992,6.09
26/03/1992,6.09
27/03/1992,6.09
28/03/1992,6.08
29/03/1992,6.08
30/03/1992,6.08
31/03/1992,6.09
01/04/1992,6.08
02/04/1992,6.08
03/04/1992,6.08
04/04/1992,6.08
05/04/1992,6.1
06/04/1992,6.1
07/04/1992,6.11
08/04/1992,6.11
09/04/1992,6.11
10/04/1992,6.11
11/04/1992,6.13
12/04/1992,6.13
13/04/1992,6.13
14/04/1992,6.12
15/04/1992,6.12
16/04/1992,6.13
17/04/1992,6.14
18/04/1992,6.16
19/04/1992,6.16
20/04/1992,6.18
21/04/1992,6.18
22/04/1992,6.19
23/04/1992,6.19
24/04/1992,6.21
25/04/1992,6.23
26/04/1992,6.25
27/04/1992,6.25
28/04/1992,6.24
29/04/1992,6.28
30/04/1992,6.39
01/05/1992,6.46
02/05/1992,6.44
03/05/1992,6.43
04/05/1992,6.41
05/05/1992,6.4
06/05/1992,6.37
07/05/1992,6.39
08/05/1992,6.35
09/05/1992,6.34
10/05/1992,6.45
11/05/1992,6.57
12/05/1992,6.7
13/05/1992,6.71
14/05/1992,6.66
15/05/1992,6.62
16/05/1992,6.58
17/05/1992,6.54
18/05/1992,6.49
19/05/1992,6.46
20/05/1992,6.43
21/05/1992,6.4
22/05/1992,6.37
23/05/1992,6.35
24/05/1992,6.34
25/05/1992,6.29
26/05/1992,6.27
27/05/1992,6.29
28/05/1992,6.3
29/05/1992,6.31
30/05/1992,6.34
31/05/1992,6.33
01/06/1992,6.31
02/06/1992,6.31
03/06/1992,6.3
04/06/1992,6.29
05/06/1992,6.35
06/06/1992,6.4
07/06/1992,6.41
08/06/1992,6.43
09/06/1992,6.43
10/06/1992,6.41
11/06/1992,6.39
12/06/1992,6.38
13/06/1992,6.36
14/06/1992,6.35
15/06/1992,6.33
16/06/1992,6.33
17/06/1992,6.31
18/06/1992,6.31
19/06/1992,6.32
20/06/1992,6.31
21/06/1992,6.29
22/06/1992,6.33
23/06/1992,6.4
24/06/1992,6.44
25/06/1992,6.44
26/06/1992,6.44
27/06/1992,6.43
28/06/1992,6.42
29/06/1992,6.4
30/06/1992,6.38
01/07/1992,6.37
02/07/1992,6.35
03/07/1992,6.31
04/07/1992,6.31
05/07/1992,6.3
06/07/1992,6.28
07/07/1992,6.28
08/07/1992,6.26
09/07/1992,6.25
10/07/1992,6.23
11/07/1992,6.23
12/07/1992,6.22
13/07/1992,6.21
14/07/1992,6.29
15/07/1992,6.41
16/07/1992,6.41
17/07/1992,6.41
18/07/1992,6.39
19/07/1992,6.48
20/07/1992,6.56
21/07/1992,6.56
22/07/1992,6.53
23/07/1992,6.51
24/07/1992,6.5
25/07/1992,6.47
26/07/1992,6.44
27/07/1992,6.45
28/07/1992,6.44
29/07/1992,6.43
30/07/1992,6.39
31/07/1992,6.37
01/08/1992,6.36
02/08/1992,6.35
03/08/1992,6.32
04/08/1992,6.31
05/08/1992,6.3
06/08/1992,6.29
07/08/1992,6.26
08/08/1992,6.27
09/08/1992,6.27
10/08/1992,6.26
11/08/1992,6.25
12/08/1992,6.24
13/08/1992,6.23
14/08/1992,6.22
15/08/1992,6.21
16/08/1992,6.2
17/08/1992,6.2
18/08/1992,6.18
19/08/1992,6.19
20/08/1992,6.18
21/08/1992,6.17
22/08/1992,6.19
23/08/1992,6.19
24/08/1992,6.19
25/08/1992,6.19
26/08/1992,6.18
27/08/1992,6.19
28/08/1992,6.21
29/08/1992,6.21
30/08/1992,6.24
31/08/1992,6.3
01/09/1992,6.41
02/09/1992,6.47
03/09/1992,6.5
04/09/1992,6.51
05/09/1992,6.53
06/09/1992,6.53
07/09/1992,6.55
08/09/1992,6.54
09/09/1992,6.56
10/09/1992,6.58
11/09/1992,6.56
12/09/1992,6.58
13/09/1992,6.57
14/09/1992,6.55
15/09/1992,6.54
16/09/1992,6.52
17/09/1992,6.51
18/09/1992,6.49
19/09/1992,6.48
20/09/1992,6.47
21/09/1992,6.46
22/09/1992,6.49
23/09/1992,6.53
24/09/1992,6.53
25/09/1992,6.49
26/09/1992,6.5
27/09/1992,6.5
28/09/1992,6.48
29/09/1992,6.47
30/09/1992,6.46
01/10/1992,6.44
02/10/1992,6.43
03/10/1992,6.42
04/10/1992,6.41
05/10/1992,6.39
06/10/1992,6.37
07/10/1992,6.36
08/10/1992,6.35
09/10/1992,6.34
10/10/1992,6.33
11/10/1992,6.32
12/10/1992,6.31
13/10/1992,6.3
14/10/1992,6.29
15/10/1992,6.28
16/10/1992,6.33
17/10/1992,6.4
18/10/1992,6.41
19/10/1992,6.4
20/10/1992,6.38
21/10/1992,6.38
22/10/1992,6.37
23/10/1992,6.36
24/10/1992,6.37
25/10/1992,6.34
26/10/1992,6.34
27/10/1992,6.34
28/10/1992,6.36
29/10/1992,6.38
30/10/1992,6.39
31/10/1992,6.37
01/11/1992,6.36
02/11/1992,6.36
03/11/1992,6.37
04/11/1992,6.42
05/11/1992,6.58
06/11/1992,6.58
07/11/1992,6.56
08/11/1992,6.53
09/11/1992,6.46
10/11/1992,6.44
11/11/1992,6.43
12/11/1992,6.41
13/11/1992,6.39
14/11/1992,6.34
15/11/1992,6.35
16/11/1992,6.33
17/11/1992,6.28
18/11/1992,6.28
19/11/1992,6.25
20/11/1992,6.25
21/11/1992,6.21
22/11/1992,6.21
23/11/1992,6.22
24/11/1992,6.2
25/11/1992,6.2
26/11/1992,6.2
27/11/1992,6.18
28/11/1992,6.16
29/11/1992,6.14
30/11/1992,6.15
01/12/1992,6.14
02/12/1992,6.13
03/12/1992,6.12
04/12/1992,6.11
05/12/1992,6.1
06/12/1992,6.12
07/12/1992,6.12
08/12/1992,6.11
09/12/1992,6.11
10/12/1992,6.09
11/12/1992,6.09
12/12/1992,6.09
13/12/1992,6.09
14/12/1992,6.09
15/12/1992,6.08
16/12/1992,6.08
17/12/1992,6.07
18/12/1992,6.06
19/12/1992,6.06
20/12/1992,6.06
21/12/1992,6.05
22/12/1992,6.05
23/12/1992,6.05
24/12/1992,6.05
25/12/1992,6.02
26/12/1992,6.01
27/12/1992,6.01
28/12/1992,5.99
29/12/1992,5.99
30/12/1992,5.99
31/12/1992,5.98
01/01/1993,6.04
02/01/1993,6.05
03/01/1993,6.06
04/01/1993,6.06
05/01/1993,6.07
06/01/1993,6.07
07/01/1993,6.07
08/01/1993,6.04
09/01/1993,6.05
10/01/1993,6.06
11/01/1993,6.07
12/01/1993,6.08
13/01/1993,6.09
14/01/1993,6.11
15/01/1993,6.11
16/01/1993,6.11
17/01/1993,6.12
18/01/1993,6.13
19/01/1993,6.14
20/01/1993,6.14
21/01/1993,6.14
22/01/1993,6.14
23/01/1993,6.15
24/01/1993,6.15
25/01/1993,6.16
26/01/1993,6.16
27/01/1993,6.17
28/01/1993,6.17
29/01/1993,6.13
30/01/1993,6.13
31/01/1993,6.14
01/02/1993,6.14
02/02/1993,6.15
03/02/1993,6.16
04/02/1993,6.16
05/02/1993,6.17
06/02/1993,6.17
07/02/1993,6.15
08/02/1993,6.11
09/02/1993,6.06
10/02/1993,6.01
11/02/1993,6.03
12/02/1993,6.04
13/02/1993,6.04
14/02/1993,6.05
15/02/1993,6.05
16/02/1993,6.05
17/02/1993,6.05
18/02/1993,6.05
19/02/1993,6.07
20/02/1993,6.07
21/02/1993,6.07
22/02/1993,6.08
23/02/1993,6.08
24/02/1993,6.08
25/02/1993,6.08
26/02/1993,6.08
27/02/1993,6.08
28/02/1993,6.08
01/03/1993,6.08
02/03/1993,6.09
03/03/1993,6.11
04/03/1993,6.11
05/03/1993,6.11
06/03/1993,6.11
07/03/1993,6.11
08/03/1993,6.11
09/03/1993,6.11
10/03/1993,6.11
11/03/1993,6.11
12/03/1993,6.1
13/03/1993,6.09
14/03/1993,6.09
15/03/1993,6.11
16/03/1993,6.09
17/03/1993,6.09
18/03/1993,6.09
19/03/1993,6.09
20/03/1993,6.08
21/03/1993,6.08
22/03/1993,6.07
23/03/1993,6.07
24/03/1993,6.07
25/03/1993,6.06
26/03/1993,6.06
27/03/1993,6.06
28/03/1993,6.06
29/03/1993,6.05
30/03/1993,6.05
31/03/1993,6.05
01/04/1993,6.05
02/04/1993,6.05
03/04/1993,6.05
04/04/1993,6.07
05/04/1993,6.07
06/04/1993,6.09
07/04/1993,6.08
08/04/1993,6.07
09/04/1993,6.06
10/04/1993,6.06
11/04/1993,6.06
12/04/1993,6.07
13/04/1993,6.07
14/04/1993,6.09
15/04/1993,6.27
16/04/1993,6.51
17/04/1993,6.47
18/04/1993,6.53
19/04/1993,6.54
20/04/1993,6.57
21/04/1993,6.81
22/04/1993,6.89
23/04/1993,6.89
24/04/1993,6.76
25/04/1993,6.73
26/04/1993,6.67
27/04/1993,6.61
28/04/1993,6.56
29/04/1993,6.53
30/04/1993,6.48
01/05/1993,6.46
02/05/1993,6.43
03/05/1993,6.46
04/05/1993,6.47
05/05/1993,6.6
06/05/1993,6.62
07/05/1993,6.27
08/05/1993,6.55
09/05/1993,6.52
10/05/1993,6.5
11/05/1993,6.53
12/05/1993,6.54
13/05/1993,6.54
14/05/1993,6.52
15/05/1993,6.49
16/05/1993,6.46
17/05/1993,6.44
18/05/1993,6.41
19/05/1993,6.38
20/05/1993,6.36
21/05/1993,6.34
22/05/1993,6.33
23/05/1993,6.31
24/05/1993,6.3
25/05/1993,6.28
26/05/1993,6.26
27/05/1993,6.25
28/05/1993,6.24
29/05/1993,6.23
30/05/1993,6.22
31/05/1993,6.21
01/06/1993,6.21
02/06/1993,6.21
03/06/1993,6.2
04/06/1993,6.19
05/06/1993,6.19
06/06/1993,6.18
07/06/1993,6.18
08/06/1993,6.21
09/06/1993,6.19
10/06/1993,6.23
11/06/1993,6.24
12/06/1993,6.24
13/06/1993,6.24
14/06/1993,6.23
15/06/1993,6.28
16/06/1993,6.36
17/06/1993,6.37
18/06/1993,6.36
19/06/1993,6.35
20/06/1993,6.34
21/06/1993,6.33
22/06/1993,6.31
23/06/1993,6.29
24/06/1993,6.28
25/06/1993,6.27
26/06/1993,6.27
27/06/1993,6.25
28/06/1993,6.24
29/06/1993,6.22
30/06/1993,6.21
01/07/1993,6.19
02/07/1993,6.19
03/07/1993,6.19
04/07/1993,6.18
05/07/1993,6.17
06/07/1993,6.25
07/07/1993,6.35
08/07/1993,6.36
09/07/1993,6.36
10/07/1993,6.25
11/07/1993,6.25
12/07/1993,6.24
13/07/1993,6.26
14/07/1993,6.28
15/07/1993,6.26
16/07/1993,6.25
17/07/1993,6.25
18/07/1993,6.19
19/07/1993,6.21
20/07/1993,6.21
21/07/1993,6.21
22/07/1993,6.2
23/07/1993,6.3
24/07/1993,6.19
25/07/1993,6.19
26/07/1993,6.18
27/07/1993,6.18
28/07/1993,6.18
29/07/1993,6.19
30/07/1993,6.21
31/07/1993,6.35
01/08/1993,6.57
02/08/1993,6.58
03/08/1993,6.57
04/08/1993,6.54
05/08/1993,6.52
06/08/1993,6.48
07/08/1993,6.46
08/08/1993,6.44
09/08/1993,6.41
10/08/1993,6.38
11/08/1993,6.36
12/08/1993,6.34
13/08/1993,6.32
14/08/1993,6.3
15/08/1993,6.28
16/08/1993,6.27
17/08/1993,6.27
18/08/1993,6.25
19/08/1993,6.23
20/08/1993,6.23
21/08/1993,6.22
22/08/1993,6.21
23/08/1993,6.2
24/08/1993,6.2
25/08/1993,6.18
26/08/1993,6.17
27/08/1993,6.17
28/08/1993,6.17
29/08/1993,6.16
30/08/1993,6.15
31/08/1993,6.24
01/09/1993,6.35
02/09/1993,6.41
03/09/1993,6.51
04/09/1993,6.51
05/09/1993,6.49
06/09/1993,6.47
07/09/1993,6.45
08/09/1993,6.42
09/09/1993,6.39
10/09/1993,6.37
11/09/1993,6.36
12/09/1993,6.34
13/09/1993,6.31
14/09/1993,6.28
15/09/1993,6.27
16/09/1993,6.25
17/09/1993,6.24
18/09/1993,6.25
19/09/1993,6.26
20/09/1993,6.25
21/09/1993,6.24
22/09/1993,6.22
23/09/1993,6.2
24/09/1993,6.19
25/09/1993,6.18
26/09/1993,6.17
27/09/1993,6.19
28/09/1993,6.19
29/09/1993,6.2
30/09/1993,6.19
01/10/1993,6.19
02/10/1993,6.2
03/10/1993,6.2
04/10/1993,6.2
05/10/1993,6.19
06/10/1993,6.19
07/10/1993,6.18
08/10/1993,6.17
09/10/1993,6.16
10/10/1993,6.15
11/10/1993,6.15
12/10/1993,6.13
13/10/1993,6.14
14/10/1993,6.14
15/10/1993,6.14
16/10/1993,6.15
17/10/1993,6.61
18/10/1993,7.47
19/10/1993,7.29
20/10/1993,7.17
21/10/1993,7.11
22/10/1993,7.03
23/10/1993,6.93
24/10/1993,6.84
25/10/1993,6.77
26/10/1993,6.71
27/10/1993,6.65
28/10/1993,6.63
29/10/1993,6.55
30/10/1993,6.66
31/10/1993,6.83
01/11/1993,7.05
02/11/1993,7.01
03/11/1993,6.93
04/11/1993,6.84
05/11/1993,6.74
06/11/1993,6.71
07/11/1993,6.66
08/11/1993,6.6
09/11/1993,6.55
10/11/1993,6.51
11/11/1993,6.47
12/11/1993,6.45
13/11/1993,6.4
14/11/1993,6.38
15/11/1993,6.35
16/11/1993,6.34
17/11/1993,6.42
18/11/1993,6.54
19/11/1993,6.66
20/11/1993,6.7
21/11/1993,6.67
22/11/1993,6.61
23/11/1993,6.58
24/11/1993,6.54
25/11/1993,6.49
26/11/1993,6.49
27/11/1993,6.77
28/11/1993,6.84
29/11/1993,6.82
30/11/1993,6.79
01/12/1993,6.74
02/12/1993,6.65
03/12/1993,6.64
04/12/1993,6.79
05/12/1993,7.01
06/12/1993,7.07
07/12/1993,6.98
08/12/1993,6.9
09/12/1993,6.82
10/12/1993,6.74
11/12/1993,6.66
12/12/1993,6.62
13/12/1993,6.59
14/12/1993,6.57
15/12/1993,6.53
16/12/1993,6.49
17/12/1993,6.46
18/12/1993,6.43
19/12/1993,6.39
20/12/1993,6.34
21/12/1993,6.32
22/12/1993,6.29
23/12/1993,6.27
24/12/1993,6.26
25/12/1993,6.25
26/12/1993,6.26
27/12/1993,6.26
28/12/1993,6.28
29/12/1993,6.25
30/12/1993,6.25
31/12/1993,6.24
01/01/1994,6.22
02/01/1994,6.2
03/01/1994,6.19
04/01/1994,6.19
05/01/1994,6.18
06/01/1994,6.17
07/01/1994,6.15
08/01/1994,6.15
09/01/1994,6.13
10/01/1994,6.12
11/01/1994,6.12
12/01/1994,6.11
13/01/1994,6.11
14/01/1994,6.1
15/01/1994,6.1
16/01/1994,6.08
17/01/1994,6.06
18/01/1994,6.05
19/01/1994,6.05
20/01/1994,6.05
21/01/1994,6.05
22/01/1994,6.05
23/01/1994,6.05
24/01/1994,6.05
25/01/1994,6.06
26/01/1994,6.06
27/01/1994,6.06
28/01/1994,6.06
29/01/1994,6.05
30/01/1994,6.05
31/01/1994,6.14
01/02/1994,6.14
02/02/1994,6.15
03/02/1994,6.14
04/02/1994,6.24
05/02/1994,6.26
06/02/1994,6.25
07/02/1994,6.25
08/02/1994,6.26
09/02/1994,6.26
10/02/1994,6.24
11/02/1994,6.24
12/02/1994,6.23
13/02/1994,6.22
14/02/1994,6.22
15/02/1994,6.21
16/02/1994,6.2
17/02/1994,6.19
18/02/1994,6.18
19/02/1994,6.18
20/02/1994,6.17
21/02/1994,6.16
22/02/1994,6.15
23/02/1994,6.14
24/02/1994,6.14
25/02/1994,6.13
26/02/1994,6.13
27/02/1994,6.13
28/02/1994,6.12
01/03/1994,6.11
02/03/1994,6.11
03/03/1994,6.1
04/03/1994,6.09
05/03/1994,6.09
06/03/1994,6.08
07/03/1994,6.08
08/03/1994,6.08
09/03/1994,6.08
10/03/1994,6.08
11/03/1994,6.09
12/03/1994,6.08
13/03/1994,6.09
14/03/1994,6.09
15/03/1994,6.09
16/03/1994,6.08
17/03/1994,6.07
18/03/1994,6.06
19/03/1994,6.07
20/03/1994,6.08
21/03/1994,6.12
22/03/1994,6.11
23/03/1994,6.12
24/03/1994,6.13
25/03/1994,6.13
26/03/1994,6.13
27/03/1994,6.13
28/03/1994,6.14
29/03/1994,6.12
30/03/1994,6.12
31/03/1994,6.12
01/04/1994,6.11
02/04/1994,6.11
03/04/1994,6.11
04/04/1994,6.13
05/04/1994,6.18
06/04/1994,6.18
07/04/1994,6.25
08/04/1994,6.33
09/04/1994,6.35
10/04/1994,6.36
11/04/1994,6.37
12/04/1994,6.38
13/04/1994,6.38
14/04/1994,6.38
15/04/1994,6.38
16/04/1994,6.38
17/04/1994,6.38
18/04/1994,6.37
19/04/1994,6.37
20/04/1994,6.36
21/04/1994,6.34
22/04/1994,6.33
23/04/1994,6.32
24/04/1994,6.3
25/04/1994,6.3
26/04/1994,6.3
27/04/1994,6.3
28/04/1994,6.28
29/04/1994,6.28
30/04/1994,6.28
01/05/1994,6.27
02/05/1994,6.28
03/05/1994,6.5
04/05/1994,6.63
05/05/1994,6.61
06/05/1994,6.58
07/05/1994,6.54
08/05/1994,6.59
09/05/1994,6.91
10/05/1994,6.96
11/05/1994,6.89
12/05/1994,6.82
13/05/1994,6.76
14/05/1994,6.69
15/05/1994,6.64
16/05/1994,6.59
17/05/1994,6.55
18/05/1994,6.51
19/05/1994,6.46
20/05/1994,6.46
21/05/1994,6.44
22/05/1994,6.4
23/05/1994,6.37
24/05/1994,6.36
25/05/1994,6.35
26/05/1994,6.32
27/05/1994,6.3
28/05/1994,6.28
29/05/1994,6.26
30/05/1994,6.25
31/05/1994,6.24
01/06/1994,6.26
02/06/1994,6.21
03/06/1994,6.21
04/06/1994,6.19
05/06/1994,6.18
06/06/1994,6.18
07/06/1994,6.17
08/06/1994,6.17
09/06/1994,6.16
10/06/1994,6.15
11/06/1994,6.14
12/06/1994,6.14
13/06/1994,6.14
14/06/1994,6.15
15/06/1994,6.15
16/06/1994,6.16
17/06/1994,6.18
18/06/1994,6.21
19/06/1994,6.22
20/06/1994,6.22
21/06/1994,6.21
22/06/1994,6.21
23/06/1994,6.22
24/06/1994,6.25
25/06/1994,6.24
26/06/1994,6.27
27/06/1994,6.25
28/06/1994,6.24
29/06/1994,6.24
30/06/1994,6.23
01/07/1994,6.23
02/07/1994,6.22
03/07/1994,6.21
04/07/1994,6.21
05/07/1994,6.2
06/07/1994,6.2
07/07/1994,6.2
08/07/1994,6.2
09/07/1994,6.21
10/07/1994,6.26
11/07/1994,6.25
12/07/1994,6.25
13/07/1994,6.25
14/07/1994,6.25
15/07/1994,6.24
16/07/1994,6.23
17/07/1994,6.22
18/07/1994,6.21
19/07/1994,6.21
20/07/1994,6.33
21/07/1994,6.22
22/07/1994,6.45
23/07/1994,6.5
24/07/1994,6.5
25/07/1994,6.47
26/07/1994,6.44
27/07/1994,6.42
28/07/1994,6.39
29/07/1994,6.38
30/07/1994,6.36
31/07/1994,6.36
01/08/1994,6.49
02/08/1994,6.66
03/08/1994,6.65
04/08/1994,6.65
05/08/1994,6.63
06/08/1994,6.58
07/08/1994,6.55
08/08/1994,6.52
09/08/1994,6.49
10/08/1994,6.46
11/08/1994,6.44
12/08/1994,6.4
13/08/1994,6.37
14/08/1994,6.36
15/08/1994,6.34
16/08/1994,6.31
17/08/1994,6.3
18/08/1994,6.28
19/08/1994,6.27
20/08/1994,6.26
21/08/1994,6.24
22/08/1994,6.24
23/08/1994,6.25
24/08/1994,6.24
25/08/1994,6.23
26/08/1994,6.21
27/08/1994,6.2
28/08/1994,6.19
29/08/1994,6.18
30/08/1994,6.17
31/08/1994,6.16
01/09/1994,6.21
02/09/1994,6.26
03/09/1994,6.28
04/09/1994,6.27
05/09/1994,6.27
06/09/1994,6.28
07/09/1994,6.27
08/09/1994,6.26
09/09/1994,6.25
10/09/1994,6.23
11/09/1994,6.22
12/09/1994,6.2
13/09/1994,6.2
14/09/1994,6.19
15/09/1994,6.19
16/09/1994,6.2
17/09/1994,6.19
18/09/1994,6.19
19/09/1994,6.17
20/09/1994,6.2
21/09/1994,6.21
22/09/1994,6.43
23/09/1994,6.57
24/09/1994,6.61
25/09/1994,6.59
26/09/1994,6.54
27/09/1994,6.51
28/09/1994,6.47
29/09/1994,6.46
30/09/1994,6.42
01/10/1994,6.4
02/10/1994,6.37
03/10/1994,6.37
04/10/1994,6.34
05/10/1994,6.33
06/10/1994,6.32
07/10/1994,6.29
08/10/1994,6.27
09/10/1994,6.26
10/10/1994,6.25
11/10/1994,6.23
12/10/1994,6.22
13/10/1994,6.23
14/10/1994,6.22
15/10/1994,6.23
16/10/1994,6.21
17/10/1994,6.35
18/10/1994,6.4
19/10/1994,6.4
20/10/1994,6.38
21/10/1994,6.36
22/10/1994,6.36
23/10/1994,6.31
24/10/1994,6.3
25/10/1994,6.3
26/10/1994,6.28
27/10/1994,6.26
28/10/1994,6.23
29/10/1994,6.21
30/10/1994,6.21
31/10/1994,6.22
01/11/1994,6.25
02/11/1994,6.41
03/11/1994,6.43
04/11/1994,6.42
05/11/1994,6.41
06/11/1994,6.39
07/11/1994,6.36
08/11/1994,6.34
09/11/1994,6.31
10/11/1994,6.34
11/11/1994,6.33
12/11/1994,6.31
13/11/1994,6.31
14/11/1994,6.29
15/11/1994,6.26
16/11/1994,6.25
17/11/1994,6.24
18/11/1994,6.21
19/11/1994,6.2
20/11/1994,6.19
21/11/1994,6.18
22/11/1994,6.16
23/11/1994,6.15
24/11/1994,6.14
25/11/1994,6.14
26/11/1994,6.11
27/11/1994,6.1
28/11/1994,6.1
29/11/1994,6.11
30/11/1994,6.12
01/12/1994,6.13
02/12/1994,6.13
03/12/1994,6.2
04/12/1994,6.21
05/12/1994,6.22
06/12/1994,6.23
07/12/1994,6.23
08/12/1994,6.23
09/12/1994,6.23
10/12/1994,6.23
11/12/1994,6.23
12/12/1994,6.23
13/12/1994,6.24
14/12/1994,6.26
15/12/1994,6.27
16/12/1994,6.27
17/12/1994,6.27
18/12/1994,6.27
19/12/1994,6.27
20/12/1994,6.27
21/12/1994,6.26
22/12/1994,6.26
23/12/1994,6.26
24/12/1994,6.26
25/12/1994,6.25
26/12/1994,6.24
27/12/1994,6.24
28/12/1994,6.24
29/12/1994,6.24
30/12/1994,6.23
31/12/1994,6.23
01/01/1995,6.22
02/01/1995,6.21
03/01/1995,6.2
04/01/1995,6.24
05/01/1995,6.24
06/01/1995,6.23
07/01/1995,6.23
08/01/1995,6.22
09/01/1995,6.21
10/01/1995,6.18
11/01/1995,6.18
12/01/1995,6.18
13/01/1995,6.18
14/01/1995,6.17
15/01/1995,6.17
16/01/1995,6.15
17/01/1995,6.17
18/01/1995,6.17
19/01/1995,6.17
20/01/1995,6.16
21/01/1995,6.16
22/01/1995,6.15
23/01/1995,6.15
24/01/1995,6.15
25/01/1995,6.14
26/01/1995,6.13
27/01/1995,6.13
28/01/1995,6.14
29/01/1995,6.13
30/01/1995,6.13
31/01/1995,6.13
01/02/1995,6.12
02/02/1995,6.1
03/02/1995,6.08
04/02/1995,6.08
05/02/1995,6.07
06/02/1995,6.05
07/02/1995,6.05
08/02/1995,6.04
09/02/1995,6.03
10/02/1995,6.05
11/02/1995,6.07
12/02/1995,6.11
13/02/1995,6.1
14/02/1995,6.09
15/02/1995,6.09
16/02/1995,6.08
17/02/1995,6.07
18/02/1995,6.07
19/02/1995,6.07
20/02/1995,6.07
21/02/1995,6.07
22/02/1995,6.07
23/02/1995,6.07
24/02/1995,6.06
25/02/1995,6.07
26/02/1995,6.06
27/02/1995,6.06
28/02/1995,6.06
01/03/1995,6.06
02/03/1995,6.06
03/03/1995,6.05
04/03/1995,6.04
05/03/1995,6.04
06/03/1995,6.04
07/03/1995,6.04
08/03/1995,6.04
09/03/1995,6.05
10/03/1995,6.05
11/03/1995,6.05
12/03/1995,6.06
13/03/1995,6.06
14/03/1995,6.05
15/03/1995,6.05
16/03/1995,6.05
17/03/1995,6.05
18/03/1995,6.04
19/03/1995,6.04
20/03/1995,6.05
21/03/1995,6.05
22/03/1995,6.05
23/03/1995,6.06
24/03/1995,6.06
25/03/1995,6.06
26/03/1995,6.09
27/03/1995,6.11
28/03/1995,6.09
29/03/1995,6.07
30/03/1995,6.07
31/03/1995,6.07
01/04/1995,6.09
02/04/1995,6.18
03/04/1995,6.27
04/04/1995,6.29
05/04/1995,6.33
06/04/1995,6.35
07/04/1995,6.36
08/04/1995,6.37
09/04/1995,6.38
10/04/1995,6.38
11/04/1995,6.41
12/04/1995,6.61
13/04/1995,6.65
14/04/1995,6.62
15/04/1995,6.57
16/04/1995,6.55
17/04/1995,6.51
18/04/1995,6.47
19/04/1995,6.43
20/04/1995,6.4
21/04/1995,6.37
22/04/1995,6.34
23/04/1995,6.32
24/04/1995,6.3
25/04/1995,6.28
26/04/1995,6.27
27/04/1995,6.26
28/04/1995,6.25
29/04/1995,6.26
30/04/1995,6.24
01/05/1995,6.24
02/05/1995,6.22
03/05/1995,6.22
04/05/1995,6.21
05/05/1995,6.2
06/05/1995,6.19
07/05/1995,6.19
08/05/1995,6.17
09/05/1995,6.16
10/05/1995,6.14
11/05/1995,6.14
12/05/1995,6.14
13/05/1995,6.13
14/05/1995,6.13
15/05/1995,6.16
16/05/1995,6.15
17/05/1995,6.16
18/05/1995,6.14
19/05/1995,6.15
20/05/1995,6.15
21/05/1995,6.15
22/05/1995,6.13
23/05/1995,6.13
24/05/1995,6.12
25/05/1995,6.12
26/05/1995,6.11
27/05/1995,6.11
28/05/1995,6.12
29/05/1995,6.12
30/05/1995,6.12
31/05/1995,6.12
01/06/1995,6.12
02/06/1995,6.12
03/06/1995,6.12
04/06/1995,6.12
05/06/1995,6.12
06/06/1995,6.12
07/06/1995,6.13
08/06/1995,6.13
09/06/1995,6.13
10/06/1995,6.13
11/06/1995,6.13
12/06/1995,6.16
13/06/1995,6.13
14/06/1995,6.13
15/06/1995,6.13
16/06/1995,6.13
17/06/1995,6.13
18/06/1995,6.13
19/06/1995,6.13
20/06/1995,6.13
21/06/1995,6.13
22/06/1995,6.13
23/06/1995,6.13
24/06/1995,6.16
25/06/1995,6.2
26/06/1995,6.21
27/06/1995,6.19
28/06/1995,6.31
29/06/1995,6.31
30/06/1995,6.31
01/07/1995,6.34
02/07/1995,6.34
03/07/1995,6.37
04/07/1995,6.37
05/07/1995,6.4
06/07/1995,6.43
07/07/1995,6.46
08/07/1995,6.47
09/07/1995,6.45
10/07/1995,6.44
11/07/1995,6.41
12/07/1995,6.38
13/07/1995,6.44
14/07/1995,6.52
15/07/1995,6.55
16/07/1995,6.63
17/07/1995,6.64
18/07/1995,6.62
19/07/1995,6.58
20/07/1995,6.54
21/07/1995,6.51
22/07/1995,6.49
23/07/1995,6.46
24/07/1995,6.43
25/07/1995,6.39
26/07/1995,6.37
27/07/1995,6.37
28/07/1995,6.38
29/07/1995,6.37
30/07/1995,6.35
31/07/1995,6.33
01/08/1995,6.31
02/08/1995,6.3
03/08/1995,6.3
04/08/1995,6.27
05/08/1995,6.26
06/08/1995,6.24
07/08/1995,6.23
08/08/1995,6.21
09/08/1995,6.21
10/08/1995,6.2
11/08/1995,6.2
12/08/1995,6.18
13/08/1995,6.18
14/08/1995,6.17
15/08/1995,6.17
16/08/1995,6.15
17/08/1995,6.15
18/08/1995,6.15
19/08/1995,6.14
20/08/1995,6.14
21/08/1995,6.14
22/08/1995,6.14
23/08/1995,6.14
24/08/1995,6.14
25/08/1995,6.15
26/08/1995,6.15
27/08/1995,6.17
28/08/1995,6.17
29/08/1995,6.16
30/08/1995,6.17
31/08/1995,6.18
01/09/1995,6.17
02/09/1995,6.17
03/09/1995,6.17
04/09/1995,6.17
05/09/1995,6.17
06/09/1995,6.17
07/09/1995,6.17
08/09/1995,6.17
09/09/1995,6.17
10/09/1995,6.17
11/09/1995,6.17
12/09/1995,6.17
13/09/1995,6.17
14/09/1995,6.17
15/09/1995,6.19
16/09/1995,6.19
17/09/1995,6.19
18/09/1995,6.18
19/09/1995,6.18
20/09/1995,6.18
21/09/1995,6.18
22/09/1995,6.18
23/09/1995,6.18
24/09/1995,6.17
25/09/1995,6.17
26/09/1995,6.17
27/09/1995,6.17
28/09/1995,6.17
29/09/1995,6.17
30/09/1995,6.17
01/10/1995,6.2
02/10/1995,6.19
03/10/1995,6.21
04/10/1995,6.24
05/10/1995,6.27
06/10/1995,6.27
07/10/1995,6.29
08/10/1995,6.3
09/10/1995,6.32
10/10/1995,6.35
11/10/1995,6.35
12/10/1995,6.35
13/10/1995,6.37
14/10/1995,6.38
15/10/1995,6.38
16/10/1995,6.39
17/10/1995,6.39
18/10/1995,6.38
19/10/1995,6.39
20/10/1995,6.38
21/10/1995,6.38
22/10/1995,6.41
23/10/1995,6.4
24/10/1995,6.39
25/10/1995,6.39
26/10/1995,6.38
27/10/1995,6.38
28/10/1995,6.38
29/10/1995,6.37
30/10/1995,6.37
31/10/1995,6.37
01/11/1995,6.37
02/11/1995,6.37
03/11/1995,6.37
04/11/1995,6.37
05/11/1995,6.36
06/11/1995,6.37
07/11/1995,6.37
08/11/1995,6.38
09/11/1995,6.4
10/11/1995,6.49
11/11/1995,6.53
12/11/1995,6.47
13/11/1995,6.44
14/11/1995,6.4
15/11/1995,6.38
16/11/1995,6.35
17/11/1995,6.33
18/11/1995,6.32
19/11/1995,6.31
20/11/1995,6.3
21/11/1995,6.29
22/11/1995,6.27
23/11/1995,6.24
24/11/1995,6.22
25/11/1995,6.2
26/11/1995,6.19
27/11/1995,6.17
28/11/1995,6.16
29/11/1995,6.15
30/11/1995,6.13
01/12/1995,6.11
02/12/1995,6.11
03/12/1995,6.11
04/12/1995,6.11
05/12/1995,6.11
06/12/1995,6.11
07/12/1995,6.09
08/12/1995,6.07
09/12/1995,6.06
10/12/1995,6.06
11/12/1995,6.05
12/12/1995,6.05
13/12/1995,6.05
14/12/1995,6.04
15/12/1995,6.03
16/12/1995,6.02
17/12/1995,6.02
18/12/1995,6.01
19/12/1995,6.01
20/12/1995,6.01
21/12/1995,6.01
22/12/1995,6.01
23/12/1995,6.02
24/12/1995,6.03
25/12/1995,6.02
26/12/1995,6.01
27/12/1995,6.01
28/12/1995,6.01
29/12/1995,6
30/12/1995,5.99
31/12/1995,5.98
01/01/1996,6.05
02/01/1996,6.05
03/01/1996,6.05
04/01/1996,6.06
05/01/1996,6.06
06/01/1996,6.08
07/01/1996,6.09
08/01/1996,6.1
09/01/1996,6.11
10/01/1996,6.13
11/01/1996,6.12
12/01/1996,6.12
13/01/1996,6.12
14/01/1996,6.13
15/01/1996,6.14
16/01/1996,6.14
17/01/1996,6.14
18/01/1996,6.15
19/01/1996,6.15
20/01/1996,6.16
21/01/1996,6.17
22/01/1996,6.18
23/01/1996,6.18
24/01/1996,6.19
25/01/1996,6.19
26/01/1996,6.2
27/01/1996,6.21
28/01/1996,6.21
29/01/1996,6.22
30/01/1996,6.23
31/01/1996,6.23
01/02/1996,6.24
02/02/1996,6.24
03/02/1996,6.25
04/02/1996,6.26
05/02/1996,6.27
06/02/1996,6.28
07/02/1996,6.29
08/02/1996,6.3
09/02/1996,6.3
10/02/1996,6.31
11/02/1996,6.32
12/02/1996,6.33
13/02/1996,6.34
14/02/1996,6.34
15/02/1996,6.35
16/02/1996,6.35
17/02/1996,6.35
18/02/1996,6.36
19/02/1996,6.36
20/02/1996,6.32
21/02/1996,6.31
22/02/1996,6.32
23/02/1996,6.33
24/02/1996,6.34
25/02/1996,6.34
26/02/1996,6.35
27/02/1996,6.35
28/02/1996,6.36
29/02/1996,6.37
01/03/1996,6.37
02/03/1996,6.38
03/03/1996,6.38
04/03/1996,6.38
05/03/1996,6.39
06/03/1996,6.4
07/03/1996,6.4
08/03/1996,6.41
09/03/1996,6.41
10/03/1996,6.42
11/03/1996,6.42
12/03/1996,6.39
13/03/1996,6.38
14/03/1996,6.38
15/03/1996,6.37
16/03/1996,6.38
17/03/1996,6.39
18/03/1996,6.4
19/03/1996,6.4
20/03/1996,6.41
21/03/1996,6.42
22/03/1996,6.42
23/03/1996,6.39
24/03/1996,6.35
25/03/1996,6.32
26/03/1996,6.29
27/03/1996,6.28
28/03/1996,6.28
29/03/1996,6.28
30/03/1996,6.28
31/03/1996,6.27
01/04/1996,6.28
02/04/1996,6.28
03/04/1996,6.29
04/04/1996,6.29
05/04/1996,6.29
06/04/1996,6.23
07/04/1996,6.22
08/04/1996,6.22
09/04/1996,6.21
10/04/1996,6.19
11/04/1996,6.17
12/04/1996,6.16
13/04/1996,6.15
14/04/1996,6.15
15/04/1996,6.12
16/04/1996,6.05
17/04/1996,6.1
18/04/1996,6.19
19/04/1996,6.22
20/04/1996,6.26
21/04/1996,6.28
22/04/1996,6.29
23/04/1996,6.3
24/04/1996,6.31
25/04/1996,6.32
26/04/1996,6.34
27/04/1996,6.34
28/04/1996,6.33
29/04/1996,6.32
30/04/1996,6.32
01/05/1996,7.3
02/05/1996,7.28
03/05/1996,7.25
04/05/1996,7.23
05/05/1996,7.21
06/05/1996,7.21
07/05/1996,7.19
08/05/1996,7.19
09/05/1996,7.14
10/05/1996,7.1
11/05/1996,7.08
12/05/1996,7.06
13/05/1996,7.04
14/05/1996,7.02
15/05/1996,7
16/05/1996,7
17/05/1996,6.99
18/05/1996,6.95
19/05/1996,6.93
20/05/1996,6.93
21/05/1996,6.93
22/05/1996,6.91
23/05/1996,6.98
24/05/1996,6.86
25/05/1996,6.85
26/05/1996,6.84
27/05/1996,6.83
28/05/1996,6.82
29/05/1996,6.32
30/05/1996,6.3
31/05/1996,6.29
01/06/1996,6.28
02/06/1996,6.28
03/06/1996,6.27
04/06/1996,6.26
05/06/1996,6.23
06/06/1996,6.19
07/06/1996,6.18
08/06/1996,6.15
09/06/1996,6.15
10/06/1996,6.15
11/06/1996,6.15
12/06/1996,6.15
13/06/1996,6.15
14/06/1996,6.15
15/06/1996,6.19
16/06/1996,6.19
17/06/1996,6.19
18/06/1996,6.2
19/06/1996,6.22
20/06/1996,6.23
21/06/1996,6.24
22/06/1996,6.24
23/06/1996,6.24
24/06/1996,6.24
25/06/1996,6.24
26/06/1996,6.24
27/06/1996,6.23
28/06/1996,6.25
29/06/1996,6.25
30/06/1996,6.25
01/07/1996,6.24
02/07/1996,6.24
03/07/1996,6.25
04/07/1996,6.25
05/07/1996,6.25
06/07/1996,6.25
07/07/1996,6.25
08/07/1996,6.25
09/07/1996,6.27
10/07/1996,6.27
11/07/1996,6.28
12/07/1996,6.29
13/07/1996,6.29
14/07/1996,6.29
15/07/1996,6.29
16/07/1996,6.3
17/07/1996,6.3
18/07/1996,6.3
19/07/1996,6.31
20/07/1996,6.3
21/07/1996,6.28
22/07/1996,6.3
23/07/1996,6.29
24/07/1996,6.3
25/07/1996,6.31
26/07/1996,6.31
27/07/1996,6.31
28/07/1996,6.31
29/07/1996,6.31
30/07/1996,6.31
31/07/1996,6.31
01/08/1996,6.31
02/08/1996,6.3
03/08/1996,6.3
04/08/1996,6.31
05/08/1996,6.31
06/08/1996,6.33
07/08/1996,6.32
08/08/1996,6.32
09/08/1996,6.34
10/08/1996,6.33
11/08/1996,6.32
12/08/1996,6.3
13/08/1996,6.31
14/08/1996,6.29
15/08/1996,6.28
16/08/1996,6.27
17/08/1996,6.26
18/08/1996,6.25
19/08/1996,6.24
20/08/1996,6.23
21/08/1996,6.23
22/08/1996,6.22
23/08/1996,6.21
24/08/1996,6.2
25/08/1996,6.2
26/08/1996,6.2
27/08/1996,6.19
28/08/1996,6.19
29/08/1996,6.18
30/08/1996,6.18
31/08/1996,6.17
01/09/1996,6.17
02/09/1996,6.15
03/09/1996,6.16
04/09/1996,6.15
05/09/1996,6.14
06/09/1996,6.14
07/09/1996,6.13
08/09/1996,6.12
09/09/1996,6.12
10/09/1996,6.12
11/09/1996,6.11
12/09/1996,6.11
13/09/1996,6.11
14/09/1996,6.11
15/09/1996,6.11
16/09/1996,6.11
17/09/1996,6.11
18/09/1996,6.11
19/09/1996,6.13
20/09/1996,6.16
21/09/1996,6.28
22/09/1996,6.42
23/09/1996,6.46
24/09/1996,6.47
25/09/1996,6.46
26/09/1996,6.45
27/09/1996,6.44
28/09/1996,6.44
29/09/1996,6.47
30/09/1996,6.46
01/10/1996,6.46
02/10/1996,6.45
03/10/1996,6.43
04/10/1996,6.42
05/10/1996,6.42
06/10/1996,6.42
07/10/1996,6.4
08/10/1996,6.39
09/10/1996,6.38
10/10/1996,6.37
11/10/1996,6.5
12/10/1996,6.52
13/10/1996,6.5
14/10/1996,6.48
15/10/1996,6.45
16/10/1996,6.42
17/10/1996,6.39
18/10/1996,6.38
19/10/1996,6.38
20/10/1996,6.34
21/10/1996,6.33
22/10/1996,6.31
23/10/1996,6.29
24/10/1996,6.27
25/10/1996,6.26
26/10/1996,6.25
27/10/1996,6.24
28/10/1996,6.24
29/10/1996,6.23
30/10/1996,6.22
31/10/1996,6.21
01/11/1996,6.21
02/11/1996,6.2
03/11/1996,6.19
04/11/1996,6.18
05/11/1996,6.18
06/11/1996,6.17
07/11/1996,6.27
08/11/1996,6.25
09/11/1996,6.25
10/11/1996,6.35
11/11/1996,6.47
12/11/1996,6.46
13/11/1996,6.45
14/11/1996,6.42
15/11/1996,6.39
16/11/1996,6.37
17/11/1996,6.34
18/11/1996,6.32
19/11/1996,6.3
20/11/1996,6.28
21/11/1996,6.25
22/11/1996,6.24
23/11/1996,6.22
24/11/1996,6.22
25/11/1996,6.22
26/11/1996,6.2
27/11/1996,6.2
28/11/1996,6.19
29/11/1996,6.18
30/11/1996,6.15
01/12/1996,6.14
02/12/1996,6.13
03/12/1996,6.13
04/12/1996,6.13
05/12/1996,6.12
06/12/1996,6.11
07/12/1996,6.12
08/12/1996,6.12
09/12/1996,6.12
10/12/1996,6.11
11/12/1996,6.11
12/12/1996,6.12
13/12/1996,6.11
14/12/1996,6.11
15/12/1996,6.11
16/12/1996,6.11
17/12/1996,6.11
18/12/1996,6.11
19/12/1996,6.1
20/12/1996,6.1
21/12/1996,6.09
22/12/1996,6.09
23/12/1996,6.08
24/12/1996,6.08
25/12/1996,6.08
26/12/1996,6.07
27/12/1996,6.07
28/12/1996,6.06
29/12/1996,6.05
30/12/1996,6.04
31/12/1996,6.04
01/01/1997,6.03
02/01/1997,6.02
03/01/1997,6.01
04/01/1997,6
05/01/1997,5.99
06/01/1997,5.99
07/01/1997,5.99
08/01/1997,6.01
09/01/1997,6.02
10/01/1997,6.02
11/01/1997,6.02
12/01/1997,6.01
13/01/1997,6
14/01/1997,5.99
15/01/1997,5.99
16/01/1997,5.98
17/01/1997,5.98
18/01/1997,5.97
19/01/1997,5.97
20/01/1997,5.96
21/01/1997,5.95
22/01/1997,5.94
23/01/1997,5.93
24/01/1997,5.92
25/01/1997,5.91
26/01/1997,5.91
27/01/1997,5.9
28/01/1997,5.89
29/01/1997,5.89
30/01/1997,5.88
31/01/1997,5.87
01/02/1997,5.86
02/02/1997,5.84
03/02/1997,5.84
04/02/1997,5.84
05/02/1997,5.83
06/02/1997,5.81
07/02/1997,5.8
08/02/1997,5.8
09/02/1997,5.84
10/02/1997,5.88
11/02/1997,5.89
12/02/1997,5.9
13/02/1997,5.9
14/02/1997,5.9
15/02/1997,5.91
16/02/1997,5.92
17/02/1997,5.91
18/02/1997,5.9
19/02/1997,5.92
20/02/1997,5.91
21/02/1997,5.9
22/02/1997,5.88
23/02/1997,5.88
24/02/1997,5.87
25/02/1997,5.87
26/02/1997,5.86
27/02/1997,5.85
28/02/1997,5.84
01/03/1997,5.84
02/03/1997,5.84
03/03/1997,5.83
04/03/1997,5.83
05/03/1997,5.82
06/03/1997,5.84
07/03/1997,5.85
08/03/1997,5.84
09/03/1997,5.84
10/03/1997,5.84
11/03/1997,5.84
12/03/1997,5.84
13/03/1997,5.84
14/03/1997,5.83
15/03/1997,5.83
16/03/1997,5.82
17/03/1997,5.82
18/03/1997,5.81
19/03/1997,5.81
20/03/1997,5.8
21/03/1997,5.8
22/03/1997,5.83
23/03/1997,5.84
24/03/1997,5.83
25/03/1997,5.84
26/03/1997,5.83
27/03/1997,5.82
28/03/1997,5.82
29/03/1997,5.82
30/03/1997,5.81
31/03/1997,5.8
01/04/1997,5.8
02/04/1997,5.8
03/04/1997,5.8
04/04/1997,5.77
05/04/1997,5.76
06/04/1997,5.77
07/04/1997,5.76
08/04/1997,5.76
09/04/1997,5.76
10/04/1997,5.76
11/04/1997,5.76
12/04/1997,5.75
13/04/1997,5.75
14/04/1997,5.75
15/04/1997,5.74
16/04/1997,5.74
17/04/1997,5.74
18/04/1997,5.74
19/04/1997,5.75
20/04/1997,5.75
21/04/1997,5.74
22/04/1997,5.73
23/04/1997,5.73
24/04/1997,5.73
25/04/1997,5.71
26/04/1997,5.73
27/04/1997,5.73
28/04/1997,5.74
29/04/1997,5.74
30/04/1997,5.73
01/05/1997,5.74
02/05/1997,5.72
03/05/1997,5.71
04/05/1997,5.72
05/05/1997,5.72
06/05/1997,5.72
07/05/1997,5.72
08/05/1997,5.72
09/05/1997,5.72
10/05/1997,5.72
11/05/1997,5.71
12/05/1997,5.71
13/05/1997,5.71
14/05/1997,5.71
15/05/1997,5.71
16/05/1997,5.71
17/05/1997,5.7
18/05/1997,5.7
19/05/1997,5.7
20/05/1997,5.72
21/05/1997,5.68
22/05/1997,5.86
23/05/1997,5.82
24/05/1997,5.78
25/05/1997,5.78
26/05/1997,5.79
27/05/1997,5.83
28/05/1997,5.84
29/05/1997,5.85
30/05/1997,5.87
31/05/1997,5.85
01/06/1997,5.84
02/06/1997,5.84
03/06/1997,5.85
04/06/1997,5.86
05/06/1997,5.86
06/06/1997,5.95
07/06/1997,6.24
08/06/1997,6.64
09/06/1997,6.73
10/06/1997,6.67
11/06/1997,6.63
12/06/1997,6.58
13/06/1997,6.55
14/06/1997,6.56
15/06/1997,6.56
16/06/1997,6.54
17/06/1997,6.54
18/06/1997,6.53
19/06/1997,6.51
20/06/1997,6.48
21/06/1997,6.46
22/06/1997,6.44
23/06/1997,6.41
24/06/1997,6.38
25/06/1997,6.37
26/06/1997,6.35
27/06/1997,6.33
28/06/1997,6.31
29/06/1997,6.29
30/06/1997,6.27
01/07/1997,6.25
02/07/1997,6.24
03/07/1997,6.23
04/07/1997,6.21
05/07/1997,6.2
06/07/1997,6.19
07/07/1997,6.18
08/07/1997,6.17
09/07/1997,6.17
10/07/1997,6.21
11/07/1997,6.23
12/07/1997,6.22
13/07/1997,6.23
14/07/1997,6.23
15/07/1997,6.23
16/07/1997,6.22
17/07/1997,6.21
18/07/1997,6.2
19/07/1997,6.19
20/07/1997,6.19
21/07/1997,6.18
22/07/1997,6.18
23/07/1997,6.17
24/07/1997,6.17
25/07/1997,6.17
26/07/1997,6.16
27/07/1997,6.16
28/07/1997,6.16
29/07/1997,6.15
30/07/1997,6.14
31/07/1997,6.12
01/08/1997,6.13
02/08/1997,6.12
03/08/1997,6.12
04/08/1997,6.12
05/08/1997,6.12
06/08/1997,6.12
07/08/1997,6.12
08/08/1997,6.13
09/08/1997,6.13
10/08/1997,6.13
11/08/1997,6.13
12/08/1997,6.13
13/08/1997,6.13
14/08/1997,6.12
15/08/1997,6.12
16/08/1997,6.18
17/08/1997,6.39
18/08/1997,6.53
19/08/1997,6.59
20/08/1997,6.58
21/08/1997,6.56
22/08/1997,6.54
23/08/1997,6.51
24/08/1997,6.47
25/08/1997,6.46
26/08/1997,6.44
27/08/1997,6.4
28/08/1997,6.38
29/08/1997,6.37
30/08/1997,6.34
31/08/1997,6.31
01/09/1997,6.32
02/09/1997,6.4
03/09/1997,6.4
04/09/1997,6.4
05/09/1997,6.42
06/09/1997,6.42
07/09/1997,6.4
08/09/1997,6.41
09/09/1997,6.39
10/09/1997,6.37
11/09/1997,6.35
12/09/1997,6.34
13/09/1997,6.33
14/09/1997,6.31
15/09/1997,6.28
16/09/1997,6.27
17/09/1997,6.25
18/09/1997,6.24
19/09/1997,6.23
20/09/1997,6.21
21/09/1997,6.2
22/09/1997,6.19
23/09/1997,6.18
24/09/1997,6.17
25/09/1997,6.16
26/09/1997,6.15
27/09/1997,6.14
28/09/1997,6.14
29/09/1997,6.13
30/09/1997,6.13
01/10/1997,6.12
02/10/1997,6.11
03/10/1997,6.12
04/10/1997,6.11
05/10/1997,6.12
06/10/1997,6.13
07/10/1997,6.12
08/10/1997,6.12
09/10/1997,6.13
10/10/1997,6.13
11/10/1997,6.13
12/10/1997,6.16
13/10/1997,6.15
14/10/1997,6.17
15/10/1997,6.21
16/10/1997,6.25
17/10/1997,6.29
18/10/1997,6.29
19/10/1997,6.3
20/10/1997,6.31
21/10/1997,6.3
22/10/1997,6.29
23/10/1997,6.29
24/10/1997,6.28
25/10/1997,6.27
26/10/1997,6.25
27/10/1997,6.24
28/10/1997,6.24
29/10/1997,6.24
30/10/1997,6.22
31/10/1997,6.2
01/11/1997,6.21
02/11/1997,6.2
03/11/1997,6.2
04/11/1997,6.19
05/11/1997,6.19
06/11/1997,6.19
07/11/1997,6.18
08/11/1997,6.18
09/11/1997,6.19
10/11/1997,6.22
11/11/1997,6.23
12/11/1997,6.23
13/11/1997,6.23
14/11/1997,6.23
15/11/1997,6.21
16/11/1997,6.21
17/11/1997,6.21
18/11/1997,6.2
19/11/1997,6.19
20/11/1997,6.18
21/11/1997,6.18
22/11/1997,6.18
23/11/1997,6.17
24/11/1997,6.17
25/11/1997,6.16
26/11/1997,6.16
27/11/1997,6.15
28/11/1997,6.14
29/11/1997,6.14
30/11/1997,6.15
01/12/1997,6.14
02/12/1997,6.13
03/12/1997,6.14
04/12/1997,6.14
05/12/1997,6.13
06/12/1997,6.12
07/12/1997,6.12
08/12/1997,6.13
09/12/1997,6.13
10/12/1997,6.13
11/12/1997,6.13
12/12/1997,6.12
13/12/1997,6.11
14/12/1997,6.13
15/12/1997,6.12
16/12/1997,6.11
17/12/1997,6.11
18/12/1997,6.1
19/12/1997,6.13
20/12/1997,6.17
21/12/1997,6.21
22/12/1997,6.23
23/12/1997,6.25
24/12/1997,6.31
25/12/1997,6.32
26/12/1997,6.32
27/12/1997,6.42
28/12/1997,6.48
29/12/1997,6.49
30/12/1997,6.47
31/12/1997,6.44
01/01/1998,6.42
02/01/1998,6.39
03/01/1998,6.36
04/01/1998,6.34
05/01/1998,6.34
06/01/1998,6.52
07/01/1998,6.66
08/01/1998,6.65
09/01/1998,6.59
10/01/1998,6.55
11/01/1998,6.55
12/01/1998,6.55
13/01/1998,6.53
14/01/1998,6.5
15/01/1998,6.48
16/01/1998,6.44
17/01/1998,6.42
18/01/1998,6.37
19/01/1998,6.35
20/01/1998,6.32
21/01/1998,6.3
22/01/1998,6.29
23/01/1998,6.28
24/01/1998,6.27
25/01/1998,6.25
26/01/1998,6.23
27/01/1998,6.22
28/01/1998,6.19
29/01/1998,6.19
30/01/1998,6.17
31/01/1998,6.17
01/02/1998,6.15
02/02/1998,6.14
03/02/1998,6.13
04/02/1998,6.13
05/02/1998,6.12
06/02/1998,6.11
07/02/1998,6.09
08/02/1998,6.08
09/02/1998,6.09
10/02/1998,6.08
11/02/1998,6.08
12/02/1998,6.08
13/02/1998,6.08
14/02/1998,6.08
15/02/1998,6.08
16/02/1998,6.07
17/02/1998,6.07
18/02/1998,6.07
19/02/1998,6.06
20/02/1998,6.06
21/02/1998,6.06
22/02/1998,6.05
23/02/1998,6.04
24/02/1998,6.04
25/02/1998,6.04
26/02/1998,6.04
27/02/1998,6.04
28/02/1998,6.03
01/03/1998,6.01
02/03/1998,6.01
03/03/1998,6.02
04/03/1998,6.02
05/03/1998,6.03
06/03/1998,6.04
07/03/1998,6.07
08/03/1998,6.06
09/03/1998,6.05
10/03/1998,6.08
11/03/1998,6.13
12/03/1998,6.13
13/03/1998,6.13
14/03/1998,6.12
15/03/1998,6.12
16/03/1998,6.13
17/03/1998,6.14
18/03/1998,6.14
19/03/1998,6.13
20/03/1998,6.14
21/03/1998,6.14
22/03/1998,6.14
23/03/1998,6.14
24/03/1998,6.14
25/03/1998,6.07
26/03/1998,6.1
27/03/1998,6.11
28/03/1998,6.1
29/03/1998,6.1
30/03/1998,6.1
31/03/1998,6.1
01/04/1998,6.1
02/04/1998,6.1
03/04/1998,6.09
04/04/1998,6.09
05/04/1998,6.09
06/04/1998,6.09
07/04/1998,6.08
08/04/1998,6.08
09/04/1998,6.07
10/04/1998,6.07
11/04/1998,6.07
12/04/1998,6.07
13/04/1998,6.08
14/04/1998,6.08
15/04/1998,6.08
16/04/1998,6.08
17/04/1998,6.09
18/04/1998,6.12
19/04/1998,6.15
20/04/1998,6.2
21/04/1998,6.22
22/04/1998,6.23
23/04/1998,6.23
24/04/1998,6.23
25/04/1998,6.24
26/04/1998,6.24
27/04/1998,6.25
28/04/1998,6.32
29/04/1998,6.34
30/04/1998,6.31
01/05/1998,6.32
02/05/1998,6.34
03/05/1998,6.33
04/05/1998,6.32
05/05/1998,6.31
06/05/1998,6.3
07/05/1998,6.29
08/05/1998,6.28
09/05/1998,6.28
10/05/1998,6.27
11/05/1998,6.28
12/05/1998,6.28
13/05/1998,6.27
14/05/1998,6.25
15/05/1998,6.25
16/05/1998,6.25
17/05/1998,6.27
18/05/1998,6.27
19/05/1998,6.27
20/05/1998,6.26
21/05/1998,6.26
22/05/1998,6.25
23/05/1998,6.24
24/05/1998,6.24
25/05/1998,6.24
26/05/1998,6.24
27/05/1998,6.37
28/05/1998,6.42
29/05/1998,6.39
30/05/1998,6.38
31/05/1998,6.37
01/06/1998,6.34
02/06/1998,6.33
03/06/1998,6.3
04/06/1998,6.29
05/06/1998,6.28
06/06/1998,6.27
07/06/1998,6.25
08/06/1998,6.25
09/06/1998,6.23
10/06/1998,6.21
11/06/1998,6.2
12/06/1998,6.19
13/06/1998,6.19
14/06/1998,6.17
15/06/1998,6.17
16/06/1998,6.22
17/06/1998,6.32
18/06/1998,6.37
19/06/1998,6.38
20/06/1998,6.37
21/06/1998,6.36
22/06/1998,6.33
23/06/1998,6.33
24/06/1998,6.31
25/06/1998,6.3
26/06/1998,6.29
27/06/1998,6.28
28/06/1998,6.26
29/06/1998,6.25
30/06/1998,6.24
01/07/1998,6.24
02/07/1998,6.23
03/07/1998,6.21
04/07/1998,6.21
05/07/1998,6.22
06/07/1998,6.25
07/07/1998,6.28
08/07/1998,6.28
09/07/1998,6.28
10/07/1998,6.27
11/07/1998,6.27
12/07/1998,6.25
13/07/1998,6.24
14/07/1998,6.24
15/07/1998,6.23
16/07/1998,6.22
17/07/1998,6.22
18/07/1998,6.22
19/07/1998,6.21
20/07/1998,6.2
21/07/1998,6.19
22/07/1998,6.19
23/07/1998,6.18
24/07/1998,6.19
25/07/1998,6.22
26/07/1998,6.33
27/07/1998,6.46
28/07/1998,6.48
29/07/1998,6.46
30/07/1998,6.43
31/07/1998,6.41
01/08/1998,6.41
02/08/1998,6.39
03/08/1998,6.37
04/08/1998,6.36
05/08/1998,6.34
06/08/1998,6.32
07/08/1998,6.29
08/08/1998,6.29
09/08/1998,6.27
10/08/1998,6.27
11/08/1998,6.27
12/08/1998,6.27
13/08/1998,6.25
14/08/1998,6.24
15/08/1998,6.24
16/08/1998,6.22
17/08/1998,6.21
18/08/1998,6.21
19/08/1998,6.2
20/08/1998,6.17
21/08/1998,6.17
22/08/1998,6.17
23/08/1998,6.16
24/08/1998,6.15
25/08/1998,6.15
26/08/1998,6.15
27/08/1998,6.15
28/08/1998,6.15
29/08/1998,6.15
30/08/1998,6.15
31/08/1998,6.14
01/09/1998,6.14
02/09/1998,6.14
03/09/1998,6.17
04/09/1998,6.18
05/09/1998,6.17
06/09/1998,6.17
07/09/1998,6.16
08/09/1998,6.16
09/09/1998,6.15
10/09/1998,6.14
11/09/1998,6.14
12/09/1998,6.14
13/09/1998,6.14
14/09/1998,6.14
15/09/1998,6.14
16/09/1998,6.14
17/09/1998,6.14
18/09/1998,6.13
19/09/1998,6.12
20/09/1998,6.11
21/09/1998,6.11
22/09/1998,6.11
23/09/1998,6.11
24/09/1998,6.11
25/09/1998,6.11
26/09/1998,6.11
27/09/1998,6.11
28/09/1998,6.12
29/09/1998,6.11
30/09/1998,6.1
01/10/1998,6.1
02/10/1998,6.09
03/10/1998,6.09
04/10/1998,6.1
05/10/1998,6.09
06/10/1998,6.08
07/10/1998,6.08
08/10/1998,6.08
09/10/1998,6.08
10/10/1998,6.08
11/10/1998,6.08
12/10/1998,6.08
13/10/1998,6.08
14/10/1998,6.08
15/10/1998,6.08
16/10/1998,6.07
17/10/1998,6.07
18/10/1998,6.07
19/10/1998,6.07
20/10/1998,6.07
21/10/1998,6.07
22/10/1998,6.06
23/10/1998,6.07
24/10/1998,6.07
25/10/1998,6.07
26/10/1998,6.06
27/10/1998,6.06
28/10/1998,6.05
29/10/1998,6.05
30/10/1998,6.05
31/10/1998,6.05
01/11/1998,6.04
02/11/1998,6.03
03/11/1998,6.03
04/11/1998,6.02
05/11/1998,6.02
06/11/1998,6.01
07/11/1998,6.04
08/11/1998,6.04
09/11/1998,6.04
10/11/1998,6.04
11/11/1998,6.04
12/11/1998,6.04
13/11/1998,6.05
14/11/1998,6.04
15/11/1998,6.04
16/11/1998,6.07
17/11/1998,6.14
18/11/1998,6.18
19/11/1998,6.21
20/11/1998,6.21
21/11/1998,6.21
22/11/1998,6.22
23/11/1998,6.24
24/11/1998,6.21
25/11/1998,6.19
26/11/1998,6.23
27/11/1998,6.24
28/11/1998,6.22
29/11/1998,6.23
30/11/1998,6.22
01/12/1998,6.21
02/12/1998,6.2
03/12/1998,6.2
04/12/1998,6.19
05/12/1998,6.17
06/12/1998,6.16
07/12/1998,6.16
08/12/1998,6.15
09/12/1998,6.14
10/12/1998,6.14
11/12/1998,6.13
12/12/1998,6.13
13/12/1998,6.12
14/12/1998,6.14
15/12/1998,6.14
16/12/1998,6.13
17/12/1998,6.14
18/12/1998,6.17
19/12/1998,6.18
20/12/1998,6.18
21/12/1998,6.19
22/12/1998,6.2
23/12/1998,6.23
24/12/1998,6.23
25/12/1998,6.23
26/12/1998,6.23
27/12/1998,6.22
28/12/1998,6.21
29/12/1998,6.22
30/12/1998,6.22
31/12/1998,6.23
01/01/1999,6.23
02/01/1999,6.22
03/01/1999,6.22
04/01/1999,6.21
05/01/1999,6.2
06/01/1999,6.19
07/01/1999,6.18
08/01/1999,6.18
09/01/1999,6.19
10/01/1999,6.18
11/01/1999,6.17
12/01/1999,6.17
13/01/1999,6.15
14/01/1999,6.14
15/01/1999,6.14
16/01/1999,6.13
17/01/1999,6.12
18/01/1999,6.11
19/01/1999,6.1
20/01/1999,6.09
21/01/1999,6.09
22/01/1999,6.08
23/01/1999,6.08
24/01/1999,6.2
25/01/1999,6.36
26/01/1999,6.43
27/01/1999,6.44
28/01/1999,6.44
29/01/1999,6.42
30/01/1999,6.42
31/01/1999,6.39
01/02/1999,6.39
02/02/1999,6.52
03/02/1999,6.72
04/02/1999,6.72
05/02/1999,6.69
06/02/1999,6.63
07/02/1999,6.68
08/02/1999,6.82
09/02/1999,6.8
10/02/1999,6.74
11/02/1999,6.67
12/02/1999,6.63
13/02/1999,6.59
14/02/1999,6.56
15/02/1999,6.5
16/02/1999,6.47
17/02/1999,6.44
18/02/1999,6.4
19/02/1999,6.34
03/03/1999,6.17
04/03/1999,6.16
05/03/1999,6.15
06/03/1999,6.14
07/03/1999,6.13
08/03/1999,6.12
09/03/1999,6.11
10/03/1999,6.1
11/03/1999,6.1
12/03/1999,6.09
13/03/1999,6.09
14/03/1999,6.08
15/03/1999,6.07
16/03/1999,6.07
17/03/1999,6.07
18/03/1999,6.08
19/03/1999,6.1
20/03/1999,6.11
21/03/1999,6.13
22/03/1999,6.13
23/03/1999,6.13
24/03/1999,6.12
25/03/1999,6.12
26/03/1999,6.12
27/03/1999,6.12
28/03/1999,6.18
29/03/1999,6.21
30/03/1999,6.24
31/03/1999,6.24
01/04/1999,6.23
02/04/1999,6.23
03/04/1999,6.22
04/04/1999,6.21
05/04/1999,6.22
06/04/1999,6.21
07/04/1999,6.2
08/04/1999,6.2
09/04/1999,6.19
10/04/1999,6.19
11/04/1999,6.18
12/04/1999,6.19
13/04/1999,6.2
14/04/1999,6.22
15/04/1999,6.22
16/04/1999,6.23
17/04/1999,6.21
18/04/1999,6.21
19/04/1999,6.21
20/04/1999,6.21
21/04/1999,6.21
22/04/1999,6.2
23/04/1999,6.2
24/04/1999,6.18
25/04/1999,6.18
26/04/1999,6.18
27/04/1999,6.18
28/04/1999,6.17
29/04/1999,6.17
30/04/1999,6.17
01/05/1999,6.16
02/05/1999,6.16
03/05/1999,6.15
04/05/1999,6.17
05/05/1999,6.18
06/05/1999,6.18
07/05/1999,6.18
08/05/1999,6.17
09/05/1999,6.16
10/05/1999,6.15
11/05/1999,6.15
12/05/1999,6.14
13/05/1999,6.14
14/05/1999,6.14
15/05/1999,6.14
16/05/1999,6.13
17/05/1999,6.12
18/05/1999,6.11
19/05/1999,6.1
20/05/1999,6.1
21/05/1999,6.11
22/05/1999,6.11
23/05/1999,6.11
24/05/1999,6.11
25/05/1999,6.11
26/05/1999,6.11
27/05/1999,6.11
28/05/1999,6.11
29/05/1999,6.12
30/05/1999,6.14
31/05/1999,6.16
01/06/1999,6.17
02/06/1999,6.17
03/06/1999,6.18
04/06/1999,6.19
05/06/1999,6.19
06/06/1999,6.19
07/06/1999,6.19
08/06/1999,6.19
09/06/1999,6.2
10/06/1999,6.22
11/06/1999,6.22
12/06/1999,6.22
13/06/1999,6.24
14/06/1999,6.26
15/06/1999,6.29
16/06/1999,6.29
17/06/1999,6.28
18/06/1999,6.28
19/06/1999,6.27
20/06/1999,6.26
21/06/1999,6.25
22/06/1999,6.24
23/06/1999,6.25
24/06/1999,6.27
25/06/1999,6.3
26/06/1999,6.32
27/06/1999,6.32
28/06/1999,6.3
29/06/1999,6.5
30/06/1999,6.84
01/07/1999,6.85
02/07/1999,6.8
03/07/1999,6.73
04/07/1999,6.7
05/07/1999,6.64
06/07/1999,6.6
07/07/1999,6.57
08/07/1999,6.52
09/07/1999,6.49
10/07/1999,6.46
11/07/1999,6.44
12/07/1999,6.41
13/07/1999,6.4
14/07/1999,6.45
15/07/1999,6.68
16/07/1999,6.77
17/07/1999,6.74
18/07/1999,6.69
19/07/1999,6.65
20/07/1999,6.61
21/07/1999,6.65
22/07/1999,6.66
23/07/1999,6.64
24/07/1999,6.59
25/07/1999,6.55
26/07/1999,6.52
27/07/1999,6.48
28/07/1999,6.45
29/07/1999,6.44
30/07/1999,6.44
31/07/1999,6.45
01/08/1999,6.44
02/08/1999,6.41
03/08/1999,6.38
04/08/1999,6.37
05/08/1999,6.36
06/08/1999,6.32
07/08/1999,6.34
08/08/1999,6.35
09/08/1999,6.35
10/08/1999,6.32
11/08/1999,6.31
12/08/1999,6.3
13/08/1999,6.29
14/08/1999,6.26
15/08/1999,6.26
16/08/1999,6.25
17/08/1999,6.24
18/08/1999,6.24
19/08/1999,6.23
20/08/1999,6.22
21/08/1999,6.22
22/08/1999,6.18
23/08/1999,6.18
24/08/1999,6.24
25/08/1999,6.32
26/08/1999,6.34
27/08/1999,6.35
28/08/1999,6.33
29/08/1999,6.32
30/08/1999,6.31
31/08/1999,6.38
01/09/1999,6.46
02/09/1999,6.46
03/09/1999,6.44
04/09/1999,6.42
05/09/1999,6.44
06/09/1999,6.62
07/09/1999,6.71
08/09/1999,6.85
09/09/1999,6.81
10/09/1999,6.76
11/09/1999,6.7
12/09/1999,6.64
13/09/1999,6.56
14/09/1999,6.57
15/09/1999,6.52
16/09/1999,6.48
17/09/1999,6.46
18/09/1999,6.43
19/09/1999,6.39
20/09/1999,6.37
21/09/1999,6.35
22/09/1999,6.32
23/09/1999,6.29
24/09/1999,6.28
25/09/1999,6.26
26/09/1999,6.25
27/09/1999,6.23
28/09/1999,6.22
29/09/1999,6.2
30/09/1999,6.19
01/10/1999,6.19
02/10/1999,6.16
03/10/1999,6.15
04/10/1999,6.15
05/10/1999,6.14
06/10/1999,6.14
07/10/1999,6.15
08/10/1999,6.16
09/10/1999,6.17
10/10/1999,6.17
11/10/1999,6.17
12/10/1999,6.16
13/10/1999,6.15
14/10/1999,6.15
15/10/1999,6.15
16/10/1999,6.18
17/10/1999,6.18
18/10/1999,6.18
19/10/1999,6.18
20/10/1999,6.17
21/10/1999,6.16
22/10/1999,6.15
23/10/1999,6.15
24/10/1999,6.16
25/10/1999,6.15
26/10/1999,6.15
27/10/1999,6.14
28/10/1999,6.13
29/10/1999,6.12
30/10/1999,6.12
31/10/1999,6.12
01/11/1999,6.14
02/11/1999,6.13
03/11/1999,6.09
04/11/1999,6.08
05/11/1999,6.07
06/11/1999,6.07
07/11/1999,6.11
08/11/1999,6.11
09/11/1999,6.09
10/11/1999,6.09
11/11/1999,6.1
12/11/1999,6.09
13/11/1999,6.08
14/11/1999,6.08
15/11/1999,6.08
16/11/1999,6.08
17/11/1999,6.08
18/11/1999,6.08
19/11/1999,6.07
20/11/1999,6.06
21/11/1999,6.06
22/11/1999,6.06
23/11/1999,6.06
24/11/1999,6.05
25/11/1999,6.05
26/11/1999,6.05
27/11/1999,6.05
28/11/1999,6.05
29/11/1999,6.06
30/11/1999,6.05
01/12/1999,6.06
02/12/1999,6.04
03/12/1999,6.04
04/12/1999,6.04
05/12/1999,6.04
06/12/1999,6.03
07/12/1999,6.03
08/12/1999,6.03
09/12/1999,6.03
10/12/1999,6.03
11/12/1999,6.03
12/12/1999,6.02
13/12/1999,6.01
14/12/1999,6
15/12/1999,6
16/12/1999,6
17/12/1999,5.99
18/12/1999,5.98
19/12/1999,5.98
20/12/1999,5.97
21/12/1999,5.96
22/12/1999,5.95
23/12/1999,5.94
24/12/1999,5.94
25/12/1999,5.93
26/12/1999,5.93
27/12/1999,5.92
28/12/1999,5.92
29/12/1999,5.91
30/12/1999,5.91
31/12/1999,5.9
01/01/2000,5.9
02/01/2000,5.89
03/01/2000,5.89
04/01/2000,5.88
05/01/2000,5.87
06/01/2000,5.86
07/01/2000,5.85
08/01/2000,5.84
09/01/2000,5.84
10/01/2000,5.83
11/01/2000,5.82
12/01/2000,5.81
13/01/2000,5.8
14/01/2000,5.81
15/01/2000,5.81
16/01/2000,5.81
17/01/2000,5.82
18/01/2000,5.82
19/01/2000,5.81
20/01/2000,5.8
21/01/2000,5.79
22/01/2000,5.77
23/01/2000,5.76
24/01/2000,5.75
25/01/2000,5.75
26/01/2000,5.74
27/01/2000,5.73
28/01/2000,5.72
29/01/2000,5.72
30/01/2000,5.8
31/01/2000,5.7
01/02/2000,5.69
02/02/2000,5.69
03/02/2000,5.68
04/02/2000,5.68
05/02/2000,5.67
06/02/2000,5.66
07/02/2000,5.66
08/02/2000,5.65
09/02/2000,5.65
10/02/2000,5.65
11/02/2000,5.63
12/02/2000,5.62
13/02/2000,5.61
14/02/2000,5.61
15/02/2000,5.6
16/02/2000,5.59
17/02/2000,5.58
18/02/2000,5.58
19/02/2000,5.58
20/02/2000,5.57
21/02/2000,5.57
22/02/2000,5.56
23/02/2000,5.56
24/02/2000,5.55
25/02/2000,5.54
26/02/2000,5.53
27/02/2000,5.54
28/02/2000,5.56
29/02/2000,5.57
01/03/2000,5.55
02/03/2000,5.54
03/03/2000,5.55
04/03/2000,5.55
05/03/2000,5.55
06/03/2000,5.55
07/03/2000,5.55
08/03/2000,5.55
09/03/2000,5.54
10/03/2000,5.53
11/03/2000,5.52
12/03/2000,5.52
13/03/2000,5.51
14/03/2000,5.51
15/03/2000,5.5
16/03/2000,5.5
17/03/2000,5.5
18/03/2000,5.5
19/03/2000,5.5
20/03/2000,5.49
21/03/2000,5.48
22/03/2000,5.47
23/03/2000,5.47
24/03/2000,5.57
25/03/2000,5.64
26/03/2000,5.66
27/03/2000,5.65
28/03/2000,5.66
29/03/2000,5.68
30/03/2000,5.67
31/03/2000,5.67
01/04/2000,5.67
02/04/2000,5.68
03/04/2000,5.68
04/04/2000,5.68
05/04/2000,5.68
06/04/2000,5.69
07/04/2000,5.7
08/04/2000,5.92
09/04/2000,6.07
10/04/2000,6.1
11/04/2000,6.14
12/04/2000,6.18
13/04/2000,6.19
14/04/2000,6.2
15/04/2000,6.22
16/04/2000,6.23
17/04/2000,6.23
18/04/2000,6.23
19/04/2000,6.22
20/04/2000,6.25
21/04/2000,6.3
22/04/2000,6.31
23/04/2000,6.33
24/04/2000,6.32
25/04/2000,6.32
26/04/2000,6.32
27/04/2000,6.3
28/04/2000,6.3
29/04/2000,6.29
30/04/2000,6.32
01/05/2000,6.38
02/05/2000,6.45
03/05/2000,6.44
04/05/2000,6.44
05/05/2000,6.49
06/05/2000,7.26
07/05/2000,7.46
08/05/2000,7.4
09/05/2000,7.25
10/05/2000,7.21
11/05/2000,7.05
12/05/2000,6.94
13/05/2000,6.85
14/05/2000,6.78
15/05/2000,6.72
16/05/2000,6.7
17/05/2000,6.83
18/05/2000,6.86
19/05/2000,6.93
20/05/2000,6.86
21/05/2000,6.8
22/05/2000,6.74
23/05/2000,6.69
24/05/2000,6.63
25/05/2000,6.59
26/05/2000,6.75
27/05/2000,6.82
28/05/2000,6.78
29/05/2000,6.73
30/05/2000,6.68
31/05/2000,6.63
01/06/2000,6.6
02/06/2000,6.56
03/06/2000,6.51
04/06/2000,6.49
05/06/2000,6.45
06/06/2000,6.42
07/06/2000,6.41
08/06/2000,6.37
09/06/2000,6.35
10/06/2000,6.35
11/06/2000,6.35
12/06/2000,6.34
13/06/2000,6.32
14/06/2000,6.31
15/06/2000,6.3
16/06/2000,6.39
17/06/2000,6.51
18/06/2000,6.52
19/06/2000,6.52
20/06/2000,6.52
21/06/2000,6.51
22/06/2000,6.5
23/06/2000,6.49
24/06/2000,6.47
25/06/2000,6.45
26/06/2000,6.45
27/06/2000,6.47
28/06/2000,6.47
29/06/2000,6.52
30/06/2000,6.52
01/07/2000,6.51
02/07/2000,6.47
03/07/2000,6.45
04/07/2000,6.42
05/07/2000,6.4
06/07/2000,6.39
07/07/2000,6.37
08/07/2000,6.43
09/07/2000,6.73
10/07/2000,6.8
11/07/2000,7.11
12/07/2000,7.51
13/07/2000,7.45
14/07/2000,7.36
15/07/2000,7.22
16/07/2000,7.11
17/07/2000,7.04
18/07/2000,6.95
19/07/2000,6.98
20/07/2000,6.83
21/07/2000,6.75
22/07/2000,6.67
23/07/2000,6.65
24/07/2000,6.6
25/07/2000,6.49
26/07/2000,6.51
27/07/2000,6.47
28/07/2000,6.45
29/07/2000,6.42
30/07/2000,6.4
31/07/2000,6.38
01/08/2000,6.36
02/08/2000,6.34
03/08/2000,6.32
04/08/2000,6.31
05/08/2000,6.29
06/08/2000,6.27
07/08/2000,6.26
08/08/2000,6.25
09/08/2000,6.24
10/08/2000,6.22
11/08/2000,6.2
12/08/2000,6.2
13/08/2000,6.19
14/08/2000,6.18
15/08/2000,6.2
16/08/2000,6.2
17/08/2000,6.19
18/08/2000,6.19
19/08/2000,6.18
20/08/2000,6.18
21/08/2000,6.18
22/08/2000,6.22
23/08/2000,6.6
24/08/2000,6.81
25/08/2000,6.81
26/08/2000,6.78
27/08/2000,6.74
28/08/2000,6.69
29/08/2000,6.64
30/08/2000,6.6
31/08/2000,6.56
01/09/2000,6.51
02/09/2000,6.49
03/09/2000,6.46
04/09/2000,6.43
05/09/2000,6.4
06/09/2000,6.38
07/09/2000,6.36
08/09/2000,6.35
09/09/2000,6.35
10/09/2000,6.35
11/09/2000,6.42
12/09/2000,6.52
13/09/2000,6.51
14/09/2000,6.48
15/09/2000,6.48
16/09/2000,6.46
17/09/2000,6.45
18/09/2000,6.44
19/09/2000,6.41
20/09/2000,6.45
21/09/2000,6.82
22/09/2000,6.86
23/09/2000,6.81
24/09/2000,6.77
25/09/2000,6.7
26/09/2000,6.65
27/09/2000,6.61
28/09/2000,6.57
29/09/2000,6.52
30/09/2000,6.49
01/10/2000,6.47
02/10/2000,6.43
03/10/2000,6.41
04/10/2000,6.39
05/10/2000,6.37
06/10/2000,6.34
07/10/2000,6.33
08/10/2000,6.31
09/10/2000,6.29
10/10/2000,6.28
11/10/2000,6.26
12/10/2000,6.25
13/10/2000,6.24
14/10/2000,6.21
15/10/2000,6.2
16/10/2000,6.2
17/10/2000,6.2
18/10/2000,6.19
19/10/2000,6.18
20/10/2000,6.18
21/10/2000,6.17
22/10/2000,6.18
23/10/2000,6.17
24/10/2000,6.17
25/10/2000,6.17
26/10/2000,6.18
27/10/2000,6.19
28/10/2000,6.22
29/10/2000,6.25
30/10/2000,6.25
31/10/2000,6.25
01/11/2000,6.24
02/11/2000,6.23
03/11/2000,6.22
04/11/2000,6.22
05/11/2000,6.21
06/11/2000,6.26
07/11/2000,6.27
08/11/2000,6.29
09/11/2000,6.29
10/11/2000,6.28
11/11/2000,6.27
12/11/2000,6.25
13/11/2000,6.24
14/11/2000,6.22
15/11/2000,6.21
16/11/2000,6.2
17/11/2000,6.2
18/11/2000,6.19
19/11/2000,6.18
20/11/2000,6.17
21/11/2000,6.16
22/11/2000,6.12
23/11/2000,6.13
24/11/2000,6.12
25/11/2000,6.13
26/11/2000,6.13
27/11/2000,6.12
28/11/2000,6.12
29/11/2000,6.1
30/11/2000,6.09
01/12/2000,6.09
02/12/2000,6.09
03/12/2000,6.08
04/12/2000,6.07
05/12/2000,6.07
06/12/2000,6.07
07/12/2000,6.07
08/12/2000,6.06
09/12/2000,6.06
10/12/2000,6.05
11/12/2000,6.05
12/12/2000,6.05
13/12/2000,6.04
14/12/2000,6.05
15/12/2000,6.05
16/12/2000,6.04
17/12/2000,6.04
18/12/2000,6.04
19/12/2000,6.03
20/12/2000,6.02
21/12/2000,6.01
22/12/2000,6
23/12/2000,5.99
24/12/2000,5.99
25/12/2000,5.98
26/12/2000,5.98
27/12/2000,6.07
28/12/2000,6.11
29/12/2000,6.12
30/12/2000,6.12
31/12/2000,6.12
01/01/2001,6.12
02/01/2001,6.11
03/01/2001,6.11
04/01/2001,6.11
05/01/2001,6.1
06/01/2001,6.1
07/01/2001,6.1
08/01/2001,6.1
09/01/2001,6.09
10/01/2001,6.09
11/01/2001,6.08
12/01/2001,6.08
13/01/2001,6.08
14/01/2001,6.06
15/01/2001,6.06
16/01/2001,6.06
17/01/2001,6.06
18/01/2001,6.12
19/01/2001,6.27
20/01/2001,6.38
21/01/2001,6.38
22/01/2001,6.38
23/01/2001,6.38
24/01/2001,6.38
25/01/2001,6.38
26/01/2001,6.37
27/01/2001,6.37
28/01/2001,6.46
29/01/2001,6.59
30/01/2001,6.59
31/01/2001,6.56
01/02/2001,6.52
02/02/2001,6.49
03/02/2001,6.47
04/02/2001,6.45
05/02/2001,6.41
06/02/2001,6.4
07/02/2001,6.39
08/02/2001,6.37
09/02/2001,6.38
10/02/2001,6.4
11/02/2001,6.39
12/02/2001,6.47
13/02/2001,6.6
14/02/2001,6.6
15/02/2001,6.59
16/02/2001,6.55
17/02/2001,6.52
18/02/2001,6.49
19/02/2001,6.47
20/02/2001,6.42
21/02/2001,6.41
22/02/2001,6.39
23/02/2001,6.38
24/02/2001,6.42
25/02/2001,6.55
26/02/2001,6.55
27/02/2001,6.52
28/02/2001,6.5
01/03/2001,6.43
02/03/2001,6.42
03/03/2001,6.42
04/03/2001,6.41
05/03/2001,6.4
06/03/2001,6.38
07/03/2001,6.37
08/03/2001,6.35
09/03/2001,6.34
10/03/2001,6.33
11/03/2001,6.3
12/03/2001,6.29
13/03/2001,6.27
14/03/2001,6.25
15/03/2001,6.24
16/03/2001,6.22
17/03/2001,6.2
18/03/2001,6.2
19/03/2001,6.19
20/03/2001,6.18
21/03/2001,6.17
22/03/2001,6.27
23/03/2001,6.5
24/03/2001,6.67
25/03/2001,6.79
26/03/2001,6.9
27/03/2001,6.87
28/03/2001,6.86
29/03/2001,6.84
30/03/2001,6.8
31/03/2001,6.75
01/04/2001,6.69
02/04/2001,6.64
03/04/2001,6.59
04/04/2001,6.55
05/04/2001,6.5
06/04/2001,6.47
07/04/2001,6.45
08/04/2001,6.41
09/04/2001,6.37
10/04/2001,6.36
11/04/2001,6.35
12/04/2001,6.34
13/04/2001,6.31
14/04/2001,6.28
15/04/2001,6.27
16/04/2001,6.26
17/04/2001,6.24
18/04/2001,6.22
19/04/2001,6.21
20/04/2001,6.19
21/04/2001,6.19
22/04/2001,6.18
23/04/2001,6.19
24/04/2001,6.17
25/04/2001,6.16
26/04/2001,6.15
27/04/2001,6.15
28/04/2001,6.15
29/04/2001,6.13
30/04/2001,6.12
01/05/2001,6.12
02/05/2001,6.13
03/05/2001,6.12
04/05/2001,6.11
05/05/2001,6.14
06/05/2001,6.15
07/05/2001,6.15
08/05/2001,6.14
09/05/2001,6.15
10/05/2001,6.19
11/05/2001,6.19
12/05/2001,6.19
13/05/2001,6.19
14/05/2001,6.19
15/05/2001,6.19
16/05/2001,6.18
17/05/2001,6.21
18/05/2001,6.23
19/05/2001,6.24
20/05/2001,6.23
21/05/2001,6.22
22/05/2001,6.3
23/05/2001,6.35
24/05/2001,6.35
25/05/2001,6.34
26/05/2001,6.32
27/05/2001,6.32
28/05/2001,6.31
29/05/2001,6.3
30/05/2001,6.28
31/05/2001,6.25
01/06/2001,6.26
02/06/2001,6.6
03/06/2001,6.68
04/06/2001,6.7
05/06/2001,6.83
06/06/2001,7.24
07/06/2001,7.22
08/06/2001,7.08
09/06/2001,6.99
10/06/2001,6.97
11/06/2001,6.87
12/06/2001,6.79
13/06/2001,6.72
14/06/2001,6.66
15/06/2001,6.71
16/06/2001,6.86
17/06/2001,6.82
18/06/2001,6.85
19/06/2001,6.82
20/06/2001,6.77
21/06/2001,6.72
22/06/2001,6.68
23/06/2001,6.63
24/06/2001,6.59
25/06/2001,6.55
26/06/2001,6.51
27/06/2001,6.48
28/06/2001,6.45
29/06/2001,6.42
30/06/2001,6.4
01/07/2001,6.38
02/07/2001,6.36
03/07/2001,6.34
04/07/2001,6.33
05/07/2001,6.31
06/07/2001,6.29
07/07/2001,6.3
08/07/2001,6.35
09/07/2001,6.37
10/07/2001,6.37
11/07/2001,6.36
12/07/2001,6.35
13/07/2001,6.34
14/07/2001,6.32
15/07/2001,6.3
16/07/2001,6.29
17/07/2001,6.27
18/07/2001,6.49
19/07/2001,6.59
20/07/2001,6.61
21/07/2001,6.6
22/07/2001,6.58
23/07/2001,6.56
24/07/2001,6.54
25/07/2001,6.5
26/07/2001,6.48
27/07/2001,6.46
28/07/2001,6.45
29/07/2001,6.44
30/07/2001,6.43
31/07/2001,6.41
01/08/2001,6.39
02/08/2001,6.38
03/08/2001,6.36
04/08/2001,6.34
05/08/2001,6.33
06/08/2001,6.31
07/08/2001,6.3
08/08/2001,6.29
09/08/2001,6.28
10/08/2001,6.27
11/08/2001,6.25
12/08/2001,6.24
13/08/2001,6.23
14/08/2001,6.23
15/08/2001,6.22
16/08/2001,6.28
17/08/2001,6.28
18/08/2001,6.34
19/08/2001,6.41
20/08/2001,6.44
21/08/2001,6.42
22/08/2001,6.41
23/08/2001,6.4
24/08/2001,6.38
25/08/2001,6.37
26/08/2001,6.35
27/08/2001,6.35
28/08/2001,6.36
29/08/2001,6.36
30/08/2001,6.36
31/08/2001,6.35
01/09/2001,6.33
02/09/2001,6.34
03/09/2001,6.34
04/09/2001,6.34
05/09/2001,6.35
06/09/2001,6.34
07/09/2001,6.32
08/09/2001,6.56
09/09/2001,6.58
10/09/2001,6.57
11/09/2001,6.53
12/09/2001,6.5
13/09/2001,6.48
14/09/2001,6.45
15/09/2001,6.42
16/09/2001,6.38
17/09/2001,6.38
18/09/2001,6.37
19/09/2001,6.35
20/09/2001,6.34
21/09/2001,6.32
22/09/2001,6.3
23/09/2001,6.29
24/09/2001,6.28
25/09/2001,6.27
26/09/2001,6.26
27/09/2001,6.24
28/09/2001,6.22
29/09/2001,6.22
30/09/2001,6.21
01/10/2001,6.22
02/10/2001,6.24
03/10/2001,6.25
04/10/2001,6.24
05/10/2001,6.23
06/10/2001,6.22
07/10/2001,6.23
08/10/2001,6.21
09/10/2001,6.24
10/10/2001,6.22
11/10/2001,6.22
12/10/2001,6.22
13/10/2001,6.22
14/10/2001,6.21
15/10/2001,6.2
16/10/2001,6.19
17/10/2001,6.39
18/10/2001,6.51
19/10/2001,6.54
20/10/2001,6.55
21/10/2001,6.51
22/10/2001,6.5
23/10/2001,6.49
24/10/2001,6.48
25/10/2001,6.45
26/10/2001,6.47
27/10/2001,6.75
28/10/2001,6.79
29/10/2001,6.93
30/10/2001,6.99
31/10/2001,6.91
01/11/2001,6.84
02/11/2001,6.79
03/11/2001,6.71
04/11/2001,6.66
05/11/2001,6.61
06/11/2001,6.58
07/11/2001,6.57
08/11/2001,6.55
09/11/2001,6.53
10/11/2001,6.49
11/11/2001,6.52
12/11/2001,6.51
13/11/2001,6.48
14/11/2001,6.45
15/11/2001,6.43
16/11/2001,6.39
17/11/2001,6.37
18/11/2001,6.35
19/11/2001,6.35
20/11/2001,6.32
21/11/2001,6.3
22/11/2001,6.28
23/11/2001,6.28
24/11/2001,6.54
25/11/2001,6.67
26/11/2001,6.63
27/11/2001,6.58
28/11/2001,6.54
29/11/2001,6.49
30/11/2001,6.45
01/12/2001,6.43
02/12/2001,6.39
03/12/2001,6.37
04/12/2001,6.34
05/12/2001,6.33
06/12/2001,6.3
07/12/2001,6.28
08/12/2001,6.28
09/12/2001,6.27
10/12/2001,6.25
11/12/2001,6.24
12/12/2001,6.22
13/12/2001,6.2
14/12/2001,6.19
15/12/2001,6.18
16/12/2001,6.17
17/12/2001,6.15
18/12/2001,6.14
19/12/2001,6.14
20/12/2001,6.13
21/12/2001,6.12
22/12/2001,6.1
23/12/2001,6.1
24/12/2001,6.09
25/12/2001,6.09
26/12/2001,6.09
27/12/2001,6.08
28/12/2001,6.07
29/12/2001,6.07
30/12/2001,6.07
31/12/2001,6.06
01/01/2002,6.06
02/01/2002,6.06
03/01/2002,6.06
04/01/2002,6.05
05/01/2002,6.05
06/01/2002,6.09
07/01/2002,6.09
08/01/2002,6.09
09/01/2002,6.09
10/01/2002,6.08
11/01/2002,6.07
12/01/2002,6.07
13/01/2002,6.07
14/01/2002,6.06
15/01/2002,6.05
16/01/2002,6.05
17/01/2002,6.05
18/01/2002,6.05
19/01/2002,6.05
20/01/2002,6.05
21/01/2002,6.04
22/01/2002,6.03
23/01/2002,6.02
24/01/2002,6.01
25/01/2002,6.01
26/01/2002,6.01
27/01/2002,6
28/01/2002,5.99
29/01/2002,5.98
30/01/2002,5.97
31/01/2002,5.96
01/02/2002,5.95
02/02/2002,5.94
03/02/2002,5.94
04/02/2002,5.94
05/02/2002,5.93
06/02/2002,5.93
07/02/2002,5.93
08/02/2002,5.93
09/02/2002,5.93
10/02/2002,5.93
11/02/2002,5.92
12/02/2002,5.92
13/02/2002,5.92
14/02/2002,5.92
15/02/2002,5.91
16/02/2002,5.91
17/02/2002,5.91
18/02/2002,5.91
19/02/2002,5.9
20/02/2002,5.9
21/02/2002,5.91
22/02/2002,5.95
23/02/2002,5.95
24/02/2002,5.95
25/02/2002,5.95
26/02/2002,5.95
27/02/2002,5.94
28/02/2002,5.94
01/03/2002,5.94
02/03/2002,5.93
03/03/2002,5.94
04/03/2002,5.98
05/03/2002,6.14
06/03/2002,6.18
07/03/2002,6.19
08/03/2002,6.21
09/03/2002,6.23
10/03/2002,6.23
11/03/2002,6.28
12/03/2002,6.3
13/03/2002,6.31
14/03/2002,6.31
15/03/2002,6.33
16/03/2002,6.46
17/03/2002,7.18
18/03/2002,7.51
19/03/2002,7.39
20/03/2002,7.33
21/03/2002,7.22
22/03/2002,7.11
23/03/2002,6.99
24/03/2002,6.92
25/03/2002,6.84
26/03/2002,6.77
27/03/2002,6.7
28/03/2002,6.64
29/03/2002,6.61
30/03/2002,6.73
31/03/2002,6.9
01/04/2002,7.03
02/04/2002,7.21
03/04/2002,7.17
04/04/2002,7.08
05/04/2002,6.98
06/04/2002,6.9
07/04/2002,6.83
08/04/2002,6.81
09/04/2002,6.76
10/04/2002,6.69
11/04/2002,6.62
12/04/2002,6.58
13/04/2002,6.56
14/04/2002,6.54
15/04/2002,6.51
16/04/2002,6.48
17/04/2002,6.5
18/04/2002,6.58
19/04/2002,6.57
20/04/2002,6.55
21/04/2002,6.51
22/04/2002,6.46
23/04/2002,6.5
24/04/2002,6.55
25/04/2002,6.54
26/04/2002,6.51
27/04/2002,6.49
28/04/2002,6.47
29/04/2002,6.44
30/04/2002,6.42
01/05/2002,6.4
02/05/2002,6.37
03/05/2002,6.35
04/05/2002,6.33
05/05/2002,6.32
06/05/2002,6.3
07/05/2002,6.28
08/05/2002,6.27
09/05/2002,6.25
10/05/2002,6.24
11/05/2002,6.23
12/05/2002,6.22
13/05/2002,6.24
14/05/2002,6.24
15/05/2002,6.35
16/05/2002,6.47
17/05/2002,6.53
18/05/2002,6.54
19/05/2002,6.54
20/05/2002,6.53
21/05/2002,6.51
22/05/2002,6.48
23/05/2002,6.46
24/05/2002,6.45
25/05/2002,6.42
26/05/2002,6.4
27/05/2002,6.38
28/05/2002,6.37
29/05/2002,6.35
30/05/2002,6.49
31/05/2002,6.5
01/06/2002,6.47
02/06/2002,6.46
03/06/2002,6.45
04/06/2002,6.44
05/06/2002,6.57
06/06/2002,6.7
07/06/2002,6.72
08/06/2002,6.7
09/06/2002,6.66
10/06/2002,6.61
11/06/2002,6.58
12/06/2002,6.55
13/06/2002,6.51
14/06/2002,6.46
15/06/2002,6.45
16/06/2002,6.41
17/06/2002,6.39
18/06/2002,6.38
19/06/2002,6.37
20/06/2002,6.34
21/06/2002,6.32
22/06/2002,6.31
23/06/2002,6.3
24/06/2002,6.28
25/06/2002,6.27
26/06/2002,6.26
27/06/2002,6.24
28/06/2002,6.23
29/06/2002,6.25
30/06/2002,6.25
01/07/2002,6.24
02/07/2002,6.24
03/07/2002,6.25
04/07/2002,6.31
05/07/2002,6.47
06/07/2002,6.6
07/07/2002,6.61
08/07/2002,6.59
09/07/2002,6.56
10/07/2002,6.54
11/07/2002,6.5
12/07/2002,6.47
13/07/2002,6.45
14/07/2002,6.44
15/07/2002,6.42
16/07/2002,6.39
17/07/2002,6.37
18/07/2002,6.35
19/07/2002,6.33
20/07/2002,6.31
21/07/2002,6.3
22/07/2002,6.29
23/07/2002,6.29
24/07/2002,6.27
25/07/2002,6.28
26/07/2002,6.28
27/07/2002,6.27
28/07/2002,6.26
29/07/2002,6.25
30/07/2002,6.25
31/07/2002,6.24
01/08/2002,6.24
02/08/2002,6.24
03/08/2002,6.24
04/08/2002,6.23
05/08/2002,6.22
06/08/2002,6.21
07/08/2002,6.22
08/08/2002,6.24
09/08/2002,6.31
10/08/2002,6.3
11/08/2002,6.31
12/08/2002,6.29
13/08/2002,6.28
14/08/2002,6.27
15/08/2002,6.26
16/08/2002,6.25
17/08/2002,6.26
18/08/2002,6.27
19/08/2002,6.36
20/08/2002,6.45
21/08/2002,6.46
22/08/2002,6.45
23/08/2002,6.44
24/08/2002,6.43
25/08/2002,6.42
26/08/2002,6.39
27/08/2002,6.38
28/08/2002,6.37
29/08/2002,6.36
30/08/2002,6.35
31/08/2002,6.35
01/09/2002,6.35
02/09/2002,6.36
03/09/2002,6.35
04/09/2002,6.34
05/09/2002,6.33
06/09/2002,6.32
07/09/2002,6.31
08/09/2002,6.3
09/09/2002,6.29
10/09/2002,6.28
11/09/2002,6.27
12/09/2002,6.26
13/09/2002,6.25
14/09/2002,6.24
15/09/2002,6.24
16/09/2002,6.23
17/09/2002,6.22
18/09/2002,6.21
19/09/2002,6.22
20/09/2002,6.25
21/09/2002,6.27
22/09/2002,6.27
23/09/2002,6.25
24/09/2002,6.24
25/09/2002,6.23
26/09/2002,6.22
27/09/2002,6.21
28/09/2002,6.2
29/09/2002,6.2
30/09/2002,6.19
01/10/2002,6.19
02/10/2002,6.19
03/10/2002,6.18
04/10/2002,6.16
05/10/2002,6.17
06/10/2002,6.18
07/10/2002,6.17
08/10/2002,6.17
09/10/2002,6.16
10/10/2002,6.15
11/10/2002,6.15
12/10/2002,6.14
13/10/2002,6.14
14/10/2002,6.13
15/10/2002,6.13
16/10/2002,6.14
17/10/2002,6.17
18/10/2002,6.17
19/10/2002,6.16
20/10/2002,6.15
21/10/2002,6.14
22/10/2002,6.15
23/10/2002,6.16
24/10/2002,6.15
25/10/2002,6.15
26/10/2002,6.14
27/10/2002,6.14
28/10/2002,6.14
29/10/2002,6.13
30/10/2002,6.12
31/10/2002,6.12
01/11/2002,6.11
02/11/2002,6.1
03/11/2002,6.1
04/11/2002,6.09
05/11/2002,6.09
06/11/2002,6.09
07/11/2002,6.08
08/11/2002,6.08
09/11/2002,6.15
10/11/2002,6.23
11/11/2002,6.26
12/11/2002,6.28
13/11/2002,6.28
14/11/2002,6.27
15/11/2002,6.24
16/11/2002,6.27
17/11/2002,6.26
18/11/2002,6.28
19/11/2002,6.26
20/11/2002,6.25
21/11/2002,6.24
22/11/2002,6.23
23/11/2002,6.22
24/11/2002,6.21
25/11/2002,6.19
26/11/2002,6.33
27/11/2002,6.49
28/11/2002,6.47
29/11/2002,6.45
30/11/2002,6.43
01/12/2002,6.41
02/12/2002,6.39
03/12/2002,6.36
04/12/2002,6.34
05/12/2002,6.32
06/12/2002,6.3
07/12/2002,6.29
08/12/2002,6.27
09/12/2002,6.25
10/12/2002,6.24
11/12/2002,6.25
12/12/2002,6.38
13/12/2002,6.48
14/12/2002,6.47
15/12/2002,6.45
16/12/2002,6.47
17/12/2002,6.46
18/12/2002,6.45
19/12/2002,6.43
20/12/2002,6.41
21/12/2002,6.38
22/12/2002,6.37
23/12/2002,6.38
24/12/2002,6.45
25/12/2002,6.44
26/12/2002,6.42
27/12/2002,6.4
28/12/2002,6.38
29/12/2002,6.36
30/12/2002,6.4
31/12/2002,6.55
01/01/2003,6.6
02/01/2003,6.58
03/01/2003,6.55
04/01/2003,6.52
05/01/2003,6.49
06/01/2003,6.46
07/01/2003,6.42
08/01/2003,6.39
09/01/2003,6.37
10/01/2003,6.36
11/01/2003,6.35
12/01/2003,6.33
13/01/2003,6.31
14/01/2003,6.29
15/01/2003,6.27
16/01/2003,6.25
17/01/2003,6.25
18/01/2003,6.25
19/01/2003,6.24
20/01/2003,6.24
21/01/2003,6.22
22/01/2003,6.21
23/01/2003,6.2
24/01/2003,6.19
25/01/2003,6.17
26/01/2003,6.16
27/01/2003,6.15
28/01/2003,6.14
29/01/2003,6.13
30/01/2003,6.12
31/01/2003,6.11
01/02/2003,6.13
02/02/2003,6.13
03/02/2003,6.14
04/02/2003,6.14
05/02/2003,6.16
06/02/2003,6.15
07/02/2003,6.14
08/02/2003,6.14
09/02/2003,6.14
10/02/2003,6.14
11/02/2003,6.16
12/02/2003,6.31
13/02/2003,7.46
14/02/2003,7.44
15/02/2003,7.27
16/02/2003,7.17
17/02/2003,7.06
18/02/2003,6.96
19/02/2003,6.87
20/02/2003,6.8
21/02/2003,6.72
22/02/2003,6.66
23/02/2003,6.61
24/02/2003,6.57
25/02/2003,6.66
26/02/2003,6.7
27/02/2003,6.69
28/02/2003,6.91
01/03/2003,6.91
02/03/2003,6.85
03/03/2003,6.78
04/03/2003,6.72
05/03/2003,6.65
06/03/2003,6.6
07/03/2003,6.56
08/03/2003,6.52
09/03/2003,6.48
10/03/2003,6.44
11/03/2003,6.43
12/03/2003,6.4
13/03/2003,6.37
14/03/2003,6.34
15/03/2003,6.33
16/03/2003,6.31
17/03/2003,6.28
18/03/2003,6.26
19/03/2003,6.24
20/03/2003,6.22
21/03/2003,6.2
22/03/2003,6.19
23/03/2003,6.17
24/03/2003,6.16
25/03/2003,6.15
26/03/2003,6.14
27/03/2003,6.13
28/03/2003,6.13
29/03/2003,6.13
30/03/2003,6.12
01/04/2003,6.1
02/04/2003,6.09
03/04/2003,6.09
04/04/2003,6.09
05/04/2003,6.09
06/04/2003,6.08
07/04/2003,6.09
08/04/2003,6.09
09/04/2003,6.08
10/04/2003,6.08
11/04/2003,6.06
12/04/2003,6.07
13/04/2003,6.07
14/04/2003,6.07
15/04/2003,6.07
16/04/2003,6.07
17/04/2003,6.07
18/04/2003,6.08
19/04/2003,6.06
20/04/2003,6.08
21/04/2003,6.08
22/04/2003,6.08
23/04/2003,6.09
24/04/2003,6.09
25/04/2003,6.09
26/04/2003,6.09
27/04/2003,6.09
28/04/2003,6.09
29/04/2003,6.09
30/04/2003,6.09
01/05/2003,6.09
02/05/2003,6.09
03/05/2003,6.1
04/05/2003,6.11
05/05/2003,6.1
06/05/2003,6.1
07/05/2003,6.1
08/05/2003,6.1
09/05/2003,6.1
10/05/2003,6.1
11/05/2003,6.1
12/05/2003,6.1
13/05/2003,6.1
14/05/2003,6.1
15/05/2003,6.1
16/05/2003,6.1
17/05/2003,6.11
18/05/2003,6.17
19/05/2003,6.22
20/05/2003,6.22
21/05/2003,6.22
22/05/2003,6.36
23/05/2003,6.32
24/05/2003,6.28
25/05/2003,6.39
26/05/2003,6.43
27/05/2003,6.44
28/05/2003,6.41
29/05/2003,6.4
30/05/2003,6.38
31/05/2003,6.36
01/06/2003,6.34
02/06/2003,6.34
03/06/2003,6.33
04/06/2003,6.33
05/06/2003,6.31
06/06/2003,6.3
07/06/2003,6.28
08/06/2003,6.27
09/06/2003,6.26
10/06/2003,6.25
11/06/2003,6.24
12/06/2003,6.24
13/06/2003,6.23
14/06/2003,6.22
15/06/2003,6.22
16/06/2003,6.21
17/06/2003,6.2
18/06/2003,6.19
19/06/2003,6.19
20/06/2003,6.18
21/06/2003,6.17
22/06/2003,6.17
23/06/2003,6.19
24/06/2003,6.23
25/06/2003,6.22
26/06/2003,6.22
27/06/2003,6.24
28/06/2003,6.58
29/06/2003,6.76
30/06/2003,6.75
01/07/2003,6.71
02/07/2003,6.68
03/07/2003,6.65
04/07/2003,6.62
05/07/2003,6.63
06/07/2003,6.62
07/07/2003,6.58
08/07/2003,6.55
09/07/2003,6.52
10/07/2003,6.54
11/07/2003,6.5
12/07/2003,6.49
13/07/2003,6.46
14/07/2003,6.44
15/07/2003,6.44
16/07/2003,6.46
17/07/2003,6.44
18/07/2003,6.43
19/07/2003,6.4
20/07/2003,6.39
21/07/2003,6.36
22/07/2003,6.35
23/07/2003,6.33
24/07/2003,6.31
25/07/2003,6.3
26/07/2003,6.28
27/07/2003,6.26
28/07/2003,6.26
29/07/2003,6.25
30/07/2003,6.24
31/07/2003,6.24
01/08/2003,6.23
02/08/2003,6.22
03/08/2003,6.21
04/08/2003,6.22
05/08/2003,6.28
06/08/2003,6.38
07/08/2003,6.43
08/08/2003,6.44
09/08/2003,6.43
10/08/2003,6.42
11/08/2003,6.41
12/08/2003,6.39
13/08/2003,6.37
14/08/2003,6.36
15/08/2003,6.35
16/08/2003,6.33
17/08/2003,6.32
18/08/2003,6.3
19/08/2003,6.28
20/08/2003,6.27
21/08/2003,6.25
22/08/2003,6.24
23/08/2003,6.23
24/08/2003,6.22
25/08/2003,6.21
26/08/2003,6.2
27/08/2003,6.21
28/08/2003,6.21
29/08/2003,6.2
30/08/2003,6.2
31/08/2003,6.19
01/09/2003,6.18
02/09/2003,6.17
03/09/2003,6.17
04/09/2003,6.17
05/09/2003,6.25
06/09/2003,6.28
07/09/2003,6.27
08/09/2003,6.37
09/09/2003,6.58
10/09/2003,6.64
11/09/2003,6.61
12/09/2003,6.59
13/09/2003,6.54
14/09/2003,6.52
15/09/2003,6.48
16/09/2003,6.45
17/09/2003,6.43
18/09/2003,6.4
19/09/2003,6.37
20/09/2003,6.36
21/09/2003,6.33
22/09/2003,6.36
23/09/2003,6.36
24/09/2003,6.46
25/09/2003,6.46
26/09/2003,6.46
27/09/2003,6.44
28/09/2003,6.41
29/09/2003,6.39
30/09/2003,6.37
01/10/2003,6.35
02/10/2003,6.33
03/10/2003,6.31
04/10/2003,6.3
06/10/2003,6.27
07/10/2003,6.25
08/10/2003,6.21
10/10/2003,6.2
11/10/2003,6.23
12/10/2003,6.21
13/10/2003,6.2
14/10/2003,6.19
15/10/2003,6.18
16/10/2003,6.17
17/10/2003,6.16
18/10/2003,6.15
19/10/2003,6.16
20/10/2003,6.17
21/10/2003,6.15
22/10/2003,6.15
23/10/2003,6.14
24/10/2003,6.13
25/10/2003,6.14
26/10/2003,6.13
27/10/2003,6.12
28/10/2003,6.11
29/10/2003,6.11
30/10/2003,6.11
31/10/2003,6.1
01/11/2003,6.1
02/11/2003,6.1
03/11/2003,6.09
04/11/2003,6.08
05/11/2003,6.08
06/11/2003,6.08
07/11/2003,6.08
08/11/2003,6.07
09/11/2003,6.07
10/11/2003,6.07
11/11/2003,6.07
12/11/2003,6.15
13/11/2003,6.17
14/11/2003,6.22
15/11/2003,6.23
16/11/2003,6.25
17/11/2003,6.26
18/11/2003,6.27
19/11/2003,6.55
20/11/2003,6.71
21/11/2003,6.71
22/11/2003,6.67
23/11/2003,6.62
24/11/2003,6.59
25/11/2003,6.55
26/11/2003,6.5
27/11/2003,6.47
28/11/2003,6.43
29/11/2003,6.4
30/11/2003,6.38
01/12/2003,6.35
02/12/2003,6.33
03/12/2003,6.3
04/12/2003,6.28
05/12/2003,6.27
06/12/2003,6.26
07/12/2003,6.24
08/12/2003,6.22
09/12/2003,6.2
10/12/2003,6.19
11/12/2003,6.18
12/12/2003,6.18
13/12/2003,6.17
14/12/2003,6.16
15/12/2003,6.19
16/12/2003,6.24
17/12/2003,6.3
18/12/2003,6.3
19/12/2003,6.29
20/12/2003,6.28
21/12/2003,6.26
22/12/2003,6.25
23/12/2003,6.22
24/12/2003,6.2
25/12/2003,6.19
26/12/2003,6.17
27/12/2003,6.16
28/12/2003,6.16
29/12/2003,6.15
30/12/2003,6.14
31/12/2003,6.13
01/01/2004,6.13
02/01/2004,6.12
03/01/2004,6.11
04/01/2004,6.1
05/01/2004,6.1
06/01/2004,6.09
07/01/2004,6.08
08/01/2004,6.08
09/01/2004,6.08
10/01/2004,6.08
11/01/2004,6.1
12/01/2004,6.09
13/01/2004,6.09
14/01/2004,6.09
15/01/2004,6.08
16/01/2004,6.07
17/01/2004,6.07
18/01/2004,6.06
19/01/2004,6.06
20/01/2004,6.05
21/01/2004,6.05
22/01/2004,6.05
23/01/2004,6.05
24/01/2004,6.1
25/01/2004,6.08
26/01/2004,6.07
27/01/2004,6.07
28/01/2004,6.06
29/01/2004,6.06
30/01/2004,6.05
31/01/2004,6.05
01/02/2004,6.05
02/02/2004,6.05
03/02/2004,6.05
04/02/2004,6.04
05/02/2004,6.04
06/02/2004,6.04
07/02/2004,6.04
08/02/2004,6.03
09/02/2004,6.03
10/02/2004,6.02
11/02/2004,6.01
12/02/2004,6.01
13/02/2004,6.04
14/02/2004,6.05
15/02/2004,6.05
16/02/2004,6.05
17/02/2004,6.05
18/02/2004,6.05
19/02/2004,6.05
20/02/2004,6.04
21/02/2004,6.04
22/02/2004,6.04
23/02/2004,6.04
24/02/2004,6.04
25/02/2004,6.04
26/02/2004,6.04
27/02/2004,6.04
28/02/2004,5.91
29/02/2004,5.91
01/03/2004,5.87
02/03/2004,5.89
03/03/2004,5.88
04/03/2004,5.88
05/03/2004,5.86
06/03/2004,5.86
07/03/2004,5.86
08/03/2004,5.85
09/03/2004,5.85
10/03/2004,5.84
11/03/2004,5.85
12/03/2004,5.84
13/03/2004,5.83
14/03/2004,5.83
15/03/2004,5.83
16/03/2004,5.83
17/03/2004,5.82
18/03/2004,5.82
19/03/2004,5.82
20/03/2004,5.81
21/03/2004,5.81
22/03/2004,5.8
23/03/2004,5.8
24/03/2004,5.79
25/03/2004,5.78
26/03/2004,5.78
27/03/2004,5.77
28/03/2004,5.77
29/03/2004,5.77
30/03/2004,5.77
31/03/2004,5.77
01/04/2004,5.75
02/04/2004,5.75
03/04/2004,5.75
04/04/2004,5.74
05/04/2004,5.74
06/04/2004,5.74
07/04/2004,5.73
08/04/2004,5.72
09/04/2004,5.74
10/04/2004,5.74
11/04/2004,5.73
12/04/2004,5.73
13/04/2004,5.73
14/04/2004,5.72
16/04/2004,5.79
17/04/2004,5.78
18/04/2004,5.79
19/04/2004,5.78
20/04/2004,5.78
21/04/2004,5.77
23/04/2004,5.82
24/04/2004,5.83
25/04/2004,5.83
26/04/2004,5.84
27/04/2004,5.83
28/04/2004,5.83
30/04/2004,5.85
01/05/2004,5.87
02/05/2004,5.88
03/05/2004,5.89
04/05/2004,5.89
05/05/2004,5.89
06/05/2004,5.9
07/05/2004,5.9
08/05/2004,5.9
09/05/2004,5.91
10/05/2004,5.91
24/05/2004,6.04
25/05/2004,6.04
26/05/2004,6.1
27/05/2004,6.11
28/05/2004,6.17
29/05/2004,6.2
30/05/2004,6.2
31/05/2004,6.21
01/06/2004,6.22
02/06/2004,6.23
03/06/2004,6.24
04/06/2004,6.23
05/06/2004,6.23
06/06/2004,6.22
07/06/2004,6.2
08/06/2004,6.19
09/06/2004,6.18
10/06/2004,6.17
11/06/2004,6.16
12/06/2004,6.16
13/06/2004,6.15
14/06/2004,6.15
15/06/2004,6.14
16/06/2004,6.14
17/06/2004,6.13
18/06/2004,6.13
19/06/2004,6.13
20/06/2004,6.12
21/06/2004,6.16
22/06/2004,6.24
23/06/2004,6.29
24/06/2004,6.29
25/06/2004,6.29
26/06/2004,6.29
27/06/2004,6.29
28/06/2004,6.28
29/06/2004,6.27
30/06/2004,6.28
01/07/2004,6.3
02/07/2004,6.31
03/07/2004,6.32
04/07/2004,6.31
05/07/2004,6.29
06/07/2004,6.28
07/07/2004,6.27
08/07/2004,6.25
09/07/2004,6.25
10/07/2004,6.24
11/07/2004,6.23
12/07/2004,6.22
13/07/2004,6.21
14/07/2004,6.21
15/07/2004,6.2
16/07/2004,6.18
17/07/2004,6.18
18/07/2004,6.17
19/07/2004,6.17
20/07/2004,6.16
21/07/2004,6.15
22/07/2004,6.16
23/07/2004,6.14
24/07/2004,6.14
25/07/2004,6.14
26/07/2004,6.14
27/07/2004,6.14
28/07/2004,6.13
29/07/2004,6.12
30/07/2004,6.11
31/07/2004,6.11
01/08/2004,6.11
02/08/2004,6.11
03/08/2004,6.11
04/08/2004,6.1
05/08/2004,6.11
06/08/2004,6.11
07/08/2004,6.11
08/08/2004,6.12
09/08/2004,6.13
10/08/2004,6.13
11/08/2004,6.13
12/08/2004,6.13
13/08/2004,6.13
14/08/2004,6.12
15/08/2004,6.12
16/08/2004,6.13
17/08/2004,6.15
18/08/2004,6.18
19/08/2004,6.21
20/08/2004,6.22
21/08/2004,6.24
22/08/2004,6.25
23/08/2004,6.29
24/08/2004,6.3
25/08/2004,6.29
26/08/2004,6.28
27/08/2004,6.27
28/08/2004,6.26
29/08/2004,6.26
30/08/2004,6.24
31/08/2004,6.23
01/09/2004,6.22
02/09/2004,6.21
03/09/2004,6.2
04/09/2004,6.2
05/09/2004,6.19
06/09/2004,6.23
07/09/2004,6.24
08/09/2004,6.6
09/09/2004,6.65
10/09/2004,6.69
11/09/2004,6.66
12/09/2004,6.62
13/09/2004,6.58
14/09/2004,6.55
15/09/2004,6.51
16/09/2004,6.47
17/09/2004,6.44
18/09/2004,6.42
19/09/2004,6.39
20/09/2004,6.37
21/09/2004,6.35
22/09/2004,6.33
23/09/2004,6.31
24/09/2004,6.3
25/09/2004,6.28
26/09/2004,6.26
27/09/2004,6.25
28/09/2004,6.23
29/09/2004,6.21
30/09/2004,6.21
01/10/2004,6.2
02/10/2004,6.18
03/10/2004,6.17
04/10/2004,6.17
05/10/2004,6.16
06/10/2004,6.16
07/10/2004,6.15
08/10/2004,6.14
09/10/2004,6.13
10/10/2004,6.12
11/10/2004,6.11
12/10/2004,6.11
13/10/2004,6.13
14/10/2004,6.12
15/10/2004,6.11
16/10/2004,6.17
17/10/2004,6.41
18/10/2004,6.46
19/10/2004,6.45
20/10/2004,6.43
21/10/2004,6.41
22/10/2004,6.4
23/10/2004,6.36
24/10/2004,6.36
25/10/2004,6.35
26/10/2004,6.34
27/10/2004,6.34
28/10/2004,6.3
29/10/2004,6.29
30/10/2004,6.28
31/10/2004,6.26
01/11/2004,6.24
02/11/2004,6.24
03/11/2004,6.25
04/11/2004,6.26
05/11/2004,6.28
06/11/2004,6.3
07/11/2004,6.3
08/11/2004,6.29
09/11/2004,6.29
10/11/2004,6.28
11/11/2004,6.3
12/11/2004,6.3
13/11/2004,6.31
14/11/2004,6.33
15/11/2004,6.32
16/11/2004,6.31
17/11/2004,6.3
18/11/2004,6.29
19/11/2004,6.26
20/11/2004,6.25
21/11/2004,6.24
22/11/2004,6.23
23/11/2004,6.22
24/11/2004,6.21
25/11/2004,6.21
26/11/2004,6.2
27/11/2004,6.19
28/11/2004,6.19
29/11/2004,6.18
30/11/2004,6.17
01/12/2004,6.15
02/12/2004,6.15
03/12/2004,6.14
04/12/2004,6.13
05/12/2004,6.12
06/12/2004,6.12
07/12/2004,6.11
08/12/2004,6.09
09/12/2004,6.09
10/12/2004,6.08
11/12/2004,6.07
12/12/2004,6.07
13/12/2004,6.06
14/12/2004,6.05
15/12/2004,6.05
16/12/2004,6.04
17/12/2004,6.04
18/12/2004,6.04
19/12/2004,6.04
20/12/2004,6.03
21/12/2004,6.02
22/12/2004,6.01
23/12/2004,6.01
24/12/2004,6
25/12/2004,6
26/12/2004,5.99
27/12/2004,5.98
28/12/2004,5.98
29/12/2004,5.98
30/12/2004,5.97
31/12/2004,5.96
01/01/2005,5.96
02/01/2005,5.96
03/01/2005,5.95
04/01/2005,5.95
05/01/2005,5.95
06/01/2005,5.95
07/01/2005,5.94
08/01/2005,5.95
10/01/2005,5.94
11/01/2005,5.93
12/01/2005,5.92
13/01/2005,5.91
14/01/2005,5.91
15/01/2005,5.92
16/01/2005,5.91
17/01/2005,5.91
18/01/2005,5.9
19/01/2005,5.89
20/01/2005,5.86
21/01/2005,5.85
22/01/2005,5.85
23/01/2005,5.85
24/01/2005,5.85
25/01/2005,5.83
26/01/2005,5.82
27/01/2005,5.81
28/01/2005,5.81
29/01/2005,5.8
30/01/2005,5.81
31/01/2005,5.85
01/02/2005,5.86
02/02/2005,5.87
03/02/2005,5.88
04/02/2005,5.87
05/02/2005,5.86
06/02/2005,5.86
07/02/2005,5.86
08/02/2005,5.87
09/02/2005,5.88
10/02/2005,5.86
11/02/2005,5.86
12/02/2005,5.86
13/02/2005,5.86
14/02/2005,5.86
15/02/2005,5.86
16/02/2005,5.86
17/02/2005,5.85
18/02/2005,5.84
19/02/2005,5.83
20/02/2005,5.82
21/02/2005,5.82
22/02/2005,5.85
23/02/2005,5.84
24/02/2005,5.83
25/02/2005,5.81
26/02/2005,5.81
27/02/2005,5.81
28/02/2005,5.8
01/03/2005,5.79
02/03/2005,5.79
03/03/2005,5.79
04/03/2005,5.78
05/03/2005,5.78
06/03/2005,5.77
07/03/2005,5.77
08/03/2005,5.76
09/03/2005,5.75
10/03/2005,5.75
11/03/2005,5.75
12/03/2005,5.73
13/03/2005,5.72
14/03/2005,5.72
15/03/2005,5.72
16/03/2005,5.72
17/03/2005,5.72
18/03/2005,5.71
19/03/2005,5.72
20/03/2005,5.72
21/03/2005,5.72
22/03/2005,5.71
23/03/2005,5.7
24/03/2005,5.69
25/03/2005,5.68
26/03/2005,5.68
27/03/2005,5.68
28/03/2005,5.67
29/03/2005,5.68
30/03/2005,5.68
31/03/2005,5.69
01/04/2005,5.68
02/04/2005,5.67
03/04/2005,5.67
04/04/2005,5.67
05/04/2005,5.66
06/04/2005,5.66
07/04/2005,5.74
08/04/2005,5.87
09/04/2005,6.03
10/04/2005,6.05
11/04/2005,6.08
12/04/2005,6.09
13/04/2005,6.13
14/04/2005,6.2
15/04/2005,6.41
16/04/2005,6.75
17/04/2005,6.77
18/04/2005,6.75
23/04/2005,6.52
24/04/2005,6.47
25/04/2005,6.44
26/04/2005,6.42
27/04/2005,6.4
28/04/2005,6.38
29/04/2005,6.34
30/04/2005,6.32
01/05/2005,6.3
02/05/2005,6.28
03/05/2005,6.26
04/05/2005,6.25
05/05/2005,6.24
06/05/2005,6.33
07/05/2005,6.37
08/05/2005,6.37
09/05/2005,6.36
10/05/2005,6.35
11/05/2005,6.34
12/05/2005,6.35
13/05/2005,6.37
14/05/2005,6.38
15/05/2005,6.4
16/05/2005,6.45
17/05/2005,6.49
18/05/2005,6.48
19/05/2005,6.47
20/05/2005,6.46
21/05/2005,6.44
22/05/2005,6.41
23/05/2005,6.38
24/05/2005,6.36
25/05/2005,6.34
26/05/2005,6.33
27/05/2005,6.31
28/05/2005,6.29
29/05/2005,6.28
30/05/2005,6.43
31/05/2005,6.47
01/06/2005,6.47
02/06/2005,6.46
03/06/2005,6.47
04/06/2005,7.19
05/06/2005,7.43
06/06/2005,7.35
07/06/2005,7.25
08/06/2005,7.13
09/06/2005,7.01
10/06/2005,6.97
11/06/2005,6.87
12/06/2005,6.81
13/06/2005,6.81
14/06/2005,7.04
15/06/2005,7.02
16/06/2005,7.03
17/06/2005,7.04
18/06/2005,7.01
01/07/2005,6.44
02/07/2005,6.51
03/07/2005,6.68
04/07/2005,6.66
05/07/2005,6.64
06/07/2005,6.59
07/07/2005,6.57
08/07/2005,6.53
09/07/2005,6.5
10/07/2005,6.47
11/07/2005,6.45
12/07/2005,6.42
13/07/2005,6.39
14/07/2005,6.37
15/07/2005,6.36
16/07/2005,6.4
17/07/2005,6.44
18/07/2005,6.42
19/07/2005,6.42
20/07/2005,6.4
21/07/2005,6.39
22/07/2005,6.38
23/07/2005,6.36
24/07/2005,6.34
25/07/2005,6.33
26/07/2005,6.32
27/07/2005,6.31
28/07/2005,6.29
29/07/2005,6.28
30/07/2005,6.27
31/07/2005,6.25
01/08/2005,6.24
02/08/2005,6.23
03/08/2005,6.23
04/08/2005,6.22
05/08/2005,6.21
06/08/2005,6.2
07/08/2005,6.19
08/08/2005,6.18
09/08/2005,6.18
10/08/2005,6.17
11/08/2005,6.16
12/08/2005,6.15
13/08/2005,6.14
14/08/2005,6.14
15/08/2005,6.13
16/08/2005,6.13
17/08/2005,6.13
18/08/2005,6.13
19/08/2005,6.13
20/08/2005,6.13
21/08/2005,6.13
22/08/2005,6.13
23/08/2005,6.13
24/08/2005,6.13
25/08/2005,6.15
26/08/2005,6.15
27/08/2005,6.15
28/08/2005,6.15
29/08/2005,6.14
30/08/2005,6.14
31/08/2005,6.13
01/09/2005,6.12
02/09/2005,6.13
03/09/2005,6.15
04/09/2005,6.16
05/09/2005,6.16
06/09/2005,6.16
07/09/2005,6.16
08/09/2005,6.15
09/09/2005,6.15
10/09/2005,6.16
11/09/2005,6.18
12/09/2005,6.19
13/09/2005,6.2
14/09/2005,6.2
15/09/2005,6.2
16/09/2005,6.28
17/09/2005,6.31
18/09/2005,6.32
19/09/2005,6.31
20/09/2005,6.3
21/09/2005,6.29
22/09/2005,6.28
23/09/2005,6.28
24/09/2005,6.26
25/09/2005,6.25
26/09/2005,6.24
27/09/2005,6.23
28/09/2005,6.22
29/09/2005,6.21
30/09/2005,6.22
01/10/2005,6.24
02/10/2005,6.24
03/10/2005,6.23
04/10/2005,6.24
05/10/2005,6.25
06/10/2005,6.25
07/10/2005,6.24
08/10/2005,6.23
09/10/2005,6.22
10/10/2005,6.21
11/10/2005,6.2
12/10/2005,6.19
13/10/2005,6.19
14/10/2005,6.16
15/10/2005,6.15
16/10/2005,6.15
17/10/2005,6.14
18/10/2005,6.13
19/10/2005,6.13
20/10/2005,6.12
21/10/2005,6.11
22/10/2005,6.1
23/10/2005,6.09
24/10/2005,6.09
25/10/2005,6.12
26/10/2005,6.15
27/10/2005,6.16
28/10/2005,6.15
29/10/2005,6.15
30/10/2005,6.14
31/10/2005,6.14
01/11/2005,6.15
02/11/2005,6.15
03/11/2005,6.15
04/11/2005,6.14
05/11/2005,6.14
06/11/2005,6.13
07/11/2005,6.13
08/11/2005,6.13
09/11/2005,6.13
10/11/2005,6.13
11/11/2005,6.12
12/11/2005,6.12
13/11/2005,6.11
14/11/2005,6.1
15/11/2005,6.1
16/11/2005,6.11
17/11/2005,6.11
18/11/2005,6.1
19/11/2005,6.09
20/11/2005,6.1
21/11/2005,6.1
22/11/2005,6.09
23/11/2005,6.08
24/11/2005,6.08
25/11/2005,6.08
26/11/2005,6.07
27/11/2005,6.07
28/11/2005,6.06
29/11/2005,6.05
30/11/2005,6.05
01/12/2005,6.04
02/12/2005,6.03
03/12/2005,6.03
04/12/2005,6.02
05/12/2005,6.02
06/12/2005,6.01
07/12/2005,6.01
08/12/2005,6
09/12/2005,5.99
10/12/2005,5.98
11/12/2005,5.97
12/12/2005,5.96
13/12/2005,5.95
14/12/2005,5.95
15/12/2005,5.95
16/12/2005,5.95
17/12/2005,5.94
18/12/2005,5.94
19/12/2005,5.93
20/12/2005,5.93
21/12/2005,5.92
22/12/2005,5.92
23/12/2005,5.91
24/12/2005,5.9
25/12/2005,5.89
26/12/2005,5.89
27/12/2005,5.89
28/12/2005,5.89
29/12/2005,5.88
30/12/2005,5.86
31/12/2005,5.85
01/01/2006,5.85
02/01/2006,5.85
03/01/2006,5.84
04/01/2006,5.83
05/01/2006,5.82
06/01/2006,5.82
07/01/2006,5.82
08/01/2006,5.84
09/01/2006,5.86
10/01/2006,5.85
11/01/2006,5.83
12/01/2006,5.82
13/01/2006,5.83
14/01/2006,5.83
15/01/2006,5.86
16/01/2006,5.96
17/01/2006,5.99
18/01/2006,6.01
19/01/2006,6.03
20/01/2006,6.03
21/01/2006,6.03
22/01/2006,6.03
23/01/2006,6.04
24/01/2006,6.04
25/01/2006,6.04
26/01/2006,6.05
27/01/2006,6.05
28/01/2006,6.05
29/01/2006,6.04
30/01/2006,6.03
31/01/2006,6.04
01/02/2006,6.03
02/02/2006,6.04
03/02/2006,6.04
04/02/2006,6.04
05/02/2006,6.03
06/02/2006,6.03
07/02/2006,6.02
08/02/2006,6.01
09/02/2006,6
10/02/2006,5.99
11/02/2006,5.99
12/02/2006,5.98
13/02/2006,5.97
14/02/2006,5.96
15/02/2006,5.95
16/02/2006,5.95
17/02/2006,5.94
18/02/2006,5.93
19/02/2006,5.93
20/02/2006,5.92
21/02/2006,5.92
22/02/2006,5.92
23/02/2006,5.91
24/02/2006,5.91
25/02/2006,5.93
26/02/2006,5.93
27/02/2006,5.93
28/02/2006,5.93
01/03/2006,5.92
02/03/2006,5.91
03/03/2006,5.9
04/03/2006,5.89
05/03/2006,5.9
06/03/2006,5.9
07/03/2006,5.9
08/03/2006,5.89
09/03/2006,5.89
10/03/2006,5.88
11/03/2006,5.88
12/03/2006,5.87
13/03/2006,5.86
14/03/2006,5.86
15/03/2006,5.88
16/03/2006,5.86
17/03/2006,5.89
18/03/2006,5.91
19/03/2006,5.92
20/03/2006,5.91
21/03/2006,5.91
22/03/2006,5.91
23/03/2006,5.9
24/03/2006,5.91
25/03/2006,5.89
26/03/2006,5.89
27/03/2006,5.89
28/03/2006,5.9
29/03/2006,5.89
30/03/2006,5.89
31/03/2006,5.88
01/04/2006,5.88
02/04/2006,5.88
03/04/2006,5.88
04/04/2006,5.88
05/04/2006,5.88
06/04/2006,5.88
07/04/2006,5.88
08/04/2006,5.88
09/04/2006,5.88
10/04/2006,5.87
11/04/2006,5.87
12/04/2006,5.87
13/04/2006,5.87
14/04/2006,5.87
15/04/2006,5.87
16/04/2006,5.85
17/04/2006,5.84
18/04/2006,5.84
19/04/2006,5.85
20/04/2006,5.85
21/04/2006,5.88
22/04/2006,5.89
23/04/2006,5.88
24/04/2006,5.88
25/04/2006,5.88
26/04/2006,5.88
27/04/2006,5.89
28/04/2006,5.89
29/04/2006,5.89
30/04/2006,5.88
01/05/2006,5.85
02/05/2006,5.86
03/05/2006,5.87
04/05/2006,5.87
05/05/2006,5.87
06/05/2006,5.87
07/05/2006,5.88
08/05/2006,5.88
09/05/2006,5.88
10/05/2006,5.88
11/05/2006,5.88
12/05/2006,5.88
13/05/2006,5.88
14/05/2006,5.88
15/05/2006,5.87
16/05/2006,5.87
17/05/2006,5.87
18/05/2006,5.88
19/05/2006,5.88
20/05/2006,5.88
21/05/2006,5.89
22/05/2006,5.89
23/05/2006,5.89
24/05/2006,5.89
25/05/2006,5.88
26/05/2006,5.89
27/05/2006,5.89
28/05/2006,5.88
29/05/2006,5.88
30/05/2006,5.88
31/05/2006,5.88
01/06/2006,5.88
02/06/2006,5.88
03/06/2006,5.89
04/06/2006,5.91
05/06/2006,5.92
06/06/2006,5.92
07/06/2006,5.92
08/06/2006,5.92
09/06/2006,5.96
10/06/2006,5.99
11/06/2006,6.08
12/06/2006,6.09
13/06/2006,6.1
14/06/2006,6.11
15/06/2006,6.12
16/06/2006,6.12
17/06/2006,6.12
18/06/2006,6.14
19/06/2006,6.15
20/06/2006,6.15
21/06/2006,6.16
22/06/2006,6.16
23/06/2006,6.16
24/06/2006,6.16
25/06/2006,6.59
26/06/2006,7.11
27/06/2006,7.2
28/06/2006,7.14
29/06/2006,7.06
30/06/2006,7.01
01/07/2006,6.94
02/07/2006,6.86
03/07/2006,6.79
04/07/2006,6.74
05/07/2006,6.69
06/07/2006,6.64
07/07/2006,6.61
08/07/2006,6.57
09/07/2006,6.66
10/07/2006,6.76
11/07/2006,6.74
12/07/2006,6.74
13/07/2006,6.66
14/07/2006,6.63
15/07/2006,6.59
16/07/2006,6.57
17/07/2006,6.54
18/07/2006,6.52
19/07/2006,6.49
20/07/2006,6.47
21/07/2006,6.44
22/07/2006,6.41
23/07/2006,6.39
24/07/2006,6.38
25/07/2006,6.36
26/07/2006,6.33
27/07/2006,6.34
28/07/2006,6.41
29/07/2006,6.4
30/07/2006,6.39
31/07/2006,6.41
01/08/2006,6.4
02/08/2006,6.39
03/08/2006,6.38
04/08/2006,6.37
05/08/2006,6.36
06/08/2006,6.35
07/08/2006,6.34
08/08/2006,6.34
09/08/2006,6.47
10/08/2006,6.57
11/08/2006,6.54
12/08/2006,6.52
13/08/2006,6.49
14/08/2006,6.49
15/08/2006,6.46
16/08/2006,6.44
17/08/2006,6.42
18/08/2006,6.4
19/08/2006,6.38
20/08/2006,6.34
21/08/2006,6.34
22/08/2006,6.34
23/08/2006,6.31
24/08/2006,6.3
25/08/2006,6.29
26/08/2006,6.28
27/08/2006,6.24
28/08/2006,6.24
29/08/2006,6.23
30/08/2006,6.23
31/08/2006,6.22
01/09/2006,6.21
02/09/2006,6.19
03/09/2006,6.21
04/09/2006,6.22
05/09/2006,6.24
06/09/2006,6.23
07/09/2006,6.23
08/09/2006,6.23
09/09/2006,6.22
10/09/2006,6.21
11/09/2006,6.2
12/09/2006,6.2
13/09/2006,6.19
14/09/2006,6.19
15/09/2006,6.18
16/09/2006,6.17
17/09/2006,6.16
18/09/2006,6.16
19/09/2006,6.15
20/09/2006,6.14
21/09/2006,6.14
22/09/2006,6.14
23/09/2006,6.15
24/09/2006,6.14
25/09/2006,6.14
26/09/2006,6.14
27/09/2006,6.13
28/09/2006,6.11
29/09/2006,6.11
30/09/2006,6.11
01/10/2006,6.1
02/10/2006,6.09
03/10/2006,6.08
04/10/2006,6.11
05/10/2006,6.11
06/10/2006,6.11
07/10/2006,6.1
08/10/2006,6.1
09/10/2006,6.09
10/10/2006,6.08
11/10/2006,6.08
12/10/2006,6.08
13/10/2006,6.08
14/10/2006,6.09
15/10/2006,6.08
16/10/2006,6.07
17/10/2006,6.06
18/10/2006,6.06
19/10/2006,6.05
20/10/2006,6.05
21/10/2006,6.04
22/10/2006,6.04
23/10/2006,6.04
24/10/2006,6.04
25/10/2006,6.04
26/10/2006,6.04
27/10/2006,6.05
28/10/2006,6.04
29/10/2006,6.06
30/10/2006,6.06
31/10/2006,6.08
01/11/2006,6.09
02/11/2006,6.09
03/11/2006,6.08
04/11/2006,6.08
05/11/2006,6.08
06/11/2006,6.09
07/11/2006,6.08
08/11/2006,6.08
09/11/2006,6.08
10/11/2006,6.06
11/11/2006,6.07
12/11/2006,6.07
13/11/2006,6.07
14/11/2006,6.06
15/11/2006,6.05
16/11/2006,6.06
17/11/2006,6.05
18/11/2006,6.05
19/11/2006,6.05
20/11/2006,6.05
21/11/2006,6.05
22/11/2006,6.04
23/11/2006,6.04
24/11/2006,6.03
25/11/2006,6.04
26/11/2006,6.03
27/11/2006,6.02
28/11/2006,6.02
29/11/2006,6.02
30/11/2006,6.02
01/12/2006,6.02
02/12/2006,6.01
03/12/2006,6
04/12/2006,5.99
05/12/2006,5.98
06/12/2006,5.97
07/12/2006,5.96
08/12/2006,5.96
09/12/2006,5.96
10/12/2006,5.95
11/12/2006,5.95
12/12/2006,5.94
13/12/2006,5.93
14/12/2006,5.93
15/12/2006,5.96
16/12/2006,5.96
17/12/2006,5.98
18/12/2006,5.99
19/12/2006,6
20/12/2006,6.01
21/12/2006,6.01
22/12/2006,6
23/12/2006,5.99
24/12/2006,6.01
25/12/2006,6.01
26/12/2006,6.06
27/12/2006,6.07
28/12/2006,6.07
29/12/2006,6.06
30/12/2006,6.06
01/01/2007,6.05
02/01/2007,6.04
03/01/2007,6.03
04/01/2007,6.02
05/01/2007,6.01
06/01/2007,6.01
08/01/2007,6
09/01/2007,5.99
10/01/2007,5.98
11/01/2007,5.98
12/01/2007,5.97
13/01/2007,5.96
15/01/2007,5.94
16/01/2007,5.93
17/01/2007,5.92
18/01/2007,5.91
19/01/2007,5.9
20/01/2007,5.89
22/01/2007,5.87
23/01/2007,5.86
24/01/2007,5.85
25/01/2007,5.84
26/01/2007,5.84
27/01/2007,5.86
29/01/2007,5.84
30/01/2007,5.83
31/01/2007,5.83
01/02/2007,5.82
02/02/2007,5.82
03/02/2007,5.81
05/02/2007,5.8
06/02/2007,5.81
07/02/2007,5.79
08/02/2007,5.78
09/02/2007,5.77
10/02/2007,5.78
12/02/2007,5.76
13/02/2007,5.75
14/02/2007,5.74
15/02/2007,5.74
16/02/2007,5.75
17/02/2007,5.73
19/02/2007,5.71
20/02/2007,5.69
21/02/2007,5.69
22/02/2007,5.7
23/02/2007,5.72
24/02/2007,5.73
26/02/2007,5.74
27/02/2007,5.73
28/02/2007,5.73
01/03/2007,5.74
02/03/2007,5.81
03/03/2007,5.82
05/03/2007,5.94
06/03/2007,6.01
07/03/2007,6.05
08/03/2007,6.07
09/03/2007,6.21
10/03/2007,6.32
11/03/2007,6.33
12/03/2007,6.32
13/03/2007,6.31
14/03/2007,6.31
15/03/2007,6.28
16/03/2007,6.27
17/03/2007,6.26
18/03/2007,6.24
19/03/2007,6.23
20/03/2007,6.22
21/03/2007,6.21
22/03/2007,6.2
23/03/2007,6.2
24/03/2007,6.2
25/03/2007,6.2
26/03/2007,6.19
27/03/2007,6.19
28/03/2007,6.2
30/03/2007,6.27
31/03/2007,6.6
01/04/2007,6.75
02/04/2007,6.77
03/04/2007,7.04
04/04/2007,7.06
05/04/2007,6.98
06/04/2007,6.89
07/04/2007,6.81
09/04/2007,6.71
10/04/2007,6.66
11/04/2007,6.61
12/04/2007,6.57
13/04/2007,6.53
14/04/2007,6.5
15/04/2007,6.57
16/04/2007,6.58
17/04/2007,6.56
18/04/2007,6.53
19/04/2007,6.5
20/04/2007,6.45
21/04/2007,6.45
22/04/2007,6.48
23/04/2007,6.74
24/04/2007,6.77
25/04/2007,6.75
27/04/2007,6.67
28/04/2007,6.63
29/04/2007,6.59
30/04/2007,6.56
02/05/2007,6.5
04/05/2007,6.44
05/05/2007,6.51
06/05/2007,6.63
07/05/2007,7.01
08/05/2007,7.04
09/05/2007,6.98
10/05/2007,6.93
11/05/2007,6.85
12/05/2007,6.79
15/05/2007,6.65
16/05/2007,6.61
17/05/2007,6.58
18/05/2007,6.53
19/05/2007,6.51
20/05/2007,6.47
21/05/2007,6.45
22/05/2007,6.42
24/05/2007,6.37
25/05/2007,6.35
26/05/2007,6.33
27/05/2007,6.31
28/05/2007,6.29
29/05/2007,6.27
30/05/2007,6.28
31/05/2007,6.27
01/06/2007,6.27
02/06/2007,6.25
03/06/2007,6.24
04/06/2007,6.23
05/06/2007,6.22
06/06/2007,6.21
07/06/2007,6.2
08/06/2007,6.19
09/06/2007,6.18
11/06/2007,6.17
12/06/2007,6.16
13/06/2007,6.15
14/06/2007,6.15
15/06/2007,6.15
16/06/2007,6.16
18/06/2007,6.15
20/06/2007,6.14
21/06/2007,6.15
22/06/2007,6.17
23/06/2007,6.31
25/06/2007,6.38
26/06/2007,6.37
27/06/2007,6.36
28/06/2007,6.35
29/06/2007,6.34
30/06/2007,6.33
02/07/2007,6.3
03/07/2007,6.29
04/07/2007,6.28
06/07/2007,6.26
07/07/2007,6.24
08/07/2007,6.23
09/07/2007,6.23
10/07/2007,6.22
11/07/2007,6.21
13/07/2007,6.2
14/07/2007,6.19
15/07/2007,6.19
16/07/2007,6.19
17/07/2007,6.18
20/07/2007,6.16
21/07/2007,6.15
22/07/2007,6.15
23/07/2007,6.15
24/07/2007,6.14
25/07/2007,6.14
26/07/2007,6.13
27/07/2007,6.11
28/07/2007,6.12
29/07/2007,6.12
30/07/2007,6.12
31/07/2007,6.11
01/08/2007,6.09
02/08/2007,6.09
03/08/2007,6.1
04/08/2007,6.16
05/08/2007,6.24
06/08/2007,6.26
07/08/2007,6.27
08/08/2007,6.27
09/08/2007,6.26
10/08/2007,6.31
11/08/2007,6.38
12/08/2007,6.39
13/08/2007,6.4
14/08/2007,6.43
15/08/2007,6.44
16/08/2007,6.43
17/08/2007,6.41
18/08/2007,6.4
19/08/2007,6.38
20/08/2007,6.36
21/08/2007,6.35
22/08/2007,6.35
23/08/2007,6.34
24/08/2007,6.3
25/08/2007,6.3
26/08/2007,6.29
27/08/2007,6.29
28/08/2007,6.28
29/08/2007,6.27
30/08/2007,6.25
31/08/2007,6.24
01/09/2007,6.23
02/09/2007,6.23
03/09/2007,6.23
04/09/2007,6.21
05/09/2007,6.25
06/09/2007,6.31
07/09/2007,6.32
08/09/2007,6.32
09/09/2007,6.31
10/09/2007,6.3
11/09/2007,6.29
12/09/2007,6.28
13/09/2007,6.29
14/09/2007,6.29
15/09/2007,6.29
16/09/2007,6.45
17/09/2007,6.56
18/09/2007,6.61
19/09/2007,6.86
20/09/2007,6.89
21/09/2007,6.83
22/09/2007,6.79
23/09/2007,6.73
24/09/2007,6.69
25/09/2007,6.65
26/09/2007,6.61
27/09/2007,6.58
28/09/2007,6.53
29/09/2007,6.5
30/09/2007,6.47
01/10/2007,6.44
02/10/2007,6.41
03/10/2007,6.39
04/10/2007,6.38
05/10/2007,6.39
06/10/2007,6.71
07/10/2007,6.98
08/10/2007,6.95
09/10/2007,6.89
10/10/2007,6.92
11/10/2007,6.9
12/10/2007,6.91
13/10/2007,7.19
15/10/2007,7.21
16/10/2007,7.11
17/10/2007,7.01
18/10/2007,6.91
19/10/2007,6.85
20/10/2007,6.79
22/10/2007,6.66
23/10/2007,6.61
24/10/2007,6.57
25/10/2007,6.53
26/10/2007,6.48
27/10/2007,6.45
29/10/2007,6.4
30/10/2007,6.37
31/10/2007,6.34
01/11/2007,6.31
02/11/2007,6.29
03/11/2007,6.27
04/11/2007,6.23
05/11/2007,6.23
06/11/2007,6.22
07/11/2007,6.21
08/11/2007,6.2
09/11/2007,6.19
10/11/2007,6.17
11/11/2007,6.15
12/11/2007,6.17
13/11/2007,6.16
14/11/2007,6.14
15/11/2007,6.13
16/11/2007,6.14
17/11/2007,6.13
18/11/2007,6.13
19/11/2007,6.12
20/11/2007,6.11
21/11/2007,6.11
22/11/2007,6.1
23/11/2007,6.1
24/11/2007,6.08
26/11/2007,6.07
27/11/2007,6.06
28/11/2007,6.05
29/11/2007,6.05
30/11/2007,6.04
01/12/2007,6.04
02/12/2007,6.03
03/12/2007,6.01
04/12/2007,6.02
05/12/2007,6.01
06/12/2007,6
07/12/2007,5.99
08/12/2007,6
09/12/2007,5.99
10/12/2007,5.99
11/12/2007,5.97
12/12/2007,5.96
13/12/2007,5.96
14/12/2007,5.95
17/12/2007,5.93
18/12/2007,5.92
19/12/2007,5.91
20/12/2007,5.91
21/12/2007,5.9
22/12/2007,5.89
24/12/2007,5.88
25/12/2007,5.88
26/12/2007,5.87
27/12/2007,5.87
28/12/2007,5.86
29/12/2007,5.86
31/12/2007,5.88
02/01/2008,5.88
03/01/2008,5.87
04/01/2008,5.87
05/01/2008,5.86
07/01/2008,5.85
08/01/2008,5.84
09/01/2008,5.84
10/01/2008,5.85
11/01/2008,5.84
12/01/2008,5.84
14/01/2008,5.83
15/01/2008,5.82
16/01/2008,5.82
17/01/2008,5.81
18/01/2008,5.8
19/01/2008,5.78
21/01/2008,5.77
22/01/2008,5.76
23/01/2008,5.75
24/01/2008,5.74
25/01/2008,5.73
26/01/2008,5.73
28/01/2008,5.71
29/01/2008,5.71
30/01/2008,5.7
02/02/2008,5.69
04/02/2008,5.69
05/02/2008,5.68
06/02/2008,5.67
07/02/2008,5.66
08/02/2008,5.65
09/02/2008,5.69
11/02/2008,5.68
12/02/2008,5.69
13/02/2008,5.68
14/02/2008,5.68
15/02/2008,5.67
16/02/2008,5.69
18/02/2008,5.67
19/02/2008,5.66
20/02/2008,5.67
21/02/2008,5.67
22/02/2008,5.66
23/02/2008,5.66
25/02/2008,5.65
26/02/2008,5.68
27/02/2008,5.68
28/02/2008,5.67
29/02/2008,5.74
01/03/2008,5.78
03/03/2008,6.18
04/03/2008,6.16
05/03/2008,6.15
06/03/2008,6.13
07/03/2008,6.13
08/03/2008,6.12
09/03/2008,6.12
10/03/2008,6.12
11/03/2008,6.12
12/03/2008,6.12
13/03/2008,6.12
14/03/2008,6.12
15/03/2008,6.12
16/03/2008,6.13
17/03/2008,6.13
18/03/2008,6.12
19/03/2008,6.12
20/03/2008,6.14
21/03/2008,6.13
22/03/2008,6.14
24/03/2008,6.15
25/03/2008,6.15
26/03/2008,6.15
27/03/2008,6.16
28/03/2008,6.16
29/03/2008,6.17
31/03/2008,6.18
01/04/2008,5.85
02/04/2008,5.85
03/04/2008,5.9
04/04/2008,5.91
05/04/2008,5.92
07/04/2008,5.91
08/04/2008,5.91
09/04/2008,5.9
10/04/2008,5.89
11/04/2008,5.89
12/04/2008,5.88
13/04/2008,5.89
14/04/2008,5.88
15/04/2008,5.89
16/04/2008,5.89
17/04/2008,5.88
18/04/2008,5.88
19/04/2008,5.88
20/04/2008,5.87
21/04/2008,5.87
22/04/2008,5.87
23/04/2008,5.87
24/04/2008,5.87
25/04/2008,5.86
26/04/2008,5.86
27/04/2008,5.86
28/04/2008,5.85
29/04/2008,5.85
30/04/2008,5.84
02/05/2008,5.84
03/05/2008,5.83
04/05/2008,5.83
05/05/2008,5.84
06/05/2008,5.84
07/05/2008,5.84
08/05/2008,5.83
09/05/2008,5.83
10/05/2008,5.83
11/05/2008,5.82
12/05/2008,5.82
13/05/2008,5.82
14/05/2008,5.82
15/05/2008,5.81
16/05/2008,5.81
17/05/2008,5.81
18/05/2008,5.81
19/05/2008,5.81
20/05/2008,5.82
21/05/2008,5.84
22/05/2008,5.83
23/05/2008,5.82
24/05/2008,5.85
25/05/2008,5.87
26/05/2008,5.87
27/05/2008,5.87
28/05/2008,5.86
29/05/2008,5.86
30/05/2008,5.87
31/05/2008,5.89
01/06/2008,5.89
02/06/2008,5.88
03/06/2008,5.89
04/06/2008,5.89
05/06/2008,5.88
06/06/2008,5.89
07/06/2008,5.88
08/06/2008,5.88
09/06/2008,5.88
10/06/2008,5.94
11/06/2008,5.99
12/06/2008,5.99
13/06/2008,6
14/06/2008,6.01
15/06/2008,5.98
16/06/2008,6
17/06/2008,6
18/06/2008,6
19/06/2008,6
20/06/2008,6.05
21/06/2008,6.16
22/06/2008,6.21
23/06/2008,6.22
24/06/2008,6.23
25/06/2008,6.23
26/06/2008,6.23
27/06/2008,6.22
28/06/2008,6.22
29/06/2008,6.21
30/06/2008,6.21
01/07/2008,6.2
02/07/2008,6.2
03/07/2008,6.19
04/07/2008,6.18
05/07/2008,6.18
06/07/2008,6.18
07/07/2008,6.16
08/07/2008,6.18
09/07/2008,6.18
10/07/2008,6.17
11/07/2008,6.17
12/07/2008,6.17
13/07/2008,6.16
14/07/2008,6.16
15/07/2008,6.15
16/07/2008,6.14
17/07/2008,6.14
18/07/2008,6.13
19/07/2008,6.13
20/07/2008,6.13
21/07/2008,6.11
22/07/2008,6.16
23/07/2008,6.42
24/07/2008,6.48
25/07/2008,6.49
26/07/2008,6.49
27/07/2008,6.47
28/07/2008,6.46
29/07/2008,6.44
30/07/2008,6.42
31/07/2008,6.41
01/08/2008,6.39
02/08/2008,6.37
03/08/2008,6.35
04/08/2008,6.34
05/08/2008,6.33
06/08/2008,6.32
07/08/2008,6.31
08/08/2008,6.29
09/08/2008,6.28
10/08/2008,6.27
11/08/2008,6.25
12/08/2008,6.27
13/08/2008,6.3
14/08/2008,6.3
15/08/2008,6.29
16/08/2008,6.28
17/08/2008,6.27
18/08/2008,6.26
19/08/2008,6.26
21/08/2008,6.24
22/08/2008,6.24
23/08/2008,6.23
24/08/2008,6.22
25/08/2008,6.22
26/08/2008,6.21
27/08/2008,6.21
28/08/2008,6.28
29/08/2008,6.53
30/08/2008,6.6
31/08/2008,6.6
01/09/2008,6.57
02/09/2008,6.54
03/09/2008,6.51
04/09/2008,6.48
05/09/2008,6.45
06/09/2008,6.43
07/09/2008,6.42
08/09/2008,6.41
09/09/2008,6.4
10/09/2008,6.38
11/09/2008,6.36
12/09/2008,6.34
13/09/2008,6.34
14/09/2008,6.32
15/09/2008,6.31
16/09/2008,6.29
17/09/2008,6.28
18/09/2008,6.27
19/09/2008,6.25
20/09/2008,6.24
21/09/2008,6.23
22/09/2008,6.23
23/09/2008,6.22
24/09/2008,6.21
25/09/2008,6.2
26/09/2008,6.21
27/09/2008,6.19
28/09/2008,6.19
29/09/2008,6.18
30/09/2008,6.18
01/10/2008,6.16
02/10/2008,6.16
03/10/2008,6.15
04/10/2008,6.14
05/10/2008,6.14
06/10/2008,6.13
07/10/2008,6.09
08/10/2008,6.11
09/10/2008,6.1
10/10/2008,6.1
11/10/2008,6.09
12/10/2008,6.08
13/10/2008,6.08
14/10/2008,6.08
15/10/2008,6.08
16/10/2008,6.08
17/10/2008,6.07
18/10/2008,6.07
19/10/2008,6.06
20/10/2008,6.06
21/10/2008,6.05
22/10/2008,6.06
23/10/2008,6.05
24/10/2008,6.05
25/10/2008,6.04
26/10/2008,6.04
27/10/2008,6.03
28/10/2008,6.03
29/10/2008,6.03
30/10/2008,6.02
31/10/2008,6.01
01/11/2008,6.02
02/11/2008,6.01
03/11/2008,6.01
04/11/2008,6.02
05/11/2008,6.02
06/11/2008,6.02
07/11/2008,6.02
08/11/2008,6.02
09/11/2008,6.03
10/11/2008,6.03
11/11/2008,6.03
12/11/2008,6.02
13/11/2008,6.02
14/11/2008,6.01
15/11/2008,5.99
16/11/2008,5.98
17/11/2008,5.98
18/11/2008,5.98
19/11/2008,5.97
20/11/2008,5.96
21/11/2008,5.95
22/11/2008,5.94
23/11/2008,5.94
24/11/2008,5.94
25/11/2008,5.93
26/11/2008,5.93
27/11/2008,5.93
28/11/2008,5.93
29/11/2008,5.92
30/11/2008,5.91
01/12/2008,5.9
02/12/2008,5.9
03/12/2008,5.89
04/12/2008,5.9
05/12/2008,5.89
06/12/2008,5.88
07/12/2008,5.88
08/12/2008,5.89
09/12/2008,5.87
10/12/2008,5.87
11/12/2008,5.87
12/12/2008,5.86
13/12/2008,5.86
14/12/2008,5.85
15/12/2008,5.84
16/12/2008,5.83
17/12/2008,5.82
18/12/2008,5.81
19/12/2008,5.81
20/12/2008,5.8
22/12/2008,5.78
23/12/2008,5.77
24/12/2008,5.77
25/12/2008,5.76
26/12/2008,5.76
27/12/2008,5.75
29/12/2008,5.73
30/12/2008,5.72
31/12/2008,5.72
01/01/2009,5.71
02/01/2009,5.7
03/01/2009,5.7
05/01/2009,5.68
06/01/2009,5.67
07/01/2009,5.66
08/01/2009,5.65
09/01/2009,5.64
10/01/2009,5.63
12/01/2009,5.61
13/01/2009,5.61
14/01/2009,5.6
15/01/2009,5.59
16/01/2009,5.59
17/01/2009,5.58
19/01/2009,5.56
20/01/2009,5.55
21/01/2009,5.54
22/01/2009,5.54
23/01/2009,5.54
24/01/2009,5.54
26/01/2009,5.49
27/01/2009,5.49
28/01/2009,5.49
29/01/2009,5.48
30/01/2009,5.53
31/01/2009,5.55
02/02/2009,6.46
03/02/2009,6.46
04/02/2009,6.48
05/02/2009,6.48
06/02/2009,6.49
07/02/2009,6.5
10/02/2009,6.51
11/02/2009,6.54
12/02/2009,6.52
13/02/2009,6.53
14/02/2009,6.53
16/02/2009,6.54
17/02/2009,6.53
18/02/2009,6.54
19/02/2009,6.55
20/02/2009,6.55
21/02/2009,6.56
22/02/2009,6.54
23/02/2009,6.16
24/02/2009,6.11
25/02/2009,6.06
26/02/2009,6.05
27/02/2009,6.05
28/02/2009,6.05
02/03/2009,6.08
03/03/2009,6.13
04/03/2009,6.15
05/03/2009,6.3
06/03/2009,6.4
07/03/2009,6.4
09/03/2009,6.44
10/03/2009,6.43
11/03/2009,6.41
12/03/2009,6.42
13/03/2009,6.46
14/03/2009,6.53
16/03/2009,6.51
17/03/2009,6.49
18/03/2009,6.48
19/03/2009,6.45
20/03/2009,6.42
21/03/2009,6.4
22/03/2009,6.38
23/03/2009,6.36
24/03/2009,6.34
25/03/2009,6.32
26/03/2009,6.3
27/03/2009,6.3
28/03/2009,6.27
29/03/2009,6.28
30/03/2009,6.28
31/03/2009,6.27
01/04/2009,6.26
02/04/2009,6.26
03/04/2009,6.26
04/04/2009,6.24
06/04/2009,6.21
07/04/2009,6.2
08/04/2009,6.18
09/04/2009,6.17
10/04/2009,6.15
11/04/2009,6.14
13/04/2009,6.13
14/04/2009,6.12
15/04/2009,6.11
16/04/2009,6.1
17/04/2009,6.09
18/04/2009,6.08
19/04/2009,6.08
20/04/2009,6.07
21/04/2009,6.07
22/04/2009,6.06
23/04/2009,6.06
24/04/2009,6.06
25/04/2009,6.06
26/04/2009,6.05
27/04/2009,6.05
28/04/2009,6.04
29/04/2009,6.04
30/04/2009,6.04
01/05/2009,6.03
02/05/2009,6.03
04/05/2009,6.02
05/05/2009,6.02
06/05/2009,6.02
07/05/2009,6.02
08/05/2009,6.01
09/05/2009,6.01
11/05/2009,6.01
12/05/2009,6.02
13/05/2009,6.04
14/05/2009,6.05
15/05/2009,6.08
16/05/2009,6.09
18/05/2009,6.08
19/05/2009,6.09
20/05/2009,6.08
21/05/2009,6.09
22/05/2009,6.09
23/05/2009,6.08
24/05/2009,6.08
25/05/2009,6.08
26/05/2009,6.08
27/05/2009,6.08
28/05/2009,6.06
29/05/2009,6.06
30/05/2009,6.06
31/05/2009,6.07
01/06/2009,6.06
02/06/2009,6.06
03/06/2009,6.1
04/06/2009,6.11
05/06/2009,6.11
06/06/2009,6.11
07/06/2009,6.11
08/06/2009,6.11
09/06/2009,6.11
10/06/2009,6.11
11/06/2009,6.1
12/06/2009,6.1
13/06/2009,6.1
14/06/2009,6.1
15/06/2009,6.09
16/06/2009,6.09
17/06/2009,6.09
18/06/2009,6.09
19/06/2009,6.09
20/06/2009,6.09
21/06/2009,6.12
22/06/2009,6.43
23/06/2009,6.47
24/06/2009,6.47
25/06/2009,6.44
26/06/2009,6.42
27/06/2009,6.41
28/06/2009,6.39
29/06/2009,6.38
30/06/2009,6.59
01/07/2009,6.65
02/07/2009,6.64
03/07/2009,6.62
04/07/2009,6.58
05/07/2009,6.57
06/07/2009,6.61
07/07/2009,6.98
08/07/2009,7.06
09/07/2009,7.03
10/07/2009,6.94
11/07/2009,6.86
12/07/2009,6.81
13/07/2009,6.76
14/07/2009,6.71
15/07/2009,6.66
16/07/2009,6.58
17/07/2009,6.66
18/07/2009,6.81
19/07/2009,6.82
20/07/2009,6.81
21/07/2009,6.76
22/07/2009,6.84
23/07/2009,6.88
24/07/2009,6.81
25/07/2009,6.8
26/07/2009,6.76
27/07/2009,6.71
28/07/2009,6.65
29/07/2009,6.61
30/07/2009,6.57
31/07/2009,6.53
01/08/2009,6.51
02/08/2009,6.47
03/08/2009,6.45
04/08/2009,6.42
05/08/2009,6.41
06/08/2009,6.38
07/08/2009,6.37
08/08/2009,6.34
09/08/2009,6.33
10/08/2009,6.31
11/08/2009,6.29
12/08/2009,6.27
13/08/2009,6.27
14/08/2009,6.26
15/08/2009,6.24
17/08/2009,6.26
18/08/2009,6.27
19/08/2009,6.25
20/08/2009,6.27
21/08/2009,6.3
22/08/2009,6.31
23/08/2009,6.3
24/08/2009,6.29
25/08/2009,6.28
26/08/2009,6.27
27/08/2009,6.27
28/08/2009,6.26
29/08/2009,6.25
30/08/2009,6.25
31/08/2009,6.23
01/09/2009,6.22
02/09/2009,6.22
03/09/2009,6.21
04/09/2009,6.21
05/09/2009,6.25
06/09/2009,6.27
07/09/2009,6.27
08/09/2009,6.27
09/09/2009,6.28
10/09/2009,6.29
11/09/2009,6.29
12/09/2009,6.28
13/09/2009,6.28
14/09/2009,6.27
15/09/2009,6.26
16/09/2009,6.25
17/09/2009,6.24
18/09/2009,6.22
19/09/2009,6.24
20/09/2009,6.29
21/09/2009,6.32
22/09/2009,6.31
23/09/2009,6.3
24/09/2009,6.29
25/09/2009,6.28
26/09/2009,6.27
27/09/2009,6.25
28/09/2009,6.24
29/09/2009,6.23
30/09/2009,6.23
01/10/2009,6.22
02/10/2009,6.24
03/10/2009,6.24
04/10/2009,6.25
05/10/2009,6.27
06/10/2009,6.39
07/10/2009,6.6
08/10/2009,6.58
09/10/2009,6.57
10/10/2009,6.54
11/10/2009,6.54
12/10/2009,6.78
13/10/2009,6.81
14/10/2009,6.79
15/10/2009,6.74
16/10/2009,6.68
17/10/2009,6.64
18/10/2009,6.61
19/10/2009,6.56
20/10/2009,6.52
21/10/2009,6.5
22/10/2009,6.46
23/10/2009,6.44
24/10/2009,6.41
25/10/2009,6.4
26/10/2009,6.35
27/10/2009,6.34
28/10/2009,6.31
29/10/2009,6.3
30/10/2009,6.28
31/10/2009,6.38
01/11/2009,6.41
02/11/2009,6.42
03/11/2009,6.42
04/11/2009,6.46
05/11/2009,6.44
06/11/2009,6.43
07/11/2009,6.4
08/11/2009,6.38
09/11/2009,6.37
10/11/2009,6.36
11/11/2009,6.33
12/11/2009,6.31
13/11/2009,6.3
14/11/2009,6.27
15/11/2009,6.27
16/11/2009,6.26
17/11/2009,6.24
18/11/2009,6.23
19/11/2009,6.24
20/11/2009,6.23
21/11/2009,6.21
22/11/2009,6.22
23/11/2009,6.22
24/11/2009,6.21
25/11/2009,6.22
26/11/2009,6.2
27/11/2009,6.21
28/11/2009,6.19
29/11/2009,6.19
30/11/2009,6.21
01/12/2009,6.22
02/12/2009,6.2
03/12/2009,6.17
04/12/2009,6.17
05/12/2009,6.17
06/12/2009,6.16
07/12/2009,6.16
08/12/2009,6.14
09/12/2009,6.14
10/12/2009,6.13
11/12/2009,6.13
12/12/2009,6.11
13/12/2009,6.11
14/12/2009,6.11
15/12/2009,6.08
16/12/2009,6.08
17/12/2009,6.09
18/12/2009,6.07
19/12/2009,6.08
20/12/2009,6.08
21/12/2009,6.07
22/12/2009,6.07
23/12/2009,6.07
24/12/2009,6.05
25/12/2009,6.07
26/12/2009,6.05
27/12/2009,6.05
28/12/2009,6.05
29/12/2009,6.05
30/12/2009,6.05
31/12/2009,6.04
01/01/2010,6.03
02/01/2010,6.03
03/01/2010,6.03
04/01/2010,6.02
05/01/2010,6.04
06/01/2010,6.03
07/01/2010,6.03
08/01/2010,6.03
09/01/2010,6.02
10/01/2010,6.01
11/01/2010,6.01
12/01/2010,6.02
13/01/2010,6.02
14/01/2010,6.02
15/01/2010,6.02
16/01/2010,6.01
17/01/2010,6.03
18/01/2010,6.03
19/01/2010,6.03
20/01/2010,6.02
21/01/2010,6.02
22/01/2010,6.02
23/01/2010,6.01
24/01/2010,6.01
25/01/2010,6.01
26/01/2010,6
27/01/2010,5.99
28/01/2010,5.98
29/01/2010,5.97
30/01/2010,5.96
31/01/2010,5.96
01/02/2010,5.96
02/02/2010,5.96
03/02/2010,5.96
04/02/2010,6.02
05/02/2010,6.04
06/02/2010,6.07
07/02/2010,6.11
08/02/2010,6.23
09/02/2010,6.3
10/02/2010,6.3
11/02/2010,6.3
12/02/2010,6.29
13/02/2010,6.27
14/02/2010,6.29
15/02/2010,6.3
16/02/2010,6.29
17/02/2010,6.27
18/02/2010,6.26
19/02/2010,6.25
20/02/2010,6.24
21/02/2010,6.25
22/02/2010,6.31
23/02/2010,6.39
24/02/2010,6.46
25/02/2010,6.45
26/02/2010,6.44
27/02/2010,6.42
28/02/2010,6.4
01/03/2010,6.35
02/03/2010,6.35
03/03/2010,6.34
04/03/2010,6.33
05/03/2010,6.31
06/03/2010,6.29
07/03/2010,6.28
08/03/2010,6.26
09/03/2010,6.24
10/03/2010,6.23
11/03/2010,6.22
12/03/2010,6.21
13/03/2010,6.19
14/03/2010,6.18
15/03/2010,6.15
16/03/2010,6.14
17/03/2010,6.15
18/03/2010,6.14
19/03/2010,6.14
20/03/2010,6.13
21/03/2010,6.14
22/03/2010,6.13
23/03/2010,6.14
24/03/2010,6.13
25/03/2010,6.12
26/03/2010,6.12
27/03/2010,6.1
28/03/2010,6.1
29/03/2010,6.09
30/03/2010,6.09
31/03/2010,6.08
01/04/2010,6.08
02/04/2010,6.08
03/04/2010,6.06
04/04/2010,6.04
05/04/2010,6.04
06/04/2010,6.04
07/04/2010,6.03
08/04/2010,6.03
09/04/2010,6.03
10/04/2010,6.03
11/04/2010,6.02
12/04/2010,6.02
13/04/2010,6.02
14/04/2010,6.03
15/04/2010,6.07
16/04/2010,6.1
17/04/2010,6.12
18/04/2010,6.12
19/04/2010,6.16
20/04/2010,6.19
21/04/2010,6.19
22/04/2010,6.18
23/04/2010,6.17
24/04/2010,6.17
25/04/2010,6.16
26/04/2010,6.14
27/04/2010,6.16
28/04/2010,6.15
29/04/2010,6.14
30/04/2010,6.14
01/05/2010,6.13
02/05/2010,6.13
03/05/2010,6.12
04/05/2010,6.11
05/05/2010,6.11
06/05/2010,6.11
07/05/2010,6.1
08/05/2010,6.09
09/05/2010,6.09
10/05/2010,6.09
11/05/2010,6.08
12/05/2010,6.07
13/05/2010,6.07
14/05/2010,6.07
15/05/2010,6.07
16/05/2010,6.06
17/05/2010,6.06
18/05/2010,6.05
19/05/2010,6.05
20/05/2010,6.05
21/05/2010,6.05
22/05/2010,6.05
23/05/2010,6.06
24/05/2010,6.06
25/05/2010,6.09
26/05/2010,6.09
27/05/2010,6.08
28/05/2010,6.09
29/05/2010,6.09
30/05/2010,6.14
31/05/2010,6.21
01/06/2010,6.25
02/06/2010,6.25
03/06/2010,6.25
04/06/2010,6.24
05/06/2010,6.24
06/06/2010,6.23
07/06/2010,6.22
08/06/2010,6.21
09/06/2010,6.2
10/06/2010,6.19
11/06/2010,6.18
12/06/2010,6.18
13/06/2010,6.18
14/06/2010,6.18
15/06/2010,6.21
16/06/2010,6.23
17/06/2010,6.23
18/06/2010,6.22
19/06/2010,6.22
20/06/2010,6.22
21/06/2010,6.21
22/06/2010,6.2
23/06/2010,6.19
24/06/2010,6.19
25/06/2010,6.19
26/06/2010,6.18
27/06/2010,6.23
28/06/2010,6.4
29/06/2010,6.45
30/06/2010,6.45
01/07/2010,6.44
02/07/2010,6.43
03/07/2010,6.41
04/07/2010,6.4
05/07/2010,6.38
06/07/2010,6.35
07/07/2010,6.38
08/07/2010,6.53
09/07/2010,6.6
10/07/2010,6.58
11/07/2010,6.57
12/07/2010,6.58
13/07/2010,6.6
14/07/2010,6.58
15/07/2010,6.58
16/07/2010,6.57
17/07/2010,6.54
18/07/2010,6.52
19/07/2010,6.59
20/07/2010,6.7
21/07/2010,6.71
22/07/2010,6.69
23/07/2010,6.66
24/07/2010,6.62
25/07/2010,6.59
26/07/2010,6.56
27/07/2010,6.52
28/07/2010,6.5
29/07/2010,6.47
30/07/2010,6.45
31/07/2010,6.56
01/08/2010,6.67
02/08/2010,6.65
03/08/2010,6.63
04/08/2010,6.59
05/08/2010,6.57
06/08/2010,6.54
07/08/2010,6.5
08/08/2010,6.48
09/08/2010,6.46
10/08/2010,6.44
11/08/2010,6.42
12/08/2010,6.41
13/08/2010,6.6
14/08/2010,6.78
15/08/2010,6.77
16/08/2010,6.75
17/08/2010,6.73
18/08/2010,6.67
19/08/2010,6.63
20/08/2010,6.6
21/08/2010,6.56
22/08/2010,6.53
23/08/2010,6.5
24/08/2010,6.47
25/08/2010,6.44
27/08/2010,6.4
28/08/2010,6.37
29/08/2010,6.36
30/08/2010,6.34
31/08/2010,6.32
01/09/2010,6.43
02/09/2010,6.93
03/09/2010,7.38
04/09/2010,7.53
05/09/2010,7.43
06/09/2010,7.34
07/09/2010,7.19
08/09/2010,7.09
09/09/2010,6.99
10/09/2010,6.91
11/09/2010,6.83
12/09/2010,6.79
13/09/2010,6.74
14/09/2010,6.65
15/09/2010,6.74
16/09/2010,6.73
17/09/2010,6.67
18/09/2010,6.67
19/09/2010,6.59
20/09/2010,6.56
21/09/2010,6.53
22/09/2010,6.49
23/09/2010,6.45
24/09/2010,6.43
25/09/2010,6.41
26/09/2010,6.38
27/09/2010,6.36
28/09/2010,6.35
29/09/2010,6.33
30/09/2010,6.32
01/10/2010,6.29
02/10/2010,6.28
03/10/2010,6.28
04/10/2010,6.26
05/10/2010,6.25
06/10/2010,6.24
08/10/2010,6.21
09/10/2010,6.2
10/10/2010,6.2
11/10/2010,6.19
12/10/2010,6.18
13/10/2010,6.17
14/10/2010,6.16
15/10/2010,6.16
16/10/2010,6.15
17/10/2010,6.15
18/10/2010,6.14
19/10/2010,6.13
20/10/2010,6.13
21/10/2010,6.12
22/10/2010,6.11
23/10/2010,6.1
24/10/2010,6.09
25/10/2010,6.09
26/10/2010,6.08
27/10/2010,6.08
28/10/2010,6.08
29/10/2010,6.07
30/10/2010,6.09
31/10/2010,6.06
01/11/2010,6.04
02/11/2010,6.05
03/11/2010,6.05
04/11/2010,6.05
05/11/2010,6.05
06/11/2010,6.05
07/11/2010,6.05
08/11/2010,6.04
09/11/2010,6.08
10/11/2010,6.07
11/11/2010,6.06
12/11/2010,6.06
13/11/2010,6.06
14/11/2010,6.05
15/11/2010,6.05
16/11/2010,6.04
17/11/2010,6.04
18/11/2010,6.04
19/11/2010,6.04
20/11/2010,6.04
21/11/2010,6.04
22/11/2010,6.04
23/11/2010,6.03
24/11/2010,6.03
25/11/2010,6.03
26/11/2010,6.03
27/11/2010,6.03
28/11/2010,6.02
29/11/2010,6.01
30/11/2010,6
02/12/2010,6.04
03/12/2010,6.06
04/12/2010,6.06
05/12/2010,6.06
06/12/2010,6.07
07/12/2010,6.09
08/12/2010,6.1
09/12/2010,6.11
10/12/2010,6.11
11/12/2010,6.12
12/12/2010,6.09
13/12/2010,6.09
14/12/2010,6.09
15/12/2010,6.1
16/12/2010,6.1
17/12/2010,6.1
18/12/2010,6.09
19/12/2010,6.08
20/12/2010,6.08
21/12/2010,6.08
22/12/2010,6.08
23/12/2010,6.07
24/12/2010,6.09
25/12/2010,6.11
26/12/2010,6.1
27/12/2010,6.11
28/12/2010,6.1
29/12/2010,6.12
30/12/2010,6.13
31/12/2010,6.15
01/01/2011,5.86
02/01/2011,5.86
03/01/2011,5.85
04/01/2011,5.84
05/01/2011,5.83
06/01/2011,5.83
07/01/2011,5.82
08/01/2011,5.81
09/01/2011,5.81
10/01/2011,5.81
11/01/2011,5.8
12/01/2011,5.79
13/01/2011,5.78
14/01/2011,5.78
15/01/2011,5.76
16/01/2011,5.75
17/01/2011,5.75
18/01/2011,5.74
19/01/2011,5.74
20/01/2011,5.72
21/01/2011,5.71
22/01/2011,5.73
23/01/2011,5.71
24/01/2011,5.69
25/01/2011,5.67
26/01/2011,5.68
27/01/2011,5.67
28/01/2011,5.66
29/01/2011,5.65
30/01/2011,5.64
31/01/2011,5.64
01/02/2011,5.61
02/02/2011,5.63
03/02/2011,5.62
04/02/2011,5.6
05/02/2011,5.61
06/02/2011,5.6
07/02/2011,5.59
08/02/2011,5.58
09/02/2011,5.57
10/02/2011,5.58
11/02/2011,5.58
12/02/2011,5.57
13/02/2011,5.56
14/02/2011,5.55
15/02/2011,5.55
16/02/2011,5.54
17/02/2011,5.53
18/02/2011,5.53
19/02/2011,5.52
20/02/2011,5.51
21/02/2011,5.51
22/02/2011,5.51
23/02/2011,5.5
24/02/2011,5.5
25/02/2011,5.51
26/02/2011,5.52
27/02/2011,5.51
28/02/2011,5.52
01/03/2011,5.51
02/03/2011,5.5
03/03/2011,5.49
04/03/2011,5.48
05/03/2011,5.48
06/03/2011,5.48
07/03/2011,5.47
08/03/2011,5.47
09/03/2011,5.46
10/03/2011,5.46
11/03/2011,5.47
12/03/2011,5.46
13/03/2011,5.43
14/03/2011,5.42
15/03/2011,5.44
16/03/2011,5.44
17/03/2011,5.44
18/03/2011,5.43
19/03/2011,5.43
20/03/2011,5.42
21/03/2011,5.43
22/03/2011,5.42
23/03/2011,5.43
24/03/2011,5.49
25/03/2011,5.48
26/03/2011,5.48
27/03/2011,5.47
28/03/2011,5.46
29/03/2011,5.47
30/03/2011,5.48
31/03/2011,5.47
01/04/2011,5.47
02/04/2011,5.46
03/04/2011,5.47
04/04/2011,5.47
05/04/2011,5.47
06/04/2011,5.45
07/04/2011,5.45
08/04/2011,5.45
09/04/2011,5.45
10/04/2011,5.44
11/04/2011,5.44
12/04/2011,5.43
13/04/2011,5.44
14/04/2011,5.44
15/04/2011,5.44
16/04/2011,5.44
17/04/2011,5.44
18/04/2011,5.44
19/04/2011,5.44
20/04/2011,5.44
21/04/2011,5.44
22/04/2011,5.44
23/04/2011,5.43
24/04/2011,5.44
25/04/2011,5.44
26/04/2011,5.44
27/04/2011,5.43
28/04/2011,5.43
29/04/2011,5.43
30/04/2011,5.43
02/05/2011,5.42
03/05/2011,5.44
04/05/2011,5.44
05/05/2011,5.43
06/05/2011,5.43
07/05/2011,5.44
08/05/2011,5.39
09/05/2011,5.44
10/05/2011,5.43
11/05/2011,5.44
12/05/2011,5.43
13/05/2011,5.44
14/05/2011,5.44
15/05/2011,5.43
16/05/2011,5.42
17/05/2011,5.42
18/05/2011,5.42
19/05/2011,5.43
20/05/2011,5.42
21/05/2011,5.41
22/05/2011,5.42
23/05/2011,5.41
24/05/2011,5.41
25/05/2011,5.41
26/05/2011,5.44
27/05/2011,5.44
28/05/2011,5.44
29/05/2011,5.45
30/05/2011,5.45
31/05/2011,5.45
01/06/2011,5.45
02/06/2011,5.45
03/06/2011,5.45
04/06/2011,5.44
05/06/2011,5.44
06/06/2011,5.43
07/06/2011,5.44
08/06/2011,5.44
09/06/2011,5.44
10/06/2011,5.43
11/06/2011,5.44
12/06/2011,5.44
13/06/2011,5.43
14/06/2011,5.44
15/06/2011,5.43
16/06/2011,5.43
17/06/2011,5.43
18/06/2011,5.45
19/06/2011,5.56
20/06/2011,5.68
21/06/2011,5.74
22/06/2011,5.77
23/06/2011,5.79
24/06/2011,5.86
25/06/2011,5.91
26/06/2011,5.91
27/06/2011,5.96
28/06/2011,6.03
29/06/2011,6.05
30/06/2011,6.06
01/07/2011,6.07
02/07/2011,6.07
03/07/2011,6.08
04/07/2011,6.08
05/07/2011,6.08
06/07/2011,6.08
07/07/2011,6.08
08/07/2011,6.08
09/07/2011,6.08
10/07/2011,6.08
11/07/2011,6.08
12/07/2011,6.08
13/07/2011,6.08
14/07/2011,6.08
15/07/2011,6.08
16/07/2011,6.24
17/07/2011,6.45
18/07/2011,6.48
19/07/2011,6.48
20/07/2011,6.47
21/07/2011,6.46
22/07/2011,6.43
23/07/2011,6.41
24/07/2011,6.39
25/07/2011,6.38
26/07/2011,6.38
27/07/2011,6.41
28/07/2011,6.45
29/07/2011,6.56
30/07/2011,6.55
31/07/2011,6.53
01/08/2011,6.5
02/08/2011,6.47
03/08/2011,6.44
04/08/2011,6.43
05/08/2011,6.41
06/08/2011,6.39
07/08/2011,6.38
08/08/2011,6.35
09/08/2011,6.32
10/08/2011,6.31
11/08/2011,6.31
12/08/2011,6.3
13/08/2011,6.41
14/08/2011,6.51
15/08/2011,6.5
16/08/2011,6.5
17/08/2011,6.56
18/08/2011,6.63
19/08/2011,6.57
20/08/2011,6.54
21/08/2011,6.53
22/08/2011,6.51
23/08/2011,6.48
24/08/2011,6.45
25/08/2011,6.42
26/08/2011,6.41
27/08/2011,6.39
28/08/2011,6.48
29/08/2011,6.55
30/08/2011,6.53
31/08/2011,6.49
01/09/2011,6.46
02/09/2011,6.44
03/09/2011,6.42
04/09/2011,6.41
05/09/2011,6.4
06/09/2011,6.37
07/09/2011,6.35
08/09/2011,6.33
09/09/2011,6.3
10/09/2011,6.28
11/09/2011,6.27
12/09/2011,6.27
13/09/2011,6.23
14/09/2011,6.23
15/09/2011,6.21
16/09/2011,6.21
17/09/2011,6.2
18/09/2011,6.21
20/09/2011,6.22
21/09/2011,6.2
24/09/2011,6.19
25/09/2011,6.17
27/09/2011,6.16
29/09/2011,6.14
01/10/2011,6.16
02/10/2011,6.17
03/10/2011,6.15
04/10/2011,6.16
05/10/2011,6.16
06/10/2011,6.16
07/10/2011,6.15
08/10/2011,6.2
09/10/2011,6.23
10/10/2011,6.25
11/10/2011,6.29
12/10/2011,6.29
13/10/2011,6.33
14/10/2011,6.41
15/10/2011,6.44
16/10/2011,6.44
17/10/2011,6.44
18/10/2011,6.43
19/10/2011,6.41
20/10/2011,6.4
21/10/2011,6.39
22/10/2011,6.38
23/10/2011,6.37
24/10/2011,6.36
25/10/2011,6.34
26/10/2011,6.32
28/10/2011,6.31
29/10/2011,6.3
30/10/2011,6.28
31/10/2011,6.27
01/11/2011,6.27
02/11/2011,6.25
04/11/2011,6.25
05/11/2011,6.24
06/11/2011,6.23
07/11/2011,6.23
08/11/2011,6.22
09/11/2011,6.2
11/11/2011,6.22
12/11/2011,6.21
13/11/2011,6.2
14/11/2011,6.19
15/11/2011,6.18
16/11/2011,6.18
17/11/2011,6.17
18/11/2011,6.16
19/11/2011,6.16
20/11/2011,6.16
21/11/2011,6.18
22/11/2011,6.17
23/11/2011,6.17
25/11/2011,6.16
26/11/2011,6.16
27/11/2011,6.15
28/11/2011,6.14
29/11/2011,6.13
30/11/2011,6.13
01/12/2011,6.11
02/12/2011,6.11
03/12/2011,6.11
04/12/2011,6.09
05/12/2011,6.09
06/12/2011,6.09
07/12/2011,6.09
08/12/2011,6.08
09/12/2011,6.08
10/12/2011,6.07
11/12/2011,6.06
12/12/2011,6.06
13/12/2011,6.07
14/12/2011,6.06
15/12/2011,6.07
16/12/2011,6.07
17/12/2011,6.07
18/12/2011,6.08
19/12/2011,6.08
20/12/2011,6.08
21/12/2011,6.08
22/12/2011,6.08
23/12/2011,6.08
24/12/2011,6.08
26/12/2011,6.07
27/12/2011,6.06
28/12/2011,6.06
29/12/2011,6.06
30/12/2011,6.06
31/12/2011,6.05
01/01/2012,6.05
02/01/2012,6.04
03/01/2012,6.04
04/01/2012,6.03
05/01/2012,6.03
06/01/2012,6.02
07/01/2012,6.02
08/01/2012,6.01
09/01/2012,6
10/01/2012,5.99
11/01/2012,5.98
12/01/2012,5.96
13/01/2012,5.95
14/01/2012,5.94
15/01/2012,5.94
16/01/2012,5.93
17/01/2012,5.92
18/01/2012,5.91
19/01/2012,5.9
20/01/2012,5.89
21/01/2012,5.88
22/01/2012,5.87
23/01/2012,5.86
24/01/2012,5.86
25/01/2012,5.85
26/01/2012,5.84
27/01/2012,5.84
28/01/2012,5.84
29/01/2012,5.83
30/01/2012,5.82
31/01/2012,5.81
01/02/2012,5.8
02/02/2012,5.81
03/02/2012,5.8
04/02/2012,5.8
06/02/2012,5.83
08/02/2012,5.82
09/02/2012,5.8
10/02/2012,5.79
11/02/2012,5.79
12/02/2012,5.78
13/02/2012,5.77
14/02/2012,5.76
15/02/2012,5.76
16/02/2012,5.76
17/02/2012,5.75
18/02/2012,5.75
19/02/2012,5.75
20/02/2012,5.76
21/02/2012,5.77
22/02/2012,5.77
23/02/2012,5.76
24/02/2012,5.75
25/02/2012,5.74
26/02/2012,5.75
27/02/2012,5.74
28/02/2012,5.76
29/02/2012,5.75
01/03/2012,5.75
02/03/2012,5.78
03/03/2012,5.78
04/03/2012,5.78
05/03/2012,5.78
06/03/2012,5.79
07/03/2012,5.83
08/03/2012,5.83
09/03/2012,5.84
10/03/2012,5.87
11/03/2012,5.84
12/03/2012,5.81
13/03/2012,5.84
14/03/2012,5.82
15/03/2012,5.82
16/03/2012,5.82
17/03/2012,5.82
18/03/2012,5.81
19/03/2012,5.81
20/03/2012,5.82
21/03/2012,5.82
22/03/2012,5.82
23/03/2012,5.81
24/03/2012,5.81
25/03/2012,5.81
26/03/2012,5.81
27/03/2012,5.8
28/03/2012,5.8
30/03/2012,5.81
31/03/2012,5.81
01/04/2012,5.81
02/04/2012,5.81
03/04/2012,5.8
04/04/2012,5.8
05/04/2012,5.84
06/04/2012,5.84
07/04/2012,5.84
08/04/2012,5.83
11/04/2012,5.83
12/04/2012,5.83
13/04/2012,5.84
14/04/2012,5.84
15/04/2012,5.83
16/04/2012,5.83
17/04/2012,5.83
18/04/2012,5.84
19/04/2012,5.83
20/04/2012,5.83
21/04/2012,5.82
22/04/2012,5.81
23/04/2012,5.8
24/04/2012,5.79
25/04/2012,5.79
26/04/2012,5.79
27/04/2012,5.79
28/04/2012,5.78
29/04/2012,5.78
30/04/2012,5.78
01/05/2012,5.77
02/05/2012,5.78
03/05/2012,5.79
04/05/2012,5.78
05/05/2012,5.77
06/05/2012,5.77
07/05/2012,5.78
08/05/2012,5.77
09/05/2012,5.77
10/05/2012,5.76
11/05/2012,5.81
12/05/2012,5.8
13/05/2012,5.79
14/05/2012,5.8
15/05/2012,5.79
16/05/2012,5.81
17/05/2012,5.83
18/05/2012,5.84
19/05/2012,5.83
20/05/2012,5.83
21/05/2012,5.83
22/05/2012,5.84
23/05/2012,5.82
24/05/2012,5.83
25/05/2012,5.83
26/05/2012,5.8
27/05/2012,5.8
28/05/2012,5.8
29/05/2012,5.8
30/05/2012,5.79
31/05/2012,5.79
01/06/2012,5.79
02/06/2012,5.79
03/06/2012,5.79
04/06/2012,5.79
05/06/2012,5.79
06/06/2012,5.79
07/06/2012,5.79
08/06/2012,5.79
09/06/2012,5.79
11/06/2012,5.78
12/06/2012,5.8
13/06/2012,5.8
14/06/2012,5.83
15/06/2012,5.85
16/06/2012,5.85
18/06/2012,5.86
19/06/2012,5.86
20/06/2012,5.86
22/06/2012,5.87
23/06/2012,5.87
24/06/2012,5.87
25/06/2012,5.87
26/06/2012,5.87
27/06/2012,5.87
28/06/2012,5.87
29/06/2012,5.9
30/06/2012,5.92
03/07/2012,6.15
04/07/2012,6.17
05/07/2012,6.34
06/07/2012,6.34
07/07/2012,6.33
08/07/2012,6.31
09/07/2012,6.33
10/07/2012,6.3
11/07/2012,6.3
12/07/2012,6.3
13/07/2012,6.28
14/07/2012,6.26
15/07/2012,6.26
16/07/2012,6.26
17/07/2012,6.25
18/07/2012,6.23
19/07/2012,6.23
21/07/2012,6.22
22/07/2012,6.2
23/07/2012,6.2
24/07/2012,6.2
25/07/2012,6.19
26/07/2012,6.18
27/07/2012,6.17
28/07/2012,6.17
29/07/2012,6.17
30/07/2012,6.15
31/07/2012,6.15
01/08/2012,6.16
02/08/2012,6.16
03/08/2012,6.17
04/08/2012,6.18
05/08/2012,6.2
06/08/2012,6.2
07/08/2012,6.21
08/08/2012,6.21
09/08/2012,6.22
10/08/2012,6.22
11/08/2012,6.22
12/08/2012,6.25
13/08/2012,6.32
14/08/2012,6.33
15/08/2012,6.33
16/08/2012,6.33
17/08/2012,6.34
18/08/2012,6.35
19/08/2012,6.37
20/08/2012,6.44
21/08/2012,6.75
22/08/2012,6.87
23/08/2012,6.86
24/08/2012,6.84
25/08/2012,6.81
26/08/2012,6.82
27/08/2012,6.71
28/08/2012,6.72
29/08/2012,6.67
30/08/2012,6.66
31/08/2012,6.61
01/09/2012,6.52
02/09/2012,6.51
03/09/2012,6.46
04/09/2012,6.43
05/09/2012,6.44
06/09/2012,6.43
08/09/2012,6.35
09/09/2012,6.33
11/09/2012,6.29
12/09/2012,6.29
13/09/2012,6.27
15/09/2012,6.26
16/09/2012,6.25
17/09/2012,6.25
18/09/2012,6.24
19/09/2012,6.34
20/09/2012,6.74
21/09/2012,6.85
22/09/2012,6.8
23/09/2012,6.76
24/09/2012,6.7
25/09/2012,6.63
26/09/2012,6.6
27/09/2012,6.56
30/09/2012,6.47
01/10/2012,6.43
02/10/2012,6.41
03/10/2012,6.41
04/10/2012,6.39
06/10/2012,6.35
08/10/2012,6.41
09/10/2012,6.45
10/10/2012,6.43
11/10/2012,6.43
12/10/2012,6.43
14/10/2012,6.38
16/10/2012,6.35
17/10/2012,6.34
18/10/2012,6.32
20/10/2012,6.3
21/10/2012,6.29
23/10/2012,6.57
25/10/2012,6.72
26/10/2012,6.69
27/10/2012,6.64
29/10/2012,6.57
30/10/2012,6.72
31/10/2012,6.89
01/11/2012,6.88
02/11/2012,6.84
03/11/2012,6.78
04/11/2012,6.7
05/11/2012,6.66
06/11/2012,6.57
07/11/2012,6.56
08/11/2012,6.53
09/11/2012,6.49
10/11/2012,6.45
11/11/2012,6.42
12/11/2012,6.39
13/11/2012,6.36
14/11/2012,6.34
15/11/2012,6.32
16/11/2012,6.3
17/11/2012,6.28
18/11/2012,6.27
19/11/2012,6.26
20/11/2012,6.25
21/11/2012,6.24
22/11/2012,6.23
23/11/2012,6.21
24/11/2012,6.19
25/11/2012,6.17
26/11/2012,6.16
27/11/2012,6.16
28/11/2012,6.14
29/11/2012,6.13
30/11/2012,6.12
01/12/2012,6.14
02/12/2012,6.13
03/12/2012,6.13
04/12/2012,6.12
05/12/2012,6.12
06/12/2012,6.11
07/12/2012,6.13
08/12/2012,6.14
09/12/2012,6.14
10/12/2012,6.15
11/12/2012,6.17
12/12/2012,6.18
13/12/2012,6.2
14/12/2012,6.21
15/12/2012,6.2
16/12/2012,6.2
17/12/2012,6.19
18/12/2012,6.19
19/12/2012,6.2
20/12/2012,6.22
21/12/2012,6.26
22/12/2012,6.27
23/12/2012,6.27
24/12/2012,6.27
25/12/2012,6.32
26/12/2012,6.35
27/12/2012,6.39
28/12/2012,6.4
29/12/2012,6.39
30/12/2012,6.39
31/12/2012,6.37
01/01/2013,6.39
02/01/2013,6.49
03/01/2013,6.51
04/01/2013,6.51
05/01/2013,6.49
06/01/2013,6.46
07/01/2013,6.46
08/01/2013,6.43
09/01/2013,6.41
10/01/2013,6.39
11/01/2013,6.36
12/01/2013,6.36
13/01/2013,6.34
14/01/2013,6.33
15/01/2013,6.3
16/01/2013,6.28
17/01/2013,6.27
18/01/2013,6.26
19/01/2013,6.24
20/01/2013,6.23
21/01/2013,6.23
22/01/2013,6.21
23/01/2013,6.19
24/01/2013,6.19
25/01/2013,6.2
26/01/2013,6.2
27/01/2013,6.18
28/01/2013,6.17
29/01/2013,6.17
30/01/2013,6.16
31/01/2013,6.15
01/02/2013,6.14
02/02/2013,6.16
03/02/2013,6.13
04/02/2013,6.13
05/02/2013,6.11
06/02/2013,6.1
07/02/2013,6.09
08/02/2013,6.09
09/02/2013,6.09
10/02/2013,6.08
11/02/2013,6.08
12/02/2013,6.07
13/02/2013,6.06
14/02/2013,6.06
15/02/2013,6.06
16/02/2013,6.05
17/02/2013,6.05
18/02/2013,6.04
19/02/2013,6.04
20/02/2013,6.05
21/02/2013,6.05
22/02/2013,6.05
23/02/2013,6.05
25/02/2013,6.05
26/02/2013,6.04
27/02/2013,6.04
28/02/2013,6.04
01/03/2013,6.04
02/03/2013,6.04
03/03/2013,6.04
04/03/2013,6.04
05/03/2013,6.04
06/03/2013,6.04
07/03/2013,6.04
08/03/2013,6.03
09/03/2013,6.03
10/03/2013,6.03
11/03/2013,6.03
12/03/2013,6.02
13/03/2013,6.02
14/03/2013,6.02
15/03/2013,6.01
16/03/2013,6.01
17/03/2013,6.02
18/03/2013,6.01
19/03/2013,6.01
20/03/2013,6.01
21/03/2013,6.02
22/03/2013,6.03
23/03/2013,6.03
24/03/2013,6.03
25/03/2013,6.02
26/03/2013,6.03
27/03/2013,6.02
28/03/2013,6.02
29/03/2013,6.02
30/03/2013,6.02
31/03/2013,6.02
01/04/2013,6.02
02/04/2013,6.02
03/04/2013,6.03
04/04/2013,6.04
05/04/2013,6.05
06/04/2013,6.1
07/04/2013,6.11
08/04/2013,6.11
09/04/2013,6.11
10/04/2013,6.12
11/04/2013,6.12
12/04/2013,6.15
13/04/2013,6.19
14/04/2013,6.19
15/04/2013,6.19
16/04/2013,6.2
17/04/2013,6.21
18/04/2013,6.21
19/04/2013,6.21
20/04/2013,6.21
21/04/2013,6.21
22/04/2013,6.21
23/04/2013,6.21
24/04/2013,6.21
25/04/2013,6.21
26/04/2013,6.21
27/04/2013,6.21
28/04/2013,6.21
29/04/2013,6.21
30/04/2013,6.21
01/05/2013,6.21
02/05/2013,6.21
03/05/2013,6.2
04/05/2013,6.22
05/05/2013,6.21
06/05/2013,6.23
07/05/2013,6.2
08/05/2013,6.2
09/05/2013,6.19
10/05/2013,6.21
11/05/2013,6.21
12/05/2013,6.21
13/05/2013,6.18
14/05/2013,6.17
15/05/2013,6.18
16/05/2013,6.18
17/05/2013,6.18
19/05/2013,6.16
20/05/2013,6.16
21/05/2013,6.16
22/05/2013,6.16
23/05/2013,6.16
24/05/2013,6.16
25/05/2013,6.15
26/05/2013,6.15
27/05/2013,6.15
28/05/2013,6.14
29/05/2013,6.15
30/05/2013,6.18
31/05/2013,6.19
01/06/2013,6.2
02/06/2013,6.18
03/06/2013,6.17
04/06/2013,6.18
05/06/2013,6.16
06/06/2013,6.15
07/06/2013,6.15
08/06/2013,6.14
09/06/2013,6.14
10/06/2013,6.13
11/06/2013,6.13
12/06/2013,6.13
13/06/2013,6.13
14/06/2013,6.11
15/06/2013,6.11
16/06/2013,6.11
17/06/2013,6.11
18/06/2013,6.11
19/06/2013,6.11
20/06/2013,6.11
21/06/2013,6.11
22/06/2013,6.11
23/06/2013,6.11
24/06/2013,6.11
25/06/2013,6.11
26/06/2013,6.13
27/06/2013,6.14
28/06/2013,6.14
29/06/2013,6.16
30/06/2013,6.17
01/07/2013,6.17
02/07/2013,6.19
03/07/2013,6.17
04/07/2013,6.17
05/07/2013,6.22
06/07/2013,6.27
07/07/2013,6.25
08/07/2013,6.25
09/07/2013,6.24
10/07/2013,6.25
11/07/2013,6.26
12/07/2013,6.4
13/07/2013,6.52
14/07/2013,6.54
15/07/2013,6.51
16/07/2013,6.5
17/07/2013,6.48
18/07/2013,6.41
19/07/2013,6.41
20/07/2013,6.4
21/07/2013,6.38
22/07/2013,6.37
23/07/2013,6.35
24/07/2013,6.36
25/07/2013,6.35
26/07/2013,6.33
27/07/2013,6.32
28/07/2013,6.31
29/07/2013,6.3
30/07/2013,6.29
31/07/2013,6.27
01/08/2013,6.26
02/08/2013,6.26
03/08/2013,6.25
04/08/2013,6.25
05/08/2013,6.24
06/08/2013,6.24
07/08/2013,6.24
08/08/2013,6.28
09/08/2013,6.36
10/08/2013,6.39
11/08/2013,6.39
12/08/2013,6.39
13/08/2013,6.37
14/08/2013,6.37
15/08/2013,6.35
16/08/2013,6.35
17/08/2013,6.31
18/08/2013,6.31
19/08/2013,6.31
20/08/2013,6.31
21/08/2013,6.31
22/08/2013,6.31
23/08/2013,6.31
24/08/2013,6.29
25/08/2013,6.28
26/08/2013,6.24
27/08/2013,6.26
28/08/2013,6.26
29/08/2013,6.26
30/08/2013,6.25
01/09/2013,6.24
02/09/2013,6.22
03/09/2013,6.21
04/09/2013,6.2
05/09/2013,6.21
06/09/2013,6.19
07/09/2013,6.24
08/09/2013,6.33
09/09/2013,6.41
10/09/2013,6.43
11/09/2013,6.45
12/09/2013,6.45
13/09/2013,6.45
14/09/2013,6.41
15/09/2013,6.43
16/09/2013,6.43
17/09/2013,6.81
18/09/2013,7.16
19/09/2013,7.2
20/09/2013,7.13
21/09/2013,7.06
22/09/2013,6.99
23/09/2013,6.89
24/09/2013,6.81
25/09/2013,6.75
26/09/2013,6.69
27/09/2013,6.63
28/09/2013,6.6
29/09/2013,6.56
30/09/2013,6.52
01/10/2013,6.49
02/10/2013,6.46
03/10/2013,6.43
04/10/2013,6.39
05/10/2013,6.38
06/10/2013,6.36
07/10/2013,6.33
08/10/2013,6.31
09/10/2013,6.29
10/10/2013,6.27
11/10/2013,6.26
13/10/2013,6.23
14/10/2013,6.21
15/10/2013,6.21
16/10/2013,6.21
17/10/2013,6.19
18/10/2013,6.17
19/10/2013,6.16
20/10/2013,6.16
21/10/2013,6.13
22/10/2013,6.15
23/10/2013,6.13
24/10/2013,6.13
25/10/2013,6.13
26/10/2013,6.13
27/10/2013,6.11
28/10/2013,6.13
29/10/2013,6.13
30/10/2013,6.11
31/10/2013,6.11
01/11/2013,6.11
02/11/2013,6.11
03/11/2013,6.13
04/11/2013,6.15
05/11/2013,6.16
06/11/2013,6.17
07/11/2013,6.17
08/11/2013,6.16
09/11/2013,6.16
10/11/2013,6.16
11/11/2013,6.17
12/11/2013,6.16
13/11/2013,6.17
14/11/2013,6.17
15/11/2013,6.16
16/11/2013,6.14
17/11/2013,6.14
18/11/2013,6.15
19/11/2013,6.13
20/11/2013,6.17
21/11/2013,6.2
22/11/2013,6.19
23/11/2013,6.19
24/11/2013,6.19
25/11/2013,6.15
26/11/2013,6.16
27/11/2013,6.21
28/11/2013,6.22
29/11/2013,6.29
30/11/2013,6.31
01/12/2013,6.31
02/12/2013,6.31
03/12/2013,6.3
04/12/2013,6.31
05/12/2013,6.28
06/12/2013,6.26
07/12/2013,6.27
08/12/2013,6.26
09/12/2013,6.22
10/12/2013,6.22
11/12/2013,6.22
12/12/2013,6.19
13/12/2013,6.17
14/12/2013,6.16
15/12/2013,6.16
16/12/2013,6.14
17/12/2013,6.13
18/12/2013,6.13
19/12/2013,6.11
20/12/2013,6.09
21/12/2013,6.07
22/12/2013,6.07
23/12/2013,6.06
24/12/2013,6.06
25/12/2013,6.04
26/12/2013,6.03
27/12/2013,6.01
28/12/2013,6.03
29/12/2013,6.03
30/12/2013,6.03
31/12/2013,6.02
02/01/2014,6.05
03/01/2014,6.06
04/01/2014,6.18
05/01/2014,6.17
06/01/2014,6.16
07/01/2014,6.19
08/01/2014,6.2
09/01/2014,6.21
10/01/2014,6.23
11/01/2014,6.25
12/01/2014,6.25
13/01/2014,6.25
14/01/2014,6.24
15/01/2014,6.24
16/01/2014,6.23
17/01/2014,6.21
18/01/2014,6.21
19/01/2014,6.19
20/01/2014,6.19
21/01/2014,6.19
22/01/2014,6.21
23/01/2014,6.21
24/01/2014,6.26
25/01/2014,6.26
26/01/2014,6.26
27/01/2014,6.26
28/01/2014,6.23
29/01/2014,6.24
30/01/2014,6.27
31/01/2014,6.27
01/02/2014,6.31
02/02/2014,6.37
03/02/2014,6.41
04/02/2014,6.42
05/02/2014,6.42
06/02/2014,6.59
07/02/2014,7.41
08/02/2014,8.16
09/02/2014,8.13
10/02/2014,8.01
11/02/2014,7.81
12/02/2014,7.68
13/02/2014,7.56
14/02/2014,7.4
15/02/2014,7.21
16/02/2014,7.11
17/02/2014,7.01
18/02/2014,6.91
19/02/2014,6.81
20/02/2014,6.8
21/02/2014,6.66
22/02/2014,6.66
23/02/2014,6.66
24/02/2014,6.65
25/02/2014,6.65
26/02/2014,6.51
27/02/2014,6.43
28/02/2014,6.41
01/03/2014,6.39
02/03/2014,6.36
03/03/2014,6.33
04/03/2014,6.31
05/03/2014,6.3
06/03/2014,6.28
07/03/2014,6.26
08/03/2014,6.24
09/03/2014,6.23
10/03/2014,6.22
11/03/2014,6.22
12/03/2014,6.22
13/03/2014,6.21
14/03/2014,6.19
15/03/2014,6.2
16/03/2014,6.19
17/03/2014,6.21
18/03/2014,6.21
19/03/2014,6.19
20/03/2014,6.18
21/03/2014,6.17
22/03/2014,6.16
23/03/2014,6.16
24/03/2014,6.15
25/03/2014,6.15
26/03/2014,6.15
27/03/2014,6.15
28/03/2014,6.14
29/03/2014,6.14
30/03/2014,6.14
31/03/2014,6.13
01/04/2014,6.13
02/04/2014,6.13
03/04/2014,6.13
04/04/2014,6.12
05/04/2014,6.13
06/04/2014,6.12
07/04/2014,6.12
08/04/2014,6.13
09/04/2014,6.14
10/04/2014,6.13
11/04/2014,6.14
12/04/2014,6.25
13/04/2014,6.45
14/04/2014,6.54
15/04/2014,6.57
16/04/2014,6.57
17/04/2014,6.57
19/04/2014,6.56
20/04/2014,6.54
21/04/2014,6.53
22/04/2014,6.53
23/04/2014,6.5
24/04/2014,6.5
25/04/2014,6.49
26/04/2014,6.49
27/04/2014,6.51
28/04/2014,6.51
29/04/2014,6.51
30/04/2014,6.53
02/05/2014,6.59
03/05/2014,6.6
04/05/2014,6.59
05/05/2014,6.58
06/05/2014,6.57
07/05/2014,6.56
08/05/2014,6.55
10/05/2014,6.57
11/05/2014,6.57
12/05/2014,6.57
13/05/2014,6.57
14/05/2014,6.57
15/05/2014,6.57
17/05/2014,6.61
18/05/2014,6.61
19/05/2014,6.61
20/05/2014,6.61
21/05/2014,6.61
22/05/2014,6.61
24/05/2014,6.61
25/05/2014,6.61
26/05/2014,6.61
27/05/2014,6.59
28/05/2014,6.59
29/05/2014,6.57
31/05/2014,6.57
01/06/2014,6.58
02/06/2014,6.59
03/06/2014,6.59
04/06/2014,6.61
05/06/2014,6.55
06/06/2014,6.53
07/06/2014,6.51
08/06/2014,6.47
09/06/2014,6.46
10/06/2014,6.41
11/06/2014,6.43
12/06/2014,6.43
13/06/2014,6.41
14/06/2014,6.42
15/06/2014,6.4
16/06/2014,6.37
17/06/2014,6.36
18/06/2014,6.33
19/06/2014,6.32
20/06/2014,6.3
21/06/2014,6.28
22/06/2014,6.27
23/06/2014,6.25
24/06/2014,6.26
25/06/2014,6.26
26/06/2014,6.26
27/06/2014,6.25
28/06/2014,6.25
29/06/2014,6.21
30/06/2014,6.21
01/07/2014,6.21
02/07/2014,6.2
03/07/2014,6.2
04/07/2014,6.19
05/07/2014,6.21
06/07/2014,6.36
07/07/2014,6.38
08/07/2014,6.37
09/07/2014,6.36
10/07/2014,6.36
11/07/2014,6.33
12/07/2014,6.32
14/07/2014,6.33
15/07/2014,6.34
16/07/2014,6.35
17/07/2014,6.37
18/07/2014,6.36
19/07/2014,6.33
21/07/2014,6.32
22/07/2014,6.31
23/07/2014,6.36
24/07/2014,6.36
25/07/2014,6.37
26/07/2014,6.33
27/07/2014,6.33
28/07/2014,6.33
29/07/2014,6.31
30/07/2014,6.29
31/07/2014,6.29
01/08/2014,6.28
02/08/2014,6.27
03/08/2014,6.38
04/08/2014,6.41
05/08/2014,6.4
06/08/2014,6.37
07/08/2014,6.35
08/08/2014,6.33
09/08/2014,6.31
10/08/2014,6.31
11/08/2014,6.29
12/08/2014,6.27
13/08/2014,6.24
14/08/2014,6.24
15/08/2014,6.22
17/08/2014,6.21
18/08/2014,6.19
19/08/2014,6.19
20/08/2014,6.18
21/08/2014,6.16
22/08/2014,6.16
23/08/2014,6.16
24/08/2014,6.14
25/08/2014,6.14
26/08/2014,6.14
27/08/2014,6.13
28/08/2014,6.14
29/08/2014,6.13
30/08/2014,6.13
31/08/2014,6.13
01/09/2014,6.12
02/09/2014,6.13
03/09/2014,6.12
04/09/2014,6.11
05/09/2014,6.11
06/09/2014,6.11
07/09/2014,6.17
08/09/2014,6.19
09/09/2014,6.19
10/09/2014,6.4
11/09/2014,6.5
12/09/2014,6.5
13/09/2014,6.47
14/09/2014,6.57
15/09/2014,6.87
16/09/2014,7.06
17/09/2014,7.06
18/09/2014,6.91
19/09/2014,6.81
20/09/2014,6.75
21/09/2014,6.69
22/09/2014,6.63
23/09/2014,6.63
24/09/2014,6.55
25/09/2014,6.53
26/09/2014,6.46
27/09/2014,6.45
28/09/2014,6.41
29/09/2014,6.39
30/09/2014,6.37
01/10/2014,6.33
02/10/2014,6.31
03/10/2014,6.3
04/10/2014,6.31
05/10/2014,6.29
06/10/2014,6.27
07/10/2014,6.25
08/10/2014,6.23
09/10/2014,6.24
10/10/2014,6.26
11/10/2014,6.21
12/10/2014,6.23
14/10/2014,6.21
15/10/2014,6.2
16/10/2014,6.2
17/10/2014,6.2
18/10/2014,6.19
20/10/2014,6.16
21/10/2014,6.16
22/10/2014,6.15
23/10/2014,6.15
24/10/2014,6.14
25/10/2014,6.13
26/10/2014,6.13
27/10/2014,6.12
28/10/2014,6.11
29/10/2014,6.15
30/10/2014,6.17
31/10/2014,6.2
01/11/2014,6.17
02/11/2014,6.19
03/11/2014,6.41
04/11/2014,6.88
05/11/2014,6.91
06/11/2014,6.86
08/11/2014,6.75
09/11/2014,6.64
10/11/2014,6.61
11/11/2014,6.56
12/11/2014,6.51
13/11/2014,6.47
14/11/2014,6.44
15/11/2014,6.41
16/11/2014,6.36
17/11/2014,6.35
18/11/2014,6.31
19/11/2014,6.29
20/11/2014,6.26
21/11/2014,6.25
22/11/2014,6.25
23/11/2014,6.24
24/11/2014,6.23
25/11/2014,6.21
26/11/2014,6.2
27/11/2014,6.17
28/11/2014,6.17
29/11/2014,6.17
30/11/2014,6.23
01/12/2014,6.37
02/12/2014,6.49
03/12/2014,6.55
04/12/2014,6.59
05/12/2014,6.57
06/12/2014,6.54
07/12/2014,6.47
08/12/2014,6.46
09/12/2014,6.41
10/12/2014,6.49
11/12/2014,6.43
12/12/2014,6.41
13/12/2014,6.39
14/12/2014,6.36
15/12/2014,6.33
16/12/2014,6.31
17/12/2014,6.28
18/12/2014,6.26
19/12/2014,6.25
20/12/2014,6.23
21/12/2014,6.2
22/12/2014,6.18
23/12/2014,6.16
24/12/2014,6.15
25/12/2014,6.15
26/12/2014,6.13
27/12/2014,6.28
28/12/2014,6.29
29/12/2014,6.28
30/12/2014,6.26
31/12/2014,6.25
01/01/2015,6.26
02/01/2015,6.21
03/01/2015,6.21
04/01/2015,6.19
05/01/2015,6.19
06/01/2015,6.17
07/01/2015,6.16
08/01/2015,6.16
09/01/2015,6.14
10/01/2015,6.14
11/01/2015,6.14
12/01/2015,6.13
13/01/2015,6.12
14/01/2015,6.14
15/01/2015,6.15
16/01/2015,6.13
17/01/2015,6.12
18/01/2015,6.12
19/01/2015,6.11
20/01/2015,6.09
21/01/2015,6.09
22/01/2015,6.08
23/01/2015,6.08
24/01/2015,6.07
25/01/2015,6.06
26/01/2015,6.06
27/01/2015,6.06
28/01/2015,6.09
29/01/2015,6.1
30/01/2015,6.11
31/01/2015,6.11
01/02/2015,6.11
02/02/2015,6.11
03/02/2015,6.09
04/02/2015,6.09
05/02/2015,6.09
06/02/2015,6.09
07/02/2015,6.07
08/02/2015,6.06
09/02/2015,6.05
10/02/2015,6.06
11/02/2015,6.06
12/02/2015,6.05
13/02/2015,6.04
14/02/2015,6.03
15/02/2015,6.03
16/02/2015,6.03
17/02/2015,6.02
18/02/2015,6.01
19/02/2015,6.01
20/02/2015,6.01
21/02/2015,6.01
22/02/2015,6.01
23/02/2015,6.01
24/02/2015,6.01
25/02/2015,6.01
26/02/2015,6.01
27/02/2015,6.01
28/02/2015,6.01
01/04/2015,6.01
02/04/2015,6.01
03/04/2015,6.01
04/04/2015,6.01
05/04/2015,6.01
06/04/2015,6.01
07/04/2015,6.01
08/04/2015,6.01
09/04/2015,6.01
10/04/2015,6.01
11/04/2015,6.01
12/04/2015,6.01
13/04/2015,5.78
14/04/2015,5.76
15/04/2015,5.78
16/04/2015,5.79
21/04/2015,5.74
03/05/2015,5.71
04/05/2015,5.7
05/05/2015,5.69
06/05/2015,5.68
07/05/2015,5.68
08/05/2015,5.68
09/05/2015,5.68
10/05/2015,5.68
11/05/2015,5.7
12/05/2015,5.7
13/05/2015,5.69
14/05/2015,5.69
15/05/2015,5.69
16/05/2015,5.69
17/05/2015,5.69
18/05/2015,5.68
19/05/2015,5.68
20/05/2015,5.68
21/05/2015,5.68
23/05/2015,5.67
24/05/2015,5.67
25/05/2015,5.67
26/05/2015,5.67
27/05/2015,5.66
28/05/2015,5.66
29/05/2015,5.66
30/05/2015,5.66
01/06/2015,5.65
02/06/2015,5.65
03/06/2015,5.65
04/06/2015,5.65
05/06/2015,5.66
06/06/2015,5.67
07/06/2015,5.65
08/06/2015,5.65
09/06/2015,5.65
10/06/2015,5.64
11/06/2015,5.64
12/06/2015,5.64
13/06/2015,5.63
14/06/2015,5.63
15/06/2015,5.64
16/06/2015,5.64
17/06/2015,5.63
18/06/2015,5.61
19/06/2015,5.62
20/06/2015,5.62
21/06/2015,5.61
22/06/2015,5.61
23/06/2015,5.6
24/06/2015,5.6
25/06/2015,5.6
26/06/2015,5.6
27/06/2015,5.6
28/06/2015,5.6
29/06/2015,5.6
30/06/2015,5.6
01/07/2015,5.6
02/07/2015,5.6
04/07/2015,5.6
05/07/2015,5.6
06/07/2015,5.6
07/07/2015,5.6
08/07/2015,5.6
09/07/2015,5.6
10/07/2015,5.59
11/07/2015,5.59
13/07/2015,5.59
14/07/2015,5.58
15/07/2015,5.58
16/07/2015,5.58
17/07/2015,5.58
18/07/2015,5.57
19/07/2015,5.57
20/07/2015,5.56
21/07/2015,5.56
22/07/2015,5.56
23/07/2015,5.56
24/07/2015,5.56
25/07/2015,5.56
26/07/2015,5.56
27/07/2015,5.56
28/07/2015,5.56
29/07/2015,5.56
30/07/2015,5.56
31/07/2015,5.61
01/08/2015,5.59
02/08/2015,5.69
03/08/2015,5.71
04/08/2015,5.7
05/08/2015,5.68
06/08/2015,5.78
07/08/2015,5.91
08/08/2015,6.01
09/08/2015,6.14
10/08/2015,6.1
11/08/2015,6.11
12/08/2015,6.13
13/08/2015,6.48
14/08/2015,6.66
15/08/2015,6.86
16/08/2015,6.97
17/08/2015,6.94
18/08/2015,6.86
19/08/2015,6.8
20/08/2015,6.76
21/08/2015,6.71
22/08/2015,6.63
23/08/2015,6.57
24/08/2015,6.54
26/08/2015,6.46
27/08/2015,6.53
28/08/2015,6.58
29/08/2015,6.52
30/08/2015,6.49
31/08/2015,6.46
01/09/2015,6.41
02/09/2015,6.38
03/09/2015,6.37
04/09/2015,6.33
06/09/2015,6.3
07/09/2015,6.27
08/09/2015,6.26
09/09/2015,6.24
10/09/2015,6.22
11/09/2015,6.22
12/09/2015,6.21
13/09/2015,6.21
14/09/2015,6.2
15/09/2015,6.2
16/09/2015,6.17
17/09/2015,6.16
18/09/2015,6.15
19/09/2015,6.15
20/09/2015,6.12
21/09/2015,6.13
22/09/2015,6.11
23/09/2015,6.13
24/09/2015,6.12
25/09/2015,6.11
26/09/2015,6.11
27/09/2015,6.11
28/09/2015,6.11
29/09/2015,6.11
30/09/2015,6.1
01/10/2015,6.09
02/10/2015,6.12
03/10/2015,6.1
04/10/2015,6.11
05/10/2015,6.12
06/10/2015,6.11
07/10/2015,6.1
08/10/2015,6.13
09/10/2015,6.12
10/10/2015,6.12
11/10/2015,6.12
12/10/2015,6.11
13/10/2015,6.11
14/10/2015,6.13
15/10/2015,6.12
16/10/2015,6.11
17/10/2015,6.1
18/10/2015,6.1
19/10/2015,6.1
20/10/2015,6.11
21/10/2015,6.11
22/10/2015,6.12
23/10/2015,6.12
24/10/2015,6.11
25/10/2015,6.12
26/10/2015,6.12
27/10/2015,6.12
28/10/2015,6.12
29/10/2015,6.16
30/10/2015,6.14
31/10/2015,6.12
01/11/2015,6.14
02/11/2015,6.16
03/11/2015,6.16
04/11/2015,6.12
05/11/2015,6.11
06/11/2015,6.11
07/11/2015,6.11
08/11/2015,6.11
09/11/2015,6.11
10/11/2015,6.11
11/11/2015,6.1
12/11/2015,6.1
13/11/2015,6.12
14/11/2015,6.12
15/11/2015,6.11
16/11/2015,6.11
17/11/2015,6.11
18/11/2015,6.11
19/11/2015,6.11
20/11/2015,6.1
21/11/2015,6.1
22/11/2015,6.1
23/11/2015,6.1
24/11/2015,6.1
25/11/2015,6.1
26/11/2015,6.09
27/11/2015,6.09
28/11/2015,6.11
29/11/2015,6.11
30/11/2015,6.11
01/12/2015,6.1
02/12/2015,6.09
03/12/2015,6.09
04/12/2015,6.09
05/12/2015,6.09
06/12/2015,6.09
07/12/2015,6.09
08/12/2015,6.07
09/12/2015,6.05
10/12/2015,6.04
11/12/2015,6.03
12/12/2015,6.02
13/12/2015,6.01
14/12/2015,6.01
15/12/2015,6.01
16/12/2015,6.01
17/12/2015,6.02
18/12/2015,6.03
19/12/2015,6.03
20/12/2015,6.03
22/12/2015,6.01
23/12/2015,6.02
24/12/2015,6.02
26/12/2015,6.02
27/12/2015,6.01
28/12/2015,6.01
29/12/2015,6.01
30/12/2015,6.01
31/12/2015,6.01
01/01/2016,6.01
02/01/2016,6.01
03/01/2016,6
04/01/2016,6.01
05/01/2016,5.99
06/01/2016,5.96
07/01/2016,5.96
08/01/2016,5.96
09/01/2016,5.96
10/01/2016,5.96
11/01/2016,5.95
12/01/2016,5.94
13/01/2016,5.92
14/01/2016,5.91
15/01/2016,5.91
16/01/2016,5.9
17/01/2016,5.9
18/01/2016,5.89
19/01/2016,5.86
20/01/2016,5.86
21/01/2016,5.86
22/01/2016,5.86
23/01/2016,5.84
24/01/2016,5.84
25/01/2016,5.83
26/01/2016,5.83
27/01/2016,5.81
28/01/2016,5.81
29/01/2016,5.8
30/01/2016,5.79
31/01/2016,5.79
01/02/2016,5.78
02/02/2016,5.76
03/02/2016,5.75
04/02/2016,5.74
05/02/2016,5.74
06/02/2016,5.71
07/02/2016,5.71
08/02/2016,5.71
09/02/2016,5.71
10/02/2016,5.7
11/02/2016,5.7
12/02/2016,5.7
13/02/2016,5.71
14/02/2016,5.71
15/02/2016,5.7
16/02/2016,5.7
17/02/2016,5.7
18/02/2016,5.69
19/02/2016,5.69
20/02/2016,5.69
21/02/2016,5.68
22/02/2016,5.66
23/02/2016,5.65
24/02/2016,5.65
25/02/2016,5.64
26/02/2016,5.64
27/02/2016,5.62
28/02/2016,5.62
29/02/2016,5.61
01/03/2016,5.61
02/03/2016,5.61
03/03/2016,5.6
04/03/2016,5.6
05/03/2016,5.59
06/03/2016,5.58
07/03/2016,5.58
08/03/2016,5.57
09/03/2016,5.57
10/03/2016,5.56
11/03/2016,5.58
12/03/2016,5.58
13/03/2016,5.58
14/03/2016,5.58
15/03/2016,5.58
16/03/2016,5.58
17/03/2016,5.57
18/03/2016,5.56
19/03/2016,5.57
20/03/2016,5.57
21/03/2016,5.56
22/03/2016,5.56
23/03/2016,5.56
24/03/2016,5.55
25/03/2016,5.54
26/03/2016,5.59
27/03/2016,5.59
28/03/2016,5.62
29/03/2016,5.61
30/03/2016,5.62
31/03/2016,5.62
01/04/2016,5.62
02/04/2016,5.62
03/04/2016,5.62
04/04/2016,5.61
05/04/2016,5.62
06/04/2016,5.63
07/04/2016,5.63
08/04/2016,5.63
09/04/2016,5.63
10/04/2016,5.63
11/04/2016,5.63
12/04/2016,5.63
13/04/2016,5.63
14/04/2016,5.66
15/04/2016,5.66
16/04/2016,7
17/04/2016,7.21
18/04/2016,7.35
19/04/2016,7.36
20/04/2016,7.31
21/04/2016,7.23
22/04/2016,7.2
23/04/2016,7.11
24/04/2016,7.1
25/04/2016,6.89
26/04/2016,6.76
27/04/2016,6.76
28/04/2016,6.76
29/04/2016,6.81
30/04/2016,6.81
02/05/2016,6.71
05/07/2016,7.36
06/07/2016,7.63
07/07/2016,7.71
08/07/2016,7.61
09/07/2016,7.41
10/07/2016,7.21
11/07/2016,7.16
12/07/2016,7.1
13/07/2016,7.01
14/07/2016,6.91
26/07/2016,6.81
27/07/2016,6.96
28/07/2016,6.96
29/07/2016,6.91
30/07/2016,6.86
01/08/2016,6.88
02/08/2016,6.86
03/08/2016,6.84
04/08/2016,6.79
05/08/2016,6.78
06/08/2016,6.75
07/08/2016,6.74
08/08/2016,6.68
09/08/2016,6.68
10/08/2016,6.67
11/08/2016,6.63
12/08/2016,6.58
13/08/2016,6.58
14/08/2016,6.58
15/08/2016,6.56
16/08/2016,6.55
17/08/2016,6.53
18/08/2016,6.51
19/08/2016,6.5
20/08/2016,6.46
21/08/2016,6.44
22/08/2016,6.43
23/08/2016,6.43
24/08/2016,6.41
26/08/2016,6.4
27/08/2016,6.49
29/08/2016,7.26
30/08/2016,7.25
31/08/2016,7.21
01/10/2016,6.81
02/10/2016,6.81
03/10/2016,6.77
04/10/2016,6.77
05/10/2016,6.77
06/10/2016,6.76
07/10/2016,6.75
08/10/2016,6.73
09/10/2016,6.73
10/10/2016,6.73
11/10/2016,6.73
12/10/2016,6.72
13/10/2016,6.69
14/10/2016,6.68
15/10/2016,6.67
16/10/2016,6.67
17/10/2016,6.67
18/10/2016,6.67
19/10/2016,6.69
20/10/2016,6.72
21/10/2016,6.78
22/10/2016,6.8
23/10/2016,6.79
24/10/2016,6.79
25/10/2016,6.79
26/10/2016,6.8
28/10/2016,6.78
29/10/2016,6.78
30/10/2016,6.79
31/10/2016,6.78
01/11/2016,6.78
02/11/2016,6.86
03/11/2016,6.87
04/11/2016,6.9
05/11/2016,6.87
06/11/2016,6.87
07/11/2016,6.85
08/11/2016,6.83
09/11/2016,6.83
10/11/2016,6.82
11/11/2016,6.8
12/11/2016,6.76
13/11/2016,6.76
14/11/2016,6.77
15/11/2016,6.75
16/11/2016,6.74
17/11/2016,6.72
18/11/2016,6.7
19/11/2016,6.73
20/11/2016,6.71
21/11/2016,6.69
22/11/2016,6.69
23/11/2016,6.68
24/11/2016,6.68
25/11/2016,6.66
26/11/2016,6.66
27/11/2016,6.66
28/11/2016,6.65
29/11/2016,6.63
30/11/2016,6.64
01/12/2016,6.64
02/12/2016,6.63
03/12/2016,6.61
04/12/2016,6.62
05/12/2016,6.61
06/12/2016,6.6
07/12/2016,6.59
08/12/2016,6.57
09/12/2016,6.57
10/12/2016,6.57
11/12/2016,6.55
12/12/2016,6.55
13/12/2016,6.54
14/12/2016,6.51
15/12/2016,6.52
16/12/2016,6.55
17/12/2016,6.51
18/12/2016,6.5
19/12/2016,6.5
20/12/2016,6.51
21/12/2016,6.5
22/12/2016,6.5
23/12/2016,6.46
24/12/2016,6.46
25/12/2016,6.56
26/12/2016,6.6
27/12/2016,6.61
28/12/2016,6.61
29/12/2016,6.61
30/12/2016,6.61
31/12/2016,6.6
01/01/2017,6.6
02/01/2017,6.59
03/01/2017,6.6
04/01/2017,6.64
05/01/2017,6.66
06/01/2017,6.63
07/01/2017,6.65
08/01/2017,6.63
09/01/2017,6.65
10/01/2017,6.65
11/01/2017,6.65
12/01/2017,6.64
13/01/2017,6.63
14/01/2017,6.61
15/01/2017,6.61
16/01/2017,6.61
17/01/2017,6.6
18/01/2017,6.6
19/01/2017,6.6
20/01/2017,6.59
21/01/2017,6.59
22/01/2017,6.57
23/01/2017,6.57
24/01/2017,6.56
25/01/2017,6.57
26/01/2017,6.57
27/01/2017,6.57
28/01/2017,6.57
29/01/2017,6.57
30/01/2017,6.57
31/01/2017,6.57
01/02/2017,6.59
02/02/2017,6.6
03/02/2017,6.59
04/02/2017,6.59
05/02/2017,6.59
06/02/2017,6.57
07/02/2017,6.58
08/02/2017,6.57
09/02/2017,6.57
10/02/2017,6.57
11/02/2017,6.57
12/02/2017,6.57
13/02/2017,6.57
14/02/2017,6.59
15/02/2017,6.62
16/02/2017,6.62
17/02/2017,6.62
18/02/2017,6.61
19/02/2017,6.61
20/02/2017,6.61
21/02/2017,6.61
22/02/2017,6.61
23/02/2017,6.61
24/02/2017,6.61
25/02/2017,6.61
26/02/2017,6.59
27/02/2017,6.59
28/02/2017,6.58
01/03/2017,6.57
02/03/2017,6.57
03/03/2017,6.57
04/03/2017,6.57
05/03/2017,6.56
06/03/2017,6.55
07/03/2017,6.55
08/03/2017,6.56
09/03/2017,6.57
10/03/2017,6.57
11/03/2017,6.56
12/03/2017,6.56
13/03/2017,6.55
14/03/2017,6.53
15/03/2017,6.53
16/03/2017,6.51
17/03/2017,6.51
18/03/2017,6.51
20/03/2017,6.51
21/03/2017,6.51
22/03/2017,6.51
23/03/2017,6.5
24/03/2017,6.5
25/03/2017,6.5
27/03/2017,6.5
28/03/2017,6.5
29/03/2017,6.5
30/03/2017,6.5
31/03/2017,6.49
01/04/2017,6.5
03/04/2017,6.46
04/04/2017,6.46
05/04/2017,6.46
06/04/2017,6.45
07/04/2017,6.44
08/04/2017,6.43
10/04/2017,6.43
11/04/2017,6.43
12/04/2017,6.41
13/04/2017,6.41
14/04/2017,6.41
15/04/2017,6.41
16/04/2017,6.41
17/04/2017,6.4
18/04/2017,6.4
19/04/2017,6.4
20/04/2017,6.41
21/04/2017,6.41
22/04/2017,6.41
24/04/2017,6.41
25/04/2017,6.41
26/04/2017,6.42
27/04/2017,6.43
28/04/2017,6.42
29/04/2017,6.42
03/05/2017,6.42
04/05/2017,6.42
05/05/2017,6.42
06/05/2017,6.42
08/05/2017,6.45
09/05/2017,6.45
10/05/2017,6.45
11/05/2017,6.45
12/05/2017,6.45
13/05/2017,6.46
14/05/2017,6.46
15/05/2017,6.46
16/05/2017,6.45
17/05/2017,6.45
18/05/2017,6.45
19/05/2017,6.51
20/05/2017,6.61
24/05/2017,6.71
25/05/2017,6.72
26/05/2017,6.73
27/05/2017,6.76
28/05/2017,6.81
29/05/2017,6.79
30/05/2017,6.79
31/05/2017,6.81
01/06/2017,6.79
02/06/2017,6.79
03/06/2017,6.78
05/06/2017,6.77
06/06/2017,6.76
07/06/2017,6.76
08/06/2017,6.77
09/06/2017,6.79
10/06/2017,6.79
12/06/2017,6.76
13/06/2017,6.76
14/06/2017,6.76
15/06/2017,6.75
16/06/2017,6.75
17/06/2017,6.76
19/06/2017,6.7
20/06/2017,6.68
21/06/2017,6.68
22/06/2017,6.68
23/06/2017,6.67
24/06/2017,6.67
26/06/2017,6.67
27/06/2017,6.67
28/06/2017,6.67
29/06/2017,6.67
30/06/2017,6.67
01/07/2017,6.67
03/07/2017,6.67
04/07/2017,6.66
05/07/2017,6.66
06/07/2017,6.67
07/07/2017,6.69
08/07/2017,6.73
10/07/2017,7.01
11/07/2017,7.26
12/07/2017,7.26
13/07/2017,7.23
14/07/2017,7.06
15/07/2017,6.96
17/07/2017,6.89
21/07/2017,6.62
22/07/2017,6.61
24/07/2017,6.61
25/07/2017,6.61
26/07/2017,6.61
27/07/2017,6.62
28/07/2017,6.61
29/07/2017,6.72
31/07/2017,6.81
01/08/2017,6.86
02/08/2017,6.86
03/08/2017,6.86
04/08/2017,6.87
05/08/2017,6.87
07/08/2017,6.87
08/08/2017,6.87
09/08/2017,6.87
10/08/2017,6.86
11/08/2017,6.83
12/08/2017,6.81
14/08/2017,6.81
15/08/2017,6.83
16/08/2017,6.83
17/08/2017,6.83
18/08/2017,6.81
19/08/2017,6.81
21/08/2017,6.81
22/08/2017,6.8
23/08/2017,6.79
24/08/2017,6.81
25/08/2017,7.41
26/08/2017,8.46
28/08/2017,8.11
29/08/2017,7.91
30/08/2017,7.81
31/08/2017,7.56
01/09/2017,7.41
02/09/2017,7.26
04/09/2017,7.01
05/09/2017,7.01
06/09/2017,7
07/09/2017,7.01
08/09/2017,6.91
09/09/2017,6.96
11/09/2017,7.41
12/09/2017,7.41
13/09/2017,7.28
14/09/2017,7.19
16/09/2017,6.97
17/09/2017,6.87
18/09/2017,6.85
19/09/2017,6.76
20/09/2017,6.71
21/09/2017,6.67
23/09/2017,6.62
24/09/2017,6.57
25/09/2017,6.53
26/09/2017,6.54
27/09/2017,6.54
28/09/2017,6.54
30/09/2017,6.57
01/10/2017,6.6
02/10/2017,6.6
03/10/2017,6.61
04/10/2017,6.6
05/10/2017,6.59
06/10/2017,6.61
07/10/2017,6.61
08/10/2017,6.61
09/10/2017,6.61
10/10/2017,6.61
11/10/2017,6.61
12/10/2017,6.61
14/10/2017,6.61
15/10/2017,6.61
17/10/2017,6.61
18/10/2017,6.61
19/10/2017,6.6
20/10/2017,6.6
21/10/2017,6.6
22/10/2017,6.6
23/10/2017,6.6
24/10/2017,6.6
25/10/2017,6.59
26/10/2017,6.58
27/10/2017,6.6
28/10/2017,6.64
29/10/2017,6.81
30/10/2017,6.82
31/10/2017,6.81
01/11/2017,6.82
03/11/2017,6.8
04/11/2017,6.8
05/11/2017,6.78
06/11/2017,6.78
07/11/2017,6.76
08/11/2017,6.76
09/11/2017,6.75
10/11/2017,6.76
11/11/2017,6.8
12/11/2017,6.79
13/11/2017,6.79
14/11/2017,6.77
15/11/2017,6.77
16/11/2017,6.76
17/11/2017,6.75
18/11/2017,6.75
20/11/2017,6.71
21/11/2017,6.71
22/11/2017,6.69
23/11/2017,6.69
24/11/2017,6.67
25/11/2017,6.66
26/11/2017,6.65
27/11/2017,6.64
28/11/2017,6.62
29/11/2017,6.61
30/11/2017,6.61
01/12/2017,6.61
02/12/2017,6.6
03/12/2017,6.6
04/12/2017,6.59
05/12/2017,6.58
06/12/2017,6.58
07/12/2017,6.58
08/12/2017,6.58
09/12/2017,6.58
10/12/2017,6.56
11/12/2017,6.55
12/12/2017,6.55
13/12/2017,6.54
14/12/2017,6.51
15/12/2017,6.51
16/12/2017,6.51
17/12/2017,6.51
18/12/2017,6.51
19/12/2017,6.51
20/12/2017,6.51
21/12/2017,6.51
22/12/2017,6.5
23/12/2017,6.5
24/12/2017,6.5
25/12/2017,6.5
26/12/2017,6.5
27/12/2017,6.48
28/12/2017,6.48
29/12/2017,6.47
30/12/2017,6.47
31/12/2017,6.45
01/01/2018,6.44
02/01/2018,6.44
03/01/2018,6.43
04/01/2018,6.42
05/01/2018,6.41
06/01/2018,6.41
07/01/2018,6.41
08/01/2018,6.41
09/01/2018,6.4
10/01/2018,6.39
11/01/2018,6.37
12/01/2018,6.36
13/01/2018,6.36
14/01/2018,6.36
15/01/2018,6.41
16/01/2018,6.41
17/01/2018,6.41
18/01/2018,6.41
19/01/2018,6.41
20/01/2018,6.41
21/01/2018,6.41
22/01/2018,6.41
23/01/2018,6.4
24/01/2018,6.4
25/01/2018,6.4
26/01/2018,6.39
27/01/2018,6.37
29/01/2018,6.36
30/01/2018,6.35
31/01/2018,6.35
01/02/2018,6.34
02/02/2018,6.34
03/02/2018,6.32
05/02/2018,6.31
06/02/2018,6.31
07/02/2018,6.3
08/02/2018,6.29
09/02/2018,6.3
10/02/2018,6.3
11/02/2018,6.3
12/02/2018,6.3
13/02/2018,6.29
14/02/2018,6.29
15/02/2018,6.28
16/02/2018,6.28
17/02/2018,6.26
18/02/2018,6.26
19/02/2018,6.23
20/02/2018,6.21
21/02/2018,6.21
22/02/2018,6.22
23/02/2018,6.22
24/02/2018,6.22
26/02/2018,6.22
27/02/2018,6.21
28/02/2018,6.21
01/03/2018,6.21
02/03/2018,6.21
03/03/2018,6.21
05/03/2018,6.2
06/03/2018,6.19
07/03/2018,6.19
08/03/2018,6.19
09/03/2018,6.17
10/03/2018,6.16
12/03/2018,6.16
13/03/2018,6.13
14/03/2018,6.12
15/03/2018,6.1
16/03/2018,6.12
17/03/2018,6.12
19/03/2018,6.31
20/03/2018,6.38
21/03/2018,6.37
22/03/2018,6.37
23/03/2018,6.37
24/03/2018,6.37
25/03/2018,6.37
26/03/2018,6.37
27/03/2018,6.37
28/03/2018,6.37
29/03/2018,6.37
30/03/2018,6.37
01/04/2018,6.35
02/04/2018,6.36
03/04/2018,6.37
04/04/2018,6.36
06/04/2018,6.31
08/04/2018,6.27
10/04/2018,6.24
11/04/2018,6.23
12/04/2018,6.21
13/04/2018,6.21
14/04/2018,6.2
15/04/2018,6.2
16/04/2018,6.19
17/04/2018,6.16
18/04/2018,6.14
19/04/2018,6.16
20/04/2018,6.14
21/04/2018,6.17
22/04/2018,6.17
24/04/2018,6.14
25/04/2018,6.12
26/04/2018,6.12
27/04/2018,6.11
28/04/2018,6.13
29/04/2018,6.16
30/04/2018,6.17
01/05/2018,6.2
02/05/2018,6.2
03/05/2018,6.2
05/05/2018,6.19
06/05/2018,6.19
07/05/2018,6.19
08/05/2018,6.19
09/05/2018,6.2
10/05/2018,6.2
11/05/2018,6.17
12/05/2018,6.17
13/05/2018,6.17
14/05/2018,6.17
15/05/2018,6.17
16/05/2018,6.16
17/05/2018,6.18
19/05/2018,6.13
20/05/2018,6.13
21/05/2018,6.11
22/05/2018,6.11
23/05/2018,6.11
24/05/2018,6.11
25/05/2018,6.11
26/05/2018,6.09
27/05/2018,6.09
28/05/2018,6.08
29/05/2018,6.08
30/05/2018,6.08
31/05/2018,6.09
01/06/2018,6.11
02/06/2018,6.17
03/06/2018,6.21
04/06/2018,6.28
05/06/2018,6.35
06/06/2018,6.36
07/06/2018,6.35
08/06/2018,6.34
09/06/2018,6.33
10/06/2018,6.32
11/06/2018,6.32
12/06/2018,6.31
13/06/2018,6.3
14/06/2018,6.29
15/06/2018,6.28
16/06/2018,6.27
18/06/2018,6.27
20/06/2018,6.24
21/06/2018,6.23
22/06/2018,6.23
23/06/2018,6.23
24/06/2018,6.21
25/06/2018,6.21
26/06/2018,6.21
27/06/2018,6.26
28/06/2018,6.21
29/06/2018,6.31
30/06/2018,6.31
01/07/2018,6.44
02/07/2018,6.46
03/07/2018,6.48
04/07/2018,6.5
05/07/2018,6.38
06/07/2018,6.49
07/07/2018,6.53
08/07/2018,6.55
09/07/2018,6.55
10/07/2018,6.57
11/07/2018,6.58
12/07/2018,6.56
13/07/2018,6.55
14/07/2018,6.57
15/07/2018,6.58
16/07/2018,6.59
17/07/2018,6.6
18/07/2018,6.61
19/07/2018,6.63
20/07/2018,6.66
21/07/2018,6.86
22/07/2018,6.91
23/07/2018,6.76
24/07/2018,6.76
25/07/2018,6.71
26/07/2018,6.81
27/07/2018,6.96
28/07/2018,7.01
30/07/2018,6.87
31/07/2018,6.81
01/08/2018,6.75
02/08/2018,6.71
03/08/2018,6.67
04/08/2018,6.57
05/08/2018,6.57
06/08/2018,6.54
07/08/2018,6.46
08/08/2018,6.44
09/08/2018,6.44
10/08/2018,6.51
11/08/2018,6.48
12/08/2018,6.46
13/08/2018,6.44
14/08/2018,6.41
15/08/2018,6.4
18/08/2018,6.34
19/08/2018,6.39
20/08/2018,6.49
21/08/2018,6.54
22/08/2018,6.54
26/08/2018,6.81
27/08/2018,6.77
28/08/2018,6.72
29/08/2018,6.72
30/08/2018,6.58
31/08/2018,6.58
02/09/2018,6.51
03/09/2018,6.51
04/09/2018,6.47
05/09/2018,6.47
06/09/2018,6.41
07/09/2018,6.36
08/09/2018,6.36
09/09/2018,6.31
10/09/2018,6.32
11/09/2018,6.31
12/09/2018,6.31
13/09/2018,6.26
14/09/2018,6.26
15/09/2018,6.25
16/09/2018,6.24
17/09/2018,6.22
18/09/2018,6.21
19/09/2018,6.21
20/09/2018,6.19
21/09/2018,6.18
22/09/2018,6.18
23/09/2018,6.23
24/09/2018,6.23
25/09/2018,6.22
26/09/2018,6.21
27/09/2018,6.19
28/09/2018,6.19
29/09/2018,6.23
30/09/2018,6.37
01/10/2018,6.45
02/10/2018,6.52
03/10/2018,6.54
04/10/2018,6.56
05/10/2018,6.57
06/10/2018,6.58
07/10/2018,6.59
08/10/2018,6.6
09/10/2018,6.61
10/10/2018,6.61
11/10/2018,6.62
12/10/2018,6.62
13/10/2018,6.62
14/10/2018,6.63
15/10/2018,6.63
16/10/2018,6.63
17/10/2018,6.63
18/10/2018,6.62
19/10/2018,6.62
20/10/2018,6.62
21/10/2018,6.62
22/10/2018,6.61
23/10/2018,6.6
24/10/2018,6.6
25/10/2018,6.6
26/10/2018,6.59
27/10/2018,6.59
28/10/2018,6.59
29/10/2018,6.59
30/10/2018,6.59
31/10/2018,6.58
01/11/2018,6.57
02/11/2018,6.57
03/11/2018,6.57
04/11/2018,6.57
05/11/2018,6.57
06/11/2018,6.56
07/11/2018,6.56
08/11/2018,6.56
09/11/2018,6.55
10/11/2018,6.56
11/11/2018,6.57
12/11/2018,6.57
13/11/2018,6.58
14/11/2018,6.59
15/11/2018,6.58
16/11/2018,6.57
17/11/2018,6.58
18/11/2018,6.56
19/11/2018,6.56
20/11/2018,6.55
21/11/2018,6.55
22/11/2018,6.54
23/11/2018,6.53
24/11/2018,6.53
25/11/2018,6.52
26/11/2018,6.52
27/11/2018,6.52
28/11/2018,6.53
29/11/2018,6.54
30/11/2018,6.55
01/12/2018,6.54
02/12/2018,6.53
03/12/2018,6.54
04/12/2018,6.52
05/12/2018,6.52
06/12/2018,6.51
07/12/2018,6.51
08/12/2018,6.51
09/12/2018,6.5
10/12/2018,6.5
11/12/2018,6.5
12/12/2018,6.49
13/12/2018,6.5
14/12/2018,6.96
15/12/2018,7.34
16/12/2018,7.3
17/12/2018,7.21
18/12/2018,7.2
19/12/2018,7.13
20/12/2018,7.03
21/12/2018,6.95
22/12/2018,6.94
23/12/2018,6.93
24/12/2018,6.91
25/12/2018,6.89
26/12/2018,6.87
27/12/2018,6.84
28/12/2018,6.82
29/12/2018,6.82
30/12/2018,6.83
31/12/2018,6.86
01/01/2019,6.81
02/01/2019,6.75
03/01/2019,6.71
04/01/2019,6.68
05/01/2019,6.63
06/01/2019,6.59
07/01/2019,6.63
08/01/2019,6.79
09/01/2019,6.82
10/01/2019,6.77
11/01/2019,6.71
12/01/2019,6.66
13/01/2019,6.61
14/01/2019,6.56
15/01/2019,6.55
16/01/2019,6.56
17/01/2019,6.55
18/01/2019,6.55
19/01/2019,6.55
20/01/2019,6.56
21/01/2019,6.55
22/01/2019,6.55
23/01/2019,6.55
24/01/2019,6.55
25/01/2019,6.55
26/01/2019,6.53
27/01/2019,6.53
28/01/2019,6.53
29/01/2019,6.54
30/01/2019,6.55
31/01/2019,6.55
01/02/2019,6.55
02/02/2019,6.54
03/02/2019,6.53
04/02/2019,6.53
05/02/2019,6.52
06/02/2019,6.52
07/02/2019,6.51
08/02/2019,6.51
09/02/2019,6.51
10/02/2019,6.5
11/02/2019,6.5
12/02/2019,6.49
13/02/2019,6.49
14/02/2019,6.49
15/02/2019,6.49
16/02/2019,6.49
17/02/2019,6.49
18/02/2019,6.48
19/02/2019,6.48
20/02/2019,6.48
21/02/2019,6.47
22/02/2019,6.47
23/02/2019,6.47
24/02/2019,6.47
25/02/2019,6.46
26/02/2019,6.46
27/02/2019,6.45
28/02/2019,6.44
01/03/2019,6.44
02/03/2019,6.44
03/03/2019,6.43
04/03/2019,6.43
05/03/2019,6.43
06/03/2019,6.42
07/03/2019,6.42
08/03/2019,6.41
09/03/2019,6.4
10/03/2019,6.4
11/03/2019,6.4
12/03/2019,6.4
13/03/2019,6.42
14/03/2019,6.42
15/03/2019,6.43
16/03/2019,6.44
17/03/2019,6.45
18/03/2019,6.46
19/03/2019,6.45
20/03/2019,6.44
21/03/2019,6.43
22/03/2019,6.42
23/03/2019,6.42
24/03/2019,6.41
25/03/2019,6.39
26/03/2019,6.4
27/03/2019,6.4
28/03/2019,6.4
29/03/2019,6.4
30/03/2019,6.39
31/03/2019,6.39
01/04/2019,6.39
02/04/2019,6.39
03/04/2019,6.38
04/04/2019,6.39
05/04/2019,6.39
06/04/2019,6.39
07/04/2019,6.39
08/04/2019,6.39
09/04/2019,6.39
10/04/2019,6.39
11/04/2019,6.38
12/04/2019,6.38
13/04/2019,6.38
14/04/2019,6.38
15/04/2019,6.37
16/04/2019,6.37
17/04/2019,6.37
18/04/2019,6.36
19/04/2019,6.36
20/04/2019,6.35
21/04/2019,6.35
22/04/2019,6.34
23/04/2019,6.34
24/04/2019,6.34
25/04/2019,6.33
26/04/2019,6.34
27/04/2019,6.33
28/04/2019,6.34
29/04/2019,6.34
30/04/2019,6.33
01/05/2019,6.33
02/05/2019,6.33
03/05/2019,6.32
04/05/2019,6.32
05/05/2019,6.37
06/05/2019,6.44
07/05/2019,6.47
08/05/2019,6.48
09/05/2019,6.49
10/05/2019,6.53
11/05/2019,6.57
12/05/2019,6.59
13/05/2019,6.59
14/05/2019,6.59
15/05/2019,6.6
16/05/2019,6.6
17/05/2019,6.6
18/05/2019,6.6
19/05/2019,6.62
20/05/2019,6.65
21/05/2019,6.79
22/05/2019,6.93
23/05/2019,6.89
24/05/2019,6.83
25/05/2019,6.76
26/05/2019,6.7
27/05/2019,6.65
28/05/2019,6.6
29/05/2019,6.55
30/05/2019,6.51
31/05/2019,6.47
01/06/2019,6.44
02/06/2019,6.41
03/06/2019,6.38
04/06/2019,6.36
05/06/2019,6.34
06/06/2019,6.31
07/06/2019,6.29
08/06/2019,6.27
09/06/2019,6.26
10/06/2019,6.24
11/06/2019,6.23
12/06/2019,6.23
13/06/2019,6.25
14/06/2019,6.31
15/06/2019,6.4
16/06/2019,6.7
17/06/2019,6.94
18/06/2019,6.98
19/06/2019,6.94
20/06/2019,6.88
21/06/2019,6.81
22/06/2019,6.75
23/06/2019,6.7
24/06/2019,6.65
25/06/2019,6.6
26/06/2019,6.56
27/06/2019,6.52
28/06/2019,6.49
29/06/2019,6.46
30/06/2019,6.43
01/07/2019,6.41
02/07/2019,6.39
03/07/2019,6.35
04/07/2019,6.33
05/07/2019,6.3
06/07/2019,6.29
07/07/2019,6.28
08/07/2019,6.26
09/07/2019,6.25
10/07/2019,6.24
11/07/2019,6.23
12/07/2019,6.29
13/07/2019,6.38
14/07/2019,6.41
15/07/2019,6.4
16/07/2019,6.39
17/07/2019,6.37
18/07/2019,6.35
19/07/2019,6.34
20/07/2019,6.32
21/07/2019,6.31
22/07/2019,6.29
23/07/2019,6.28
24/07/2019,6.28
25/07/2019,6.27
26/07/2019,6.29
27/07/2019,6.32
28/07/2019,6.35
29/07/2019,6.34
30/07/2019,6.33
31/07/2019,6.32
01/08/2019,6.31
02/08/2019,6.29
03/08/2019,6.27
04/08/2019,6.27
05/08/2019,6.25
06/08/2019,6.24
07/08/2019,6.22
08/08/2019,6.21
09/08/2019,6.22
10/08/2019,6.3
11/08/2019,6.33
12/08/2019,6.32
13/08/2019,6.3
14/08/2019,6.3
15/08/2019,6.29
16/08/2019,6.28
17/08/2019,6.29
18/08/2019,6.37
19/08/2019,6.39
20/08/2019,6.38
21/08/2019,6.36
22/08/2019,6.34
23/08/2019,6.33
24/08/2019,6.31
25/08/2019,6.3
26/08/2019,6.28
27/08/2019,6.27
28/08/2019,6.26
29/08/2019,6.25
30/08/2019,6.24
31/08/2019,6.22
01/09/2019,6.21
02/09/2019,6.2
03/09/2019,6.18
04/09/2019,6.17
05/09/2019,6.16
06/09/2019,6.16
07/09/2019,6.15
08/09/2019,6.14
09/09/2019,6.24
10/09/2019,6.63
11/09/2019,6.7
12/09/2019,6.68
13/09/2019,6.65
14/09/2019,6.61
15/09/2019,6.57
16/09/2019,6.53
17/09/2019,6.5
18/09/2019,6.46
19/09/2019,6.43
20/09/2019,6.4
21/09/2019,6.37
22/09/2019,6.34
23/09/2019,6.32
24/09/2019,6.3
25/09/2019,6.28
26/09/2019,6.26
27/09/2019,6.24
28/09/2019,6.23
29/09/2019,6.22
30/09/2019,6.21
01/10/2019,6.25
02/10/2019,6.5
03/10/2019,6.73
04/10/2019,6.75
05/10/2019,6.73
06/10/2019,6.71
07/10/2019,6.67
08/10/2019,6.62
09/10/2019,6.58
10/10/2019,6.54
11/10/2019,6.51
12/10/2019,6.6
13/10/2019,6.97
14/10/2019,7.06
15/10/2019,6.99
16/10/2019,6.91
17/10/2019,6.84
18/10/2019,6.77
19/10/2019,6.71
20/10/2019,6.65
21/10/2019,6.61
22/10/2019,6.57
23/10/2019,6.52
24/10/2019,6.48
25/10/2019,6.46
26/10/2019,6.47
27/10/2019,6.47
28/10/2019,6.47
29/10/2019,6.47
30/10/2019,6.47
31/10/2019,6.48
01/11/2019,6.49
02/11/2019,6.52
03/11/2019,6.57
04/11/2019,6.58
05/11/2019,6.58
06/11/2019,6.58
07/11/2019,6.58
08/11/2019,6.58
09/11/2019,6.58
10/11/2019,6.57
11/11/2019,6.57
12/11/2019,6.57
13/11/2019,6.57
14/11/2019,6.56
15/11/2019,6.56
16/11/2019,6.56
17/11/2019,6.56
18/11/2019,6.56
19/11/2019,6.56
20/11/2019,6.55
21/11/2019,6.55
22/11/2019,6.54
23/11/2019,6.53
24/11/2019,6.53
25/11/2019,6.52
26/11/2019,6.51
27/11/2019,6.51
28/11/2019,6.5
29/11/2019,6.5
30/11/2019,6.49
01/12/2019,6.47
02/12/2019,6.46
03/12/2019,6.46
04/12/2019,6.45
05/12/2019,6.45
06/12/2019,6.44
07/12/2019,6.43
08/12/2019,6.43
09/12/2019,6.42
10/12/2019,6.42
11/12/2019,6.41
12/12/2019,6.41
13/12/2019,6.4
14/12/2019,6.4
15/12/2019,6.39
16/12/2019,6.39
17/12/2019,6.39
18/12/2019,6.39
19/12/2019,6.38
20/12/2019,6.38
21/12/2019,6.37
22/12/2019,6.36
23/12/2019,6.37
24/12/2019,6.37
25/12/2019,6.35
26/12/2019,6.36
27/12/2019,6.35
28/12/2019,6.35
29/12/2019,6.34
30/12/2019,6.34
31/12/2019,6.34
01/01/2020,6.33
02/01/2020,6.33
03/01/2020,6.32
04/01/2020,6.32
05/01/2020,6.31
06/01/2020,6.3
07/01/2020,6.29
08/01/2020,6.29
09/01/2020,6.28
10/01/2020,6.27
11/01/2020,6.26
12/01/2020,6.25
13/01/2020,6.25
14/01/2020,6.25
15/01/2020,6.25
16/01/2020,6.25
17/01/2020,6.24
18/01/2020,6.24
19/01/2020,6.24
20/01/2020,6.23
21/01/2020,6.22
22/01/2020,6.22
23/01/2020,6.21
24/01/2020,6.21
25/01/2020,6.2
26/01/2020,6.19
27/01/2020,6.17
28/01/2020,6.17
29/01/2020,6.16
30/01/2020,6.15
31/01/2020,6.15
01/02/2020,6.15
02/02/2020,6.14
03/02/2020,6.14
04/02/2020,6.14
05/02/2020,6.13
06/02/2020,6.12
07/02/2020,6.1
08/02/2020,6.09
09/02/2020,6.08
10/02/2020,6.07
11/02/2020,6.07
12/02/2020,6.06
13/02/2020,6.06
14/02/2020,6.06
15/02/2020,6.05
16/02/2020,6.05
17/02/2020,6.05
18/02/2020,6.06
19/02/2020,6.06
20/02/2020,6.03
21/02/2020,6.01
22/02/2020,6.01
23/02/2020,6.02
24/02/2020,6.01
25/02/2020,6
26/02/2020,6
27/02/2020,5.99
28/02/2020,5.98
29/02/2020,5.98
01/03/2020,5.98
02/03/2020,5.98
03/03/2020,5.97
04/03/2020,5.96
05/03/2020,5.96
06/03/2020,5.95
07/03/2020,5.95
08/03/2020,5.94
09/03/2020,5.93
10/03/2020,5.92
11/03/2020,5.92
12/03/2020,5.91
13/03/2020,5.91
14/03/2020,5.91
15/03/2020,5.91
16/03/2020,5.9
17/03/2020,5.9
18/03/2020,5.9
19/03/2020,5.89
20/03/2020,5.89
21/03/2020,5.89
22/03/2020,5.88
23/03/2020,5.88
24/03/2020,5.88
25/03/2020,5.87
26/03/2020,5.87
27/03/2020,5.87
28/03/2020,5.86
29/03/2020,5.86
30/03/2020,5.85
31/03/2020,5.85
01/04/2020,5.86
02/04/2020,5.82
03/04/2020,5.84
04/04/2020,5.84
05/04/2020,5.84
06/04/2020,5.82
07/04/2020,5.81
08/04/2020,5.81
09/04/2020,5.81
10/04/2020,5.81
11/04/2020,5.81
12/04/2020,5.81
13/04/2020,5.81
14/04/2020,5.82
15/04/2020,5.85
16/04/2020,5.86
17/04/2020,5.87
18/04/2020,5.88
19/04/2020,5.88
20/04/2020,5.87
21/04/2020,5.87
22/04/2020,5.87
23/04/2020,5.86
24/04/2020,5.87
25/04/2020,5.86
26/04/2020,5.86
27/04/2020,5.87
28/04/2020,5.88
29/04/2020,5.86
30/04/2020,5.84
01/05/2020,5.84
02/05/2020,5.84
03/05/2020,5.84
04/05/2020,5.84
05/05/2020,5.83
06/05/2020,5.82
07/05/2020,5.83
08/05/2020,5.83
09/05/2020,5.83
10/05/2020,5.83
11/05/2020,5.82
12/05/2020,5.82
13/05/2020,5.82
14/05/2020,5.81
15/05/2020,5.82
16/05/2020,5.82
17/05/2020,5.81
18/05/2020,5.81
19/05/2020,5.8
20/05/2020,5.8
21/05/2020,5.81
22/05/2020,5.81
23/05/2020,5.81
24/05/2020,5.83
25/05/2020,5.81
26/05/2020,5.81
27/05/2020,5.81
28/05/2020,5.81
29/05/2020,5.81
30/05/2020,5.81
31/05/2020,5.8
01/06/2020,5.8
02/06/2020,5.81
03/06/2020,5.8
04/06/2020,5.8
05/06/2020,5.8
06/06/2020,5.81
07/06/2020,5.82
08/06/2020,5.82
09/06/2020,5.82
10/06/2020,5.82
11/06/2020,5.82
12/06/2020,5.82
13/06/2020,5.81
14/06/2020,5.81
15/06/2020,5.81
16/06/2020,5.82
17/06/2020,5.83
18/06/2020,5.85
19/06/2020,5.87
20/06/2020,5.88
21/06/2020,5.95
22/06/2020,6.05
23/06/2020,6.18
24/06/2020,6.48
25/06/2020,6.82
26/06/2020,6.88
27/06/2020,6.83
28/06/2020,6.77
29/06/2020,6.72
30/06/2020,6.7
01/07/2020,6.84
02/07/2020,6.94
03/07/2020,6.9
04/07/2020,6.84
05/07/2020,6.78
06/07/2020,6.72
07/07/2020,6.66
08/07/2020,6.61
09/07/2020,6.57
10/07/2020,6.54
11/07/2020,6.5
12/07/2020,6.47
13/07/2020,6.43
14/07/2020,6.4
15/07/2020,6.37
16/07/2020,6.35
17/07/2020,6.33
18/07/2020,6.31
19/07/2020,6.3
20/07/2020,6.28
21/07/2020,6.27
22/07/2020,6.26
23/07/2020,6.26
24/07/2020,6.27
25/07/2020,6.27
26/07/2020,6.26
27/07/2020,6.25
28/07/2020,6.23
29/07/2020,6.23
30/07/2020,6.22
31/07/2020,6.21
01/08/2020,6.2
02/08/2020,6.19
03/08/2020,6.18
04/08/2020,6.18
05/08/2020,6.17
06/08/2020,6.16
07/08/2020,6.17
08/08/2020,6.17
09/08/2020,6.18
10/08/2020,6.18
11/08/2020,6.17
12/08/2020,6.17
13/08/2020,6.16
14/08/2020,6.15
15/08/2020,6.14
16/08/2020,6.14
17/08/2020,6.13
18/08/2020,6.12
19/08/2020,6.11
20/08/2020,6.11
21/08/2020,6.11
22/08/2020,6.11
23/08/2020,6.11
24/08/2020,6.12
25/08/2020,6.13
26/08/2020,6.14
27/08/2020,6.18
28/08/2020,6.22
29/08/2020,6.24
30/08/2020,6.25
31/08/2020,6.26
01/09/2020,6.27
02/09/2020,6.31
03/09/2020,6.48
04/09/2020,6.59
05/09/2020,6.62
06/09/2020,6.64
07/09/2020,6.66
08/09/2020,6.67
09/09/2020,6.67
10/09/2020,6.64
11/09/2020,6.58
12/09/2020,6.54
13/09/2020,6.5
14/09/2020,6.45
15/09/2020,6.43
16/09/2020,6.4
17/09/2020,6.37
18/09/2020,6.35
19/09/2020,6.36
20/09/2020,6.35
21/09/2020,6.35
22/09/2020,6.35
23/09/2020,6.35
24/09/2020,6.35
25/09/2020,6.35
26/09/2020,6.36
27/09/2020,6.36
28/09/2020,6.36
29/09/2020,6.36
30/09/2020,6.36
01/10/2020,6.36
02/10/2020,6.34
03/10/2020,6.34
04/10/2020,6.34
05/10/2020,6.34
06/10/2020,6.34
07/10/2020,6.34
08/10/2020,6.34
09/10/2020,6.34
10/10/2020,6.33
11/10/2020,6.33
12/10/2020,6.33
13/10/2020,6.33
14/10/2020,6.33
15/10/2020,6.32
16/10/2020,6.33
17/10/2020,6.33
18/10/2020,6.32
19/10/2020,6.31
20/10/2020,6.31
21/10/2020,6.31
22/10/2020,6.32
23/10/2020,6.32
24/10/2020,6.33
25/10/2020,6.33
26/10/2020,6.33
27/10/2020,6.33
28/10/2020,6.34
29/10/2020,6.33
30/10/2020,6.33
31/10/2020,6.33
01/11/2020,6.33
02/11/2020,6.33
03/11/2020,6.32
04/11/2020,6.32
05/11/2020,6.31
06/11/2020,6.31
07/11/2020,6.3
08/11/2020,6.3
09/11/2020,6.29
10/11/2020,6.29
11/11/2020,6.28
12/11/2020,6.28
13/11/2020,6.27
14/11/2020,6.27
15/11/2020,6.26
16/11/2020,6.26
17/11/2020,6.25
18/11/2020,6.24
19/11/2020,6.24
20/11/2020,6.23
21/11/2020,6.23
22/11/2020,6.22
23/11/2020,6.22
24/11/2020,6.21
25/11/2020,6.21
26/11/2020,6.21
27/11/2020,6.21
28/11/2020,6.21
29/11/2020,6.19
30/11/2020,6.17
01/12/2020,6.18
02/12/2020,6.17
03/12/2020,6.16
04/12/2020,6.14
05/12/2020,6.14
06/12/2020,6.13
07/12/2020,6.13
08/12/2020,6.12
09/12/2020,6.11
10/12/2020,6.11
11/12/2020,6.1
12/12/2020,6.09
13/12/2020,6.09
14/12/2020,6.08
15/12/2020,6.07
16/12/2020,6.06
17/12/2020,6.06
18/12/2020,6.05
19/12/2020,6.06
20/12/2020,6.03
21/12/2020,6.02
22/12/2020,6.02
23/12/2020,6.01
24/12/2020,6.01
25/12/2020,6
26/12/2020,5.99
27/12/2020,5.99
28/12/2020,5.98
29/12/2020,5.97
30/12/2020,5.97
31/12/2020,5.96
01/01/2021,5.95
02/01/2021,5.95
03/01/2021,5.94
04/01/2021,5.93
05/01/2021,5.93
06/01/2021,5.94
07/01/2021,5.93
08/01/2021,5.92
09/01/2021,5.92
10/01/2021,5.91
11/01/2021,5.91
12/01/2021,5.9
13/01/2021,5.9
14/01/2021,5.89
15/01/2021,5.89
16/01/2021,5.89
17/01/2021,5.88
18/01/2021,5.88
19/01/2021,5.87
20/01/2021,5.87
21/01/2021,5.86
22/01/2021,5.86
23/01/2021,5.85
24/01/2021,5.84
25/01/2021,5.83
26/01/2021,5.83
27/01/2021,5.82
28/01/2021,5.81
29/01/2021,5.81
30/01/2021,5.79
31/01/2021,5.78
01/02/2021,5.81
02/02/2021,5.84
03/02/2021,5.84
04/02/2021,5.86
05/02/2021,5.87
06/02/2021,5.88
07/02/2021,5.88
08/02/2021,5.89
09/02/2021,5.92
10/02/2021,5.94
11/02/2021,5.97
12/02/2021,6.13
13/02/2021,6.27
14/02/2021,6.35
15/02/2021,6.39
16/02/2021,6.44
17/02/2021,6.49
18/02/2021,6.62
19/02/2021,6.66
20/02/2021,6.65
21/02/2021,6.64
22/02/2021,6.62
23/02/2021,6.6
24/02/2021,6.58
25/02/2021,6.56
26/02/2021,6.54
27/02/2021,6.52
28/02/2021,6.51
01/03/2021,6.48
02/03/2021,6.47
03/03/2021,6.45
04/03/2021,6.43
05/03/2021,6.41
06/03/2021,6.4
07/03/2021,6.38
08/03/2021,6.37
09/03/2021,6.35
10/03/2021,6.34
11/03/2021,6.33
12/03/2021,6.31
13/03/2021,6.3
14/03/2021,6.29
15/03/2021,6.27
16/03/2021,6.27
17/03/2021,6.28
18/03/2021,6.3
19/03/2021,6.3
20/03/2021,6.3
21/03/2021,6.31
22/03/2021,6.32
23/03/2021,6.31
24/03/2021,6.3
25/03/2021,6.32
26/03/2021,6.37
27/03/2021,6.56
28/03/2021,6.64
29/03/2021,6.66
30/03/2021,6.67
31/03/2021,6.66
01/04/2021,6.65
02/04/2021,6.64
03/04/2021,6.62
04/04/2021,6.6
05/04/2021,6.59
06/04/2021,6.57
07/04/2021,6.56
08/04/2021,6.52
09/04/2021,6.49
10/04/2021,6.48
11/04/2021,6.45
12/04/2021,6.44
13/04/2021,6.42
14/04/2021,6.4
15/04/2021,6.37
16/04/2021,6.35
17/04/2021,6.33
18/04/2021,6.31
19/04/2021,6.29
20/04/2021,6.27
21/04/2021,6.25
22/04/2021,6.24
23/04/2021,6.22
24/04/2021,6.21
25/04/2021,6.2
26/04/2021,6.19
27/04/2021,6.17
28/04/2021,6.17
29/04/2021,6.16
30/04/2021,6.15
01/05/2021,6.14
02/05/2021,6.13
03/05/2021,6.13
04/05/2021,6.12
05/05/2021,6.12
06/05/2021,6.11
07/05/2021,6.1
08/05/2021,6.1
09/05/2021,6.1
10/05/2021,6.09
11/05/2021,6.08
12/05/2021,6.08
13/05/2021,6.07
14/05/2021,6.07
15/05/2021,6.06
16/05/2021,6.06
17/05/2021,6.05
18/05/2021,6.05
19/05/2021,6.05
20/05/2021,6.04
21/05/2021,6.04
22/05/2021,6.08
23/05/2021,6.07
24/05/2021,6.11
25/05/2021,6.15
26/05/2021,6.16
27/05/2021,6.16
28/05/2021,6.16
29/05/2021,6.15
30/05/2021,6.15
31/05/2021,6.15
01/06/2021,6.14
02/06/2021,6.13
03/06/2021,6.13
04/06/2021,6.13
05/06/2021,6.36
06/06/2021,6.77
07/06/2021,6.81
08/06/2021,6.78
09/06/2021,6.73
10/06/2021,6.68
11/06/2021,6.63
12/06/2021,6.59
13/06/2021,6.55
14/06/2021,6.51
15/06/2021,6.47
16/06/2021,6.44
17/06/2021,6.42
18/06/2021,6.39
19/06/2021,6.37
20/06/2021,6.34
21/06/2021,6.32
22/06/2021,6.3
23/06/2021,6.29
24/06/2021,6.39
25/06/2021,6.46
26/06/2021,6.46
27/06/2021,6.46
28/06/2021,6.49
29/06/2021,6.59
30/06/2021,6.65
01/07/2021,6.64
02/07/2021,6.61
03/07/2021,6.58
04/07/2021,6.54
05/07/2021,6.51
06/07/2021,6.48
07/07/2021,6.45
08/07/2021,6.42
09/07/2021,6.39
10/07/2021,6.37
11/07/2021,6.35
12/07/2021,6.34
13/07/2021,6.33
14/07/2021,6.32
15/07/2021,6.32
16/07/2021,6.32
17/07/2021,6.31
18/07/2021,6.28
19/07/2021,6.31
20/07/2021,6.33
21/07/2021,6.33
22/07/2021,6.32
23/07/2021,6.31
24/07/2021,6.3
25/07/2021,6.32
26/07/2021,6.39
27/07/2021,6.39
28/07/2021,6.38
29/07/2021,6.38
30/07/2021,6.37
31/07/2021,6.36
01/08/2021,6.35
02/08/2021,6.33
03/08/2021,6.32
04/08/2021,6.3
05/08/2021,6.29
06/08/2021,6.28
07/08/2021,6.27
08/08/2021,6.25
09/08/2021,6.37
10/08/2021,6.56
11/08/2021,6.62
12/08/2021,6.6
13/08/2021,6.57
14/08/2021,6.54
15/08/2021,6.51
16/08/2021,6.48
17/08/2021,6.46
18/08/2021,6.43
19/08/2021,6.41
20/08/2021,6.39
21/08/2021,6.37
22/08/2021,6.36
23/08/2021,6.34
24/08/2021,6.33
25/08/2021,6.3
26/08/2021,6.29
27/08/2021,6.27
28/08/2021,6.26
29/08/2021,6.24
30/08/2021,6.23
31/08/2021,6.22
01/09/2021,6.21
02/09/2021,6.22
03/09/2021,6.22
04/09/2021,6.23
05/09/2021,6.22
06/09/2021,6.21
07/09/2021,6.21
08/09/2021,6.22
09/09/2021,6.34
10/09/2021,6.4
11/09/2021,6.41
12/09/2021,6.41
13/09/2021,6.39
14/09/2021,6.4
15/09/2021,6.44
16/09/2021,6.43
17/09/2021,6.41
18/09/2021,6.39
19/09/2021,6.37
20/09/2021,6.35
21/09/2021,6.34
22/09/2021,6.36
23/09/2021,6.36
24/09/2021,6.36
25/09/2021,6.37
26/09/2021,6.37
27/09/2021,6.38
28/09/2021,6.38
29/09/2021,6.38
30/09/2021,6.4
01/10/2021,6.39
02/10/2021,6.4
03/10/2021,6.39
04/10/2021,6.39
05/10/2021,6.4
06/10/2021,6.39
07/10/2021,6.39
08/10/2021,6.39
09/10/2021,6.38
10/10/2021,6.38
11/10/2021,6.4
12/10/2021,6.41
13/10/2021,6.42
14/10/2021,6.42
15/10/2021,6.41
16/10/2021,6.42
17/10/2021,6.42
18/10/2021,6.42
19/10/2021,6.42
20/10/2021,6.42
21/10/2021,6.41
22/10/2021,6.41
23/10/2021,6.43
24/10/2021,6.44
25/10/2021,6.44
26/10/2021,6.43
27/10/2021,6.43
28/10/2021,6.43
29/10/2021,6.43
30/10/2021,6.42
31/10/2021,6.41
01/11/2021,6.41
02/11/2021,6.41
03/11/2021,6.42
04/11/2021,6.42
05/11/2021,6.41
06/11/2021,6.41
07/11/2021,6.41
08/11/2021,6.4
09/11/2021,6.4
10/11/2021,6.4
11/11/2021,6.39
12/11/2021,6.39
13/11/2021,6.38
14/11/2021,6.37
15/11/2021,6.37
16/11/2021,6.4
18/11/2021,6.38
19/11/2021,6.38
20/11/2021,6.37
21/11/2021,6.37
22/11/2021,6.36
23/11/2021,6.35
24/11/2021,6.35
25/11/2021,6.35
26/11/2021,6.33
27/11/2021,6.33
28/11/2021,6.34
29/11/2021,6.38
30/11/2021,6.39
01/12/2021,6.4
02/12/2021,6.41
03/12/2021,6.41
04/12/2021,6.4
05/12/2021,6.4
06/12/2021,6.4
07/12/2021,6.4
08/12/2021,6.39
09/12/2021,6.4
13/12/2021,6.36
14/12/2021,6.36
15/12/2021,6.36
16/12/2021,6.34
17/12/2021,6.35
18/12/2021,6.34
19/12/2021,6.34
20/12/2021,6.33
21/12/2021,6.32
22/12/2021,6.32
23/12/2021,6.31
24/12/2021,6.31
25/12/2021,6.3
26/12/2021,6.29
27/12/2021,6.28
28/12/2021,6.27
29/12/2021,6.27
30/12/2021,6.26
31/12/2021,6.25
01/01/2022,6.25
02/01/2022,6.23
03/01/2022,6.23
04/01/2022,6.23
05/01/2022,6.23
06/01/2022,6.24
07/01/2022,6.23
08/01/2022,6.22
09/01/2022,6.22
10/01/2022,6.2
11/01/2022,6.2
12/01/2022,6.19
13/01/2022,6.18
14/01/2022,6.18
15/01/2022,6.17
16/01/2022,6.21
17/01/2022,6.31
18/01/2022,6.59
19/01/2022,6.68
20/01/2022,6.71
21/01/2022,6.7
22/01/2022,6.76
23/01/2022,6.93
24/01/2022,7
25/01/2022,6.94
26/01/2022,6.86
27/01/2022,6.79
28/01/2022,6.72
29/01/2022,6.66
30/01/2022,6.6
31/01/2022,6.54
01/02/2022,6.5
02/02/2022,6.47
03/02/2022,6.45
04/02/2022,6.44
05/02/2022,6.43
06/02/2022,6.44
07/02/2022,6.45
08/02/2022,6.47
09/02/2022,6.46
10/02/2022,6.44
11/02/2022,6.43
12/02/2022,6.4
13/02/2022,6.4
14/02/2022,6.39
15/02/2022,6.39
16/02/2022,6.39
17/02/2022,6.38
18/02/2022,6.38
19/02/2022,6.38
20/02/2022,6.39
21/02/2022,6.47
22/02/2022,6.54
23/02/2022,6.57
24/02/2022,6.59
25/02/2022,6.59
26/02/2022,6.6
27/02/2022,6.61
28/02/2022,6.6
01/03/2022,6.61
02/03/2022,6.6
03/03/2022,6.6
04/03/2022,6.59
05/03/2022,6.57
06/03/2022,6.55
07/03/2022,6.53
08/03/2022,6.51
09/03/2022,6.49
10/03/2022,6.46
11/03/2022,6.44
12/03/2022,6.42
13/03/2022,6.4
14/03/2022,6.38
15/03/2022,6.36
16/03/2022,6.35
17/03/2022,6.34
18/03/2022,6.33
19/03/2022,6.33
20/03/2022,6.32
21/03/2022,6.32
22/03/2022,6.32
23/03/2022,6.32
24/03/2022,6.32
25/03/2022,6.31
26/03/2022,6.32
27/03/2022,6.32
28/03/2022,6.32
29/03/2022,6.32
30/03/2022,6.3
31/03/2022,6.3
01/04/2022,6.31
02/04/2022,6.3
03/04/2022,6.3
04/04/2022,6.3
05/04/2022,6.3
06/04/2022,6.29
07/04/2022,6.29
08/04/2022,6.29
09/04/2022,6.29
10/04/2022,6.29
11/04/2022,6.29
12/04/2022,6.28
13/04/2022,6.28
14/04/2022,6.27
15/04/2022,6.27
16/04/2022,6.27
17/04/2022,6.26
18/04/2022,6.26
19/04/2022,6.26
20/04/2022,6.26
21/04/2022,6.26
22/04/2022,6.25
23/04/2022,6.25
24/04/2022,6.25
25/04/2022,6.29
26/04/2022,6.37
27/04/2022,6.45
28/04/2022,6.52
29/04/2022,6.52
30/04/2022,6.49
01/05/2022,6.46
02/05/2022,6.44
03/05/2022,6.41
04/05/2022,6.39
05/05/2022,6.37
06/05/2022,6.35
07/05/2022,6.33
08/05/2022,6.31
09/05/2022,6.3
10/05/2022,6.28
11/05/2022,6.26
12/05/2022,6.25
13/05/2022,6.24
14/05/2022,6.22
15/05/2022,6.21
16/05/2022,6.19
17/05/2022,6.17
18/05/2022,6.22
19/05/2022,6.25
20/05/2022,6.25
21/05/2022,6.24
22/05/2022,6.23
23/05/2022,6.23
24/05/2022,6.22
25/05/2022,6.21
26/05/2022,6.22
27/05/2022,6.22
28/05/2022,6.23
29/05/2022,6.23
30/05/2022,6.22
31/05/2022,6.22
01/06/2022,6.21
02/06/2022,6.2
03/06/2022,6.2
04/06/2022,6.19
05/06/2022,6.19
06/06/2022,6.18
07/06/2022,6.17
08/06/2022,6.17
09/06/2022,6.16
10/06/2022,6.15
11/06/2022,6.14
12/06/2022,6.14
13/06/2022,6.13
14/06/2022,6.13
15/06/2022,6.13
16/06/2022,6.12
17/06/2022,6.11
18/06/2022,6.11
19/06/2022,6.11
20/06/2022,6.1
21/06/2022,6.09
22/06/2022,6.09
23/06/2022,6.09
24/06/2022,6.09
25/06/2022,6.08
26/06/2022,6.08
27/06/2022,6.08
28/06/2022,6.08
29/06/2022,6.08
30/06/2022,6.07
01/07/2022,6.08
02/07/2022,6.09
03/07/2022,6.09
04/07/2022,6.09
05/07/2022,6.08
06/07/2022,6.09
07/07/2022,6.09
08/07/2022,6.09
09/07/2022,6.12
10/07/2022,6.14
11/07/2022,6.29
12/07/2022,6.49
13/07/2022,6.53
14/07/2022,6.52
15/07/2022,6.5
16/07/2022,6.49
17/07/2022,6.49
18/07/2022,6.48
19/07/2022,6.47
20/07/2022,6.47
21/07/2022,6.47
22/07/2022,6.46
23/07/2022,6.46
24/07/2022,6.46
25/07/2022,6.46
26/07/2022,6.47
27/07/2022,6.49
28/07/2022,6.49
29/07/2022,6.52
30/07/2022,6.54
31/07/2022,6.55
01/08/2022,6.55
02/08/2022,6.54
03/08/2022,6.53
04/08/2022,6.51
05/08/2022,6.51
06/08/2022,6.5
07/08/2022,6.49
08/08/2022,6.48
09/08/2022,6.47
10/08/2022,6.46
11/08/2022,6.45
12/08/2022,6.44
13/08/2022,6.43
14/08/2022,6.43
15/08/2022,6.42
16/08/2022,6.41
17/08/2022,6.4
18/08/2022,6.38
19/08/2022,6.38
20/08/2022,6.37
21/08/2022,6.36
22/08/2022,6.35
23/08/2022,6.34
24/08/2022,6.3
25/08/2022,6.27
26/08/2022,6.27
27/08/2022,6.31
28/08/2022,6.42
29/08/2022,6.46
30/08/2022,6.47
31/08/2022,6.47
01/09/2022,6.48
02/09/2022,6.49
03/09/2022,6.5
04/09/2022,6.51
05/09/2022,6.51
06/09/2022,6.51
07/09/2022,6.51
08/09/2022,6.5
09/09/2022,6.49
10/09/2022,6.49
11/09/2022,6.49
12/09/2022,6.48
13/09/2022,6.48
14/09/2022,6.47
15/09/2022,6.47
16/09/2022,6.47
17/09/2022,6.47
18/09/2022,6.46
19/09/2022,6.44
20/09/2022,6.44
21/09/2022,6.43
22/09/2022,6.42
23/09/2022,6.42
24/09/2022,6.41
25/09/2022,6.41
26/09/2022,6.4
27/09/2022,6.39
28/09/2022,6.39
29/09/2022,6.38
30/09/2022,6.38
01/10/2022,6.37
02/10/2022,6.37
03/10/2022,6.36
04/10/2022,6.36
05/10/2022,6.36
06/10/2022,6.36
07/10/2022,6.36
08/10/2022,6.36
09/10/2022,6.34
10/10/2022,6.34
11/10/2022,6.34
12/10/2022,6.34
13/10/2022,6.33
14/10/2022,6.33
15/10/2022,6.33
16/10/2022,6.33
17/10/2022,6.32
18/10/2022,6.33
19/10/2022,6.32
20/10/2022,6.32
21/10/2022,6.32
22/10/2022,6.32
23/10/2022,6.33
24/10/2022,6.34
25/10/2022,6.34
26/10/2022,6.34
27/10/2022,6.33
28/10/2022,6.33
29/10/2022,6.32
30/10/2022,6.32
31/10/2022,6.31
01/11/2022,6.31
23/08/2023,5.91
24/08/2023,5.93
25/08/2023,5.93
26/08/2023,5.94
27/08/2023,5.94
28/08/2023,5.94
29/08/2023,5.94
30/08/2023,5.95
31/08/2023,5.95
01/09/2023,5.95
02/09/2023,5.95
03/09/2023,5.95
04/09/2023,5.96
05/09/2023,5.97
06/09/2023,5.98
07/09/2023,5.99
08/09/2023,6
09/09/2023,6.01
10/09/2023,6.02
11/09/2023,6.03
13/09/2023,6.06
14/09/2023,6.07
15/09/2023,6.09
16/09/2023,6.08
17/09/2023,6.07
18/09/2023,6.08
19/09/2023,6.08
20/09/2023,6.09
21/09/2023,6.09
22/09/2023,6.09
23/09/2023,6.09
24/09/2023,6.09
25/09/2023,6.09
26/09/2023,6.08
27/09/2023,6.08
28/09/2023,6.08
29/09/2023,6.08
30/09/2023,6.07
01/10/2023,6.07
02/10/2023,6.07
03/10/2023,6.07
04/10/2023,6.06
05/10/2023,6.07
06/10/2023,6.06
07/10/2023,6.05
08/10/2023,6.05
09/10/2023,6.05
10/10/2023,6.05
11/10/2023,6.06
12/10/2023,6.06
13/10/2023,6.07
14/10/2023,6.06
15/10/2023,6.06
16/10/2023,6.06
17/10/2023,6.04
18/10/2023,6.05
19/10/2023,6.04
20/10/2023,6.04
21/10/2023,6.04
22/10/2023,6.05
23/10/2023,6.05
24/10/2023,6.08
25/10/2023,6.09
26/10/2023,6.1
27/10/2023,6.1
28/10/2023,6.1
29/10/2023,6.09
30/10/2023,6.09
31/10/2023,6.09
01/11/2023,6.11
02/11/2023,6.12
03/11/2023,6.12
04/11/2023,6.13
05/11/2023,6.15
06/11/2023,6.16
07/11/2023,6.16
08/11/2023,6.16
09/11/2023,6.16
10/11/2023,6.16
11/11/2023,6.2
12/11/2023,6.22
13/11/2023,6.23
14/11/2023,6.23
15/11/2023,6.24
16/11/2023,6.25
17/11/2023,6.25
18/11/2023,6.24
19/11/2023,6.24
20/11/2023,6.24
21/11/2023,6.23
22/11/2023,6.23
23/11/2023,6.22
24/11/2023,6.22
25/11/2023,6.22
26/11/2023,6.21
27/11/2023,6.21
28/11/2023,6.21
29/11/2023,6.2
30/11/2023,6.19
01/12/2023,6.22
02/12/2023,6.32
03/12/2023,6.35
04/12/2023,6.36
05/12/2023,6.37
06/12/2023,6.37
07/12/2023,6.4
08/12/2023,6.42
09/12/2023,6.44
10/12/2023,6.43
11/12/2023,6.44
12/12/2023,6.44
13/12/2023,6.43
14/12/2023,6.43
15/12/2023,6.43
16/12/2023,6.44
17/12/2023,6.44
18/12/2023,6.44
19/12/2023,6.43
20/12/2023,6.43
21/12/2023,6.44
22/12/2023,6.44
23/12/2023,6.43
24/12/2023,6.43
25/12/2023,6.43
26/12/2023,6.43
27/12/2023,6.43
28/12/2023,6.43
29/12/2023,6.41
30/12/2023,6.4
31/12/2023,6.39
01/01/2024,6.39
02/01/2024,6.38
03/01/2024,6.38
04/01/2024,6.38
05/01/2024,6.37
06/01/2024,6.37
07/01/2024,6.38
08/01/2024,6.39
09/01/2024,6.39
10/01/2024,6.38
11/01/2024,6.37
12/01/2024,6.36
13/01/2024,6.36
14/01/2024,6.35
15/01/2024,6.33
16/01/2024,6.33
17/01/2024,6.33
18/01/2024,6.33
19/01/2024,6.31
20/01/2024,6.31
21/01/2024,6.3
22/01/2024,6.3
23/01/2024,6.29
24/01/2024,6.28
25/01/2024,6.27
26/01/2024,6.26
27/01/2024,6.25
28/01/2024,6.24
29/01/2024,6.23
30/01/2024,6.23
31/01/2024,6.22
01/02/2024,6.22
02/02/2024,6.21
03/02/2024,6.21
04/02/2024,6.18
05/02/2024,6.18
06/02/2024,6.17
07/02/2024,6.16
08/02/2024,6.16
09/02/2024,6.15
10/02/2024,6.15
11/02/2024,6.15
12/02/2024,6.14
13/02/2024,6.13
14/02/2024,6.13
15/02/2024,6.13
16/02/2024,6.12
17/02/2024,6.11
18/02/2024,6.11
19/02/2024,6.13
20/02/2024,6.14
21/02/2024,6.14
22/02/2024,6.14
23/02/2024,6.13
24/02/2024,6.12
25/02/2024,6.11
26/02/2024,6.11
27/02/2024,6.11
28/02/2024,6.1
29/02/2024,6.1
01/03/2024,6.1
02/03/2024,6.1
03/03/2024,6.1
04/03/2024,6.1
05/03/2024,6.09
06/03/2024,6.09
07/03/2024,6.08
08/03/2024,6.08
09/03/2024,6.08
10/03/2024,6.07
11/03/2024,6.07
12/03/2024,6.09
13/03/2024,6.12
14/03/2024,6.16
15/03/2024,6.19
16/03/2024,6.21
17/03/2024,6.23
18/03/2024,6.23
19/03/2024,6.24
20/03/2024,6.27
21/03/2024,6.34
22/03/2024,6.45
23/03/2024,6.49
24/03/2024,6.48
25/03/2024,6.47
26/03/2024,6.46
27/03/2024,6.45
28/03/2024,6.45
29/03/2024,6.45
30/03/2024,6.46
31/03/2024,6.45
01/04/2024,6.44
02/04/2024,6.45
03/04/2024,6.46
04/04/2024,6.46
05/04/2024,6.47
06/04/2024,6.47
07/04/2024,6.47
08/04/2024,6.47
09/04/2024,6.47
10/04/2024,6.44
11/04/2024,6.43
12/04/2024,6.43
13/04/2024,6.43
14/04/2024,6.43
15/04/2024,6.44
16/04/2024,6.46
17/04/2024,6.47
18/04/2024,6.47
19/04/2024,6.48
20/04/2024,6.46
21/04/2024,6.44
22/04/2024,6.45
23/04/2024,6.47
24/04/2024,6.48
25/04/2024,6.51
26/04/2024,6.55
27/04/2024,6.74
28/04/2024,6.81
29/04/2024,6.77
30/04/2024,6.72
01/05/2024,6.68
02/05/2024,6.64
03/05/2024,6.6
04/05/2024,6.56
05/05/2024,6.53
06/05/2024,6.5
07/05/2024,6.51
08/05/2024,6.55
09/05/2024,6.64
10/05/2024,6.64
11/05/2024,6.62
12/05/2024,6.59
13/05/2024,6.58
14/05/2024,6.58
15/05/2024,6.56
16/05/2024,6.53
17/05/2024,6.5
18/05/2024,6.47
19/05/2024,6.44
20/05/2024,6.43
21/05/2024,6.41
22/05/2024,6.39
23/05/2024,6.36
24/05/2024,6.34
25/05/2024,6.34
26/05/2024,6.33
27/05/2024,6.33
28/05/2024,6.36
29/05/2024,6.4
30/05/2024,6.4
31/05/2024,6.4
01/06/2024,6.39
02/06/2024,6.38
03/06/2024,6.42
04/06/2024,6.45
05/06/2024,6.45
06/06/2024,6.44
07/06/2024,6.43
08/06/2024,6.42
09/06/2024,6.41
10/06/2024,6.39
11/06/2024,6.38
12/06/2024,6.36
13/06/2024,6.35
14/06/2024,6.36
15/06/2024,6.42
16/06/2024,6.45
17/06/2024,6.45
18/06/2024,6.44
19/06/2024,6.42
20/06/2024,6.41
21/06/2024,6.41
22/06/2024,6.46
23/06/2024,6.51
24/06/2024,6.52
25/06/2024,6.51
26/06/2024,6.49
27/06/2024,6.47
28/06/2024,6.44
29/06/2024,6.41
30/06/2024,6.39
01/07/2024,6.38
02/07/2024,6.36
03/07/2024,6.34
04/07/2024,6.32
05/07/2024,6.3
06/07/2024,6.29
07/07/2024,6.27
08/07/2024,6.26
09/07/2024,6.26
10/07/2024,6.26
11/07/2024,6.26
12/07/2024,6.26
13/07/2024,6.26
14/07/2024,6.26
15/07/2024,6.25
16/07/2024,6.25
17/07/2024,6.25
18/07/2024,6.25
19/07/2024,6.25
20/07/2024,6.26
21/07/2024,6.26
22/07/2024,6.26
23/07/2024,6.27
24/07/2024,6.27
25/07/2024,6.27
26/07/2024,6.27
27/07/2024,6.27
28/07/2024,6.28
29/07/2024,6.27
30/07/2024,6.28
31/07/2024,6.27
01/08/2024,6.28
02/08/2024,6.28
03/08/2024,6.29
04/08/2024,6.28
05/08/2024,6.29
06/08/2024,6.29
07/08/2024,6.29
08/08/2024,6.29
09/08/2024,6.28
10/08/2024,6.29
11/08/2024,6.28
12/08/2024,6.27
13/08/2024,6.28
14/08/2024,6.28
15/08/2024,6.28
16/08/2024,6.27
17/08/2024,6.28
18/08/2024,6.28
19/08/2024,6.28
20/08/2024,6.28
21/08/2024,6.34
22/08/2024,6.46
23/08/2024,6.51
24/08/2024,6.54
25/08/2024,6.55
26/08/2024,6.55
27/08/2024,6.58
28/08/2024,6.58
29/08/2024,6.57
30/08/2024,6.56
31/08/2024,6.61
01/09/2024,6.71
02/09/2024,6.75
03/09/2024,6.75
04/09/2024,6.74
05/09/2024,6.73
06/09/2024,6.72
07/09/2024,6.7
08/09/2024,6.68
09/09/2024,6.67
10/09/2024,6.66
11/09/2024,6.64
12/09/2024,6.63
13/09/2024,6.61
14/09/2024,6.6
15/09/2024,6.61
16/09/2024,6.61
17/09/2024,6.61
18/09/2024,6.61
19/09/2024,6.61
20/09/2024,6.62
21/09/2024,6.63
22/09/2024,6.63
23/09/2024,6.63
24/09/2024,6.62
25/09/2024,6.62
26/09/2024,6.62
27/09/2024,6.62
28/09/2024,6.62
29/09/2024,6.62
30/09/2024,6.62
01/10/2024,6.63
02/10/2024,6.63
03/10/2024,6.63
04/10/2024,6.63
05/10/2024,6.63
06/10/2024,6.62
07/10/2024,6.62
08/10/2024,6.62
09/10/2024,6.61
10/10/2024,6.61
11/10/2024,6.61
12/10/2024,6.61
13/10/2024,6.61
14/10/2024,6.6
15/10/2024,6.6
16/10/2024,6.6
17/10/2024,6.6
18/10/2024,6.6
19/10/2024,6.59
20/10/2024,6.59
21/10/2024,6.59
22/10/2024,6.58
23/10/2024,6.58
24/10/2024,6.58
25/10/2024,6.59
26/10/2024,6.59
27/10/2024,6.59
28/10/2024,6.59
29/10/2024,6.58
30/10/2024,6.58
31/10/2024,6.59
01/11/2024,6.58
02/11/2024,6.58
03/11/2024,6.57
04/11/2024,6.58
05/11/2024,6.57
06/11/2024,6.57
07/11/2024,6.55
08/11/2024,6.55
09/11/2024,6.55
10/11/2024,6.55
11/11/2024,6.54
12/11/2024,6.53
13/11/2024,6.53
14/11/2024,6.53
15/11/2024,6.52
16/11/2024,6.52
17/11/2024,6.52
18/11/2024,6.52
19/11/2024,6.52
20/11/2024,6.51
21/11/2024,6.51
22/11/2024,6.5
23/11/2024,6.5
24/11/2024,6.49
25/11/2024,6.49
26/11/2024,6.5
27/11/2024,6.54
28/11/2024,6.55
29/11/2024,6.55
30/11/2024,6.55
01/12/2024,6.57
02/12/2024,6.64
03/12/2024,6.66
04/12/2024,6.67
05/12/2024,6.67
06/12/2024,6.68
07/12/2024,6.67
08/12/2024,6.67
09/12/2024,6.67
10/12/2024,6.66
11/12/2024,6.65
12/12/2024,6.65
13/12/2024,6.63
14/12/2024,6.64
15/12/2024,6.63
16/12/2024,6.63
17/12/2024,6.62
18/12/2024,6.63
19/12/2024,6.61
20/12/2024,6.61
21/12/2024,6.59
22/12/2024,6.59
23/12/2024,6.58
24/12/2024,6.58
25/12/2024,6.56
26/12/2024,6.56
27/12/2024,6.56
28/12/2024,6.56
29/12/2024,6.56
30/12/2024,6.56
31/12/2024,6.55
01/01/2025,6.54
02/01/2025,6.53
03/01/2025,6.52
04/01/2025,6.51
05/01/2025,6.5
06/01/2025,6.5
07/01/2025,6.5
08/01/2025,6.49
09/01/2025,6.48
10/01/2025,6.47
16/05/2025,6.44
17/05/2025,6.45
18/05/2025,6.46
19/05/2025,6.47
20/05/2025,6.48
21/05/2025,6.48
22/05/2025,6.48
23/05/2025,6.48
24/05/2025,6.48
25/05/2025,6.48
26/05/2025,6.49
27/05/2025,6.49
28/05/2025,6.49
29/05/2025,6.5
30/05/2025,6.49
31/05/2025,6.47
01/06/2025,6.45
02/06/2025,6.43
03/06/2025,6.42
04/06/2025,6.4
05/06/2025,6.39
06/06/2025,6.38
07/06/2025,6.36
08/06/2025,6.34
09/06/2025,6.33
10/06/2025,6.32
11/06/2025,6.31
12/06/2025,6.3
13/06/2025,6.29
14/06/2025,6.29
15/06/2025,6.31
16/06/2025,6.33
17/06/2025,6.36
18/06/2025,6.38
19/06/2025,6.39
20/06/2025,6.39
21/06/2025,6.39
22/06/2025,6.38
23/06/2025,6.39
24/06/2025,6.45
25/06/2025,6.52
26/06/2025,6.53
27/06/2025,6.53
28/06/2025,6.5
29/06/2025,6.5
30/06/2025,6.49
01/07/2025,6.47
02/07/2025,6.46
03/07/2025,6.45
04/07/2025,6.44
05/07/2025,6.43
06/07/2025,6.41
07/07/2025,6.4
08/07/2025,6.39
09/07/2025,6.38
10/07/2025,6.37
11/07/2025,6.36
12/07/2025,6.35
13/07/2025,6.34
14/07/2025,6.33
15/07/2025,6.32
16/07/2025,6.31
17/07/2025,6.31
18/07/2025,6.31
19/07/2025,6.31
20/07/2025,6.3
21/07/2025,6.3
22/07/2025,6.29
23/07/2025,6.28
24/07/2025,6.28
25/07/2025,6.27
26/07/2025,6.26
27/07/2025,6.25
28/07/2025,6.25
29/07/2025,6.25
30/07/2025,6.24
31/07/2025,6.24
01/08/2025,6.23
02/08/2025,6.24
03/08/2025,6.25
04/08/2025,6.25
05/08/2025,6.25
06/08/2025,6.24
07/08/2025,6.23
08/08/2025,6.22
09/08/2025,6.22
10/08/2025,6.22
11/08/2025,6.22
12/08/2025,6.21
13/08/2025,6.2
14/08/2025,6.2
15/08/2025,6.19
16/08/2025,6.19
17/08/2025,6.22
18/08/2025,6.25
19/08/2025,6.28
20/08/2025,6.32
21/08/2025,6.35
22/08/2025,6.37
23/08/2025,6.37
24/08/2025,6.37
25/08/2025,6.37
26/08/2025,6.35
27/08/2025,6.35
28/08/2025,6.35
29/08/2025,6.36
30/08/2025,6.35
31/08/2025,6.36
01/09/2025,6.35
02/09/2025,6.35
03/09/2025,6.36
04/09/2025,6.35
05/09/2025,6.36
06/09/2025,6.36
07/09/2025,6.36
08/09/2025,6.36
09/09/2025,6.36
10/09/2025,6.36
11/09/2025,6.36
12/09/2025,6.35
13/09/2025,6.36
14/09/2025,6.35
15/09/2025,6.35
16/09/2025,6.35
17/09/2025,6.35
18/09/2025,6.35
19/09/2025,6.35
20/09/2025,6.36
21/09/2025,6.36
22/09/2025,6.36
23/09/2025,6.36
24/09/2025,6.35
25/09/2025,6.35
26/09/2025,6.36
27/09/2025,6.37
28/09/2025,6.34
29/09/2025,6.34
30/09/2025,6.34
01/10/2025,6.34
02/10/2025,6.34
03/10/2025,6.34
04/10/2025,6.33
05/10/2025,6.35
06/10/2025,6.4
07/10/2025,6.44
08/10/2025,6.45
09/10/2025,6.45
10/10/2025,6.45
11/10/2025,6.45
12/10/2025,6.46
13/10/2025,6.45
14/10/2025,6.46
15/10/2025,6.47
16/10/2025,6.46
17/10/2025,6.46
18/10/2025,6.45
19/10/2025,6.46
20/10/2025,6.46
21/10/2025,6.46
22/10/2025,6.45
23/10/2025,6.45
24/10/2025,6.44
25/10/2025,6.45
26/10/2025,6.45
27/10/2025,6.44
28/10/2025,6.42
29/10/2025,6.43
30/10/2025,6.42
31/10/2025,6.43
01/11/2025,6.43
02/11/2025,6.42
03/11/2025,6.42
04/11/2025,6.42
05/11/2025,6.41
06/11/2025,6.41
07/11/2025,6.4
08/11/2025,6.4
09/11/2025,6.4
10/11/2025,6.39
11/11/2025,6.39
12/11/2025,6.38
13/11/2025,6.38
14/11/2025,6.37
15/11/2025,6.36
16/11/2025,6.36
17/11/2025,6.36
18/11/2025,6.35
19/11/2025,6.34
20/11/2025,6.34
21/11/2025,6.37
22/11/2025,6.38
23/11/2025,6.38
24/11/2025,6.38
25/11/2025,6.37
26/11/2025,6.37
27/11/2025,6.37
28/11/2025,6.35
29/11/2025,6.35
30/11/2025,6.34
01/12/2025,6.35
02/12/2025,6.35
03/12/2025,6.35
04/12/2025,6.34
05/12/2025,6.34
06/12/2025,6.33
07/12/2025,6.32
08/12/2025,6.32
09/12/2025,6.31
10/12/2025,6.3
11/12/2025,6.3
12/12/2025,6.3
13/12/2025,6.29
14/12/2025,6.28
15/12/2025,6.28
16/12/2025,6.26
17/12/2025,6.27
18/12/2025,6.26
19/12/2025,6.25
20/12/2025,6.24
21/12/2025,6.24
22/12/2025,6.23
23/12/2025,6.23
24/12/2025,6.22
25/12/2025,6.21
14/05/2026,6.53
15/05/2026,6.51
16/05/2026,6.48
17/05/2026,6.46
18/05/2026,6.44
19/05/2026,6.42
20/05/2026,6.39
21/05/2026,6.38
22/05/2026,6.36
23/05/2026,6.34
24/05/2026,6.33
25/05/2026,6.32
26/05/2026,6.3
27/05/2026,6.29
28/05/2026,6.28
29/05/2026,6.27
30/05/2026,6.26
31/05/2026,6.25
01/06/2026,6.24
02/06/2026,6.23
03/06/2026,6.22
04/06/2026,6.21
05/06/2026,6.2
06/06/2026,6.2
07/06/2026,6.19
08/06/2026,6.18
09/06/2026,6.18
10/06/2026,6.17
11/06/2026,6.16
12/06/2026,6.16
13/06/2026,6.15
14/06/2026,6.15
15/06/2026,6.15
16/06/2026,6.14
17/06/2026,6.13
18/06/2026,6.13
19/06/2026,6.13
20/06/2026,6.13
21/06/2026,6.13
22/06/2026,6.12
23/06/2026,6.12
24/06/2026,6.12
25/06/2026,6.12
26/06/2026,6.12
27/06/2026,6.12
28/06/2026,6.11
29/06/2026,6.12
30/06/2026,6.12
01/07/2026,6.11
02/07/2026,6.1
03/07/2026,6.1
04/07/2026,6.11
05/07/2026,6.11
06/07/2026,6.12
07/07/2026,6.12
08/07/2026,6.12
09/07/2026,6.12
10/07/2026,6.12
11/07/2026,6.12
12/07/2026,6.11
13/07/2026,6.12
14/07/2026,6.12
15/07/2026,6.13
16/07/2026,6.13
17/07/2026,6.13
18/07/2026,6.14
19/07/2026,6.18
20/07/2026,6.24
21/07/2026,6.29
22/07/2026,6.31
23/07/2026,6.32
24/07/2026,6.32
25/07/2026,6.32
26/07/2026,6.31
27/07/2026,6.31
28/07/2026,6.3
29/07/2026,6.29
30/07/2026,6.28
31/07/2026,6.28
01/08/2026,6.33
02/08/2026,6.42
03/08/2026,6.45
04/08/2026,6.45
05/08/2026,6.46
06/08/2026,6.46
07/08/2026,6.59
08/08/2026,6.69
09/08/2026,6.68
10/08/2026,6.65
11/08/2026,6.63
12/08/2026,6.6
13/08/2026,6.57
14/08/2026,6.54
15/08/2026,6.52
16/08/2026,6.51
17/08/2026,6.54
18/08/2026,6.6
19/08/2026,6.65
20/08/2026,6.64
21/08/2026,6.63
22/08/2026,6.63
23/08/2026,6.6
24/08/2026,6.58
25/08/2026,6.56
26/08/2026,6.53
27/08/2026,6.52
28/08/2026,6.51
29/08/2026,6.5
