Fecha,Q
02/01/1984,0.358
03/01/1984,0.629
04/01/1984,0.629
05/01/1984,0.551
06/01/1984,0.48
07/01/1984,0.629
08/01/1984,0.81
09/01/1984,0.86
10/01/1984,8.875
11/01/1984,12.813
12/01/1984,11.969
13/01/1984,7.566
14/01/1984,6.403
15/01/1984,10.033
16/01/1984,8.875
17/01/1984,10.339
18/01/1984,13.908
19/01/1984,21.078
20/01/1984,39.258
21/01/1984,56.957
22/01/1984,75.542
23/01/1984,92.069
24/01/1984,110.037
25/01/1984,121.986
26/01/1984,129.418
27/01/1984,126.919
28/01/1984,119.552
29/01/1984,100.875
30/01/1984,73.579
31/01/1984,45.355
01/02/1984,25.76
02/02/1984,25.76
03/02/1984,16.818
04/02/1984,8.875
05/02/1984,8.875
06/02/1984,11.969
07/02/1984,13.908
08/02/1984,15.042
09/02/1984,15.429
10/02/1984,15.625
11/02/1984,17.843
12/02/1984,18.682
13/02/1984,22.209
14/02/1984,26.995
15/02/1984,43.794
16/02/1984,45.67
17/02/1984,55.572
18/02/1984,53.523
19/02/1984,50.183
20/02/1984,43.794
21/02/1984,39.258
22/02/1984,83.624
23/02/1984,79.537
24/02/1984,60.487
25/02/1984,51.508
26/02/1984,67.828
27/02/1984,81.161
28/02/1984,77.928
29/02/1984,81.569
01/03/1984,124.441
02/03/1984,163.818
03/03/1984,181.102
04/03/1984,193.847
05/03/1984,201.373
06/03/1984,204.241
07/03/1984,199.475
08/03/1984,190.151
09/03/1984,182.89
10/03/1984,174.06
11/03/1984,163.818
12/03/1984,152.352
13/03/1984,135.504
14/03/1984,116.661
15/03/1984,92.069
16/03/1984,68.583
17/03/1984,48.55
18/03/1984,34.944
19/03/1984,26.995
20/03/1984,22.209
21/03/1984,18.682
22/03/1984,15.821
23/03/1984,13.908
24/03/1984,11.969
25/03/1984,10.339
26/03/1984,9.441
27/03/1984,7.816
28/03/1984,6.403
29/03/1984,6.403
30/03/1984,6.852
31/03/1984,6.403
01/04/1984,6.403
02/04/1984,11.969
03/04/1984,13.908
04/04/1984,15.042
05/04/1984,14.66
06/04/1984,14.66
07/04/1984,15.821
08/04/1984,17.843
09/04/1984,22.209
10/04/1984,26.995
11/04/1984,33.282
12/04/1984,37.795
13/04/1984,33.832
14/04/1984,26.995
15/04/1984,19.973
16/04/1984,15.821
17/04/1984,13.908
18/04/1984,15.821
19/04/1984,17.843
20/04/1984,24.55
21/04/1984,43.794
22/04/1984,73.579
23/04/1984,99.085
24/04/1984,134.481
25/04/1984,190.151
26/04/1984,9.441
27/04/1984,7.816
28/04/1984,6.403
29/04/1984,6.403
30/04/1984,388.62
01/05/1984,388.62
02/05/1984,333.965
03/05/1984,302.377
04/05/1984,284.35
05/05/1984,272.712
06/05/1984,250.333
07/05/1984,224.009
08/05/1984,139.874
09/05/1984,181.102
16/05/1984,117.141
17/05/1984,121.986
18/05/1984,119.552
01/06/1984,734.364
02/06/1984,585.806
03/06/1984,482.079
04/06/1984,431.752
05/06/1984,414.963
06/06/1984,398.846
07/06/1984,391.951
08/06/1984,409.016
09/06/1984,422.816
10/06/1984,412.516
11/06/1984,398.634
12/06/1984,385.307
13/06/1984,370.069
14/06/1984,360.654
15/06/1984,351.466
16/06/1984,338.181
17/06/1984,327.766
18/06/1984,317.054
19/06/1984,304.764
20/06/1984,292.307
21/06/1984,297.674
22/06/1984,319.811
23/06/1984,318.633
24/06/1984,327.674
25/06/1984,329.331
26/06/1984,315.708
27/06/1984,296.511
28/06/1984,279.696
29/06/1984,267.956
30/06/1984,267.338
01/07/1984,273.604
02/07/1984,292.631
03/07/1984,344.892
04/07/1984,386.79
05/07/1984,397.505
06/07/1984,408.098
07/07/1984,389.09
08/07/1984,391.548
09/07/1984,447.158
10/07/1984,473.732
11/07/1984,470.416
12/07/1984,438.358
13/07/1984,399.17
14/07/1984,367.889
15/07/1984,341.055
16/07/1984,321.532
17/07/1984,306.36
18/07/1984,293.897
19/07/1984,282.016
20/07/1984,267.292
21/07/1984,250.369
22/07/1984,237.269
23/07/1984,226.22
24/07/1984,217.116
25/07/1984,215.878
26/07/1984,238.742
27/07/1984,272.069
28/07/1984,289.163
29/07/1984,282.854
30/07/1984,265.769
31/07/1984,246.126
01/08/1984,227.361
02/08/1984,203.95
03/08/1984,172.043
04/08/1984,136.98
05/08/1984,118.798
06/08/1984,111.9
07/08/1984,109.728
08/08/1984,112.032
09/08/1984,115.969
10/08/1984,121.698
11/08/1984,126.242
12/08/1984,125.379
13/08/1984,117.512
14/08/1984,101.8
15/08/1984,82.403
16/08/1984,75.909
17/08/1984,88.068
18/08/1984,66.454
19/08/1984,36.343
20/08/1984,31.099
21/08/1984,27.165
22/08/1984,26.287
23/08/1984,25.987
24/08/1984,25.659
25/08/1984,29.083
26/08/1984,36.322
27/08/1984,42.792
28/08/1984,50.523
29/08/1984,58.057
30/08/1984,62.748
31/08/1984,65.933
01/09/1984,67.006
02/09/1984,62.419
03/09/1984,54.177
04/09/1984,43.513
05/09/1984,33.805
06/09/1984,25.9
07/09/1984,20.767
08/09/1984,15.928
09/09/1984,16.19
10/09/1984,14.614
11/09/1984,13.59
12/09/1984,11.536
13/09/1984,9.805
14/09/1984,9.441
15/09/1984,9.328
16/09/1984,9.51
17/09/1984,10.539
18/09/1984,11.181
19/09/1984,18.052
20/09/1984,36.281
21/09/1984,55.696
22/09/1984,69.905
23/09/1984,79.603
24/09/1984,90.054
25/09/1984,98.323
26/09/1984,108.764
27/09/1984,130.826
28/09/1984,161.166
29/09/1984,160.758
30/09/1984,154.022
01/10/1984,147.153
02/10/1984,144.387
03/10/1984,161.219
04/10/1984,188.487
05/10/1984,198.098
06/10/1984,206.402
07/10/1984,219.317
08/10/1984,229.805
09/10/1984,235.064
10/10/1984,235.216
11/10/1984,233.278
12/10/1984,230.09
13/10/1984,222.937
14/10/1984,214.377
15/10/1984,201.225
16/10/1984,177.972
17/10/1984,146.11
18/10/1984,111.909
19/10/1984,79.693
20/10/1984,53.061
21/10/1984,36.707
22/10/1984,27.674
23/10/1984,22.559
24/10/1984,19.594
25/10/1984,17.436
26/10/1984,15.436
27/10/1984,13.571
28/10/1984,12.214
29/10/1984,14.647
30/10/1984,28.52
31/10/1984,34.944
01/11/1984,36.282
02/11/1984,47.848
03/11/1984,63.292
04/11/1984,75.507
05/11/1984,84.128
06/11/1984,94.177
07/11/1984,105.054
08/11/1984,121.007
09/11/1984,146.159
10/11/1984,169.555
11/11/1984,176.806
12/11/1984,181.106
13/11/1984,184.428
14/11/1984,181.967
15/11/1984,167.241
16/11/1984,144.543
17/11/1984,123.538
18/11/1984,90.835
19/11/1984,65.971
20/11/1984,46.694
21/11/1984,33.29
22/11/1984,24.708
23/11/1984,19.091
24/11/1984,16.064
25/11/1984,13.675
26/11/1984,10.953
27/11/1984,7.73
28/11/1984,5.722
29/11/1984,4.176
30/11/1984,3.747
01/12/1984,3.046
02/12/1984,2.559
03/12/1984,2.619
04/12/1984,2.947
05/12/1984,2.64
06/12/1984,2.269
07/12/1984,1.936
08/12/1984,1.896
09/12/1984,1.667
10/12/1984,1.568
11/12/1984,1.416
12/12/1984,1.217
13/12/1984,1.093
14/12/1984,1.084
15/12/1984,1.084
16/12/1984,1.021
17/12/1984,0.916
18/12/1984,0.909
19/12/1984,0.808
20/12/1984,0.672
21/12/1984,0.567
22/12/1984,0.485
23/12/1984,0.48
24/12/1984,0.458
25/12/1984,0.387
26/12/1984,0.332
27/12/1984,0.308
28/12/1984,0.305
29/12/1984,0.269
30/12/1984,0.239
31/12/1984,0.221
01/01/1985,0.219
02/01/1985,0.218
03/01/1985,0.202
04/01/1985,0.201
05/01/1985,0.202
06/01/1985,0.218
07/01/1985,0.219
08/01/1985,0.219
09/01/1985,0.219
10/01/1985,0.219
11/01/1985,0.219
12/01/1985,0.219
13/01/1985,0.219
14/01/1985,0.219
15/01/1985,0.219
16/01/1985,0.219
17/01/1985,0.208
18/01/1985,0.201
19/01/1985,0.201
20/01/1985,0.201
21/01/1985,0.21
22/01/1985,0.238
23/01/1985,0.239
24/01/1985,0.249
25/01/1985,0.342
26/01/1985,0.525
27/01/1985,0.624
28/01/1985,0.611
29/01/1985,0.554
30/01/1985,0.554
31/01/1985,0.586
01/02/1985,0.571
02/02/1985,0.499
03/02/1985,0.405
04/02/1985,0.344
05/02/1985,0.346
06/02/1985,0.401
07/02/1985,0.475
08/02/1985,0.46
09/02/1985,0.365
10/02/1985,0.354
11/02/1985,0.31
12/02/1985,0.306
13/02/1985,0.306
14/02/1985,0.306
15/02/1985,0.305
16/02/1985,0.284
17/02/1985,0.283
18/02/1985,0.279
19/02/1985,0.246
20/02/1985,0.281
21/02/1985,0.305
22/02/1985,0.32
23/02/1985,0.436
24/02/1985,0.618
25/02/1985,0.6
26/02/1985,0.52
27/02/1985,0.52
28/02/1985,0.584
01/03/1985,0.589
02/03/1985,0.584
03/03/1985,0.518
04/03/1985,0.483
05/03/1985,0.442
06/03/1985,0.336
07/03/1985,0.308
08/03/1985,0.336
09/03/1985,0.416
10/03/1985,0.475
11/03/1985,0.478
12/03/1985,0.449
13/03/1985,0.445
14/03/1985,0.418
15/03/1985,0.418
16/03/1985,0.445
17/03/1985,0.449
18/03/1985,0.488
19/03/1985,0.618
20/03/1985,0.626
21/03/1985,0.587
22/03/1985,0.528
23/03/1985,0.648
24/03/1985,0.868
25/03/1985,1.17
26/03/1985,1.632
27/03/1985,2.946
28/03/1985,11.273
29/03/1985,36.129
30/03/1985,65.402
31/03/1985,70.062
01/04/1985,71.793
02/04/1985,74.571
03/04/1985,83.197
04/04/1985,100.598
05/04/1985,116.535
06/04/1985,126.168
07/04/1985,134.573
08/04/1985,145.566
09/04/1985,154.982
10/04/1985,164.758
11/04/1985,179.765
12/04/1985,176.939
13/04/1985,175.868
14/04/1985,173.226
15/04/1985,162.445
16/04/1985,144.34
17/04/1985,124.016
18/04/1985,100.625
19/04/1985,79.288
20/04/1985,67.049
21/04/1985,63.825
22/04/1985,63.545
23/04/1985,66.087
24/04/1985,64.443
25/04/1985,58.893
26/04/1985,51.168
27/04/1985,41.767
28/04/1985,33.206
29/04/1985,26.845
30/04/1985,24.223
01/05/1985,22.429
02/05/1985,24.339
03/05/1985,26.639
04/05/1985,26.559
05/05/1985,24.207
06/05/1985,30.574
07/05/1985,66.055
08/05/1985,99.847
09/05/1985,127.602
10/05/1985,145.428
11/05/1985,163.752
12/05/1985,193.927
13/05/1985,240.856
14/05/1985,286.209
15/05/1985,299.743
16/05/1985,288.016
17/05/1985,267.315
18/05/1985,250.822
19/05/1985,242.566
20/05/1985,222.201
21/05/1985,190.202
22/05/1985,155.983
23/05/1985,129.121
24/05/1985,111.806
25/05/1985,101.211
26/05/1985,96.719
27/05/1985,94.8
28/05/1985,89.779
29/05/1985,80.978
30/05/1985,71.396
31/05/1985,67.309
01/06/1985,72.048
02/06/1985,116.206
03/06/1985,159.06
04/06/1985,200.618
05/06/1985,241.001
06/06/1985,269.065
07/06/1985,260.744
08/06/1985,253.535
09/06/1985,243.02
10/06/1985,231.222
11/06/1985,218.664
12/06/1985,205.722
13/06/1985,185.218
14/06/1985,154.478
15/06/1985,121.491
16/06/1985,98.722
17/06/1985,85.315
18/06/1985,79.07
19/06/1985,75.948
20/06/1985,79.2
21/06/1985,84.492
22/06/1985,89.253
23/06/1985,90.276
24/06/1985,91.913
25/06/1985,91.975
26/06/1985,90.03
27/06/1985,82.552
28/06/1985,74.507
29/06/1985,69.025
30/06/1985,89.995
01/07/1985,130.79
02/07/1985,140.77
03/07/1985,157.351
04/07/1985,184.454
05/07/1985,258.6
06/07/1985,381.738
07/07/1985,445.621
08/07/1985,436.931
09/07/1985,400.679
10/07/1985,358.735
11/07/1985,327.458
12/07/1985,319.061
13/07/1985,304.777
14/07/1985,288.016
15/07/1985,269.085
16/07/1985,247.803
17/07/1985,226.229
18/07/1985,194.522
19/07/1985,155.776
20/07/1985,118.491
21/07/1985,89.155
22/07/1985,65.344
23/07/1985,48.483
24/07/1985,39.087
25/07/1985,32.071
26/07/1985,29.188
27/07/1985,27.125
28/07/1985,26.995
29/07/1985,31.571
30/07/1985,86.76
31/07/1985,104.856
01/08/1985,86.336
02/08/1985,81.67
03/08/1985,96.562
04/08/1985,114.155
05/08/1985,130.26
06/08/1985,151.641
07/08/1985,186.589
08/08/1985,235.59
09/08/1985,265.999
10/08/1985,289.635
11/08/1985,315.079
12/08/1985,363.585
13/08/1985,416.096
14/08/1985,415.453
15/08/1985,390.974
16/08/1985,360.851
17/08/1985,334.026
18/08/1985,311.397
19/08/1985,288.851
20/08/1985,269.005
21/08/1985,245.322
22/08/1985,220.107
23/08/1985,191.435
24/08/1985,146.995
25/08/1985,109.366
26/08/1985,87.023
27/08/1985,97.904
28/08/1985,110.201
29/08/1985,99.722
30/08/1985,92.834
31/08/1985,97.005
01/09/1985,102.207
02/09/1985,107.486
03/09/1985,109.901
04/09/1985,110.037
05/09/1985,109.249
06/09/1985,103.019
07/09/1985,91.986
08/09/1985,77.877
09/09/1985,63.416
10/09/1985,47.398
11/09/1985,36.735
12/09/1985,40.334
13/09/1985,82.772
14/09/1985,101.718
15/09/1985,104.139
16/09/1985,122.3
17/09/1985,183.246
18/09/1985,268.876
19/09/1985,317.295
20/09/1985,382.301
21/09/1985,445.192
22/09/1985,442.287
23/09/1985,420.936
24/09/1985,401.838
25/09/1985,382.014
26/09/1985,354.227
27/09/1985,327.416
28/09/1985,302.708
29/09/1985,276.973
30/09/1985,251.936
01/10/1985,228.508
02/10/1985,192.113
03/10/1985,144.382
04/10/1985,104.918
05/10/1985,72.202
06/10/1985,50.434
07/10/1985,36.311
08/10/1985,28.475
09/10/1985,23.441
10/10/1985,20.057
11/10/1985,18.827
12/10/1985,16.592
13/10/1985,14.879
14/10/1985,14.343
15/10/1985,18.078
16/10/1985,23.11
17/10/1985,25.071
18/10/1985,28.998
19/10/1985,39.286
20/10/1985,57.861
21/10/1985,66.832
22/10/1985,77.17
23/10/1985,83.832
24/10/1985,85.816
25/10/1985,83.109
26/10/1985,79.745
27/10/1985,79.449
28/10/1985,77.458
29/10/1985,69.833
30/10/1985,60.282
31/10/1985,47.137
01/11/1985,35.896
02/11/1985,26.532
03/11/1985,21.552
04/11/1985,17.306
05/11/1985,14.355
06/11/1985,12.846
07/11/1985,11.386
08/11/1985,8.862
09/11/1985,7.69
10/11/1985,5.864
11/11/1985,5.953
12/11/1985,4.921
13/11/1985,4.425
14/11/1985,3.799
15/11/1985,3.346
16/11/1985,2.826
17/11/1985,2.269
18/11/1985,1.936
19/11/1985,1.867
20/11/1985,1.623
21/11/1985,1.431
22/11/1985,1.376
23/11/1985,1.156
24/11/1985,1.08
25/11/1985,0.968
26/11/1985,0.838
27/11/1985,0.642
28/11/1985,0.145
29/11/1985,0.102
30/11/1985,0.478
01/12/1985,0.452
02/12/1985,0.443
03/12/1985,0.391
04/12/1985,0.382
05/12/1985,0.351
06/12/1985,0.32
07/12/1985,0.306
08/12/1985,0.292
09/12/1985,0.281
10/12/1985,0.256
11/12/1985,0.241
12/12/1985,0.226
13/12/1985,0.21
14/12/1985,0.202
15/12/1985,0.202
16/12/1985,0.218
17/12/1985,0.219
18/12/1985,0.219
19/12/1985,0.218
20/12/1985,0.202
21/12/1985,0.201
22/12/1985,0.201
23/12/1985,0.201
24/12/1985,0.201
25/12/1985,0.2
26/12/1985,0.185
27/12/1985,0.183
28/12/1985,0.182
29/12/1985,0.168
30/12/1985,0.158
31/12/1985,0.151
01/01/1986,0.139
02/01/1986,0.138
03/01/1986,0.138
04/01/1986,0.138
05/01/1986,0.138
06/01/1986,0.138
07/01/1986,0.138
08/01/1986,0.138
09/01/1986,0.15
10/01/1986,0.294
11/01/1986,0.306
12/01/1986,0.327
13/01/1986,0.358
14/01/1986,0.358
15/01/1986,0.358
16/01/1986,0.365
17/01/1986,0.527
18/01/1986,0.629
19/01/1986,0.636
20/01/1986,1.252
21/01/1986,6.147
22/01/1986,12.182
23/01/1986,13.855
24/01/1986,14.227
25/01/1986,13.615
26/01/1986,11.279
27/01/1986,8.965
28/01/1986,7.798
29/01/1986,5.972
30/01/1986,4.292
31/01/1986,3.486
01/02/1986,3.029
02/02/1986,3.0
03/02/1986,3.0
04/02/1986,2.925
05/02/1986,2.549
06/02/1986,2.524
07/02/1986,2.508
08/02/1986,2.323
09/02/1986,2.307
10/02/1986,2.307
11/02/1986,2.419
12/02/1986,3.161
13/02/1986,4.837
14/02/1986,6.885
15/02/1986,10.259
16/02/1986,14.365
17/02/1986,15.793
18/02/1986,16.159
19/02/1986,15.494
20/02/1986,13.648
21/02/1986,11.335
22/02/1986,8.508
23/02/1986,6.026
24/02/1986,4.552
25/02/1986,4.472
26/02/1986,4.371
27/02/1986,3.867
28/02/1986,3.832
01/03/1986,3.811
02/03/1986,3.254
03/03/1986,2.559
04/03/1986,2.524
05/03/1986,2.559
06/03/1986,2.966
07/03/1986,3.081
08/03/1986,3.509
09/03/1986,3.538
10/03/1986,3.538
11/03/1986,3.701
12/03/1986,4.425
13/03/1986,4.613
14/03/1986,6.833
15/03/1986,10.91
16/03/1986,17.241
17/03/1986,26.801
18/03/1986,48.326
19/03/1986,70.371
20/03/1986,86.3
21/03/1986,101.086
22/03/1986,119.061
23/03/1986,138.657
24/03/1986,161.461
25/03/1986,187.557
26/03/1986,211.203
27/03/1986,218.67
28/03/1986,218.24
29/03/1986,204.31
30/03/1986,183.707
31/03/1986,152.787
01/04/1986,117.452
02/04/1986,89.756
03/04/1986,62.417
04/04/1986,43.291
05/04/1986,32.179
06/04/1986,26.257
07/04/1986,21.899
08/04/1986,19.545
09/04/1986,17.436
10/04/1986,15.908
11/04/1986,16.308
12/04/1986,21.277
13/04/1986,49.016
14/04/1986,95.674
15/04/1986,151.449
16/04/1986,193.724
17/04/1986,363.866
18/04/1986,470.392
19/04/1986,440.37
20/04/1986,402.588
21/04/1986,355.67
22/04/1986,332.459
23/04/1986,314.833
24/04/1986,290.606
25/04/1986,267.315
26/04/1986,245.218
27/04/1986,222.901
28/04/1986,192.702
29/04/1986,145.525
30/04/1986,113.494
01/05/1986,89.064
02/05/1986,71.142
03/05/1986,59.129
04/05/1986,51.415
05/05/1986,42.375
06/05/1986,36.382
07/05/1986,30.881
08/05/1986,26.711
09/05/1986,23.831
10/05/1986,20.676
11/05/1986,18.267
12/05/1986,16.251
13/05/1986,14.637
14/05/1986,13.254
15/05/1986,12.742
16/05/1986,13.175
17/05/1986,23.962
18/05/1986,51.688
19/05/1986,63.841
20/05/1986,104.65
21/05/1986,154.818
22/05/1986,189.073
23/05/1986,236.275
24/05/1986,334.087
25/05/1986,419.426
26/05/1986,420.952
27/05/1986,396.77
28/05/1986,370.446
29/05/1986,353.114
30/05/1986,342.242
31/05/1986,322.416
01/06/1986,320.544
02/06/1986,310.49
03/06/1986,298.416
04/06/1986,280.6
05/06/1986,267.349
06/06/1986,261.702
07/06/1986,261.374
08/06/1986,260.888
09/06/1986,252.691
10/06/1986,244.929
11/06/1986,236.138
12/06/1986,221.872
13/06/1986,206.551
14/06/1986,196.662
15/06/1986,189.013
16/06/1986,185.286
17/06/1986,190.158
18/06/1986,196.686
19/06/1986,200.942
20/06/1986,204.853
21/06/1986,200.909
22/06/1986,191.941
23/06/1986,177.209
24/06/1986,159.623
25/06/1986,138.765
26/06/1986,118.876
27/06/1986,101.505
28/06/1986,83.65
29/06/1986,65.767
30/06/1986,53.517
01/07/1986,42.775
02/07/1986,36.887
03/07/1986,31.986
04/07/1986,29.272
05/07/1986,26.919
06/07/1986,25.197
07/07/1986,23.907
08/07/1986,23.618
09/07/1986,23.601
10/07/1986,23.601
11/07/1986,22.741
12/07/1986,19.611
13/07/1986,17.588
14/07/1986,16.219
15/07/1986,15.031
16/07/1986,13.936
17/07/1986,13.356
18/07/1986,12.708
19/07/1986,11.655
20/07/1986,11.018
21/07/1986,10.97
22/07/1986,10.947
23/07/1986,10.771
24/07/1986,12.047
25/07/1986,13.929
26/07/1986,20.018
27/07/1986,28.519
28/07/1986,36.093
29/07/1986,40.672
30/07/1986,41.13
31/07/1986,36.558
01/08/1986,33.736
02/08/1986,25.614
03/08/1986,19.458
04/08/1986,16.417
05/08/1986,14.867
06/08/1986,13.963
07/08/1986,14.033
08/08/1986,19.204
09/08/1986,40.894
10/08/1986,69.348
11/08/1986,108.421
12/08/1986,150.926
13/08/1986,186.459
14/08/1986,209.698
15/08/1986,216.878
16/08/1986,206.137
17/08/1986,188.382
18/08/1986,156.281
19/08/1986,126.27
20/08/1986,105.498
21/08/1986,90.996
22/08/1986,83.269
23/08/1986,77.671
24/08/1986,69.975
25/08/1986,61.667
26/08/1986,51.519
27/08/1986,42.977
28/08/1986,39.248
29/08/1986,46.494
30/08/1986,49.781
31/08/1986,47.724
01/09/1986,51.756
02/09/1986,61.03
03/09/1986,78.689
04/09/1986,99.914
05/09/1986,113.402
06/09/1986,122.874
07/09/1986,130.284
08/09/1986,135.527
09/09/1986,141.498
10/09/1986,149.068
11/09/1986,153.843
12/09/1986,155.223
13/09/1986,149.222
14/09/1986,132.707
15/09/1986,111.377
16/09/1986,83.2
17/09/1986,50.428
18/09/1986,43.097
19/09/1986,33.788
20/09/1986,29.93
21/09/1986,34.276
22/09/1986,44.363
23/09/1986,55.583
24/09/1986,64.705
25/09/1986,72.469
26/09/1986,77.174
27/09/1986,78.466
28/09/1986,73.017
29/09/1986,61.876
30/09/1986,48.321
01/10/1986,36.908
02/10/1986,29.29
03/10/1986,27.292
04/10/1986,29.473
05/10/1986,40.988
06/10/1986,94.815
07/10/1986,124.73
08/10/1986,129.019
09/10/1986,145.866
10/10/1986,177.298
11/10/1986,198.239
12/10/1986,210.166
13/10/1986,217.517
14/10/1986,225.287
15/10/1986,228.606
16/10/1986,221.247
17/10/1986,207.369
18/10/1986,192.026
19/10/1986,162.999
20/10/1986,124.718
21/10/1986,88.471
22/10/1986,59.284
23/10/1986,42.042
24/10/1986,34.831
25/10/1986,32.461
26/10/1986,29.09
27/10/1986,26.226
28/10/1986,22.929
29/10/1986,19.368
30/10/1986,16.59
31/10/1986,15.17
01/11/1986,16.886
02/11/1986,20.983
03/11/1986,26.389
04/11/1986,39.623
05/11/1986,62.913
06/11/1986,86.509
07/11/1986,107.009
08/11/1986,140.292
09/11/1986,206.633
10/11/1986,292.332
11/11/1986,361.96
12/11/1986,373.069
13/11/1986,358.045
14/11/1986,341.689
15/11/1986,324.037
16/11/1986,312.204
17/11/1986,297.364
18/11/1986,281.108
19/11/1986,269.298
20/11/1986,257.733
21/11/1986,242.662
22/11/1986,231.993
23/11/1986,235.99
24/11/1986,224.691
25/11/1986,214.013
26/11/1986,225.257
27/11/1986,295.364
28/11/1986,415.809
29/11/1986,468.657
30/11/1986,471.441
01/12/1986,485.528
02/12/1986,486.963
03/12/1986,447.787
04/12/1986,408.528
05/12/1986,373.028
06/12/1986,346.165
07/12/1986,324.363
08/12/1986,302.452
09/12/1986,278.567
10/12/1986,253.268
11/12/1986,215.769
12/12/1986,164.167
13/12/1986,112.733
14/12/1986,71.143
15/12/1986,42.679
16/12/1986,28.007
17/12/1986,21.002
18/12/1986,17.073
19/12/1986,12.222
20/12/1986,9.944
21/12/1986,8.089
22/12/1986,6.132
23/12/1986,5.019
24/12/1986,3.987
25/12/1986,2.854
26/12/1986,2.422
27/12/1986,2.2
28/12/1986,1.795
29/12/1986,1.507
30/12/1986,1.49
31/12/1986,1.42
01/01/1987,1.343
02/01/1987,1.236
03/01/1987,1.302
04/01/1987,1.151
05/01/1987,1.146
06/01/1987,1.055
07/01/1987,0.934
08/01/1987,1.133
09/01/1987,1.146
10/01/1987,1.146
11/01/1987,1.559
12/01/1987,6.475
13/01/1987,15.211
14/01/1987,21.78
15/01/1987,29.029
16/01/1987,38.597
17/01/1987,52.421
18/01/1987,64.118
19/01/1987,74.614
20/01/1987,87.801
21/01/1987,98.568
22/01/1987,106.203
23/01/1987,109.834
24/01/1987,109.249
25/01/1987,103.292
26/01/1987,93.48
27/01/1987,77.402
28/01/1987,54.834
29/01/1987,33.837
30/01/1987,19.155
31/01/1987,14.139
01/02/1987,10.03
02/02/1987,8.079
03/02/1987,4.613
04/02/1987,4.371
05/02/1987,3.913
06/02/1987,4.425
07/02/1987,4.425
08/02/1987,3.879
09/02/1987,3.832
10/02/1987,3.832
11/02/1987,3.677
12/02/1987,3.04
13/02/1987,3.0
14/02/1987,3.0
15/02/1987,3.04
16/02/1987,3.567
17/02/1987,3.821
18/02/1987,3.832
19/02/1987,3.646
20/02/1987,3.04
21/02/1987,3.0
22/02/1987,2.622
23/02/1987,1.89
24/02/1987,1.616
25/02/1987,1.89
26/02/1987,1.915
27/02/1987,1.915
28/02/1987,1.944
01/03/1987,2.279
02/03/1987,2.307
03/03/1987,2.245
04/03/1987,1.989
05/03/1987,2.553
06/03/1987,2.236
07/03/1987,2.19
08/03/1987,2.044
09/03/1987,2.286
10/03/1987,2.358
11/03/1987,2.95
12/03/1987,3.0
13/03/1987,3.0
14/03/1987,2.966
15/03/1987,2.559
16/03/1987,2.524
17/03/1987,2.524
18/03/1987,2.524
19/03/1987,2.559
20/03/1987,2.966
21/03/1987,3.0
22/03/1987,3.0
23/03/1987,3.0
24/03/1987,3.05
25/03/1987,4.167
26/03/1987,13.65
27/03/1987,23.485
28/03/1987,26.033
29/03/1987,26.941
30/03/1987,28.323
31/03/1987,36.056
01/04/1987,62.76
02/04/1987,89.697
03/04/1987,116.241
04/04/1987,139.206
05/04/1987,156.163
06/04/1987,173.124
07/04/1987,182.776
08/04/1987,191.522
09/04/1987,202.806
10/04/1987,215.242
11/04/1987,222.627
12/04/1987,220.963
13/04/1987,211.048
14/04/1987,198.85
15/04/1987,173.946
16/04/1987,145.17
17/04/1987,135.323
18/04/1987,156.663
19/04/1987,213.767
20/04/1987,247.163
21/04/1987,303.093
22/04/1987,432.819
23/04/1987,520.301
24/04/1987,486.178
25/04/1987,438.751
26/04/1987,397.431
27/04/1987,368.435
28/04/1987,342.226
29/04/1987,323.816
30/04/1987,303.006
01/05/1987,280.961
02/05/1987,263.058
03/05/1987,244.838
04/05/1987,212.355
05/05/1987,166.192
06/05/1987,126.528
07/05/1987,101.348
08/05/1987,86.262
09/05/1987,78.004
10/05/1987,71.624
11/05/1987,65.601
12/05/1987,59.362
13/05/1987,53.006
14/05/1987,49.254
15/05/1987,47.058
16/05/1987,47.034
17/05/1987,48.552
18/05/1987,51.827
19/05/1987,59.238
20/05/1987,71.785
21/05/1987,95.044
22/05/1987,116.205
23/05/1987,126.064
24/05/1987,138.64
25/05/1987,183.324
26/05/1987,266.411
27/05/1987,358.163
28/05/1987,382.947
29/05/1987,363.052
30/05/1987,337.712
31/05/1987,315.825
01/06/1987,290.123
02/06/1987,261.873
03/06/1987,236.185
04/06/1987,206.138
05/06/1987,179.528
06/06/1987,148.157
07/06/1987,124.545
08/06/1987,109.07
09/06/1987,103.853
10/06/1987,103.586
11/06/1987,104.363
12/06/1987,109.766
13/06/1987,116.227
14/06/1987,121.286
15/06/1987,121.734
16/06/1987,115.787
17/06/1987,102.464
18/06/1987,86.306
19/06/1987,70.804
20/06/1987,60.619
21/06/1987,53.867
22/06/1987,49.141
23/06/1987,43.326
24/06/1987,36.689
25/06/1987,31.145
26/06/1987,27.094
27/06/1987,24.814
28/06/1987,22.461
29/06/1987,20.432
30/06/1987,18.671
01/07/1987,17.039
02/07/1987,16.077
03/07/1987,16.018
04/07/1987,16.062
05/07/1987,16.603
06/07/1987,17.179
07/07/1987,19.521
08/07/1987,24.764
09/07/1987,32.591
10/07/1987,43.185
11/07/1987,64.87
12/07/1987,88.617
13/07/1987,85.398
14/07/1987,84.866
15/07/1987,95.026
16/07/1987,106.967
17/07/1987,121.057
18/07/1987,136.34
19/07/1987,156.204
20/07/1987,177.317
21/07/1987,186.04
22/07/1987,183.634
23/07/1987,166.432
24/07/1987,139.061
25/07/1987,116.213
26/07/1987,94.218
27/07/1987,83.144
28/07/1987,81.939
29/07/1987,122.725
30/07/1987,175.86
31/07/1987,190.772
01/08/1987,222.112
02/08/1987,269.747
03/08/1987,323.631
04/08/1987,385.645
05/08/1987,388.781
06/08/1987,370.03
07/08/1987,347.023
08/08/1987,321.349
09/08/1987,305.163
10/08/1987,289.569
11/08/1987,273.199
12/08/1987,263.742
13/08/1987,283.655
14/08/1987,282.74
15/08/1987,304.474
16/08/1987,333.752
17/08/1987,351.737
18/08/1987,360.262
19/08/1987,412.642
20/08/1987,445.155
21/08/1987,419.639
22/08/1987,383.086
23/08/1987,353.814
24/08/1987,321.121
25/08/1987,297.669
26/08/1987,272.483
27/08/1987,243.628
28/08/1987,225.709
29/08/1987,232.75
30/08/1987,229.544
31/08/1987,223.966
01/09/1987,246.691
02/09/1987,360.116
03/09/1987,443.883
04/09/1987,417.774
05/09/1987,382.394
06/09/1987,347.63
07/09/1987,321.349
08/09/1987,299.333
09/09/1987,275.183
10/09/1987,246.481
11/09/1987,214.841
12/09/1987,174.486
13/09/1987,133.925
14/09/1987,116.96
15/09/1987,144.183
16/09/1987,175.652
17/09/1987,179.055
18/09/1987,214.872
19/09/1987,401.108
20/09/1987,444.738
21/09/1987,408.64
22/09/1987,374.265
23/09/1987,342.315
24/09/1987,316.11
25/09/1987,291.551
26/09/1987,265.511
27/09/1987,232.679
28/09/1987,189.84
29/09/1987,137.589
30/09/1987,100.947
01/10/1987,71.163
02/10/1987,51.797
03/10/1987,42.442
04/10/1987,37.332
05/10/1987,35.549
06/10/1987,39.691
07/10/1987,46.601
08/10/1987,52.525
09/10/1987,56.606
10/10/1987,53.304
11/10/1987,47.273
12/10/1987,45.112
13/10/1987,38.883
14/10/1987,34.139
15/10/1987,37.066
16/10/1987,47.278
17/10/1987,61.313
18/10/1987,71.142
19/10/1987,78.343
20/10/1987,84.695
21/10/1987,89.078
22/10/1987,92.439
23/10/1987,93.738
24/10/1987,93.071
25/10/1987,87.778
26/10/1987,75.316
27/10/1987,57.899
28/10/1987,40.037
29/10/1987,26.623
30/10/1987,20.718
31/10/1987,17.241
01/11/1987,14.511
02/11/1987,12.845
03/11/1987,10.402
04/11/1987,8.959
05/11/1987,10.966
06/11/1987,17.298
07/11/1987,22.272
08/11/1987,17.366
09/11/1987,14.496
10/11/1987,12.331
11/11/1987,10.747
12/11/1987,10.674
13/11/1987,11.907
14/11/1987,14.438
15/11/1987,16.251
16/11/1987,17.606
17/11/1987,15.805
18/11/1987,21.288
19/11/1987,38.718
20/11/1987,56.747
21/11/1987,70.51
22/11/1987,83.68
23/11/1987,91.038
24/11/1987,96.109
25/11/1987,93.244
26/11/1987,80.159
27/11/1987,59.436
28/11/1987,42.06
29/11/1987,28.376
30/11/1987,21.611
01/12/1987,18.763
02/12/1987,17.889
03/12/1987,17.511
04/12/1987,16.538
05/12/1987,15.392
06/12/1987,13.535
07/12/1987,12.119
08/12/1987,12.778
09/12/1987,13.873
10/12/1987,16.164
11/12/1987,17.639
12/12/1987,18.447
13/12/1987,15.998
14/12/1987,11.931
15/12/1987,8.524
16/12/1987,6.995
17/12/1987,7.822
18/12/1987,9.386
19/12/1987,11.209
20/12/1987,9.028
21/12/1987,9.853
22/12/1987,12.853
23/12/1987,15.334
24/12/1987,15.582
25/12/1987,14.522
26/12/1987,12.498
27/12/1987,10.833
28/12/1987,7.414
29/12/1987,10.308
30/12/1987,59.381
31/12/1987,48.755
01/01/1988,28.967
02/01/1988,26.212
03/01/1988,30.881
04/01/1988,35.5
05/01/1988,37.797
06/01/1988,40.088
07/01/1988,43.073
08/01/1988,39.277
09/01/1988,33.078
10/01/1988,25.92
11/01/1988,20.758
12/01/1988,16.046
13/01/1988,13.395
14/01/1988,10.972
15/01/1988,8.324
16/01/1988,6.446
17/01/1988,5.427
18/01/1988,12.046
19/01/1988,31.794
20/01/1988,62.777
21/01/1988,138.008
22/01/1988,243.981
23/01/1988,262.279
24/01/1988,307.267
25/01/1988,387.861
26/01/1988,434.772
27/01/1988,422.01
28/01/1988,402.485
29/01/1988,389.205
30/01/1988,362.142
31/01/1988,324.252
01/02/1988,322.512
02/02/1988,304.961
03/02/1988,286.511
04/02/1988,263.853
05/02/1988,239.113
06/02/1988,214.355
07/02/1988,193.508
08/02/1988,173.66
09/02/1988,153.193
10/02/1988,131.423
11/02/1988,107.786
12/02/1988,80.51
13/02/1988,58.471
14/02/1988,39.69
15/02/1988,28.202
16/02/1988,22.934
17/02/1988,19.383
18/02/1988,16.99
19/02/1988,15.655
20/02/1988,15.071
21/02/1988,15.042
22/02/1988,15.099
23/02/1988,15.991
24/02/1988,16.617
25/02/1988,17.735
26/02/1988,19.896
27/02/1988,21.584
28/02/1988,21.396
29/02/1988,22.085
01/03/1988,22.209
02/03/1988,22.209
03/03/1988,21.842
04/03/1988,20.337
05/03/1988,18.668
06/03/1988,17.668
07/03/1988,16.577
08/03/1988,14.668
09/03/1988,12.773
10/03/1988,10.557
11/03/1988,8.65
12/03/1988,7.818
13/03/1988,7.215
14/03/1988,6.453
15/03/1988,6.403
16/03/1988,6.403
17/03/1988,6.661
18/03/1988,7.288
19/03/1988,7.437
20/03/1988,7.817
21/03/1988,8.053
22/03/1988,8.053
23/03/1988,7.817
24/03/1988,7.567
25/03/1988,7.323
26/03/1988,6.592
27/03/1988,5.207
28/03/1988,4.51
29/03/1988,4.472
30/03/1988,4.472
31/03/1988,4.609
01/04/1988,5.158
02/04/1988,5.642
03/04/1988,7.345
04/04/1988,9.263
05/04/1988,10.955
06/04/1988,11.956
07/04/1988,12.228
08/04/1988,11.656
09/04/1988,10.53
10/04/1988,9.17
11/04/1988,7.973
12/04/1988,7.09
13/04/1988,6.32
14/04/1988,5.787
15/04/1988,5.585
16/04/1988,5.542
17/04/1988,5.004
18/04/1988,4.497
19/04/1988,4.472
20/04/1988,4.472
21/04/1988,4.472
22/04/1988,4.497
23/04/1988,4.793
24/04/1988,4.832
25/04/1988,5.312
26/04/1988,7.288
27/04/1988,11.846
28/04/1988,18.827
29/04/1988,27.018
30/04/1988,34.453
01/05/1988,38.362
02/05/1988,40.295
03/05/1988,39.176
04/05/1988,35.762
05/05/1988,31.087
06/05/1988,25.983
07/05/1988,21.909
08/05/1988,18.721
09/05/1988,16.637
10/05/1988,14.843
11/05/1988,13.148
12/05/1988,11.937
13/05/1988,10.328
14/05/1988,8.794
15/05/1988,7.575
16/05/1988,6.411
17/05/1988,5.587
18/05/1988,5.213
19/05/1988,5.171
20/05/1988,4.904
21/05/1988,4.343
22/05/1988,4.305
23/05/1988,4.305
24/05/1988,4.229
25/05/1988,3.915
26/05/1988,3.55
27/05/1988,3.255
28/05/1988,2.894
29/05/1988,2.876
30/05/1988,2.819
31/05/1988,2.638
01/06/1988,2.526
02/06/1988,2.416
03/06/1988,2.317
04/06/1988,2.3
05/06/1988,2.213
06/06/1988,2.191
07/06/1988,2.019
08/06/1988,1.923
09/06/1988,1.909
10/06/1988,1.833
11/06/1988,1.785
12/06/1988,1.673
13/06/1988,1.81
14/06/1988,1.825
15/06/1988,1.867
16/06/1988,2.0
17/06/1988,2.115
18/06/1988,2.615
19/06/1988,2.913
20/06/1988,3.278
21/06/1988,4.082
22/06/1988,6.355
23/06/1988,10.285
24/06/1988,13.848
25/06/1988,15.939
26/06/1988,17.809
27/06/1988,17.673
28/06/1988,17.912
29/06/1988,18.897
30/06/1988,21.362
01/07/1988,26.201
02/07/1988,27.325
03/07/1988,28.459
04/07/1988,55.08
05/07/1988,118.546
06/07/1988,167.721
07/07/1988,200.838
08/07/1988,204.926
09/07/1988,199.909
10/07/1988,194.016
11/07/1988,188.938
12/07/1988,184.478
13/07/1988,176.333
14/07/1988,166.771
15/07/1988,152.628
16/07/1988,106.189
17/07/1988,80.866
18/07/1988,58.491
19/07/1988,39.964
20/07/1988,26.246
21/07/1988,20.256
22/07/1988,17.252
23/07/1988,15.878
24/07/1988,13.395
25/07/1988,11.958
26/07/1988,10.521
27/07/1988,8.641
28/07/1988,8.017
29/07/1988,7.233
30/07/1988,6.453
31/07/1988,6.403
01/08/1988,13.897
02/08/1988,63.825
03/08/1988,83.827
04/08/1988,88.853
05/08/1988,95.849
06/08/1988,96.427
07/08/1988,96.73
08/08/1988,101.326
09/08/1988,102.676
10/08/1988,93.745
11/08/1988,81.945
12/08/1988,69.859
13/08/1988,56.721
14/08/1988,50.866
15/08/1988,48.801
16/08/1988,47.373
17/08/1988,40.944
18/08/1988,33.682
19/08/1988,27.99
20/08/1988,47.7
21/08/1988,54.915
22/08/1988,44.554
23/08/1988,42.358
24/08/1988,48.93
25/08/1988,56.718
26/08/1988,62.623
27/08/1988,65.668
28/08/1988,62.334
29/08/1988,56.507
30/08/1988,51.154
31/08/1988,38.488
01/09/1988,27.885
02/09/1988,21.122
03/09/1988,17.476
04/09/1988,14.811
05/09/1988,12.644
06/09/1988,10.818
07/09/1988,10.239
08/09/1988,8.837
09/09/1988,6.623
10/09/1988,7.794
11/09/1988,9.43
12/09/1988,7.998
13/09/1988,11.911
14/09/1988,21.82
15/09/1988,27.818
16/09/1988,35.598
17/09/1988,65.74
18/09/1988,77.005
19/09/1988,87.114
20/09/1988,96.343
21/09/1988,100.633
22/09/1988,103.087
23/09/1988,106.072
24/09/1988,107.871
25/09/1988,109.99
26/09/1988,114.567
27/09/1988,121.796
28/09/1988,130.115
29/09/1988,159.607
30/09/1988,185.622
01/10/1988,275.501
02/10/1988,347.691
03/10/1988,359.732
04/10/1988,340.057
05/10/1988,317.101
06/10/1988,286.178
07/10/1988,251.595
08/10/1988,211.237
09/10/1988,168.142
10/10/1988,117.987
11/10/1988,88.546
12/10/1988,64.739
13/10/1988,47.888
14/10/1988,39.036
15/10/1988,26.349
16/10/1988,22.668
17/10/1988,19.171
18/10/1988,16.639
19/10/1988,14.344
20/10/1988,12.387
21/10/1988,9.66
22/10/1988,8.139
23/10/1988,6.912
24/10/1988,6.272
25/10/1988,4.643
26/10/1988,4.472
27/10/1988,4.472
28/10/1988,4.418
29/10/1988,3.753
30/10/1988,3.637
31/10/1988,3.107
01/11/1988,3.623
02/11/1988,3.683
03/11/1988,3.259
04/11/1988,2.466
05/11/1988,2.414
06/11/1988,2.38
07/11/1988,1.931
08/11/1988,1.532
09/11/1988,1.495
10/11/1988,1.471
11/11/1988,1.177
12/11/1988,1.621
13/11/1988,2.414
14/11/1988,2.414
15/11/1988,2.414
16/11/1988,2.227
17/11/1988,1.886
18/11/1988,1.532
19/11/1988,1.471
20/11/1988,1.177
21/11/1988,1.146
22/11/1988,1.17
23/11/1988,1.464
24/11/1988,1.524
25/11/1988,1.955
26/11/1988,2.495
27/11/1988,3.007
28/11/1988,3.422
29/11/1988,3.683
30/11/1988,3.798
01/12/1988,4.876
02/12/1988,3.664
03/12/1988,3.445
04/12/1988,3.683
05/12/1988,3.207
06/12/1988,2.227
07/12/1988,1.757
08/12/1988,1.471
09/12/1988,1.158
10/12/1988,0.756
11/12/1988,0.629
12/12/1988,0.629
13/12/1988,0.627
14/12/1988,0.54
15/12/1988,0.447
16/12/1988,0.447
17/12/1988,0.447
18/12/1988,0.447
19/12/1988,0.447
20/12/1988,0.447
21/12/1988,0.447
22/12/1988,0.447
23/12/1988,0.438
24/12/1988,0.319
25/12/1988,0.306
26/12/1988,0.306
27/12/1988,0.306
28/12/1988,0.306
29/12/1988,0.306
01/01/1989,0.306
02/01/1989,0.306
03/01/1989,0.306
04/01/1989,0.293
05/01/1989,0.269
06/01/1989,0.241
07/01/1989,0.238
08/01/1989,0.221
09/01/1989,0.218
10/01/1989,0.202
11/01/1989,0.208
12/01/1989,0.297
13/01/1989,0.299
14/01/1989,0.21
15/01/1989,0.198
16/01/1989,0.17
17/01/1989,0.167
18/01/1989,0.186
19/01/1989,0.422
20/01/1989,0.447
21/01/1989,0.438
22/01/1989,0.319
23/01/1989,0.306
24/01/1989,0.305
25/01/1989,0.285
26/01/1989,0.284
27/01/1989,0.304
28/01/1989,0.312
29/01/1989,0.379
30/01/1989,0.386
31/01/1989,0.381
01/02/1989,0.313
02/02/1989,0.306
03/02/1989,0.306
04/02/1989,0.306
05/02/1989,0.3
06/02/1989,0.263
07/02/1989,0.266
08/02/1989,0.303
09/02/1989,0.339
10/02/1989,0.534
11/02/1989,0.519
12/02/1989,0.324
13/02/1989,0.306
14/02/1989,0.306
15/02/1989,0.306
16/02/1989,0.306
17/02/1989,0.306
18/02/1989,0.292
19/02/1989,0.208
20/02/1989,0.201
21/02/1989,0.201
22/02/1989,0.191
23/02/1989,0.13
24/02/1989,0.124
25/02/1989,0.124
26/02/1989,0.124
27/02/1989,0.124
28/02/1989,0.124
01/03/1989,0.124
02/03/1989,0.124
03/03/1989,0.124
04/03/1989,0.13
05/03/1989,0.124
06/03/1989,0.124
07/03/1989,0.124
08/03/1989,0.124
09/03/1989,0.124
10/03/1989,0.124
11/03/1989,0.124
12/03/1989,0.124
13/03/1989,0.124
14/03/1989,0.124
15/03/1989,0.124
16/03/1989,0.124
17/03/1989,0.124
18/03/1989,0.124
19/03/1989,0.124
20/03/1989,0.124
21/03/1989,0.124
22/03/1989,0.124
23/03/1989,0.124
24/03/1989,0.13
25/03/1989,0.194
26/03/1989,0.198
27/03/1989,0.17
28/03/1989,0.169
29/03/1989,0.198
30/03/1989,0.201
31/03/1989,0.201
01/04/1989,0.201
02/04/1989,0.196
03/04/1989,0.131
04/04/1989,0.124
05/04/1989,0.124
06/04/1989,0.124
07/04/1989,0.124
08/04/1989,0.13
09/04/1989,0.194
10/04/1989,0.208
11/04/1989,0.297
12/04/1989,0.306
13/04/1989,0.306
14/04/1989,0.306
15/04/1989,0.306
16/04/1989,0.306
17/04/1989,0.306
18/04/1989,0.306
19/04/1989,0.306
20/04/1989,0.306
21/04/1989,0.303
22/04/1989,0.264
23/04/1989,0.259
24/04/1989,0.238
25/04/1989,0.204
26/04/1989,0.201
27/04/1989,0.203
28/04/1989,0.24
29/04/1989,0.3
30/04/1989,0.306
01/05/1989,0.306
02/05/1989,0.306
03/05/1989,0.306
04/05/1989,0.306
05/05/1989,0.306
06/05/1989,0.306
07/05/1989,0.306
08/05/1989,0.306
09/05/1989,0.306
10/05/1989,0.306
11/05/1989,0.306
12/05/1989,0.363
13/05/1989,1.071
14/05/1989,1.146
15/05/1989,1.146
16/05/1989,1.17
17/05/1989,1.464
18/05/1989,1.512
19/05/1989,1.705
20/05/1989,1.582
21/05/1989,1.502
22/05/1989,1.495
23/05/1989,1.495
24/05/1989,1.471
25/05/1989,1.158
26/05/1989,0.799
27/05/1989,0.629
28/05/1989,0.629
29/05/1989,0.629
30/05/1989,0.629
31/05/1989,0.627
01/06/1989,0.559
02/06/1989,0.515
03/06/1989,0.515
04/06/1989,0.515
05/06/1989,0.515
06/06/1989,0.515
07/06/1989,0.496
08/06/1989,0.462
09/06/1989,0.447
10/06/1989,0.438
11/06/1989,0.321
12/06/1989,0.315
13/06/1989,0.432
14/06/1989,0.447
15/06/1989,0.447
16/06/1989,0.438
17/06/1989,0.321
18/06/1989,0.306
19/06/1989,0.306
20/06/1989,0.306
21/06/1989,0.306
22/06/1989,0.306
23/06/1989,0.306
24/06/1989,0.306
25/06/1989,0.311
26/06/1989,0.382
27/06/1989,0.441
28/06/1989,0.447
29/06/1989,0.447
30/06/1989,0.447
01/07/1989,0.447
02/07/1989,0.447
03/07/1989,0.447
04/07/1989,0.447
05/07/1989,0.447
06/07/1989,0.452
07/07/1989,0.52
08/07/1989,0.516
09/07/1989,0.481
10/07/1989,0.45
11/07/1989,0.447
12/07/1989,0.447
13/07/1989,0.447
14/07/1989,0.447
15/07/1989,0.447
16/07/1989,0.447
17/07/1989,0.447
18/07/1989,0.438
19/07/1989,0.319
20/07/1989,0.306
21/07/1989,0.306
22/07/1989,0.306
23/07/1989,0.328
24/07/1989,0.601
25/07/1989,0.629
26/07/1989,0.629
27/07/1989,0.624
28/07/1989,0.538
29/07/1989,0.502
30/07/1989,0.478
31/07/1989,0.462
01/08/1989,0.786
02/08/1989,1.461
03/08/1989,1.836
04/08/1989,2.321
05/08/1989,1.802
06/08/1989,1.485
07/08/1989,1.169
08/08/1989,1.044
09/08/1989,1.159
10/08/1989,1.464
11/08/1989,1.506
12/08/1989,1.717
13/08/1989,1.158
14/08/1989,0.788
15/08/1989,0.629
16/08/1989,0.629
17/08/1989,0.629
18/08/1989,0.629
19/08/1989,0.629
20/08/1989,0.629
21/08/1989,0.629
22/08/1989,0.624
23/08/1989,0.542
24/08/1989,0.616
25/08/1989,0.629
26/08/1989,0.629
27/08/1989,0.629
28/08/1989,0.629
29/08/1989,0.627
30/08/1989,0.538
31/08/1989,0.561
01/09/1989,1.772
02/09/1989,1.622
03/09/1989,1.268
04/09/1989,1.003
05/09/1989,0.892
06/09/1989,1.041
07/09/1989,0.87
08/09/1989,0.65
09/09/1989,0.629
10/09/1989,0.627
11/09/1989,0.565
12/09/1989,0.515
13/09/1989,0.515
14/09/1989,0.512
15/09/1989,0.481
16/09/1989,0.45
17/09/1989,0.443
18/09/1989,0.389
19/09/1989,0.907
20/09/1989,1.324
21/09/1989,1.186
22/09/1989,1.297
23/09/1989,1.647
24/09/1989,1.941
25/09/1989,1.713
26/09/1989,1.035
27/09/1989,1.013
28/09/1989,0.868
29/09/1989,0.721
30/09/1989,1.022
01/10/1989,7.035
02/10/1989,8.82
03/10/1989,7.81
04/10/1989,6.815
05/10/1989,5.506
06/10/1989,5.26
07/10/1989,3.787
08/10/1989,3.053
09/10/1989,2.681
10/10/1989,2.185
11/10/1989,1.713
12/10/1989,1.19
13/10/1989,0.969
14/10/1989,0.778
15/10/1989,0.624
16/10/1989,0.558
17/10/1989,0.551
18/10/1989,0.551
19/10/1989,0.551
20/10/1989,0.544
21/10/1989,0.456
22/10/1989,0.447
23/10/1989,0.447
24/10/1989,0.447
25/10/1989,0.447
26/10/1989,0.447
27/10/1989,0.447
28/10/1989,0.447
29/10/1989,0.447
30/10/1989,0.447
31/10/1989,0.438
01/11/1989,0.319
02/11/1989,0.312
03/11/1989,0.383
04/11/1989,0.442
05/11/1989,0.447
06/11/1989,0.443
07/11/1989,0.392
08/11/1989,0.382
09/11/1989,0.335
10/11/1989,0.307
11/11/1989,0.286
12/11/1989,0.304
13/11/1989,0.306
14/11/1989,0.306
15/11/1989,0.303
16/11/1989,0.262
17/11/1989,0.223
18/11/1989,0.219
19/11/1989,0.219
20/11/1989,0.218
21/11/1989,0.202
22/11/1989,0.218
23/11/1989,0.425
24/11/1989,0.447
25/11/1989,0.438
26/11/1989,0.319
27/11/1989,0.302
28/11/1989,0.244
29/11/1989,0.221
30/11/1989,0.218
01/12/1989,0.202
02/12/1989,0.201
03/12/1989,0.201
04/12/1989,0.201
05/12/1989,0.201
06/12/1989,0.201
07/12/1989,0.201
08/12/1989,0.201
09/12/1989,0.201
10/12/1989,0.201
11/12/1989,0.201
12/12/1989,0.196
13/12/1989,0.155
14/12/1989,0.129
15/12/1989,0.093
16/12/1989,0.098
17/12/1989,0.191
18/12/1989,0.201
19/12/1989,0.201
20/12/1989,0.198
21/12/1989,0.167
22/12/1989,0.128
23/12/1989,0.122
24/12/1989,0.093
25/12/1989,0.089
26/12/1989,0.073
27/12/1989,0.072
28/12/1989,0.07
29/12/1989,0.057
01/01/1990,0.072
02/01/1990,0.072
03/01/1990,0.072
04/01/1990,0.072
05/01/1990,0.072
06/01/1990,0.072
07/01/1990,0.069
08/01/1990,0.039
09/01/1990,0.025
10/01/1990,0.023
11/01/1990,0.017
12/01/1990,0.017
13/01/1990,0.017
14/01/1990,0.016
15/01/1990,0.012
16/01/1990,0.011
17/01/1990,0.011
18/01/1990,0.011
19/01/1990,0.01
20/01/1990,0.009
21/01/1990,0.009
22/01/1990,0.009
23/01/1990,0.009
24/01/1990,0.009
25/01/1990,0.006
26/01/1990,0.006
27/01/1990,0.006
28/01/1990,0.002
29/01/1990,0.002
30/01/1990,0.001
31/01/1990,0.002
01/02/1990,0.006
02/02/1990,0.006
03/02/1990,0.004
04/02/1990,0.009
05/02/1990,0.009
06/02/1990,0.006
07/02/1990,0.004
08/02/1990,0.003
09/02/1990,0.004
10/02/1990,0.035
11/02/1990,0.338
12/02/1990,1.063
13/02/1990,0.865
14/02/1990,2.889
15/02/1990,42.685
16/02/1990,60.08
17/02/1990,65.602
18/02/1990,73.4
19/02/1990,81.909
20/02/1990,91.835
21/02/1990,100.438
22/02/1990,102.931
23/02/1990,102.527
24/02/1990,97.634
25/02/1990,85.715
26/02/1990,77.233
27/02/1990,65.919
28/02/1990,61.397
01/03/1990,62.696
02/03/1990,73.069
03/03/1990,84.862
04/03/1990,102.645
05/03/1990,126.576
06/03/1990,158.508
07/03/1990,183.801
08/03/1990,193.648
09/03/1990,204.303
10/03/1990,218.24
11/03/1990,226.641
12/03/1990,243.349
13/03/1990,324.956
14/03/1990,496.602
15/03/1990,683.72
16/03/1990,767.014
17/03/1990,529.132
18/03/1990,445.131
19/03/1990,399.364
20/03/1990,368.782
21/03/1990,340.11
22/03/1990,326.315
23/03/1990,316.618
24/03/1990,300.788
25/03/1990,285.81
26/03/1990,266.665
27/03/1990,239.533
28/03/1990,210.811
29/03/1990,172.967
30/03/1990,149.272
31/03/1990,163.594
01/04/1990,156.777
02/04/1990,168.126
03/04/1990,201.322
04/04/1990,228.23
05/04/1990,249.458
06/04/1990,261.936
07/04/1990,256.191
08/04/1990,246.926
09/04/1990,234.803
10/04/1990,215.697
11/04/1990,186.696
12/04/1990,161.616
13/04/1990,117.348
14/04/1990,82.617
15/04/1990,38.95
16/04/1990,64.075
17/04/1990,65.313
18/04/1990,55.32
19/04/1990,46.716
20/04/1990,42.806
21/04/1990,38.028
22/04/1990,40.012
23/04/1990,98.136
24/04/1990,122.439
25/04/1990,143.507
26/04/1990,183.895
27/04/1990,227.369
28/04/1990,244.522
29/04/1990,258.976
30/04/1990,287.085
01/05/1990,311.01
02/05/1990,341.145
03/05/1990,318.484
04/05/1990,297.001
05/05/1990,271.659
06/05/1990,248.837
07/05/1990,230.24
08/05/1990,201.142
09/05/1990,154.01
10/05/1990,127.621
11/05/1990,132.717
12/05/1990,85.958
13/05/1990,72.704
14/05/1990,73.602
15/05/1990,79.761
16/05/1990,85.797
17/05/1990,94.033
18/05/1990,102.919
19/05/1990,111.996
20/05/1990,115.871
21/05/1990,110.246
22/05/1990,100.948
23/05/1990,80.187
24/05/1990,61.083
25/05/1990,44.523
26/05/1990,33.988
27/05/1990,29.959
28/05/1990,32.145
29/05/1990,33.153
30/05/1990,31.603
31/05/1990,29.64
01/06/1990,41.931
02/06/1990,49.36
03/06/1990,55.221
04/06/1990,62.123
05/06/1990,69.282
06/06/1990,72.718
07/06/1990,76.12
08/06/1990,73.319
09/06/1990,66.721
10/06/1990,60.846
11/06/1990,52.04
12/06/1990,47.121
13/06/1990,43.939
14/06/1990,40.21
15/06/1990,37.976
16/06/1990,33.738
17/06/1990,29.197
18/06/1990,24.739
19/06/1990,21.79
20/06/1990,19.07
21/06/1990,16.666
22/06/1990,15.043
23/06/1990,13.966
24/06/1990,12.88
25/06/1990,11.969
26/06/1990,11.901
27/06/1990,11.016
28/06/1990,10.295
29/06/1990,8.457
30/06/1990,6.173
01/07/1990,6.232
02/07/1990,6.403
03/07/1990,6.403
04/07/1990,5.876
05/07/1990,4.552
06/07/1990,4.472
07/07/1990,4.472
08/07/1990,4.472
09/07/1990,4.472
10/07/1990,4.472
11/07/1990,4.603
12/07/1990,6.232
13/07/1990,6.483
14/07/1990,7.463
15/07/1990,7.566
16/07/1990,7.566
17/07/1990,7.566
18/07/1990,7.656
19/07/1990,8.758
20/07/1990,8.974
21/07/1990,10.451
22/07/1990,15.073
23/07/1990,21.631
24/07/1990,28.106
25/07/1990,29.37
26/07/1990,26.896
27/07/1990,21.99
28/07/1990,17.114
29/07/1990,14.275
30/07/1990,10.675
31/07/1990,7.703
01/08/1990,6.403
02/08/1990,6.272
03/08/1990,4.643
04/08/1990,4.472
05/08/1990,4.472
06/08/1990,4.418
07/08/1990,3.753
08/08/1990,3.683
09/08/1990,3.427
10/08/1990,3.0
11/08/1990,3.0
12/08/1990,2.976
13/08/1990,2.544
14/08/1990,2.414
15/08/1990,2.414
16/08/1990,2.437
17/08/1990,2.909
18/08/1990,3.881
19/08/1990,3.971
20/08/1990,3.637
21/08/1990,2.773
22/08/1990,2.414
23/08/1990,2.4
24/08/1990,2.203
25/08/1990,1.941
26/08/1990,1.915
27/08/1990,1.915
28/08/1990,1.949
29/08/1990,2.369
30/08/1990,2.414
31/08/1990,2.4
01/09/1990,2.21
02/09/1990,2.01
03/09/1990,2.262
04/09/1990,2.23
05/09/1990,2.358
06/09/1990,2.4
07/09/1990,2.377
08/09/1990,4.216
09/09/1990,3.344
10/09/1990,2.83
11/09/1990,14.777
12/09/1990,15.779
13/09/1990,17.459
14/09/1990,25.545
15/09/1990,33.019
16/09/1990,35.119
17/09/1990,39.029
18/09/1990,46.899
19/09/1990,57.689
20/09/1990,68.308
21/09/1990,70.81
22/09/1990,67.381
23/09/1990,64.985
24/09/1990,64.364
25/09/1990,69.414
26/09/1990,76.716
27/09/1990,92.768
28/09/1990,114.122
29/09/1990,133.947
30/09/1990,147.201
01/10/1990,154.058
02/10/1990,139.566
03/10/1990,112.865
04/10/1990,80.962
05/10/1990,53.44
06/10/1990,35.509
07/10/1990,22.861
08/10/1990,24.237
09/10/1990,29.79
10/10/1990,33.458
11/10/1990,41.2
12/10/1990,84.074
13/10/1990,103.372
14/10/1990,129.466
15/10/1990,151.09
16/10/1990,168.89
17/10/1990,178.821
18/10/1990,194.364
19/10/1990,213.055
20/10/1990,222.008
21/10/1990,218.647
22/10/1990,200.442
23/10/1990,173.445
24/10/1990,133.196
25/10/1990,91.724
26/10/1990,55.567
27/10/1990,40.404
28/10/1990,23.895
29/10/1990,18.655
30/10/1990,30.416
31/10/1990,35.894
01/11/1990,29.194
02/11/1990,26.829
03/11/1990,24.934
04/11/1990,27.132
05/11/1990,32.787
06/11/1990,40.133
07/11/1990,57.323
08/11/1990,93.083
09/11/1990,183.806
10/11/1990,292.279
11/11/1990,335.62
12/11/1990,321.839
13/11/1990,296.607
14/11/1990,274.667
15/11/1990,281.563
16/11/1990,290.706
17/11/1990,282.149
18/11/1990,306.164
19/11/1990,309.43
20/11/1990,286.921
21/11/1990,262.609
22/11/1990,242.099
23/11/1990,219.886
24/11/1990,204.686
25/11/1990,191.977
26/11/1990,168.55
27/11/1990,145.367
28/11/1990,114.262
29/11/1990,79.157
30/11/1990,55.728
01/12/1990,32.541
02/12/1990,24.052
03/12/1990,19.7
04/12/1990,15.666
05/12/1990,13.047
06/12/1990,11.917
07/12/1990,9.645
08/12/1990,8.023
09/12/1990,5.327
10/12/1990,14.544
11/12/1990,28.768
12/12/1990,37.012
13/12/1990,47.38
14/12/1990,62.181
15/12/1990,80.888
16/12/1990,101.062
17/12/1990,123.431
18/12/1990,140.202
19/12/1990,158.665
20/12/1990,170.491
21/12/1990,177.481
22/12/1990,169.409
23/12/1990,148.614
24/12/1990,110.478
25/12/1990,74.562
26/12/1990,46.671
27/12/1990,29.423
28/12/1990,21.862
29/12/1990,18.061
30/12/1990,16.348
01/01/1991,14.32
02/01/1991,13.247
03/01/1991,10.944
04/01/1991,8.617
05/01/1991,6.575
06/01/1991,5.956
07/01/1991,4.552
08/01/1991,4.038
09/01/1991,2.739
10/01/1991,1.959
11/01/1991,1.903
12/01/1991,1.617
13/01/1991,1.471
14/01/1991,1.165
15/01/1991,0.943
16/01/1991,0.755
17/01/1991,0.629
18/01/1991,0.624
19/01/1991,0.57
20/01/1991,0.56
21/01/1991,0.736
22/01/1991,0.65
23/01/1991,0.629
24/01/1991,0.665
25/01/1991,1.528
26/01/1991,3.319
27/01/1991,2.942
28/01/1991,1.886
29/01/1991,1.425
30/01/1991,1.314
31/01/1991,0.808
01/02/1991,0.75
02/02/1991,0.687
03/02/1991,0.624
04/02/1991,0.61
05/02/1991,1.913
06/02/1991,2.001
07/02/1991,1.183
08/02/1991,0.964
09/02/1991,0.68
10/02/1991,0.629
11/02/1991,0.6
12/02/1991,0.544
13/02/1991,0.456
14/02/1991,0.447
15/02/1991,0.459
16/02/1991,0.613
17/02/1991,0.629
18/02/1991,0.645
19/02/1991,0.839
20/02/1991,0.86
21/02/1991,0.86
22/02/1991,0.853
23/02/1991,0.777
24/02/1991,0.844
25/02/1991,0.77
26/02/1991,0.768
27/02/1991,0.851
28/02/1991,0.871
01/03/1991,0.973
02/03/1991,1.38
03/03/1991,2.218
04/03/1991,1.291
05/03/1991,0.983
06/03/1991,0.912
07/03/1991,0.981
08/03/1991,2.373
09/03/1991,3.576
10/03/1991,2.718
11/03/1991,1.993
12/03/1991,2.182
13/03/1991,1.548
14/03/1991,1.138
15/03/1991,1.457
16/03/1991,1.915
17/03/1991,1.989
18/03/1991,3.16
19/03/1991,4.167
20/03/1991,6.675
21/03/1991,4.747
22/03/1991,4.472
23/03/1991,4.682
24/03/1991,7.291
25/03/1991,7.356
26/03/1991,4.747
27/03/1991,4.418
28/03/1991,3.707
29/03/1991,3.036
30/03/1991,2.605
31/03/1991,2.087
01/04/1991,1.897
02/04/1991,1.634
03/04/1991,1.675
04/04/1991,1.648
05/04/1991,1.502
06/04/1991,1.524
07/04/1991,1.912
08/04/1991,2.393
09/04/1991,2.77
10/04/1991,2.876
11/04/1991,2.876
12/04/1991,2.884
13/04/1991,3.348
14/04/1991,5.924
15/04/1991,8.268
16/04/1991,14.436
17/04/1991,38.451
18/04/1991,86.097
19/04/1991,169.966
20/04/1991,547.328
21/04/1991,599.066
22/04/1991,516.906
23/04/1991,449.752
24/04/1991,402.147
25/04/1991,364.952
26/04/1991,341.117
27/04/1991,320.433
28/04/1991,290.963
29/04/1991,273.239
30/04/1991,221.994
01/05/1991,207.004
02/05/1991,188.056
03/05/1991,170.069
04/05/1991,150.099
05/05/1991,137.147
06/05/1991,124.463
07/05/1991,104.541
08/05/1991,84.28
09/05/1991,72.17
10/05/1991,66.252
11/05/1991,64.364
12/05/1991,68.339
13/05/1991,71.469
14/05/1991,71.509
15/05/1991,67.876
16/05/1991,60.044
17/05/1991,50.211
18/05/1991,38.471
19/05/1991,31.246
20/05/1991,27.138
21/05/1991,25.189
22/05/1991,24.717
23/05/1991,26.778
24/05/1991,27.349
25/05/1991,33.213
26/05/1991,39.344
27/05/1991,49.118
28/05/1991,63.41
29/05/1991,74.377
30/05/1991,80.717
31/05/1991,93.359
01/06/1991,99.083
02/06/1991,102.778
03/06/1991,99.408
04/06/1991,95.985
05/06/1991,89.795
06/06/1991,78.427
07/06/1991,67.352
08/06/1991,52.952
09/06/1991,40.754
10/06/1991,33.524
11/06/1991,29.197
12/06/1991,25.189
13/06/1991,24.502
14/06/1991,23.557
15/06/1991,22.235
16/06/1991,20.662
17/06/1991,18.843
18/06/1991,19.374
19/06/1991,22.781
20/06/1991,34.997
21/06/1991,44.158
22/06/1991,51.018
23/06/1991,69.497
24/06/1991,81.09
25/06/1991,91.229
26/06/1991,102.566
27/06/1991,109.857
28/06/1991,116.955
29/06/1991,124.594
30/06/1991,172.58
01/07/1991,435.547
02/07/1991,384.064
03/07/1991,353.109
04/07/1991,333.581
05/07/1991,314.905
06/07/1991,290.735
07/07/1991,266.706
08/07/1991,239.012
09/07/1991,210.869
10/07/1991,170.218
11/07/1991,126.103
12/07/1991,92.937
13/07/1991,70.974
14/07/1991,59.015
15/07/1991,52.08
16/07/1991,47.022
17/07/1991,44.368
18/07/1991,64.619
19/07/1991,101.625
20/07/1991,108.993
21/07/1991,146.417
22/07/1991,203.973
23/07/1991,235.15
24/07/1991,284.966
25/07/1991,326.196
26/07/1991,361.156
27/07/1991,407.789
28/07/1991,416.466
29/07/1991,389.213
30/07/1991,361.314
31/07/1991,336.769
01/08/1991,309.091
02/08/1991,281.895
03/08/1991,246.939
04/08/1991,216.011
05/08/1991,173.292
06/08/1991,127.915
07/08/1991,99.239
08/08/1991,79.438
09/08/1991,66.523
10/08/1991,58.363
11/08/1991,49.007
12/08/1991,40.498
13/08/1991,35.468
14/08/1991,32.822
15/08/1991,29.281
16/08/1991,26.895
17/08/1991,25.024
18/08/1991,23.038
19/08/1991,21.953
20/08/1991,20.818
21/08/1991,19.899
22/08/1991,18.399
23/08/1991,17.584
24/08/1991,15.93
25/08/1991,14.283
26/08/1991,12.817
27/08/1991,11.595
28/08/1991,10.927
29/08/1991,9.846
30/08/1991,8.384
31/08/1991,6.991
01/09/1991,7.463
02/09/1991,7.566
03/09/1991,7.566
04/09/1991,7.566
05/09/1991,7.487
06/09/1991,6.507
07/09/1991,6.572
08/09/1991,8.755
09/09/1991,10.209
10/09/1991,10.239
11/09/1991,8.916
12/09/1991,7.604
13/09/1991,6.507
14/09/1991,6.403
15/09/1991,6.483
16/09/1991,7.463
17/09/1991,8.913
18/09/1991,20.512
19/09/1991,39.905
20/09/1991,70.79
21/09/1991,104.48
22/09/1991,135.987
23/09/1991,166.012
24/09/1991,189.744
25/09/1991,212.718
26/09/1991,213.578
27/09/1991,198.997
28/09/1991,169.849
29/09/1991,130.468
30/09/1991,91.808
01/10/1991,59.747
02/10/1991,35.817
03/10/1991,24.229
04/10/1991,18.563
05/10/1991,16.138
06/10/1991,17.808
07/10/1991,20.405
08/10/1991,20.866
09/10/1991,20.031
10/10/1991,20.464
11/10/1991,22.759
12/10/1991,24.57
13/10/1991,27.059
14/10/1991,29.497
15/10/1991,39.62
16/10/1991,75.574
17/10/1991,112.976
18/10/1991,174.946
19/10/1991,263.911
20/10/1991,300.538
21/10/1991,325.884
22/10/1991,352.067
23/10/1991,356.102
24/10/1991,339.291
25/10/1991,318.314
26/10/1991,293.66
27/10/1991,266.942
28/10/1991,234.92
29/10/1991,197.32
30/10/1991,184.791
31/10/1991,176.067
01/11/1991,87.658
02/11/1991,61.647
03/11/1991,52.842
04/11/1991,44.026
05/11/1991,36.24
06/11/1991,29.868
07/11/1991,26.29
08/11/1991,21.813
09/11/1991,19.0
10/11/1991,16.282
11/11/1991,14.344
12/11/1991,12.346
13/11/1991,9.687
14/11/1991,8.381
15/11/1991,8.37
16/11/1991,8.47
17/11/1991,7.067
18/11/1991,4.643
19/11/1991,4.472
20/11/1991,4.472
21/11/1991,4.449
22/11/1991,4.151
23/11/1991,3.776
24/11/1991,4.247
25/11/1991,15.956
26/11/1991,62.356
27/11/1991,118.578
28/11/1991,139.76
29/11/1991,162.768
30/11/1991,195.152
01/12/1991,214.338
02/12/1991,211.798
03/12/1991,199.914
04/12/1991,185.717
05/12/1991,168.008
06/12/1991,141.988
07/12/1991,116.225
08/12/1991,99.526
09/12/1991,78.493
10/12/1991,64.477
11/12/1991,53.866
12/12/1991,42.828
13/12/1991,32.101
14/12/1991,28.143
15/12/1991,24.667
16/12/1991,22.391
17/12/1991,25.247
18/12/1991,30.11
19/12/1991,31.584
20/12/1991,31.692
21/12/1991,32.527
22/12/1991,41.236
23/12/1991,62.535
24/12/1991,76.051
25/12/1991,80.063
26/12/1991,79.135
27/12/1991,82.697
28/12/1991,80.598
29/12/1991,75.16
30/12/1991,73.77
31/12/1991,71.732
01/01/1992,68.953
02/01/1992,64.15
03/01/1992,55.083
04/01/1992,45.74
05/01/1992,38.319
06/01/1992,35.605
07/01/1992,34.297
08/01/1992,36.523
09/01/1992,38.973
10/01/1992,35.964
11/01/1992,33.169
12/01/1992,32.102
13/01/1992,29.034
14/01/1992,21.498
15/01/1992,15.267
16/01/1992,11.931
17/01/1992,8.982
18/01/1992,6.492
19/01/1992,4.643
20/01/1992,4.472
21/01/1992,4.176
22/01/1992,3.207
23/01/1992,2.227
24/01/1992,1.886
25/01/1992,1.401
26/01/1992,1.146
27/01/1992,1.305
28/01/1992,1.878
29/01/1992,2.782
30/01/1992,3.299
31/01/1992,3.526
01/02/1992,3.724
02/02/1992,5.189
03/02/1992,10.16
04/02/1992,13.481
05/02/1992,15.01
06/02/1992,16.304
07/02/1992,18.417
08/02/1992,20.423
09/02/1992,20.041
10/02/1992,19.215
11/02/1992,19.501
12/02/1992,20.5
13/02/1992,21.785
14/02/1992,23.47
15/02/1992,28.211
16/02/1992,28.588
17/02/1992,26.439
18/02/1992,25.15
19/02/1992,23.554
20/02/1992,23.074
21/02/1992,22.409
22/02/1992,25.333
23/02/1992,28.324
24/02/1992,33.38
25/02/1992,39.399
26/02/1992,48.399
27/02/1992,54.557
28/02/1992,74.431
29/02/1992,89.514
01/03/1992,99.963
02/03/1992,114.548
03/03/1992,124.548
04/03/1992,131.098
05/03/1992,131.97
06/03/1992,127.791
07/03/1992,114.812
08/03/1992,95.302
09/03/1992,86.872
10/03/1992,79.72
11/03/1992,73.756
12/03/1992,68.7
13/03/1992,65.085
14/03/1992,63.427
15/03/1992,58.45
16/03/1992,29.73
17/03/1992,25.335
18/03/1992,22.885
19/03/1992,20.098
20/03/1992,18.475
21/03/1992,16.93
22/03/1992,14.818
23/03/1992,13.879
24/03/1992,12.69
25/03/1992,11.969
26/03/1992,11.969
27/03/1992,13.086
28/03/1992,17.589
29/03/1992,18.4
30/03/1992,15.346
31/03/1992,16.631
01/04/1992,20.287
02/04/1992,22.626
03/04/1992,26.322
04/04/1992,30.65
05/04/1992,33.966
06/04/1992,35.924
07/04/1992,31.722
08/04/1992,27.901
09/04/1992,22.482
10/04/1992,19.171
11/04/1992,22.067
12/04/1992,42.882
13/04/1992,60.189
14/04/1992,79.177
15/04/1992,131.322
16/04/1992,573.956
17/04/1992,701.647
18/04/1992,596.446
19/04/1992,501.178
20/04/1992,446.566
21/04/1992,410.595
22/04/1992,381.331
23/04/1992,361.417
24/04/1992,347.755
25/04/1992,327.653
26/04/1992,306.235
27/04/1992,290.829
28/04/1992,273.239
29/04/1992,257.443
30/04/1992,263.56
01/05/1992,261.38
02/05/1992,250.82
03/05/1992,250.706
04/05/1992,256.168
05/05/1992,267.356
06/05/1992,275.361
07/05/1992,283.251
08/05/1992,288.723
09/05/1992,292.911
10/05/1992,281.947
11/05/1992,273.226
12/05/1992,267.012
13/05/1992,250.834
14/05/1992,239.348
15/05/1992,231.113
16/05/1992,289.634
17/05/1992,403.722
18/05/1992,407.989
19/05/1992,388.809
20/05/1992,359.753
21/05/1992,341.117
22/05/1992,320.842
23/05/1992,313.548
24/05/1992,268.675
25/05/1992,234.136
26/05/1992,198.402
27/05/1992,149.317
28/05/1992,117.115
29/05/1992,99.187
30/05/1992,94.382
31/05/1992,92.366
01/06/1992,96.651
02/06/1992,106.939
03/06/1992,117.138
04/06/1992,142.884
05/06/1992,186.118
06/06/1992,250.561
07/06/1992,267.036
08/06/1992,300.938
09/06/1992,342.042
10/06/1992,422.982
11/06/1992,461.625
12/06/1992,432.316
13/06/1992,397.595
14/06/1992,367.493
15/06/1992,347.755
16/06/1992,328.077
17/06/1992,308.696
18/06/1992,282.133
19/06/1992,251.59
20/06/1992,233.939
21/06/1992,207.281
22/06/1992,183.057
23/06/1992,159.517
24/06/1992,143.13
25/06/1992,137.227
26/06/1992,147.534
27/06/1992,167.571
28/06/1992,193.027
29/06/1992,207.963
30/06/1992,218.565
01/07/1992,229.457
02/07/1992,239.118
03/07/1992,248.065
04/07/1992,265.878
05/07/1992,280.469
06/07/1992,277.834
07/07/1992,265.815
08/07/1992,248.837
09/07/1992,231.759
10/07/1992,210.07
11/07/1992,183.074
12/07/1992,154.647
13/07/1992,129.809
14/07/1992,131.127
15/07/1992,168.306
16/07/1992,138.515
17/07/1992,125.0
18/07/1992,134.371
19/07/1992,148.013
20/07/1992,167.034
21/07/1992,180.545
22/07/1992,196.708
23/07/1992,212.966
24/07/1992,222.413
25/07/1992,233.65
26/07/1992,215.731
27/07/1992,197.878
28/07/1992,176.103
29/07/1992,144.951
30/07/1992,119.793
31/07/1992,109.937
01/08/1992,101.18
02/08/1992,97.125
03/08/1992,102.919
04/08/1992,113.338
05/08/1992,123.187
06/08/1992,136.871
07/08/1992,169.365
08/08/1992,194.644
09/08/1992,217.572
10/08/1992,215.752
11/08/1992,200.74
12/08/1992,176.614
13/08/1992,135.184
14/08/1992,103.177
15/08/1992,91.97
16/08/1992,80.318
17/08/1992,73.756
18/08/1992,68.7
19/08/1992,65.432
20/08/1992,62.41
21/08/1992,41.564
22/08/1992,24.893
23/08/1992,21.573
24/08/1992,27.618
25/08/1992,39.1
26/08/1992,50.133
27/08/1992,69.561
28/08/1992,81.294
29/08/1992,97.681
30/08/1992,110.947
31/08/1992,121.415
01/09/1992,124.13
02/09/1992,120.774
03/09/1992,109.015
04/09/1992,87.087
05/09/1992,66.698
06/09/1992,47.887
07/09/1992,37.538
08/09/1992,31.104
09/09/1992,27.264
10/09/1992,25.873
11/09/1992,24.52
12/09/1992,24.101
13/09/1992,30.437
14/09/1992,37.753
15/09/1992,40.16
16/09/1992,43.03
17/09/1992,45.712
18/09/1992,54.69
19/09/1992,63.356
20/09/1992,64.348
21/09/1992,68.584
22/09/1992,74.167
23/09/1992,88.069
24/09/1992,98.757
25/09/1992,121.634
26/09/1992,135.242
27/09/1992,141.936
28/09/1992,147.776
29/09/1992,157.728
30/09/1992,166.364
01/10/1992,172.355
02/10/1992,181.776
03/10/1992,193.855
04/10/1992,203.781
05/10/1992,202.679
06/10/1992,183.714
07/10/1992,153.821
08/10/1992,118.139
09/10/1992,91.497
10/10/1992,73.948
11/10/1992,56.362
12/10/1992,48.834
13/10/1992,42.248
14/10/1992,33.814
15/10/1992,26.218
16/10/1992,24.55
17/10/1992,23.894
18/10/1992,22.312
19/10/1992,22.368
20/10/1992,25.84
21/10/1992,33.041
22/10/1992,39.187
23/10/1992,47.582
24/10/1992,55.158
25/10/1992,56.957
26/10/1992,56.078
27/10/1992,50.38
28/10/1992,42.935
29/10/1992,32.712
30/10/1992,25.588
31/10/1992,20.151
01/11/1992,21.971
02/11/1992,18.544
03/11/1992,15.579
04/11/1992,13.694
05/11/1992,12.943
06/11/1992,12.302
07/11/1992,11.469
08/11/1992,8.317
09/11/1992,6.524
10/11/1992,6.524
11/11/1992,6.524
12/11/1992,6.524
13/11/1992,6.524
14/11/1992,6.489
15/11/1992,6.053
16/11/1992,5.882
17/11/1992,5.301
18/11/1992,4.658
19/11/1992,4.237
20/11/1992,4.199
21/11/1992,3.711
22/11/1992,3.378
23/11/1992,3.349
24/11/1992,3.298
25/11/1992,2.673
26/11/1992,2.607
27/11/1992,2.581
28/11/1992,2.03
29/11/1992,1.555
30/11/1992,5.585
01/12/1992,28.543
02/12/1992,23.961
03/12/1992,18.009
04/12/1992,17.167
05/12/1992,18.533
06/12/1992,17.322
07/12/1992,14.971
08/12/1992,10.792
09/12/1992,6.799
10/12/1992,6.735
11/12/1992,9.345
12/12/1992,9.41
13/12/1992,6.799
14/12/1992,6.524
15/12/1992,6.472
16/12/1992,5.796
17/12/1992,5.259
18/12/1992,4.27
19/12/1992,3.149
20/12/1992,2.607
21/12/1992,2.581
22/12/1992,2.138
23/12/1992,1.523
24/12/1992,1.257
25/12/1992,1.11
26/12/1992,1.075
27/12/1992,0.81
28/12/1992,0.782
29/12/1992,0.782
30/12/1992,0.782
31/12/1992,0.831
01/01/1993,2.926
02/01/1993,21.602
03/01/1993,58.501
04/01/1993,92.762
05/01/1993,118.613
06/01/1993,151.678
07/01/1993,168.845
08/01/1993,186.869
09/01/1993,204.478
10/01/1993,227.125
11/01/1993,240.379
12/01/1993,254.572
13/01/1993,257.35
14/01/1993,243.108
15/01/1993,222.266
16/01/1993,188.188
17/01/1993,142.087
18/01/1993,95.373
19/01/1993,53.952
20/01/1993,35.466
21/01/1993,26.456
22/01/1993,24.79
23/01/1993,28.571
24/01/1993,30.031
25/01/1993,25.527
26/01/1993,21.488
27/01/1993,18.873
28/01/1993,18.844
29/01/1993,24.556
30/01/1993,34.11
31/01/1993,46.427
01/02/1993,62.759
02/02/1993,76.28
03/02/1993,84.397
04/02/1993,88.916
05/02/1993,86.832
06/02/1993,80.171
07/02/1993,72.524
08/02/1993,59.32
09/02/1993,48.451
10/02/1993,39.162
11/02/1993,29.804
12/02/1993,25.051
13/02/1993,21.162
14/02/1993,18.019
15/02/1993,15.338
16/02/1993,13.546
17/02/1993,10.696
18/02/1993,11.094
19/02/1993,14.964
20/02/1993,17.517
21/02/1993,19.888
22/02/1993,22.672
23/02/1993,25.091
24/02/1993,28.395
25/02/1993,27.623
26/02/1993,27.309
27/02/1993,27.045
28/02/1993,28.401
01/03/1993,27.503
02/03/1993,23.311
03/03/1993,18.996
04/03/1993,16.449
05/03/1993,13.743
06/03/1993,11.587
07/03/1993,9.79
08/03/1993,9.621
09/03/1993,9.621
10/03/1993,9.621
11/03/1993,9.621
12/03/1993,9.621
13/03/1993,9.621
14/03/1993,9.621
15/03/1993,9.621
16/03/1993,9.621
17/03/1993,9.41
18/03/1993,7.01
19/03/1993,9.475
20/03/1993,11.355
21/03/1993,10.662
22/03/1993,9.621
23/03/1993,9.621
24/03/1993,9.621
25/03/1993,9.621
26/03/1993,8.459
27/03/1993,6.524
28/03/1993,6.524
29/03/1993,6.524
30/03/1993,6.524
31/03/1993,6.524
01/04/1993,6.524
02/04/1993,6.524
03/04/1993,6.524
04/04/1993,6.524
05/04/1993,6.524
06/04/1993,6.524
07/04/1993,6.524
08/04/1993,6.524
09/04/1993,6.524
10/04/1993,6.524
11/04/1993,6.524
12/04/1993,6.524
13/04/1993,6.524
14/04/1993,6.735
15/04/1993,9.345
16/04/1993,9.621
17/04/1993,9.75
18/04/1993,11.355
19/04/1993,11.61
20/04/1993,12.68
21/04/1993,12.854
22/04/1993,13.614
23/04/1993,14.971
24/04/1993,16.37
25/04/1993,17.656
26/04/1993,17.791
27/04/1993,16.635
28/04/1993,14.016
29/04/1993,8.122
30/04/1993,6.735
01/05/1993,9.345
02/05/1993,9.621
03/05/1993,9.621
04/05/1993,9.41
05/05/1993,6.799
06/05/1993,6.524
07/05/1993,6.735
08/05/1993,9.773
09/05/1993,25.548
10/05/1993,104.459
11/05/1993,156.549
12/05/1993,235.993
13/05/1993,429.411
14/05/1993,537.202
15/05/1993,540.228
16/05/1993,504.187
17/05/1993,468.897
18/05/1993,443.632
19/05/1993,409.023
20/05/1993,382.86
21/05/1993,364.754
22/05/1993,343.595
23/05/1993,322.605
24/05/1993,291.651
25/05/1993,260.327
26/05/1993,246.812
27/05/1993,222.289
28/05/1993,189.335
29/05/1993,169.999
30/05/1993,162.965
31/05/1993,159.12
01/06/1993,167.4
02/06/1993,220.97
03/06/1993,241.364
04/06/1993,224.326
05/06/1993,247.824
06/06/1993,254.781
07/06/1993,252.662
08/06/1993,258.418
09/06/1993,274.832
10/06/1993,354.094
11/06/1993,384.241
12/06/1993,377.992
13/06/1993,364.358
14/06/1993,341.12
15/06/1993,324.388
16/06/1993,307.736
17/06/1993,291.572
18/06/1993,273.998
19/06/1993,257.569
20/06/1993,249.005
21/06/1993,240.743
22/06/1993,228.303
23/06/1993,235.976
24/06/1993,259.355
25/06/1993,277.788
26/06/1993,284.649
27/06/1993,275.661
28/06/1993,260.17
29/06/1993,228.66
30/06/1993,185.633
01/07/1993,141.003
02/07/1993,99.438
03/07/1993,74.815
04/07/1993,59.905
05/07/1993,48.971
06/07/1993,46.343
07/07/1993,45.081
08/07/1993,43.272
09/07/1993,45.665
10/07/1993,49.154
11/07/1993,57.192
12/07/1993,68.205
13/07/1993,76.83
14/07/1993,84.554
15/07/1993,91.62
16/07/1993,88.606
17/07/1993,91.982
18/07/1993,112.326
19/07/1993,62.012
20/07/1993,50.284
21/07/1993,44.833
22/07/1993,39.272
23/07/1993,34.705
24/07/1993,29.874
25/07/1993,26.194
26/07/1993,23.761
27/07/1993,21.989
28/07/1993,22.258
29/07/1993,39.153
30/07/1993,62.706
31/07/1993,82.628
01/08/1993,109.188
02/08/1993,125.605
03/08/1993,139.527
04/08/1993,154.007
05/08/1993,173.928
06/08/1993,187.409
07/08/1993,203.251
08/08/1993,212.809
09/08/1993,217.243
10/08/1993,210.089
11/08/1993,191.363
12/08/1993,151.041
13/08/1993,110.761
14/08/1993,78.641
15/08/1993,54.897
16/08/1993,42.009
17/08/1993,31.497
18/08/1993,32.265
19/08/1993,30.152
20/08/1993,28.293
21/08/1993,24.823
22/08/1993,22.531
23/08/1993,21.873
24/08/1993,20.714
25/08/1993,19.554
26/08/1993,19.361
27/08/1993,18.26
28/08/1993,17.081
29/08/1993,16.011
30/08/1993,18.821
31/08/1993,42.334
01/09/1993,49.012
02/09/1993,53.204
03/09/1993,57.274
04/09/1993,57.708
05/09/1993,60.988
06/09/1993,60.232
07/09/1993,59.244
08/09/1993,55.466
09/09/1993,46.677
10/09/1993,39.838
11/09/1993,34.992
12/09/1993,28.975
13/09/1993,23.606
14/09/1993,21.873
15/09/1993,20.251
16/09/1993,17.898
17/09/1993,16.474
18/09/1993,13.743
19/09/1993,11.587
20/09/1993,9.79
21/09/1993,9.41
22/09/1993,6.799
23/09/1993,6.524
24/09/1993,6.524
25/09/1993,6.524
26/09/1993,6.524
27/09/1993,6.524
28/09/1993,6.524
29/09/1993,6.524
30/09/1993,6.524
01/10/1993,6.524
02/10/1993,6.524
03/10/1993,6.735
04/10/1993,10.416
05/10/1993,11.395
06/10/1993,9.79
07/10/1993,9.621
08/10/1993,9.621
09/10/1993,9.621
10/10/1993,9.621
11/10/1993,9.621
12/10/1993,9.621
13/10/1993,9.898
14/10/1993,15.087
15/10/1993,20.215
16/10/1993,18.823
17/10/1993,23.752
18/10/1993,40.203
19/10/1993,46.043
20/10/1993,50.215
21/10/1993,61.214
22/10/1993,72.897
23/10/1993,85.884
24/10/1993,91.708
25/10/1993,97.137
26/10/1993,101.41
27/10/1993,105.669
28/10/1993,109.704
29/10/1993,113.531
30/10/1993,121.316
31/10/1993,133.664
01/11/1993,143.755
02/11/1993,143.52
03/11/1993,132.01
04/11/1993,116.07
05/11/1993,100.148
06/11/1993,87.304
07/11/1993,79.281
08/11/1993,76.315
09/11/1993,72.276
10/11/1993,61.434
11/11/1993,45.9
12/11/1993,31.784
13/11/1993,24.947
14/11/1993,21.96
15/11/1993,22.834
16/11/1993,36.713
17/11/1993,56.691
18/11/1993,75.141
19/11/1993,106.11
20/11/1993,128.923
21/11/1993,179.866
22/11/1993,241.363
23/11/1993,328.83
24/11/1993,447.643
25/11/1993,362.897
26/11/1993,365.912
27/11/1993,341.446
28/11/1993,308.122
29/11/1993,270.382
30/11/1993,232.084
01/12/1993,154.941
02/12/1993,134.29
03/12/1993,86.199
04/12/1993,74.157
05/12/1993,102.616
06/12/1993,101.524
07/12/1993,102.388
08/12/1993,123.238
09/12/1993,141.229
10/12/1993,162.853
11/12/1993,182.849
12/12/1993,206.871
13/12/1993,217.288
14/12/1993,227.044
15/12/1993,237.312
16/12/1993,246.459
17/12/1993,228.64
18/12/1993,188.286
19/12/1993,150.584
20/12/1993,134.634
21/12/1993,124.883
22/12/1993,103.941
23/12/1993,96.431
24/12/1993,100.44
25/12/1993,99.986
26/12/1993,91.125
27/12/1993,71.959
28/12/1993,53.213
29/12/1993,46.676
30/12/1993,36.764
31/12/1993,35.861
01/01/1994,44.457
02/01/1994,55.194
03/01/1994,66.704
04/01/1994,76.852
05/01/1994,86.997
06/01/1994,93.767
07/01/1994,98.098
08/01/1994,92.78
09/01/1994,73.934
10/01/1994,48.178
11/01/1994,28.212
12/01/1994,18.859
13/01/1994,19.361
14/01/1994,22.93
15/01/1994,27.369
16/01/1994,32.329
17/01/1994,32.67
18/01/1994,27.492
19/01/1994,20.834
20/01/1994,15.274
21/01/1994,9.772
22/01/1994,6.799
23/01/1994,6.524
24/01/1994,6.524
25/01/1994,6.44
26/01/1994,4.671
27/01/1994,3.349
28/01/1994,3.349
29/01/1994,3.07
30/01/1994,2.607
31/01/1994,2.718
01/02/1994,4.092
02/02/1994,4.308
03/02/1994,5.196
04/02/1994,5.289
05/02/1994,5.373
06/02/1994,6.414
07/02/1994,6.524
08/02/1994,6.524
09/02/1994,6.524
10/02/1994,6.735
11/02/1994,9.345
12/02/1994,9.75
13/02/1994,11.503
14/02/1994,15.077
15/02/1994,20.765
16/02/1994,28.63
17/02/1994,38.484
18/02/1994,53.991
19/02/1994,67.331
20/02/1994,80.598
21/02/1994,93.269
22/02/1994,105.923
23/02/1994,117.097
24/02/1994,128.546
25/02/1994,136.914
26/02/1994,142.759
27/02/1994,137.372
28/02/1994,128.695
01/03/1994,112.147
02/03/1994,87.749
03/03/1994,65.726
04/03/1994,51.353
05/03/1994,41.66
06/03/1994,35.093
07/03/1994,30.393
08/03/1994,26.103
09/03/1994,22.087
10/03/1994,19.019
11/03/1994,15.684
12/03/1994,12.473
13/03/1994,10.453
14/03/1994,9.621
15/03/1994,9.621
16/03/1994,9.41
17/03/1994,7.01
18/03/1994,9.345
19/03/1994,10.839
20/03/1994,15.257
21/03/1994,19.45
22/03/1994,24.848
23/03/1994,31.488
24/03/1994,38.889
25/03/1994,47.877
26/03/1994,55.369
27/03/1994,62.241
28/03/1994,69.596
29/03/1994,118.623
30/03/1994,139.415
31/03/1994,146.569
01/04/1994,157.979
02/04/1994,192.079
03/04/1994,203.626
04/04/1994,208.338
05/04/1994,199.813
06/04/1994,180.507
07/04/1994,160.582
08/04/1994,134.395
09/04/1994,114.534
10/04/1994,91.308
11/04/1994,68.112
12/04/1994,52.493
13/04/1994,46.578
14/04/1994,41.104
15/04/1994,31.765
16/04/1994,27.398
17/04/1994,24.914
18/04/1994,25.543
19/04/1994,31.488
20/04/1994,36.097
21/04/1994,36.594
22/04/1994,39.321
23/04/1994,39.721
24/04/1994,41.008
25/04/1994,39.756
26/04/1994,39.388
27/04/1994,36.554
28/04/1994,33.493
29/04/1994,28.867
30/04/1994,24.847
01/06/1994,40.542
02/06/1994,40.426
03/06/1994,34.992
04/06/1994,29.506
05/06/1994,25.36
06/06/1994,22.65
07/06/1994,21.873
08/06/1994,20.714
09/06/1994,19.554
10/06/1994,19.0
11/06/1994,17.833
12/06/1994,16.976
13/06/1994,16.011
14/06/1994,15.758
15/06/1994,13.891
16/06/1994,14.085
17/06/1994,52.919
18/06/1994,277.783
19/06/1994,400.744
20/06/1994,515.73
21/06/1994,530.283
22/06/1994,486.619
23/06/1994,448.583
24/06/1994,420.771
25/06/1994,402.25
26/06/1994,377.442
27/06/1994,334.043
28/06/1994,361.385
29/06/1994,346.965
30/06/1994,324.526
01/07/1994,305.1
02/07/1994,280.995
03/07/1994,250.599
04/07/1994,215.713
05/07/1994,150.13
06/07/1994,98.063
07/07/1994,61.251
08/07/1994,47.072
09/07/1994,41.537
10/07/1994,37.789
11/07/1994,36.374
12/07/1994,36.374
13/07/1994,38.816
14/07/1994,42.217
15/07/1994,42.956
16/07/1994,41.968
17/07/1994,35.825
18/07/1994,31.77
19/07/1994,28.025
20/07/1994,24.734
21/07/1994,22.349
22/07/1994,27.134
23/07/1994,32.315
24/07/1994,28.9
25/07/1994,25.285
26/07/1994,24.695
27/07/1994,30.076
28/07/1994,101.681
29/07/1994,169.441
30/07/1994,191.255
31/07/1994,280.116
01/08/1994,354.908
02/08/1994,511.654
03/08/1994,562.537
04/08/1994,521.791
05/08/1994,481.282
06/08/1994,394.81
07/08/1994,402.567
08/08/1994,371.903
09/08/1994,346.731
10/08/1994,316.165
11/08/1994,295.783
12/08/1994,265.74
13/08/1994,242.11
14/08/1994,195.841
15/08/1994,156.18
16/08/1994,137.286
17/08/1994,120.848
18/08/1994,114.501
19/08/1994,108.026
20/08/1994,94.888
21/08/1994,75.47
22/08/1994,57.738
23/08/1994,43.638
24/08/1994,34.992
25/08/1994,29.163
26/08/1994,26.067
27/08/1994,24.511
28/08/1994,23.295
29/08/1994,21.446
30/08/1994,21.935
31/08/1994,25.338
01/09/1994,38.039
02/09/1994,53.661
03/09/1994,66.368
04/09/1994,56.515
05/09/1994,88.602
06/09/1994,94.211
07/09/1994,98.286
08/09/1994,101.597
09/09/1994,100.015
10/09/1994,89.192
11/09/1994,72.771
12/09/1994,49.122
13/09/1994,34.588
14/09/1994,28.425
15/09/1994,25.58
16/09/1994,24.175
17/09/1994,21.645
18/09/1994,20.686
19/09/1994,20.772
20/09/1994,23.175
21/09/1994,27.268
22/09/1994,30.022
23/09/1994,28.2
24/09/1994,23.77
25/09/1994,20.799
26/09/1994,20.652
27/09/1994,20.179
28/09/1994,19.427
29/09/1994,18.34
30/09/1994,18.233
01/10/1994,19.466
02/10/1994,22.026
03/10/1994,23.615
04/10/1994,22.36
05/10/1994,19.133
06/10/1994,16.869
07/10/1994,14.971
08/10/1994,11.003
09/10/1994,9.41
10/10/1994,6.799
11/10/1994,7.955
12/10/1994,15.008
13/10/1994,42.215
14/10/1994,87.024
15/10/1994,131.829
16/10/1994,162.471
17/10/1994,201.814
18/10/1994,247.624
19/10/1994,291.212
20/10/1994,328.248
21/10/1994,351.666
22/10/1994,355.594
23/10/1994,357.831
24/10/1994,347.484
25/10/1994,341.137
26/10/1994,334.987
27/10/1994,322.794
28/10/1994,315.094
29/10/1994,288.013
30/10/1994,269.027
31/10/1994,251.6
01/11/1994,239.501
02/11/1994,203.19
03/11/1994,153.293
04/11/1994,110.712
05/11/1994,79.545
06/11/1994,66.066
07/11/1994,66.614
08/11/1994,70.417
09/11/1994,70.199
10/11/1994,66.118
11/11/1994,53.94
12/11/1994,38.138
13/11/1994,28.975
14/11/1994,23.519
15/11/1994,19.566
16/11/1994,17.081
17/11/1994,15.18
18/11/1994,13.546
19/11/1994,11.003
20/11/1994,9.621
21/11/1994,9.621
22/11/1994,9.621
23/11/1994,9.621
24/11/1994,9.41
25/11/1994,6.799
26/11/1994,6.524
27/11/1994,6.524
28/11/1994,6.524
29/11/1994,6.524
30/11/1994,6.524
01/12/1994,6.44
02/12/1994,5.581
03/12/1994,4.807
04/12/1994,4.392
05/12/1994,6.321
06/12/1994,6.735
07/12/1994,9.475
08/12/1994,11.503
09/12/1994,16.087
10/12/1994,23.052
11/12/1994,28.571
12/12/1994,30.67
13/12/1994,27.323
14/12/1994,19.776
15/12/1994,13.435
16/12/1994,11.469
17/12/1994,9.579
18/12/1994,6.644
19/12/1994,4.44
20/12/1994,4.176
21/12/1994,3.427
22/12/1994,3.298
23/12/1994,2.673
24/12/1994,2.565
25/12/1994,2.049
26/12/1994,1.982
27/12/1994,1.513
28/12/1994,1.111
29/12/1994,0.81
30/12/1994,0.782
31/12/1994,0.782
01/01/1995,0.782
02/01/1995,0.782
03/01/1995,0.766
04/01/1995,0.562
05/01/1995,0.578
06/01/1995,2.12
07/01/1995,4.552
08/01/1995,5.157
09/01/1995,3.521
10/01/1995,3.298
11/01/1995,2.673
12/01/1995,3.343
13/01/1995,6.272
14/01/1995,6.524
15/01/1995,6.524
16/01/1995,6.44
17/01/1995,5.399
18/01/1995,5.217
19/01/1995,3.831
20/01/1995,3.349
21/01/1995,3.349
22/01/1995,3.298
23/01/1995,2.723
24/01/1995,3.283
25/01/1995,3.349
26/01/1995,3.349
27/01/1995,3.349
28/01/1995,3.298
29/01/1995,2.631
30/01/1995,2.049
31/01/1995,1.994
01/02/1995,1.994
02/02/1995,1.994
03/02/1995,1.994
04/02/1995,1.96
05/02/1995,1.513
06/02/1995,1.132
07/02/1995,1.096
08/02/1995,1.075
09/02/1995,0.81
10/02/1995,0.804
11/02/1995,1.068
12/02/1995,1.124
13/02/1995,1.893
14/02/1995,4.629
15/02/1995,5.05
16/02/1995,6.321
17/02/1995,6.735
18/02/1995,10.286
19/02/1995,9.579
20/02/1995,7.01
21/02/1995,10.207
22/02/1995,14.778
23/02/1995,16.323
24/02/1995,16.332
25/02/1995,15.798
26/02/1995,12.234
27/02/1995,14.418
28/02/1995,18.24
01/03/1995,20.471
02/03/1995,18.389
03/03/1995,19.718
04/03/1995,21.935
05/03/1995,24.509
06/03/1995,29.252
07/03/1995,36.748
08/03/1995,53.997
09/03/1995,62.358
10/03/1995,60.076
11/03/1995,64.063
12/03/1995,65.879
13/03/1995,69.385
14/03/1995,71.764
15/03/1995,78.74
16/03/1995,81.834
17/03/1995,76.42
18/03/1995,65.833
19/03/1995,47.204
20/03/1995,31.505
21/03/1995,22.936
22/03/1995,19.566
23/03/1995,16.579
24/03/1995,13.077
25/03/1995,10.81
26/03/1995,9.621
27/03/1995,9.621
28/03/1995,9.621
29/03/1995,9.621
30/03/1995,9.621
31/03/1995,9.621
01/04/1995,9.621
02/04/1995,10.839
03/04/1995,13.652
04/04/1995,15.79
05/04/1995,16.952
06/04/1995,17.799
07/04/1995,20.121
08/04/1995,22.672
09/04/1995,24.392
10/04/1995,23.295
11/04/1995,21.905
12/04/1995,18.544
13/04/1995,16.976
14/04/1995,15.18
15/04/1995,13.694
16/04/1995,12.473
17/04/1995,10.81
18/04/1995,9.621
19/04/1995,9.621
20/04/1995,9.41
21/04/1995,6.799
22/04/1995,6.524
23/04/1995,6.524
24/04/1995,5.829
25/04/1995,5.289
26/04/1995,5.289
27/04/1995,5.289
28/04/1995,5.217
29/04/1995,4.33
30/04/1995,4.392
01/05/1995,9.487
02/05/1995,21.032
03/05/1995,22.973
04/05/1995,27.84
05/05/1995,35.244
06/05/1995,51.567
07/05/1995,70.89
08/05/1995,87.971
09/05/1995,94.608
10/05/1995,99.206
11/05/1995,100.597
12/05/1995,93.732
13/05/1995,82.46
14/05/1995,83.784
15/05/1995,77.443
16/05/1995,67.782
17/05/1995,65.509
18/05/1995,65.191
19/05/1995,60.664
20/05/1995,53.87
21/05/1995,50.582
22/05/1995,36.031
23/05/1995,21.469
24/05/1995,17.658
25/05/1995,13.993
26/05/1995,13.417
27/05/1995,9.983
28/05/1995,9.621
29/05/1995,9.41
30/05/1995,6.799
31/05/1995,6.524
01/06/1995,6.524
02/06/1995,6.524
03/06/1995,6.524
04/06/1995,6.524
05/06/1995,6.524
06/06/1995,6.524
07/06/1995,6.524
08/06/1995,6.524
09/06/1995,6.44
10/06/1995,5.399
11/06/1995,5.217
12/06/1995,4.33
13/06/1995,4.237
14/06/1995,4.237
15/06/1995,14.041
16/06/1995,64.177
17/06/1995,96.709
18/06/1995,68.177
19/06/1995,57.566
20/06/1995,70.808
21/06/1995,86.122
22/06/1995,114.915
23/06/1995,113.139
24/06/1995,110.629
25/06/1995,108.349
26/06/1995,103.094
27/06/1995,88.939
28/06/1995,71.04
29/06/1995,58.157
30/06/1995,52.846
01/07/1995,66.329
02/07/1995,129.092
03/07/1995,265.069
04/07/1995,338.805
05/07/1995,415.286
06/07/1995,406.057
07/07/1995,404.516
08/07/1995,425.338
09/07/1995,416.384
10/07/1995,393.618
11/07/1995,371.026
12/07/1995,344.833
13/07/1995,323.669
14/07/1995,315.527
15/07/1995,338.983
16/07/1995,410.496
17/07/1995,457.75
18/07/1995,534.959
19/07/1995,558.445
20/07/1995,498.458
21/07/1995,443.221
22/07/1995,405.152
23/07/1995,376.671
24/07/1995,346.967
25/07/1995,319.256
26/07/1995,299.012
27/07/1995,290.686
28/07/1995,285.839
29/07/1995,280.144
30/07/1995,277.241
31/07/1995,280.181
01/08/1995,279.717
02/08/1995,290.513
03/08/1995,324.882
04/08/1995,351.41
05/08/1995,345.608
06/08/1995,325.847
07/08/1995,301.235
08/08/1995,276.527
09/08/1995,249.635
10/08/1995,218.18
11/08/1995,180.929
12/08/1995,147.728
13/08/1995,112.227
14/08/1995,82.962
15/08/1995,60.284
16/08/1995,48.399
17/08/1995,41.38
18/08/1995,39.519
19/08/1995,38.373
20/08/1995,37.625
21/08/1995,36.165
22/08/1995,33.802
23/08/1995,31.009
24/08/1995,27.559
25/08/1995,24.437
26/08/1995,22.21
27/08/1995,20.103
28/08/1995,17.777
29/08/1995,16.841
30/08/1995,15.937
31/08/1995,14.393
01/09/1995,13.187
02/09/1995,12.236
03/09/1995,10.543
04/09/1995,8.99
05/09/1995,8.699
06/09/1995,7.678
07/09/1995,6.598
08/09/1995,6.524
09/09/1995,7.004
10/09/1995,15.91
11/09/1995,32.377
12/09/1995,29.784
13/09/1995,33.402
14/09/1995,59.929
15/09/1995,69.638
16/09/1995,76.788
17/09/1995,89.092
18/09/1995,99.05
19/09/1995,106.775
20/09/1995,110.152
21/09/1995,113.267
22/09/1995,113.109
23/09/1995,104.946
24/09/1995,86.792
25/09/1995,60.556
26/09/1995,39.371
27/09/1995,24.328
28/09/1995,17.582
29/09/1995,15.42
30/09/1995,11.184
01/10/1995,12.908
02/10/1995,12.362
03/10/1995,11.937
04/10/1995,20.663
05/10/1995,31.372
06/10/1995,25.521
07/10/1995,26.962
08/10/1995,37.416
09/10/1995,44.52
10/10/1995,51.776
11/10/1995,60.531
12/10/1995,65.078
13/10/1995,64.609
14/10/1995,60.687
15/10/1995,51.693
16/10/1995,37.312
17/10/1995,26.411
18/10/1995,21.012
19/10/1995,18.269
20/10/1995,13.853
21/10/1995,9.695
22/10/1995,9.27
23/10/1995,8.462
24/10/1995,7.309
25/10/1995,5.929
26/10/1995,5.454
27/10/1995,5.112
28/10/1995,5.698
29/10/1995,5.812
30/10/1995,6.262
31/10/1995,6.042
01/11/1995,8.084
02/11/1995,23.65
03/11/1995,34.388
04/11/1995,44.11
05/11/1995,47.088
06/11/1995,41.739
07/11/1995,29.83
08/11/1995,20.125
09/11/1995,26.953
10/11/1995,83.096
11/11/1995,94.82
12/11/1995,102.728
13/11/1995,105.06
14/11/1995,111.882
15/11/1995,112.328
16/11/1995,107.709
17/11/1995,105.155
18/11/1995,91.724
19/11/1995,68.001
20/11/1995,44.706
21/11/1995,30.649
22/11/1995,21.66
23/11/1995,17.971
24/11/1995,16.575
25/11/1995,12.993
26/11/1995,8.629
27/11/1995,6.851
28/11/1995,11.593
29/11/1995,5.949
30/11/1995,4.634
01/12/1995,3.142
02/12/1995,2.693
03/12/1995,2.589
04/12/1995,2.309
05/12/1995,1.974
06/12/1995,1.702
07/12/1995,1.496
08/12/1995,1.49
09/12/1995,1.416
10/12/1995,1.321
11/12/1995,1.046
12/12/1995,0.9
13/12/1995,0.784
14/12/1995,0.733
15/12/1995,0.728
16/12/1995,0.728
17/12/1995,0.728
18/12/1995,0.709
19/12/1995,0.677
20/12/1995,0.677
21/12/1995,0.677
22/12/1995,0.677
23/12/1995,0.674
24/12/1995,0.655
25/12/1995,0.793
26/12/1995,1.666
27/12/1995,1.85
28/12/1995,1.598
29/12/1995,1.316
30/12/1995,0.875
31/12/1995,0.779
01/01/1996,0.754
02/01/1996,1.434
03/01/1996,2.389
04/01/1996,1.874
05/01/1996,1.726
06/01/1996,1.901
07/01/1996,2.072
08/01/1996,1.885
09/01/1996,1.513
10/01/1996,1.149
11/01/1996,1.07
12/01/1996,1.023
13/01/1996,0.94
14/01/1996,0.852
15/01/1996,0.95
16/01/1996,0.961
17/01/1996,1.2
18/01/1996,1.638
19/01/1996,2.552
20/01/1996,3.189
21/01/1996,3.179
22/01/1996,2.851
23/01/1996,2.353
24/01/1996,2.065
25/01/1996,2.24
26/01/1996,2.902
27/01/1996,5.403
28/01/1996,11.91
29/01/1996,15.444
30/01/1996,20.355
31/01/1996,26.492
01/02/1996,35.25
02/02/1996,44.445
03/02/1996,52.59
04/02/1996,58.476
05/02/1996,64.046
06/02/1996,70.352
07/02/1996,74.007
08/02/1996,76.007
09/02/1996,72.485
10/02/1996,63.139
11/02/1996,48.2
12/02/1996,31.906
13/02/1996,21.236
14/02/1996,15.185
15/02/1996,10.929
16/02/1996,8.389
17/02/1996,8.703
18/02/1996,9.597
19/02/1996,9.278
20/02/1996,8.731
21/02/1996,6.898
22/02/1996,5.636
23/02/1996,5.07
24/02/1996,4.523
25/02/1996,4.199
26/02/1996,4.563
27/02/1996,14.547
28/02/1996,31.639
29/02/1996,51.837
01/03/1996,67.761
02/03/1996,78.148
03/03/1996,84.753
04/03/1996,89.356
05/03/1996,90.34
06/03/1996,85.156
07/03/1996,71.239
08/03/1996,52.914
09/03/1996,34.955
10/03/1996,24.33
11/03/1996,18.67
12/03/1996,15.274
13/03/1996,11.976
14/03/1996,9.695
15/03/1996,8.889
16/03/1996,7.206
17/03/1996,5.237
18/03/1996,4.959
19/03/1996,5.35
20/03/1996,5.022
21/03/1996,4.379
22/03/1996,4.237
23/03/1996,4.153
24/03/1996,3.879
25/03/1996,4.3
26/03/1996,6.247
27/03/1996,7.073
28/03/1996,7.036
29/03/1996,6.798
30/03/1996,7.278
31/03/1996,6.598
01/04/1996,6.524
02/04/1996,11.721
03/04/1996,40.508
04/04/1996,68.867
05/04/1996,96.9
06/04/1996,139.369
07/04/1996,182.427
08/04/1996,280.258
09/04/1996,403.999
10/04/1996,421.577
11/04/1996,415.916
12/04/1996,409.127
13/04/1996,392.887
14/04/1996,366.837
15/04/1996,348.498
16/04/1996,335.693
17/04/1996,313.663
18/04/1996,296.293
19/04/1996,261.389
20/04/1996,226.632
21/04/1996,195.951
22/04/1996,166.353
23/04/1996,138.17
24/04/1996,115.396
25/04/1996,94.494
26/04/1996,76.547
27/04/1996,68.578
28/04/1996,72.799
29/04/1996,81.321
30/04/1996,82.875
01/05/1996,89.786
02/05/1996,95.582
03/05/1996,101.844
04/05/1996,106.678
05/05/1996,106.911
06/05/1996,100.448
07/05/1996,79.258
08/05/1996,55.347
09/05/1996,37.141
10/05/1996,26.701
11/05/1996,22.088
12/05/1996,18.68
13/05/1996,17.553
14/05/1996,16.589
15/05/1996,14.766
16/05/1996,13.434
17/05/1996,11.82
18/05/1996,11.298
19/05/1996,11.096
20/05/1996,10.741
21/05/1996,10.336
22/05/1996,8.932
23/05/1996,6.757
24/05/1996,7.556
25/05/1996,7.656
26/05/1996,7.345
27/05/1996,6.573
28/05/1996,6.524
29/05/1996,6.506
30/05/1996,6.285
31/05/1996,6.261
01/06/1996,6.261
02/06/1996,6.261
03/06/1996,6.244
04/06/1996,6.029
05/06/1996,5.852
06/06/1996,5.511
07/06/1996,5.105
08/06/1996,5.065
09/06/1996,5.065
10/06/1996,4.969
11/06/1996,4.656
12/06/1996,4.637
13/06/1996,4.623
14/06/1996,4.552
15/06/1996,4.557
16/06/1996,5.248
17/06/1996,7.323
18/06/1996,11.209
19/06/1996,18.369
20/06/1996,29.999
21/06/1996,40.845
22/06/1996,47.067
23/06/1996,48.0
24/06/1996,39.922
25/06/1996,33.163
26/06/1996,29.184
27/06/1996,26.618
28/06/1996,25.767
29/06/1996,25.126
30/06/1996,22.35
01/07/1996,18.579
02/07/1996,15.45
03/07/1996,12.562
04/07/1996,11.939
05/07/1996,10.986
06/07/1996,10.198
07/07/1996,9.182
08/07/1996,8.463
09/07/1996,7.581
10/07/1996,6.958
11/07/1996,6.309
12/07/1996,6.244
13/07/1996,6.029
14/07/1996,5.898
15/07/1996,5.526
16/07/1996,5.31
17/07/1996,5.289
18/07/1996,5.289
19/07/1996,5.274
20/07/1996,5.085
21/07/1996,5.065
22/07/1996,5.065
23/07/1996,5.065
24/07/1996,4.864
25/07/1996,4.436
26/07/1996,4.064
27/07/1996,3.877
28/07/1996,3.674
29/07/1996,3.582
30/07/1996,3.456
31/07/1996,3.203
01/08/1996,3.179
02/08/1996,3.049
03/08/1996,3.035
04/08/1996,3.025
05/08/1996,2.9
06/08/1996,2.877
07/08/1996,2.747
08/08/1996,2.488
09/08/1996,2.194
10/08/1996,3.392
11/08/1996,8.028
12/08/1996,15.788
13/08/1996,24.916
14/08/1996,34.428
15/08/1996,39.676
16/08/1996,39.181
17/08/1996,34.067
18/08/1996,35.414
19/08/1996,48.431
20/08/1996,59.035
21/08/1996,66.751
22/08/1996,66.872
23/08/1996,54.001
24/08/1996,34.906
25/08/1996,21.502
26/08/1996,15.007
27/08/1996,11.128
28/08/1996,10.871
29/08/1996,19.321
30/08/1996,28.068
31/08/1996,43.216
01/09/1996,55.893
02/09/1996,65.919
03/09/1996,73.736
04/09/1996,74.708
05/09/1996,70.198
06/09/1996,66.392
07/09/1996,63.37
08/09/1996,61.939
09/09/1996,57.37
10/09/1996,48.566
11/09/1996,42.503
12/09/1996,43.222
13/09/1996,51.621
14/09/1996,60.988
15/09/1996,68.217
16/09/1996,72.08
17/09/1996,67.022
18/09/1996,52.809
19/09/1996,36.384
20/09/1996,28.327
21/09/1996,66.154
22/09/1996,152.153
23/09/1996,184.427
24/09/1996,214.262
25/09/1996,234.442
26/09/1996,226.182
27/09/1996,201.548
28/09/1996,170.013
29/09/1996,151.544
30/09/1996,135.453
01/10/1996,93.978
02/10/1996,64.465
03/10/1996,43.027
04/10/1996,26.364
05/10/1996,49.92
06/10/1996,66.101
07/10/1996,78.579
08/10/1996,75.936
09/10/1996,67.739
10/10/1996,63.388
11/10/1996,58.584
12/10/1996,47.559
13/10/1996,35.805
14/10/1996,25.811
15/10/1996,20.192
16/10/1996,16.557
17/10/1996,14.042
18/10/1996,15.413
19/10/1996,12.683
20/10/1996,12.066
21/10/1996,9.399
22/10/1996,7.745
23/10/1996,8.008
24/10/1996,12.489
25/10/1996,18.634
26/10/1996,22.318
27/10/1996,23.935
28/10/1996,27.545
29/10/1996,34.538
30/10/1996,40.887
01/11/1996,45.455
02/11/1996,45.31
03/11/1996,38.707
04/11/1996,28.706
05/11/1996,21.02
06/11/1996,16.557
07/11/1996,12.697
08/11/1996,8.915
09/11/1996,47.026
10/11/1996,134.987
11/11/1996,142.869
12/11/1996,141.825
13/11/1996,137.42
14/11/1996,135.087
15/11/1996,138.25
16/11/1996,141.27
17/11/1996,138.472
18/11/1996,128.764
19/11/1996,106.729
20/11/1996,71.708
21/11/1996,36.406
22/11/1996,20.027
23/11/1996,12.588
24/11/1996,6.968
25/11/1996,6.156
26/11/1996,5.301
27/11/1996,4.21
28/11/1996,2.31
29/11/1996,1.714
30/11/1996,1.971
01/12/1996,2.01
02/12/1996,1.631
03/12/1996,1.375
04/12/1996,1.105
05/12/1996,1.029
06/12/1996,0.967
07/12/1996,0.934
08/12/1996,0.76
09/12/1996,0.633
10/12/1996,0.629
11/12/1996,0.629
12/12/1996,0.629
13/12/1996,0.629
14/12/1996,0.629
15/12/1996,0.629
16/12/1996,0.629
17/12/1996,0.629
18/12/1996,0.609
19/12/1996,0.544
20/12/1996,0.538
21/12/1996,0.503
22/12/1996,0.5
23/12/1996,0.518
24/12/1996,0.577
25/12/1996,0.541
26/12/1996,0.501
27/12/1996,0.465
28/12/1996,0.461
29/12/1996,0.461
30/12/1996,0.459
31/12/1996,0.428
01/01/1997,0.423
02/01/1997,0.394
03/01/1997,0.391
04/01/1997,0.389
05/01/1997,0.362
06/01/1997,0.359
07/01/1997,0.359
08/01/1997,0.359
09/01/1997,0.359
10/01/1997,0.359
11/01/1997,0.359
12/01/1997,0.361
13/01/1997,0.388
14/01/1997,0.391
15/01/1997,0.393
16/01/1997,0.424
17/01/1997,0.458
18/01/1997,0.604
19/01/1997,0.772
20/01/1997,0.721
21/01/1997,1.094
22/01/1997,1.59
23/01/1997,1.945
24/01/1997,1.518
25/01/1997,1.172
26/01/1997,0.754
27/01/1997,0.511
28/01/1997,0.518
29/01/1997,0.58
30/01/1997,0.584
31/01/1997,0.584
01/02/1997,0.584
02/02/1997,0.581
03/02/1997,0.544
04/02/1997,0.592
05/02/1997,0.989
06/02/1997,3.071
07/02/1997,11.128
08/02/1997,25.258
09/02/1997,45.123
10/02/1997,82.334
11/02/1997,119.106
12/02/1997,132.104
13/02/1997,136.327
14/02/1997,140.924
15/02/1997,147.095
16/02/1997,156.109
17/02/1997,164.593
18/02/1997,169.356
19/02/1997,169.04
20/02/1997,159.889
21/02/1997,143.034
22/02/1997,121.693
23/02/1997,104.088
24/02/1997,95.101
25/02/1997,89.303
26/02/1997,79.369
27/02/1997,64.393
28/02/1997,47.135
01/03/1997,34.681
02/03/1997,27.647
03/03/1997,23.926
04/03/1997,21.219
05/03/1997,18.084
06/03/1997,15.548
07/03/1997,13.822
08/03/1997,12.708
09/03/1997,9.826
10/03/1997,9.621
11/03/1997,9.597
12/03/1997,9.301
13/03/1997,9.27
14/03/1997,9.119
15/03/1997,8.604
16/03/1997,7.699
17/03/1997,6.573
18/03/1997,6.156
19/03/1997,5.331
20/03/1997,5.289
21/03/1997,5.274
22/03/1997,5.085
23/03/1997,4.955
24/03/1997,4.457
25/03/1997,4.241
26/03/1997,3.882
27/03/1997,3.529
28/03/1997,3.514
29/03/1997,3.503
30/03/1997,3.352
31/03/1997,3.193
01/04/1997,3.049
02/04/1997,3.015
03/04/1997,2.761
04/04/1997,2.619
05/04/1997,2.607
06/04/1997,2.598
07/04/1997,2.486
08/04/1997,2.474
09/04/1997,2.474
10/04/1997,2.466
11/04/1997,2.358
12/04/1997,2.478
13/04/1997,2.732
14/04/1997,2.735
15/04/1997,2.619
16/04/1997,2.607
17/04/1997,2.607
18/04/1997,2.748
19/04/1997,3.091
20/04/1997,3.346
21/04/1997,3.688
22/04/1997,4.204
23/04/1997,4.324
24/04/1997,4.633
25/04/1997,4.843
26/04/1997,5.145
27/04/1997,5.516
28/04/1997,5.739
29/04/1997,5.76
30/04/1997,5.744
01/05/1997,5.542
02/05/1997,5.521
03/05/1997,5.521
04/05/1997,5.419
05/05/1997,5.085
06/05/1997,5.05
07/05/1997,4.659
08/05/1997,4.17
09/05/1997,3.801
10/05/1997,3.366
11/05/1997,3.049
12/05/1997,2.889
13/05/1997,2.61
14/05/1997,2.486
15/05/1997,2.466
16/05/1997,2.304
17/05/1997,2.068
18/05/1997,4.691
19/05/1997,48.297
20/05/1997,125.45
21/05/1997,169.585
22/05/1997,207.91
23/05/1997,247.2
24/05/1997,271.136
25/05/1997,279.064
26/05/1997,289.216
27/05/1997,303.695
28/05/1997,306.802
29/05/1997,296.57
30/05/1997,274.001
31/05/1997,242.817
01/06/1997,200.354
02/06/1997,150.128
03/06/1997,93.597
04/06/1997,49.533
05/06/1997,30.087
06/06/1997,25.842
07/06/1997,24.65
08/06/1997,26.526
09/06/1997,32.641
10/06/1997,35.002
11/06/1997,34.466
12/06/1997,33.677
13/06/1997,44.543
14/06/1997,84.49
15/06/1997,106.002
16/06/1997,118.173
17/06/1997,128.132
18/06/1997,137.103
19/06/1997,141.3
20/06/1997,157.073
21/06/1997,190.592
22/06/1997,252.568
23/06/1997,287.544
24/06/1997,299.966
25/06/1997,300.728
26/06/1997,300.654
27/06/1997,299.268
28/06/1997,296.443
29/06/1997,289.654
30/06/1997,270.793
01/07/1997,252.427
02/07/1997,240.858
03/07/1997,220.811
04/07/1997,192.263
05/07/1997,157.337
06/07/1997,117.334
07/07/1997,77.336
08/07/1997,53.178
09/07/1997,68.072
10/07/1997,75.789
11/07/1997,82.455
12/07/1997,90.244
13/07/1997,99.134
14/07/1997,108.97
15/07/1997,123.329
16/07/1997,137.323
17/07/1997,148.315
18/07/1997,150.854
19/07/1997,139.885
20/07/1997,119.572
21/07/1997,106.609
22/07/1997,102.907
23/07/1997,130.315
24/07/1997,152.174
25/07/1997,166.842
26/07/1997,170.303
27/07/1997,156.597
28/07/1997,127.233
29/07/1997,91.362
30/07/1997,56.931
31/07/1997,35.914
01/08/1997,30.722
02/08/1997,32.987
03/08/1997,35.672
04/08/1997,45.16
05/08/1997,55.177
06/08/1997,64.072
07/08/1997,76.352
08/08/1997,89.545
09/08/1997,100.078
10/08/1997,107.085
11/08/1997,110.621
12/08/1997,108.127
13/08/1997,97.503
14/08/1997,79.646
15/08/1997,58.326
16/08/1997,48.912
17/08/1997,51.364
18/08/1997,44.993
19/08/1997,49.414
20/08/1997,76.742
21/08/1997,93.149
22/08/1997,104.126
23/08/1997,117.98
24/08/1997,133.803
25/08/1997,145.204
26/08/1997,156.008
27/08/1997,164.776
28/08/1997,169.102
29/08/1997,166.757
30/08/1997,152.565
31/08/1997,127.093
01/09/1997,90.429
02/09/1997,54.193
03/09/1997,38.092
04/09/1997,31.164
05/09/1997,114.677
06/09/1997,149.555
07/09/1997,146.93
08/09/1997,160.137
09/09/1997,173.944
10/09/1997,166.103
11/09/1997,163.573
12/09/1997,163.362
13/09/1997,163.362
14/09/1997,161.509
15/09/1997,153.894
16/09/1997,138.579
17/09/1997,106.944
18/09/1997,70.713
19/09/1997,43.113
20/09/1997,29.366
21/09/1997,23.956
22/09/1997,20.321
23/09/1997,17.332
24/09/1997,14.051
25/09/1997,12.408
26/09/1997,11.369
27/09/1997,9.206
28/09/1997,7.428
29/09/1997,6.573
30/09/1997,6.506
01/10/1997,6.251
02/10/1997,5.805
03/10/1997,5.76
04/10/1997,6.748
05/10/1997,12.475
06/10/1997,17.753
07/10/1997,13.993
08/10/1997,14.697
09/10/1997,18.216
10/10/1997,25.619
11/10/1997,43.449
12/10/1997,60.903
13/10/1997,76.207
14/10/1997,88.669
15/10/1997,95.712
16/10/1997,91.156
17/10/1997,77.272
18/10/1997,73.233
19/10/1997,79.732
20/10/1997,94.24
21/10/1997,109.091
22/10/1997,126.041
23/10/1997,145.332
24/10/1997,157.522
25/10/1997,158.949
26/10/1997,143.511
27/10/1997,118.5
28/10/1997,110.367
29/10/1997,119.969
30/10/1997,116.479
31/10/1997,120.629
01/11/1997,136.721
02/11/1997,172.589
03/11/1997,233.039
04/11/1997,271.127
05/11/1997,295.312
06/11/1997,303.815
07/11/1997,304.473
08/11/1997,291.317
09/11/1997,272.929
10/11/1997,253.176
11/11/1997,223.472
12/11/1997,193.434
13/11/1997,190.153
14/11/1997,182.986
15/11/1997,178.122
16/11/1997,177.961
17/11/1997,182.773
18/11/1997,194.144
19/11/1997,206.623
20/11/1997,220.7
21/11/1997,231.763
22/11/1997,235.576
23/11/1997,227.621
24/11/1997,205.288
25/11/1997,165.357
26/11/1997,114.652
27/11/1997,70.968
28/11/1997,46.667
29/11/1997,43.077
30/11/1997,44.016
01/12/1997,47.484
02/12/1997,54.56
03/12/1997,55.603
04/12/1997,46.591
05/12/1997,32.807
06/12/1997,20.708
07/12/1997,14.33
08/12/1997,8.897
09/12/1997,6.492
10/12/1997,5.332
11/12/1997,4.291
12/12/1997,18.549
13/12/1997,72.735
14/12/1997,81.375
15/12/1997,71.741
16/12/1997,68.559
17/12/1997,65.545
18/12/1997,66.586
19/12/1997,70.118
20/12/1997,74.011
21/12/1997,100.572
22/12/1997,165.592
23/12/1997,180.221
24/12/1997,241.406
25/12/1997,463.945
26/12/1997,495.356
27/12/1997,468.756
28/12/1997,447.09
29/12/1997,443.549
30/12/1997,447.655
31/12/1997,459.803
01/01/1998,481.64
02/01/1998,474.658
03/01/1998,449.351
04/01/1998,424.66
05/01/1998,421.031
06/01/1998,444.398
07/01/1998,478.852
08/01/1998,535.225
09/01/1998,596.801
10/01/1998,568.374
11/01/1998,515.114
12/01/1998,463.937
13/01/1998,424.187
14/01/1998,393.526
15/01/1998,363.159
16/01/1998,336.112
17/01/1998,313.369
18/01/1998,288.42
19/01/1998,254.693
20/01/1998,219.002
21/01/1998,211.921
22/01/1998,167.45
23/01/1998,122.525
24/01/1998,83.161
25/01/1998,49.105
26/01/1998,37.575
27/01/1998,30.696
28/01/1998,27.112
29/01/1998,26.763
30/01/1998,28.93
31/01/1998,29.284
01/02/1998,32.387
02/02/1998,34.329
03/02/1998,52.066
04/02/1998,108.86
05/02/1998,148.192
06/02/1998,174.448
07/02/1998,222.342
08/02/1998,249.601
09/02/1998,272.212
10/02/1998,303.264
11/02/1998,332.223
12/02/1998,345.768
13/02/1998,343.407
14/02/1998,334.694
15/02/1998,322.852
16/02/1998,309.73
17/02/1998,292.565
18/02/1998,273.67
19/02/1998,251.22
20/02/1998,226.979
21/02/1998,187.741
22/02/1998,140.99
23/02/1998,90.286
24/02/1998,57.446
25/02/1998,50.584
26/02/1998,46.404
27/02/1998,40.487
28/02/1998,36.734
01/03/1998,41.43
02/03/1998,54.878
03/03/1998,70.431
04/03/1998,84.091
05/03/1998,91.118
06/03/1998,94.768
07/03/1998,103.169
08/03/1998,113.087
09/03/1998,124.648
10/03/1998,139.336
11/03/1998,149.561
12/03/1998,153.662
13/03/1998,148.88
14/03/1998,137.189
15/03/1998,121.634
16/03/1998,108.762
17/03/1998,99.842
18/03/1998,95.77
19/03/1998,95.38
20/03/1998,98.832
21/03/1998,102.341
22/03/1998,107.172
23/03/1998,111.637
24/03/1998,113.746
25/03/1998,115.557
26/03/1998,122.304
27/03/1998,127.779
28/03/1998,131.487
29/03/1998,128.806
30/03/1998,115.903
31/03/1998,92.047
01/04/1998,64.343
02/04/1998,44.882
03/04/1998,35.527
04/04/1998,31.216
05/04/1998,27.96
06/04/1998,25.566
07/04/1998,24.869
08/04/1998,23.229
09/04/1998,25.383
10/04/1998,30.345
11/04/1998,40.791
12/04/1998,59.154
13/04/1998,79.249
14/04/1998,109.171
15/04/1998,158.824
16/04/1998,241.705
17/04/1998,359.791
18/04/1998,525.849
19/04/1998,749.948
20/04/1998,787.364
21/04/1998,696.33
22/04/1998,583.467
23/04/1998,512.356
24/04/1998,462.837
25/04/1998,424.776
26/04/1998,388.087
27/04/1998,359.311
28/04/1998,335.902
29/04/1998,313.006
30/04/1998,284.634
01/05/1998,253.867
02/05/1998,215.59
03/05/1998,167.45
04/05/1998,126.012
05/05/1998,103.666
06/05/1998,75.38
07/05/1998,57.797
08/05/1998,51.858
09/05/1998,46.63
10/05/1998,58.965
11/05/1998,28.899
12/05/1998,30.822
13/05/1998,33.921
14/05/1998,54.338
15/05/1998,119.819
16/05/1998,163.968
17/05/1998,192.005
18/05/1998,240.573
19/05/1998,324.341
20/05/1998,390.929
21/05/1998,401.685
22/05/1998,395.784
23/05/1998,377.607
24/05/1998,358.233
25/05/1998,353.922
26/05/1998,381.886
27/05/1998,407.066
28/05/1998,464.602
29/05/1998,491.152
30/05/1998,471.352
31/05/1998,442.129
01/06/1998,414.791
02/06/1998,384.169
03/06/1998,359.311
04/06/1998,335.525
05/06/1998,308.015
06/06/1998,276.902
07/06/1998,247.008
08/06/1998,203.811
09/06/1998,155.53
10/06/1998,121.872
11/06/1998,136.19
12/06/1998,157.993
13/06/1998,178.633
14/06/1998,265.782
15/06/1998,464.894
16/06/1998,479.076
17/06/1998,437.315
18/06/1998,408.783
19/06/1998,389.384
20/06/1998,377.024
21/06/1998,363.049
22/06/1998,353.232
23/06/1998,350.106
24/06/1998,338.979
25/06/1998,324.388
26/06/1998,307.373
27/06/1998,278.742
28/06/1998,246.166
29/06/1998,206.33
30/06/1998,173.472
01/07/1998,168.71
02/07/1998,149.484
03/07/1998,120.867
04/07/1998,111.081
05/07/1998,108.518
06/07/1998,112.319
07/07/1998,128.272
08/07/1998,136.644
09/07/1998,135.918
10/07/1998,130.549
11/07/1998,120.558
12/07/1998,109.93
13/07/1998,95.723
14/07/1998,81.069
15/07/1998,66.114
16/07/1998,57.789
17/07/1998,67.866
18/07/1998,115.086
19/07/1998,132.6
20/07/1998,153.514
21/07/1998,176.899
22/07/1998,191.346
23/07/1998,199.175
24/07/1998,203.802
25/07/1998,221.342
26/07/1998,234.183
27/07/1998,239.579
28/07/1998,226.877
29/07/1998,213.584
30/07/1998,192.701
31/07/1998,172.278
01/08/1998,154.561
02/08/1998,137.286
03/08/1998,118.718
04/08/1998,96.461
05/08/1998,73.546
06/08/1998,55.068
07/08/1998,43.82
08/08/1998,35.241
09/08/1998,25.944
10/08/1998,29.227
11/08/1998,50.988
12/08/1998,61.958
13/08/1998,54.842
14/08/1998,50.395
15/08/1998,55.504
16/08/1998,63.828
17/08/1998,68.013
18/08/1998,60.845
19/08/1998,50.354
20/08/1998,39.955
21/08/1998,30.572
22/08/1998,34.875
23/08/1998,68.118
24/08/1998,95.205
25/08/1998,133.306
26/08/1998,202.986
27/08/1998,259.071
28/08/1998,396.396
29/08/1998,491.221
30/08/1998,477.234
31/08/1998,465.641
01/09/1998,428.904
02/09/1998,399.507
03/09/1998,385.728
04/09/1998,370.685
05/09/1998,347.497
06/09/1998,322.556
07/09/1998,292.669
08/09/1998,274.753
09/09/1998,249.534
10/09/1998,218.492
11/09/1998,194.522
12/09/1998,190.507
13/09/1998,173.899
14/09/1998,156.06
15/09/1998,124.02
16/09/1998,108.764
17/09/1998,115.681
18/09/1998,124.263
19/09/1998,133.401
20/09/1998,129.431
21/09/1998,125.517
22/09/1998,115.382
23/09/1998,108.787
24/09/1998,108.295
25/09/1998,108.465
26/09/1998,108.707
27/09/1998,102.659
28/09/1998,85.169
29/09/1998,66.308
30/09/1998,54.039
01/10/1998,44.142
02/10/1998,36.392
03/10/1998,29.252
04/10/1998,26.08
05/10/1998,29.915
06/10/1998,28.305
07/10/1998,24.578
08/10/1998,19.693
09/10/1998,19.094
10/10/1998,23.96
11/10/1998,31.621
12/10/1998,37.668
13/10/1998,37.732
14/10/1998,32.022
15/10/1998,25.978
16/10/1998,17.289
17/10/1998,11.834
18/10/1998,9.147
19/10/1998,6.351
20/10/1998,5.805
21/10/1998,5.76
22/10/1998,5.655
23/10/1998,5.31
24/10/1998,5.289
25/10/1998,5.289
26/10/1998,5.289
27/10/1998,5.04
28/10/1998,4.091
29/10/1998,3.545
30/10/1998,3.526
31/10/1998,3.67
01/11/1998,3.599
02/11/1998,3.218
03/11/1998,2.88
04/11/1998,2.034
05/11/1998,1.659
06/11/1998,1.498
07/11/1998,1.334
08/11/1998,1.144
09/11/1998,1.033
10/11/1998,0.998
11/11/1998,0.86
12/11/1998,0.779
13/11/1998,0.733
14/11/1998,0.728
15/11/1998,0.679
16/11/1998,0.605
17/11/1998,0.636
18/11/1998,0.723
19/11/1998,0.777
20/11/1998,0.779
21/11/1998,0.733
22/11/1998,0.728
23/11/1998,0.679
24/11/1998,0.588
25/11/1998,0.581
26/11/1998,0.544
27/11/1998,0.54
28/11/1998,0.543
29/11/1998,0.58
30/11/1998,0.584
01/12/1998,1.705
02/12/1998,6.176
03/12/1998,6.524
04/12/1998,6.368
05/12/1998,4.38
06/12/1998,2.747
07/12/1998,1.54
08/12/1998,1.496
09/12/1998,1.469
10/12/1998,1.185
11/12/1998,0.81
12/12/1998,0.782
13/12/1998,0.782
14/12/1998,0.782
15/12/1998,0.782
16/12/1998,0.961
17/12/1998,2.187
18/12/1998,2.838
19/12/1998,3.644
20/12/1998,12.76
21/12/1998,11.549
22/12/1998,6.799
23/12/1998,6.506
24/12/1998,6.285
25/12/1998,6.261
26/12/1998,6.026
27/12/1998,4.898
28/12/1998,4.272
29/12/1998,4.037
30/12/1998,3.523
31/12/1998,3.06
01/01/1999,2.232
02/01/1999,1.957
03/01/1999,1.7
04/01/1999,1.348
05/01/1999,1.24
06/01/1999,0.817
07/01/1999,0.782
08/01/1999,0.755
09/01/1999,0.638
10/01/1999,0.629
11/01/1999,0.629
12/01/1999,0.629
13/01/1999,0.629
14/01/1999,0.629
15/01/1999,0.629
16/01/1999,0.629
17/01/1999,0.629
18/01/1999,0.629
19/01/1999,0.629
20/01/1999,0.585
21/01/1999,0.503
22/01/1999,0.5
23/01/1999,0.5
24/01/1999,0.5
25/01/1999,0.5
26/01/1999,0.589
27/01/1999,0.773
28/01/1999,0.709
29/01/1999,0.548
30/01/1999,0.54
31/01/1999,0.576
01/02/1999,0.6
02/02/1999,0.993
03/02/1999,1.348
04/02/1999,1.396
05/02/1999,3.022
06/02/1999,4.937
07/02/1999,6.435
08/02/1999,7.185
09/02/1999,10.642
10/02/1999,13.278
11/02/1999,11.447
12/02/1999,9.621
13/02/1999,8.924
14/02/1999,7.385
15/02/1999,6.598
16/02/1999,6.524
17/02/1999,6.524
18/02/1999,6.156
19/02/1999,5.247
20/02/1999,4.969
21/02/1999,4.628
22/02/1999,4.272
23/02/1999,3.961
24/02/1999,3.072
25/02/1999,2.557
26/02/1999,2.341
27/02/1999,1.967
28/02/1999,1.747
01/03/1999,1.589
02/03/1999,1.595
03/03/1999,1.853
04/03/1999,1.564
05/03/1999,1.416
06/03/1999,1.403
07/03/1999,1.37
08/03/1999,1.433
09/03/1999,1.37
10/03/1999,1.684
11/03/1999,1.97
12/03/1999,1.613
13/03/1999,1.447
14/03/1999,1.408
15/03/1999,1.403
16/03/1999,1.52
17/03/1999,1.967
18/03/1999,2.119
19/03/1999,2.452
20/03/1999,2.474
21/03/1999,2.474
22/03/1999,2.631
23/03/1999,3.172
24/03/1999,3.673
25/03/1999,4.231
26/03/1999,5.081
27/03/1999,5.853
28/03/1999,7.004
29/03/1999,8.739
30/03/1999,9.589
31/03/1999,9.4
01/04/1999,8.936
02/04/1999,9.323
03/04/1999,11.58
04/04/1999,15.436
05/04/1999,26.657
06/04/1999,10.614
07/04/1999,11.9
08/04/1999,17.392
09/04/1999,21.273
10/04/1999,24.089
11/04/1999,27.025
12/04/1999,24.734
13/04/1999,20.811
14/04/1999,17.677
15/04/1999,17.134
16/04/1999,18.128
17/04/1999,18.315
18/04/1999,19.335
19/04/1999,19.443
20/04/1999,19.443
21/04/1999,19.361
22/04/1999,18.34
23/04/1999,17.562
24/04/1999,12.643
25/04/1999,9.677
26/04/1999,8.011
27/04/1999,6.749
28/04/1999,8.456
29/04/1999,9.898
30/04/1999,15.007
01/06/1999,42.785
02/06/1999,82.995
03/06/1999,98.793
04/06/1999,105.743
05/06/1999,108.289
06/06/1999,110.749
07/06/1999,111.45
08/06/1999,105.046
09/06/1999,73.832
10/06/1999,57.298
11/06/1999,48.332
12/06/1999,44.258
13/06/1999,51.5
14/06/1999,58.186
15/06/1999,65.179
16/06/1999,70.895
17/06/1999,71.773
18/06/1999,65.585
19/06/1999,49.121
20/06/1999,29.641
21/06/1999,27.781
22/06/1999,24.421
23/06/1999,19.62
24/06/1999,15.719
25/06/1999,12.556
26/06/1999,32.711
27/06/1999,42.918
28/06/1999,92.612
29/06/1999,201.728
01/07/1999,374.904
02/07/1999,431.375
03/07/1999,411.133
04/07/1999,380.377
05/07/1999,349.598
06/07/1999,308.2
07/07/1999,185.223
08/07/1999,151.682
09/07/1999,126.079
10/07/1999,106.242
11/07/1999,81.624
12/07/1999,61.011
13/07/1999,43.24
14/07/1999,30.995
15/07/1999,30.056
16/07/1999,29.412
17/07/1999,28.534
18/07/1999,27.609
19/07/1999,27.641
20/07/1999,31.772
21/07/1999,39.23
22/07/1999,44.498
23/07/1999,45.172
24/07/1999,51.215
25/07/1999,59.353
26/07/1999,69.719
27/07/1999,79.247
28/07/1999,76.877
29/07/1999,74.533
30/07/1999,70.823
31/07/1999,68.201
01/08/1999,70.734
02/08/1999,76.85
03/08/1999,84.517
04/08/1999,86.705
05/08/1999,77.543
06/08/1999,60.878
07/08/1999,57.666
08/08/1999,66.919
09/08/1999,59.849
10/08/1999,60.18
11/08/1999,62.662
12/08/1999,67.969
13/08/1999,77.366
14/08/1999,82.995
15/08/1999,80.847
16/08/1999,69.903
17/08/1999,52.881
18/08/1999,36.295
19/08/1999,25.508
20/08/1999,22.612
21/08/1999,18.25
22/08/1999,15.01
23/08/1999,12.477
24/08/1999,10.859
25/08/1999,11.851
26/08/1999,12.485
27/08/1999,12.515
28/08/1999,13.121
29/08/1999,14.065
30/08/1999,13.871
31/08/1999,13.262
01/09/1999,12.669
02/09/1999,12.374
03/09/1999,18.941
04/09/1999,28.361
05/09/1999,37.227
06/09/1999,49.311
07/09/1999,73.391
08/09/1999,138.509
09/09/1999,169.682
10/09/1999,189.592
11/09/1999,207.872
12/09/1999,227.736
13/09/1999,244.292
14/09/1999,273.979
15/09/1999,304.196
16/09/1999,313.118
17/09/1999,288.45
18/09/1999,243.465
19/09/1999,219.064
20/09/1999,180.181
21/09/1999,131.013
22/09/1999,81.762
23/09/1999,50.819
24/09/1999,34.606
25/09/1999,26.532
26/09/1999,20.137
27/09/1999,15.183
28/09/1999,11.542
29/09/1999,9.219
30/09/1999,7.513
01/10/1999,7.513
02/10/1999,7.48
03/10/1999,7.045
04/10/1999,6.601
05/10/1999,6.358
06/10/1999,6.156
07/10/1999,6.48
08/10/1999,11.063
09/10/1999,14.17
10/10/1999,18.943
11/10/1999,26.339
12/10/1999,35.637
13/10/1999,46.563
14/10/1999,69.678
15/10/1999,96.609
16/10/1999,127.946
17/10/1999,145.766
18/10/1999,156.702
19/10/1999,184.659
20/10/1999,209.296
21/10/1999,221.169
22/10/1999,232.933
23/10/1999,219.935
24/10/1999,197.297
25/10/1999,134.702
26/10/1999,117.152
27/10/1999,107.339
28/10/1999,66.641
29/10/1999,25.379
30/10/1999,16.447
31/10/1999,9.547
01/11/1999,9.817
02/11/1999,7.677
03/11/1999,6.457
04/11/1999,6.283
05/11/1999,5.413
06/11/1999,5.284
07/11/1999,4.787
08/11/1999,4.418
09/11/1999,4.012
10/11/1999,3.475
11/11/1999,2.998
12/11/1999,2.406
13/11/1999,1.984
14/11/1999,1.816
15/11/1999,1.801
16/11/1999,1.724
17/11/1999,1.716
18/11/1999,1.716
19/11/1999,1.71
20/11/1999,1.624
21/11/1999,1.469
22/11/1999,1.393
23/11/1999,1.453
24/11/1999,1.46
25/11/1999,1.46
26/11/1999,1.454
27/11/1999,1.387
28/11/1999,1.38
29/11/1999,1.38
30/11/1999,1.38
01/12/1999,1.38
02/12/1999,1.38
03/12/1999,1.375
04/12/1999,1.311
05/12/1999,1.304
06/12/1999,1.299
07/12/1999,1.237
08/12/1999,1.231
09/12/1999,1.226
10/12/1999,1.162
11/12/1999,1.098
12/12/1999,1.092
13/12/1999,1.102
14/12/1999,1.209
15/12/1999,1.105
16/12/1999,1.092
17/12/1999,1.088
18/12/1999,1.033
19/12/1999,1.027
20/12/1999,1.027
21/12/1999,1.027
22/12/1999,1.023
23/12/1999,0.97
24/12/1999,0.965
25/12/1999,0.961
26/12/1999,0.907
27/12/1999,0.853
28/12/1999,0.848
29/12/1999,0.848
30/12/1999,0.848
31/12/1999,0.844
01/01/2000,0.798
02/01/2000,0.79
03/01/2000,0.746
04/01/2000,0.738
05/01/2000,0.692
06/01/2000,0.648
07/01/2000,0.647
08/01/2000,0.687
09/01/2000,0.698
10/01/2000,0.784
11/01/2000,0.801
12/01/2000,0.895
13/01/2000,0.909
14/01/2000,0.964
15/01/2000,1.035
16/01/2000,1.258
17/01/2000,1.521
18/01/2000,1.531
19/01/2000,1.395
20/01/2000,1.386
21/01/2000,1.453
22/01/2000,1.46
23/01/2000,1.465
24/01/2000,1.54
25/01/2000,1.62
26/01/2000,1.611
27/01/2000,1.402
28/01/2000,1.356
29/01/2000,0.981
30/01/2000,0.673
31/01/2000,0.732
01/02/2000,0.908
02/02/2000,1.027
03/02/2000,1.027
04/02/2000,1.027
05/02/2000,1.027
06/02/2000,1.027
07/02/2000,1.027
08/02/2000,1.027
09/02/2000,1.189
10/02/2000,1.29
11/02/2000,1.111
12/02/2000,1.088
13/02/2000,1.033
14/02/2000,1.027
15/02/2000,1.051
16/02/2000,3.626
17/02/2000,9.872
18/02/2000,13.261
19/02/2000,11.699
20/02/2000,10.06
21/02/2000,7.677
22/02/2000,5.555
23/02/2000,6.11
24/02/2000,4.927
25/02/2000,3.681
26/02/2000,3.522
27/02/2000,2.287
28/02/2000,1.84
29/02/2000,1.888
01/03/2000,1.823
02/03/2000,1.915
03/03/2000,2.239
04/03/2000,2.541
05/03/2000,2.221
06/03/2000,1.878
07/03/2000,2.557
08/03/2000,4.09
09/03/2000,6.261
10/03/2000,8.373
11/03/2000,10.206
12/03/2000,11.384
13/03/2000,8.43
14/03/2000,6.319
15/03/2000,5.313
16/03/2000,4.35
17/03/2000,4.404
18/03/2000,3.787
19/03/2000,3.006
20/03/2000,4.177
21/03/2000,4.465
22/03/2000,4.843
23/03/2000,6.758
24/03/2000,11.517
25/03/2000,16.401
26/03/2000,19.987
27/03/2000,21.831
28/03/2000,17.57
29/03/2000,17.669
30/03/2000,19.884
31/03/2000,18.169
01/04/2000,17.504
02/04/2000,16.652
03/04/2000,18.749
04/04/2000,22.946
05/04/2000,25.672
06/04/2000,28.341
07/04/2000,31.896
08/04/2000,34.213
09/04/2000,33.384
10/04/2000,28.256
11/04/2000,24.22
12/04/2000,19.796
13/04/2000,13.615
14/04/2000,7.587
15/04/2000,3.808
16/04/2000,4.116
17/04/2000,4.434
18/04/2000,5.767
19/04/2000,9.673
20/04/2000,16.606
21/04/2000,23.668
22/04/2000,32.077
23/04/2000,39.114
24/04/2000,45.99
25/04/2000,50.3
26/04/2000,44.307
27/04/2000,42.726
28/04/2000,33.875
29/04/2000,30.548
30/04/2000,33.351
01/05/2000,102.672
02/05/2000,137.952
03/05/2000,153.011
04/05/2000,164.317
05/05/2000,194.632
06/05/2000,301.235
07/05/2000,372.741
08/05/2000,478.972
09/05/2000,539.27
10/05/2000,520.209
11/05/2000,456.864
12/05/2000,421.551
13/05/2000,401.718
14/05/2000,395.087
15/05/2000,370.65
16/05/2000,330.118
17/05/2000,321.597
18/05/2000,282.419
19/05/2000,262.793
20/05/2000,255.011
21/05/2000,248.487
22/05/2000,248.341
23/05/2000,255.645
24/05/2000,264.283
25/05/2000,275.208
26/05/2000,265.51
27/05/2000,247.022
28/05/2000,229.081
29/05/2000,204.694
30/05/2000,183.89
31/05/2000,188.899
01/06/2000,215.403
02/06/2000,266.954
03/06/2000,286.818
04/06/2000,336.68
05/06/2000,292.341
06/06/2000,238.918
07/06/2000,199.039
08/06/2000,179.521
09/06/2000,148.387
10/06/2000,143.381
11/06/2000,208.377
12/06/2000,273.784
13/06/2000,521.28
14/06/2000,607.996
15/06/2000,611.429
16/06/2000,555.377
17/06/2000,485.649
18/06/2000,434.664
19/06/2000,376.082
20/06/2000,318.608
21/06/2000,284.011
22/06/2000,247.672
23/06/2000,204.496
24/06/2000,177.603
25/06/2000,119.065
26/06/2000,93.14
27/06/2000,71.597
28/06/2000,75.498
29/06/2000,118.201
30/06/2000,140.725
01/07/2000,182.255
02/07/2000,292.297
03/07/2000,516.286
04/07/2000,634.381
05/07/2000,673.95
06/07/2000,683.746
07/07/2000,618.823
08/07/2000,541.849
09/07/2000,474.403
10/07/2000,436.982
11/07/2000,421.154
12/07/2000,397.536
13/07/2000,367.968
14/07/2000,348.746
15/07/2000,375.658
16/07/2000,392.329
17/07/2000,388.42
18/07/2000,369.417
19/07/2000,349.735
20/07/2000,325.562
21/07/2000,292.264
22/07/2000,259.189
23/07/2000,225.132
24/07/2000,191.434
25/07/2000,147.572
26/07/2000,104.643
27/07/2000,72.688
28/07/2000,56.756
29/07/2000,48.777
30/07/2000,40.861
31/07/2000,36.408
01/08/2000,31.952
02/08/2000,28.499
03/08/2000,26.213
04/08/2000,24.924
05/08/2000,21.403
06/08/2000,19.652
07/08/2000,16.927
08/08/2000,14.851
09/08/2000,12.851
10/08/2000,12.89
11/08/2000,12.591
12/08/2000,12.109
13/08/2000,13.188
14/08/2000,16.642
15/08/2000,21.726
16/08/2000,23.46
17/08/2000,21.792
18/08/2000,16.964
19/08/2000,12.633
20/08/2000,7.864
21/08/2000,6.954
22/08/2000,6.364
23/08/2000,6.402
24/08/2000,11.234
25/08/2000,49.289
26/08/2000,70.821
27/08/2000,80.887
28/08/2000,102.522
29/08/2000,124.03
30/08/2000,132.595
31/08/2000,140.576
01/09/2000,167.229
02/09/2000,153.904
03/09/2000,140.459
04/09/2000,121.123
05/09/2000,112.405
06/09/2000,54.955
07/09/2000,34.639
08/09/2000,21.296
09/09/2000,15.664
10/09/2000,12.306
11/09/2000,12.926
12/09/2000,15.135
13/09/2000,16.277
14/09/2000,21.167
15/09/2000,23.666
16/09/2000,28.473
17/09/2000,40.509
18/09/2000,55.902
19/09/2000,80.67
20/09/2000,111.723
21/09/2000,185.401
22/09/2000,196.001
23/09/2000,196.971
24/09/2000,215.283
25/09/2000,256.605
26/09/2000,264.605
27/09/2000,264.665
28/09/2000,260.347
29/09/2000,230.505
30/09/2000,204.837
01/10/2000,177.862
02/10/2000,136.569
03/10/2000,116.802
04/10/2000,115.161
05/10/2000,110.323
06/10/2000,106.706
07/10/2000,105.153
08/10/2000,102.101
09/10/2000,101.338
10/10/2000,103.435
11/10/2000,103.404
12/10/2000,95.434
13/10/2000,88.654
14/10/2000,85.76
15/10/2000,90.011
16/10/2000,103.444
17/10/2000,112.386
18/10/2000,116.036
19/10/2000,120.461
20/10/2000,112.933
21/10/2000,86.427
22/10/2000,69.198
23/10/2000,56.812
24/10/2000,64.709
25/10/2000,73.825
26/10/2000,122.327
27/10/2000,220.732
28/10/2000,277.658
29/10/2000,343.528
30/10/2000,342.912
31/10/2000,296.438
01/11/2000,249.44
02/11/2000,203.025
03/11/2000,173.777
04/11/2000,141.681
05/11/2000,115.1
06/11/2000,96.061
07/11/2000,77.267
08/11/2000,58.081
09/11/2000,51.106
10/11/2000,45.0
11/11/2000,35.702
12/11/2000,27.805
13/11/2000,27.573
14/11/2000,35.258
15/11/2000,44.718
16/11/2000,44.513
17/11/2000,46.374
18/11/2000,56.345
19/11/2000,64.594
20/11/2000,64.755
21/11/2000,60.596
22/11/2000,48.325
23/11/2000,39.146
24/11/2000,32.584
25/11/2000,25.031
26/11/2000,15.735
27/11/2000,6.968
28/11/2000,5.322
29/11/2000,5.296
30/11/2000,4.952
01/12/2000,4.665
02/12/2000,5.256
03/12/2000,5.284
04/12/2000,4.811
05/12/2000,4.737
06/12/2000,4.441
07/12/2000,4.387
08/12/2000,4.107
09/12/2000,4.045
10/12/2000,3.652
11/12/2000,3.572
12/12/2000,3.079
13/12/2000,2.828
14/12/2000,3.319
15/12/2000,4.127
16/12/2000,4.769
17/12/2000,5.541
18/12/2000,6.692
19/12/2000,6.601
20/12/2000,6.419
21/12/2000,7.314
22/12/2000,9.283
23/12/2000,10.99
24/12/2000,9.619
25/12/2000,7.595
26/12/2000,7.03
27/12/2000,6.414
28/12/2000,6.432
29/12/2000,7.498
30/12/2000,8.693
31/12/2000,8.532
01/01/2001,8.76
02/01/2001,8.771
03/01/2001,8.269
04/01/2001,7.58
05/01/2001,7.405
06/01/2001,5.988
07/01/2001,4.807
08/01/2001,4.17
09/01/2001,5.527
10/01/2001,8.058
11/01/2001,10.969
12/01/2001,13.02
13/01/2001,15.481
14/01/2001,18.005
15/01/2001,20.508
16/01/2001,23.423
17/01/2001,25.265
18/01/2001,26.174
19/01/2001,22.644
20/01/2001,22.435
21/01/2001,23.798
22/01/2001,25.207
23/01/2001,28.182
24/01/2001,27.464
25/01/2001,24.456
26/01/2001,21.012
27/01/2001,12.464
28/01/2001,10.458
29/01/2001,10.148
30/01/2001,8.571
31/01/2001,8.068
01/02/2001,8.24
02/02/2001,7.525
03/02/2001,7.045
04/02/2001,6.462
05/02/2001,6.907
06/02/2001,6.371
07/02/2001,5.683
08/02/2001,5.301
09/02/2001,4.729
10/02/2001,4.414
11/02/2001,4.245
12/02/2001,4.062
13/02/2001,4.378
14/02/2001,4.58
15/02/2001,4.925
16/02/2001,5.02
17/02/2001,4.506
18/02/2001,5.378
19/02/2001,6.376
20/02/2001,7.727
21/02/2001,9.543
22/02/2001,11.191
23/02/2001,12.914
24/02/2001,14.154
25/02/2001,16.565
26/02/2001,20.653
27/02/2001,22.372
28/02/2001,20.445
01/03/2001,18.429
02/03/2001,21.278
03/03/2001,23.731
04/03/2001,26.409
05/03/2001,29.384
06/03/2001,31.859
07/03/2001,34.468
08/03/2001,37.894
09/03/2001,41.3
10/03/2001,44.752
11/03/2001,49.121
12/03/2001,53.006
13/03/2001,53.67
14/03/2001,49.01
15/03/2001,44.257
16/03/2001,44.951
17/03/2001,45.48
18/03/2001,42.364
19/03/2001,40.644
20/03/2001,45.622
21/03/2001,99.247
22/03/2001,186.859
23/03/2001,283.31
24/03/2001,304.111
25/03/2001,329.619
26/03/2001,360.46
27/03/2001,413.25
28/03/2001,386.932
29/03/2001,346.744
30/03/2001,319.645
31/03/2001,290.864
01/04/2001,287.025
02/04/2001,266.05
03/04/2001,203.328
04/04/2001,178.272
05/04/2001,139.926
06/04/2001,129.234
07/04/2001,113.948
08/04/2001,99.963
09/04/2001,78.273
10/04/2001,61.455
11/04/2001,89.033
12/04/2001,114.922
13/04/2001,145.831
14/04/2001,174.199
15/04/2001,205.041
16/04/2001,224.7
17/04/2001,252.032
18/04/2001,278.777
19/04/2001,261.558
20/04/2001,228.98
21/04/2001,200.129
22/04/2001,182.927
23/04/2001,170.083
24/04/2001,157.516
25/04/2001,146.759
26/04/2001,166.567
27/04/2001,196.045
28/04/2001,253.631
29/04/2001,292.837
30/04/2001,332.629
01/05/2001,354.229
02/05/2001,452.317
03/05/2001,537.351
04/05/2001,665.631
05/05/2001,678.301
06/05/2001,618.406
07/05/2001,557.654
08/05/2001,501.314
09/05/2001,455.951
10/05/2001,413.724
11/05/2001,375.775
12/05/2001,342.359
13/05/2001,300.041
14/05/2001,249.711
15/05/2001,208.421
16/05/2001,167.809
17/05/2001,141.441
18/05/2001,119.809
19/05/2001,95.555
20/05/2001,84.334
21/05/2001,82.632
22/05/2001,80.678
23/05/2001,79.225
24/05/2001,76.69
25/05/2001,72.784
26/05/2001,66.83
27/05/2001,61.672
28/05/2001,59.801
29/05/2001,58.381
30/05/2001,55.375
31/05/2001,58.423
01/06/2001,114.134
02/06/2001,126.373
03/06/2001,161.652
04/06/2001,206.818
05/06/2001,449.364
06/06/2001,655.285
07/06/2001,609.445
08/06/2001,541.882
09/06/2001,488.032
10/06/2001,437.263
11/06/2001,404.242
12/06/2001,360.579
13/06/2001,330.631
14/06/2001,296.05
15/06/2001,275.182
16/06/2001,258.439
17/06/2001,234.376
18/06/2001,206.151
19/06/2001,176.592
20/06/2001,149.458
21/06/2001,124.725
22/06/2001,110.986
23/06/2001,101.567
24/06/2001,98.307
25/06/2001,97.0
26/06/2001,95.879
27/06/2001,95.796
28/06/2001,95.7
29/06/2001,94.699
30/06/2001,91.777
01/07/2001,55.148
02/07/2001,56.783
03/07/2001,67.077
04/07/2001,85.143
05/07/2001,98.824
06/07/2001,109.837
07/07/2001,118.687
08/07/2001,130.926
09/07/2001,143.741
10/07/2001,159.395
11/07/2001,191.386
12/07/2001,207.744
13/07/2001,213.919
14/07/2001,216.239
15/07/2001,217.538
16/07/2001,219.208
17/07/2001,235.897
18/07/2001,284.586
19/07/2001,315.906
20/07/2001,346.774
21/07/2001,339.287
22/07/2001,309.622
23/07/2001,295.267
24/07/2001,285.214
25/07/2001,267.974
26/07/2001,245.695
27/07/2001,223.725
28/07/2001,211.76
29/07/2001,199.969
30/07/2001,186.867
31/07/2001,160.809
01/08/2001,132.097
02/08/2001,103.354
03/08/2001,76.915
04/08/2001,58.8
05/08/2001,44.619
06/08/2001,39.394
07/08/2001,36.29
08/08/2001,32.934
09/08/2001,29.713
10/08/2001,27.114
11/08/2001,24.747
12/08/2001,22.709
13/08/2001,20.885
14/08/2001,18.911
15/08/2001,16.946
16/08/2001,18.108
17/08/2001,21.32
18/08/2001,25.163
19/08/2001,31.519
20/08/2001,36.865
21/08/2001,37.599
22/08/2001,43.695
23/08/2001,49.977
24/08/2001,54.599
25/08/2001,57.282
26/08/2001,55.818
27/08/2001,49.279
28/08/2001,42.014
29/08/2001,36.456
30/08/2001,29.803
31/08/2001,28.753
01/09/2001,48.725
02/09/2001,163.883
03/09/2001,367.351
04/09/2001,697.751
05/09/2001,1091.765
06/09/2001,1046.936
07/09/2001,881.778
08/09/2001,736.572
09/09/2001,699.545
10/09/2001,674.143
11/09/2001,646.963
12/09/2001,621.413
13/09/2001,594.115
14/09/2001,533.787
15/09/2001,461.707
16/09/2001,415.916
17/09/2001,369.368
18/09/2001,326.098
19/09/2001,273.763
20/09/2001,231.605
21/09/2001,201.735
22/09/2001,151.681
23/09/2001,116.097
24/09/2001,86.584
25/09/2001,61.718
26/09/2001,44.583
27/09/2001,35.813
28/09/2001,29.563
29/09/2001,25.088
30/09/2001,25.761
01/10/2001,68.636
02/10/2001,121.834
03/10/2001,187.465
04/10/2001,368.427
05/10/2001,553.494
06/10/2001,568.423
07/10/2001,510.078
08/10/2001,436.641
09/10/2001,402.552
10/10/2001,360.757
11/10/2001,318.22
12/10/2001,298.335
13/10/2001,261.423
14/10/2001,236.69
15/10/2001,210.314
16/10/2001,169.126
17/10/2001,185.818
18/10/2001,211.856
19/10/2001,226.122
20/10/2001,272.283
21/10/2001,478.493
22/10/2001,634.742
23/10/2001,579.392
24/10/2001,526.872
25/10/2001,474.495
26/10/2001,411.492
27/10/2001,369.452
28/10/2001,324.633
29/10/2001,284.215
30/10/2001,244.504
31/10/2001,190.653
01/11/2001,132.869
02/11/2001,94.594
03/11/2001,74.669
04/11/2001,65.088
05/11/2001,61.175
06/11/2001,59.557
07/11/2001,87.848
08/11/2001,101.02
09/11/2001,92.9
10/11/2001,102.24
11/11/2001,190.223
12/11/2001,353.091
13/11/2001,356.299
14/11/2001,395.345
15/11/2001,366.464
16/11/2001,392.139
17/11/2001,381.017
18/11/2001,365.102
19/11/2001,338.408
20/11/2001,321.707
21/11/2001,290.235
22/11/2001,255.519
23/11/2001,193.135
24/11/2001,164.915
25/11/2001,136.979
26/11/2001,112.393
27/11/2001,63.135
28/11/2001,46.725
29/11/2001,43.233
30/11/2001,40.883
01/12/2001,45.389
02/12/2001,56.597
03/12/2001,64.547
04/12/2001,66.625
05/12/2001,69.339
06/12/2001,73.293
07/12/2001,76.148
08/12/2001,80.358
09/12/2001,84.919
10/12/2001,77.74
11/12/2001,73.17
12/12/2001,63.273
13/12/2001,55.827
14/12/2001,48.582
15/12/2001,39.906
16/12/2001,31.935
17/12/2001,25.118
18/12/2001,20.131
19/12/2001,17.796
20/12/2001,16.216
21/12/2001,14.343
22/12/2001,12.217
23/12/2001,10.306
24/12/2001,9.451
25/12/2001,11.213
26/12/2001,14.396
27/12/2001,19.353
28/12/2001,20.536
29/12/2001,15.922
30/12/2001,14.926
31/12/2001,11.322
01/01/2002,9.098
02/01/2002,7.761
03/01/2002,7.6
04/01/2002,6.841
05/01/2002,6.353
06/01/2002,6.339
07/01/2002,5.826
08/01/2002,6.822
09/01/2002,7.989
10/01/2002,8.582
11/01/2002,10.755
12/01/2002,11.829
13/01/2002,12.977
14/01/2002,13.092
15/01/2002,10.448
16/01/2002,9.916
17/01/2002,8.866
18/01/2002,8.281
19/01/2002,8.05
20/01/2002,8.797
21/01/2002,9.753
22/01/2002,9.4
23/01/2002,8.763
24/01/2002,7.847
25/01/2002,8.179
26/01/2002,8.76
27/01/2002,9.59
28/01/2002,13.217
29/01/2002,20.106
30/01/2002,25.123
31/01/2002,34.411
01/02/2002,60.337
02/02/2002,70.474
03/02/2002,80.222
04/02/2002,91.39
05/02/2002,103.364
06/02/2002,109.369
07/02/2002,133.468
08/02/2002,151.517
09/02/2002,168.455
10/02/2002,174.71
11/02/2002,174.129
12/02/2002,155.397
13/02/2002,121.287
14/02/2002,89.886
15/02/2002,62.852
16/02/2002,46.992
17/02/2002,42.565
18/02/2002,40.482
19/02/2002,39.483
20/02/2002,38.156
21/02/2002,35.594
22/02/2002,31.409
23/02/2002,25.774
24/02/2002,20.097
25/02/2002,16.245
26/02/2002,13.841
27/02/2002,15.297
28/02/2002,16.893
01/03/2002,19.32
02/03/2002,29.836
03/03/2002,29.925
04/03/2002,28.3
05/03/2002,29.527
06/03/2002,31.36
07/03/2002,38.049
08/03/2002,59.531
09/03/2002,106.529
10/03/2002,123.671
11/03/2002,119.645
12/03/2002,121.262
13/03/2002,125.475
14/03/2002,135.249
15/03/2002,147.867
16/03/2002,162.116
17/03/2002,171.679
18/03/2002,193.102
19/03/2002,212.201
20/03/2002,219.175
21/03/2002,220.015
22/03/2002,216.335
23/03/2002,211.898
24/03/2002,208.986
25/03/2002,209.577
26/03/2002,215.918
27/03/2002,226.407
28/03/2002,245.339
29/03/2002,282.447
30/03/2002,285.789
31/03/2002,290.821
01/04/2002,296.441
02/04/2002,292.454
03/04/2002,271.806
04/04/2002,255.469
05/04/2002,238.282
06/04/2002,231.754
07/04/2002,231.816
08/04/2002,238.86
09/04/2002,240.793
10/04/2002,246.364
11/04/2002,235.78
12/04/2002,221.189
13/04/2002,218.029
14/04/2002,203.474
15/04/2002,151.478
16/04/2002,145.056
17/04/2002,167.888
18/04/2002,193.833
19/04/2002,199.873
20/04/2002,208.838
21/04/2002,226.503
22/04/2002,281.489
23/04/2002,346.577
24/04/2002,509.448
25/04/2002,850.44
26/04/2002,1410.519
27/04/2002,1709.924
28/04/2002,1317.004
29/04/2002,982.449
30/04/2002,754.276
01/05/2002,623.663
02/05/2002,549.774
03/05/2002,495.237
04/05/2002,410.797
05/05/2002,386.031
06/05/2002,376.206
07/05/2002,353.701
08/05/2002,315.771
09/05/2002,290.103
10/05/2002,243.583
11/05/2002,210.64
12/05/2002,201.183
13/05/2002,162.84
14/05/2002,113.215
15/05/2002,86.221
16/05/2002,72.981
17/05/2002,71.4
18/05/2002,69.469
19/05/2002,67.515
20/05/2002,67.937
21/05/2002,73.595
22/05/2002,80.035
23/05/2002,85.437
24/05/2002,88.013
25/05/2002,88.183
26/05/2002,86.822
27/05/2002,83.06
28/05/2002,78.324
29/05/2002,101.956
30/05/2002,147.022
31/05/2002,165.58
01/06/2002,174.655
02/06/2002,190.836
03/06/2002,236.953
04/06/2002,316.545
05/06/2002,468.258
06/06/2002,766.51
07/06/2002,755.519
08/06/2002,664.64
09/06/2002,602.839
10/06/2002,529.515
11/06/2002,468.814
12/06/2002,425.518
13/06/2002,387.635
14/06/2002,369.515
15/06/2002,343.044
16/06/2002,305.216
17/06/2002,265.747
18/06/2002,258.289
19/06/2002,252.565
20/06/2002,216.751
21/06/2002,196.858
22/06/2002,186.826
23/06/2002,183.984
24/06/2002,183.314
25/06/2002,183.219
26/06/2002,181.844
27/06/2002,176.867
28/06/2002,169.586
29/06/2002,150.719
30/06/2002,132.215
01/07/2002,99.834
02/07/2002,58.363
03/07/2002,57.166
04/07/2002,50.359
05/07/2002,47.314
06/07/2002,97.42
07/07/2002,142.093
08/07/2002,148.232
09/07/2002,157.413
10/07/2002,177.391
11/07/2002,195.309
12/07/2002,206.508
13/07/2002,216.539
14/07/2002,226.859
15/07/2002,231.791
16/07/2002,233.486
17/07/2002,217.42
18/07/2002,192.401
19/07/2002,146.874
20/07/2002,101.736
21/07/2002,71.042
22/07/2002,103.511
23/07/2002,184.477
24/07/2002,200.984
25/07/2002,225.527
26/07/2002,302.371
27/07/2002,332.098
28/07/2002,361.404
29/07/2002,398.641
30/07/2002,418.969
31/07/2002,426.977
01/08/2002,383.939
02/08/2002,350.057
03/08/2002,324.511
04/08/2002,302.51
05/08/2002,282.332
06/08/2002,261.509
07/08/2002,246.869
08/08/2002,250.991
09/08/2002,310.915
10/08/2002,332.785
11/08/2002,373.651
12/08/2002,410.124
13/08/2002,439.12
14/08/2002,478.542
15/08/2002,466.996
16/08/2002,425.518
17/08/2002,387.635
18/08/2002,366.112
19/08/2002,339.057
20/08/2002,333.992
21/08/2002,330.6
22/08/2002,310.223
23/08/2002,333.453
24/08/2002,394.807
25/08/2002,526.076
26/08/2002,582.722
27/08/2002,523.166
28/08/2002,467.274
29/08/2002,429.566
30/08/2002,390.261
31/08/2002,342.519
01/09/2002,305.22
02/09/2002,266.166
03/09/2002,224.295
04/09/2002,210.312
05/09/2002,197.566
06/09/2002,184.945
07/09/2002,174.934
08/09/2002,157.297
09/09/2002,132.835
10/09/2002,107.33
11/09/2002,99.21
12/09/2002,165.794
13/09/2002,195.344
14/09/2002,260.916
15/09/2002,582.143
16/09/2002,711.491
17/09/2002,635.042
18/09/2002,547.879
19/09/2002,495.544
20/09/2002,462.034
21/09/2002,362.434
22/09/2002,342.084
23/09/2002,329.159
24/09/2002,323.847
25/09/2002,322.787
26/09/2002,329.358
27/09/2002,345.702
28/09/2002,335.183
29/09/2002,315.321
30/09/2002,290.625
01/10/2002,235.044
02/10/2002,201.725
03/10/2002,191.038
04/10/2002,175.507
05/10/2002,170.017
06/10/2002,178.509
07/10/2002,202.778
08/10/2002,330.734
09/10/2002,599.442
10/10/2002,776.848
11/10/2002,819.125
12/10/2002,760.927
13/10/2002,649.832
14/10/2002,569.568
15/10/2002,523.576
16/10/2002,474.471
17/10/2002,429.293
18/10/2002,403.314
19/10/2002,380.202
20/10/2002,373.356
21/10/2002,354.378
22/10/2002,332.445
23/10/2002,295.197
24/10/2002,258.788
25/10/2002,232.219
26/10/2002,221.103
27/10/2002,217.476
28/10/2002,212.52
29/10/2002,205.591
30/10/2002,194.194
31/10/2002,174.831
01/11/2002,151.49
02/11/2002,139.455
03/11/2002,133.047
04/11/2002,128.439
05/11/2002,120.035
06/11/2002,102.548
07/11/2002,97.285
08/11/2002,95.576
09/11/2002,92.923
10/11/2002,91.11
11/11/2002,106.937
12/11/2002,120.34
13/11/2002,116.703
14/11/2002,102.628
15/11/2002,107.651
16/11/2002,114.934
17/11/2002,96.744
18/11/2002,68.519
19/11/2002,50.179
20/11/2002,51.743
21/11/2002,76.512
22/11/2002,83.044
23/11/2002,77.207
24/11/2002,75.827
25/11/2002,79.13
26/11/2002,120.46
27/11/2002,164.115
28/11/2002,181.75
29/11/2002,188.085
30/11/2002,199.968
01/12/2002,362.021
02/12/2002,370.669
03/12/2002,376.844
04/12/2002,388.354
05/12/2002,411.61
06/12/2002,561.571
07/12/2002,1082.055
08/12/2002,1268.702
09/12/2002,1142.349
10/12/2002,902.526
11/12/2002,734.047
12/12/2002,592.376
13/12/2002,516.71
14/12/2002,465.007
15/12/2002,416.013
16/12/2002,368.757
17/12/2002,341.356
18/12/2002,315.707
19/12/2002,276.244
20/12/2002,261.143
21/12/2002,178.395
22/12/2002,103.156
23/12/2002,123.046
24/12/2002,142.938
25/12/2002,155.079
26/12/2002,192.068
27/12/2002,214.833
28/12/2002,334.697
29/12/2002,504.738
30/12/2002,508.671
31/12/2002,442.646
01/01/2003,405.499
02/01/2003,374.73
03/01/2003,315.74
04/01/2003,246.426
05/01/2003,227.963
06/01/2003,182.539
07/01/2003,122.703
08/01/2003,75.678
09/01/2003,53.451
10/01/2003,34.939
11/01/2003,26.537
12/01/2003,22.396
13/01/2003,19.341
14/01/2003,21.321
15/01/2003,24.128
16/01/2003,26.401
17/01/2003,27.542
18/01/2003,22.674
19/01/2003,17.785
20/01/2003,21.445
21/01/2003,24.821
22/01/2003,29.147
23/01/2003,32.825
24/01/2003,37.687
25/01/2003,42.661
26/01/2003,43.045
27/01/2003,38.643
28/01/2003,32.256
29/01/2003,27.312
30/01/2003,23.859
01/02/2003,20.648
02/02/2003,15.855
03/02/2003,13.053
04/02/2003,13.722
05/02/2003,15.76
06/02/2003,19.115
07/02/2003,22.526
08/02/2003,25.011
09/02/2003,27.282
10/02/2003,29.693
11/02/2003,31.35
12/02/2003,43.388
13/02/2003,63.549
14/02/2003,78.791
15/02/2003,89.473
16/02/2003,98.808
17/02/2003,108.098
18/02/2003,119.487
19/02/2003,130.687
20/02/2003,134.237
21/02/2003,126.809
22/02/2003,100.9
23/02/2003,86.114
24/02/2003,85.681
25/02/2003,121.872
26/02/2003,154.665
27/02/2003,174.444
28/02/2003,189.711
01/03/2003,217.205
02/03/2003,223.082
03/03/2003,239.538
04/03/2003,249.656
05/03/2003,253.514
06/03/2003,257.63
07/03/2003,259.847
08/03/2003,259.385
09/03/2003,252.248
10/03/2003,234.07
11/03/2003,213.887
12/03/2003,210.844
13/03/2003,219.522
14/03/2003,240.844
15/03/2003,261.48
16/03/2003,277.67
17/03/2003,289.343
18/03/2003,287.897
19/03/2003,270.053
20/03/2003,259.211
21/03/2003,262.839
22/03/2003,259.047
23/03/2003,249.815
24/03/2003,243.198
25/03/2003,225.322
26/03/2003,211.135
27/03/2003,204.628
28/03/2003,205.541
29/03/2003,211.474
30/03/2003,227.496
31/03/2003,257.918
01/04/2003,256.992
02/04/2003,234.332
03/04/2003,227.084
04/04/2003,222.611
05/04/2003,217.63
06/04/2003,213.74
07/04/2003,206.753
08/04/2003,204.013
09/04/2003,202.852
10/04/2003,199.745
11/04/2003,182.711
12/04/2003,156.347
13/04/2003,143.331
14/04/2003,99.252
15/04/2003,63.649
16/04/2003,49.056
17/04/2003,41.711
18/04/2003,37.084
19/04/2003,35.525
20/04/2003,34.155
21/04/2003,32.59
22/04/2003,30.996
23/04/2003,29.312
24/04/2003,26.448
25/04/2003,27.39
26/04/2003,55.742
27/04/2003,147.367
28/04/2003,229.247
29/04/2003,282.445
30/04/2003,347.515
01/05/2003,849.389
02/05/2003,795.191
03/05/2003,670.101
04/05/2003,585.068
05/05/2003,539.777
06/05/2003,500.606
07/05/2003,467.132
08/05/2003,446.028
09/05/2003,423.579
10/05/2003,377.608
11/05/2003,332.766
12/05/2003,285.275
13/05/2003,233.796
14/05/2003,175.5
15/05/2003,122.172
16/05/2003,81.494
17/05/2003,81.524
18/05/2003,82.114
19/05/2003,76.135
20/05/2003,84.588
21/05/2003,104.088
22/05/2003,131.991
23/05/2003,180.276
24/05/2003,243.924
25/05/2003,301.982
26/05/2003,412.227
27/05/2003,556.56
28/05/2003,598.361
29/05/2003,547.15
30/05/2003,496.902
31/05/2003,446.358
01/06/2003,395.988
02/06/2003,369.738
03/06/2003,334.312
04/06/2003,293.932
05/06/2003,251.609
06/06/2003,216.516
07/06/2003,205.297
08/06/2003,213.65
09/06/2003,254.933
10/06/2003,286.56
11/06/2003,331.596
12/06/2003,339.049
13/06/2003,310.705
14/06/2003,279.687
15/06/2003,244.041
16/06/2003,206.205
17/06/2003,189.841
18/06/2003,182.29
19/06/2003,191.875
20/06/2003,204.163
21/06/2003,209.572
22/06/2003,207.494
23/06/2003,199.819
24/06/2003,190.75
25/06/2003,178.8
26/06/2003,160.353
27/06/2003,131.634
28/06/2003,115.171
29/06/2003,105.143
30/06/2003,87.183
01/07/2003,68.788
02/07/2003,59.671
03/07/2003,52.128
04/07/2003,44.983
05/07/2003,39.204
06/07/2003,36.489
07/07/2003,33.995
08/07/2003,32.088
09/07/2003,30.054
10/07/2003,28.96
11/07/2003,28.793
12/07/2003,28.822
13/07/2003,29.692
14/07/2003,32.059
15/07/2003,35.543
16/07/2003,35.58
17/07/2003,30.04
18/07/2003,26.3
19/07/2003,22.991
20/07/2003,19.67
21/07/2003,18.6
22/07/2003,19.469
23/07/2003,20.665
24/07/2003,19.994
25/07/2003,18.588
26/07/2003,16.904
27/07/2003,15.634
28/07/2003,14.482
29/07/2003,13.703
30/07/2003,13.686
01/08/2003,36.778
02/08/2003,34.441
03/08/2003,29.3
04/08/2003,24.873
05/08/2003,47.425
06/08/2003,83.947
07/08/2003,92.843
08/08/2003,112.017
09/08/2003,135.474
10/08/2003,151.301
11/08/2003,166.786
12/08/2003,172.963
13/08/2003,171.244
14/08/2003,156.913
15/08/2003,142.737
16/08/2003,115.789
17/08/2003,87.115
18/08/2003,53.461
19/08/2003,31.067
20/08/2003,27.046
21/08/2003,22.823
22/08/2003,18.773
23/08/2003,16.234
24/08/2003,20.992
25/08/2003,80.557
26/08/2003,142.191
27/08/2003,170.826
28/08/2003,186.101
29/08/2003,198.235
30/08/2003,210.347
01/09/2003,288.592
02/09/2003,254.547
03/09/2003,240.492
04/09/2003,192.026
05/09/2003,132.41
06/09/2003,75.638
07/09/2003,38.3
08/09/2003,43.354
09/09/2003,72.766
10/09/2003,84.218
11/09/2003,91.486
12/09/2003,100.484
13/09/2003,114.247
14/09/2003,143.311
15/09/2003,162.795
16/09/2003,173.466
17/09/2003,164.285
18/09/2003,132.004
19/09/2003,113.247
20/09/2003,101.152
21/09/2003,58.307
22/09/2003,24.636
23/09/2003,34.444
24/09/2003,67.944
25/09/2003,80.69
26/09/2003,105.824
27/09/2003,136.244
28/09/2003,156.912
29/09/2003,165.276
30/09/2003,172.471
01/10/2003,172.411
02/10/2003,171.809
03/10/2003,159.036
04/10/2003,143.411
05/10/2003,125.814
06/10/2003,88.571
07/10/2003,58.062
08/10/2003,37.85
09/10/2003,29.742
10/10/2003,26.094
11/10/2003,28.129
12/10/2003,29.713
13/10/2003,31.906
14/10/2003,40.579
15/10/2003,48.533
16/10/2003,57.109
17/10/2003,68.539
18/10/2003,53.81
19/10/2003,33.135
20/10/2003,21.78
21/10/2003,14.836
22/10/2003,11.652
23/10/2003,10.667
24/10/2003,9.743
25/10/2003,13.496
26/10/2003,28.363
27/10/2003,30.929
28/10/2003,37.037
29/10/2003,56.686
30/10/2003,80.523
01/11/2003,96.208
02/11/2003,137.988
03/11/2003,147.353
04/11/2003,140.816
05/11/2003,114.529
06/11/2003,67.171
07/11/2003,42.531
08/11/2003,30.36
09/11/2003,24.914
10/11/2003,19.632
11/11/2003,14.47
12/11/2003,14.022
13/11/2003,17.241
14/11/2003,17.442
15/11/2003,15.946
16/11/2003,16.241
17/11/2003,28.503
18/11/2003,53.508
19/11/2003,85.869
20/11/2003,103.447
21/11/2003,112.395
22/11/2003,117.191
23/11/2003,122.598
24/11/2003,138.829
25/11/2003,158.328
26/11/2003,176.294
27/11/2003,181.827
28/11/2003,176.035
29/11/2003,163.552
30/11/2003,153.761
01/12/2003,125.417
02/12/2003,110.427
03/12/2003,104.165
04/12/2003,102.426
05/12/2003,98.47
06/12/2003,89.416
07/12/2003,82.328
08/12/2003,72.962
09/12/2003,62.954
10/12/2003,51.775
11/12/2003,31.908
12/12/2003,42.292
13/12/2003,55.649
14/12/2003,65.109
15/12/2003,72.851
16/12/2003,94.371
17/12/2003,110.346
18/12/2003,115.592
19/12/2003,95.156
20/12/2003,86.623
21/12/2003,68.138
22/12/2003,56.21
23/12/2003,59.001
24/12/2003,67.853
25/12/2003,77.544
26/12/2003,83.92
27/12/2003,89.38
28/12/2003,97.528
29/12/2003,108.761
30/12/2003,108.155
31/12/2003,101.395
01/01/2004,87.748
02/01/2004,65.219
03/01/2004,56.74
04/01/2004,54.9
05/01/2004,48.106
06/01/2004,40.445
07/01/2004,33.143
08/01/2004,23.302
09/01/2004,10.745
10/01/2004,15.615
11/01/2004,26.863
12/01/2004,34.198
13/01/2004,41.64
14/01/2004,44.832
15/01/2004,40.32
16/01/2004,36.661
17/01/2004,33.469
18/01/2004,30.183
19/01/2004,28.075
20/01/2004,22.689
21/01/2004,16.559
22/01/2004,13.109
23/01/2004,11.741
24/01/2004,10.606
25/01/2004,9.596
26/01/2004,8.867
27/01/2004,9.679
28/01/2004,12.368
29/01/2004,13.965
30/01/2004,15.487
01/02/2004,9.834
02/02/2004,9.644
03/02/2004,18.537
04/02/2004,30.488
05/02/2004,36.318
06/02/2004,37.43
07/02/2004,37.297
08/02/2004,36.121
09/02/2004,34.814
10/02/2004,33.161
11/02/2004,30.624
12/02/2004,24.794
13/02/2004,17.897
14/02/2004,16.857
15/02/2004,21.759
16/02/2004,24.931
17/02/2004,26.702
18/02/2004,29.799
19/02/2004,31.77
20/02/2004,35.02
21/02/2004,37.7
22/02/2004,39.861
23/02/2004,37.76
24/02/2004,34.133
25/02/2004,32.084
26/02/2004,26.907
27/02/2004,17.562
28/02/2004,16.149
29/02/2004,11.798
01/03/2004,10.862
02/03/2004,12.381
03/03/2004,14.498
04/03/2004,16.732
05/03/2004,15.244
06/03/2004,12.981
07/03/2004,11.91
08/03/2004,10.608
09/03/2004,8.606
10/03/2004,8.174
11/03/2004,6.649
12/03/2004,6.875
13/03/2004,8.15
14/03/2004,9.289
15/03/2004,9.959
16/03/2004,9.995
17/03/2004,9.607
18/03/2004,6.593
19/03/2004,5.707
20/03/2004,5.62
21/03/2004,5.084
22/03/2004,5.04
23/03/2004,5.016
24/03/2004,4.673
25/03/2004,4.652
26/03/2004,4.652
27/03/2004,4.652
28/03/2004,4.652
29/03/2004,4.652
30/03/2004,4.641
31/03/2004,4.44
01/04/2004,4.42
02/04/2004,4.42
03/04/2004,4.42
04/04/2004,4.42
05/04/2004,4.409
06/04/2004,4.206
07/04/2004,4.002
08/04/2004,3.983
09/04/2004,3.994
10/04/2004,4.201
11/04/2004,4.715
12/04/2004,5.377
13/04/2004,5.67
14/04/2004,5.684
15/04/2004,6.099
16/04/2004,6.171
17/04/2004,4.531
18/04/2004,3.241
19/04/2004,3.198
20/04/2004,4.91
21/04/2004,7.166
22/04/2004,10.075
23/04/2004,15.547
24/04/2004,25.186
25/04/2004,31.658
26/04/2004,66.208
27/04/2004,120.668
28/04/2004,162.291
29/04/2004,180.492
30/04/2004,198.093
01/05/2004,152.912
02/05/2004,151.471
03/05/2004,159.854
04/05/2004,175.939
05/05/2004,235.656
06/05/2004,262.93
07/05/2004,187.362
08/05/2004,128.681
09/05/2004,86.597
10/05/2004,109.226
11/05/2004,144.563
12/05/2004,175.005
13/05/2004,219.225
14/05/2004,232.801
15/05/2004,248.022
16/05/2004,263.386
17/05/2004,268.442
18/05/2004,251.737
19/05/2004,227.126
20/05/2004,189.118
21/05/2004,163.584
22/05/2004,148.845
23/05/2004,122.527
24/05/2004,104.886
25/05/2004,98.853
26/05/2004,89.351
27/05/2004,80.686
28/05/2004,99.2
29/05/2004,128.348
30/05/2004,147.619
01/06/2004,200.632
02/06/2004,225.448
03/06/2004,245.121
04/06/2004,247.97
05/06/2004,239.25
06/06/2004,206.449
07/06/2004,153.881
08/06/2004,90.525
09/06/2004,66.652
10/06/2004,56.816
11/06/2004,45.08
12/06/2004,38.725
13/06/2004,33.983
14/06/2004,31.963
15/06/2004,34.426
16/06/2004,45.235
17/06/2004,49.171
18/06/2004,49.977
19/06/2004,42.24
20/06/2004,38.21
21/06/2004,32.695
22/06/2004,27.242
23/06/2004,25.503
24/06/2004,24.351
25/06/2004,23.507
26/06/2004,28.017
27/06/2004,35.982
28/06/2004,62.248
29/06/2004,81.807
30/06/2004,99.321
01/07/2004,143.875
02/07/2004,162.46
03/07/2004,172.627
04/07/2004,170.635
05/07/2004,162.039
06/07/2004,153.579
07/07/2004,154.767
08/07/2004,156.624
09/07/2004,153.577
10/07/2004,153.497
11/07/2004,150.091
12/07/2004,134.194
13/07/2004,105.935
14/07/2004,74.225
15/07/2004,52.981
16/07/2004,40.508
17/07/2004,31.841
18/07/2004,28.442
19/07/2004,26.749
20/07/2004,25.579
21/07/2004,23.155
22/07/2004,22.304
23/07/2004,23.041
24/07/2004,23.065
25/07/2004,21.117
26/07/2004,18.813
27/07/2004,16.061
28/07/2004,16.472
29/07/2004,16.335
30/07/2004,18.014
01/08/2004,11.671
02/08/2004,8.498
03/08/2004,7.853
04/08/2004,8.39
05/08/2004,10.623
06/08/2004,14.56
07/08/2004,16.85
08/08/2004,13.09
09/08/2004,11.242
10/08/2004,16.079
11/08/2004,25.613
12/08/2004,36.723
13/08/2004,57.08
14/08/2004,82.072
15/08/2004,72.25
16/08/2004,56.377
17/08/2004,47.061
18/08/2004,31.376
19/08/2004,19.751
20/08/2004,15.715
21/08/2004,13.506
22/08/2004,11.272
23/08/2004,9.822
24/08/2004,10.955
25/08/2004,14.394
26/08/2004,17.919
27/08/2004,21.175
28/08/2004,20.636
29/08/2004,15.379
30/08/2004,14.706
31/08/2004,14.463
01/09/2004,9.856
02/09/2004,7.578
03/09/2004,6.118
04/09/2004,5.909
05/09/2004,5.416
06/09/2004,5.152
07/09/2004,5.979
08/09/2004,32.939
09/09/2004,55.633
10/09/2004,47.671
11/09/2004,31.619
12/09/2004,29.539
13/09/2004,34.373
14/09/2004,42.031
15/09/2004,54.107
16/09/2004,69.923
17/09/2004,80.417
18/09/2004,96.213
19/09/2004,88.453
20/09/2004,62.622
21/09/2004,39.293
22/09/2004,30.287
23/09/2004,29.045
24/09/2004,42.086
25/09/2004,54.446
26/09/2004,70.677
27/09/2004,96.958
28/09/2004,121.866
29/09/2004,139.535
30/09/2004,154.791
01/10/2004,155.046
02/10/2004,110.642
03/10/2004,66.498
04/10/2004,52.612
05/10/2004,45.988
06/10/2004,30.856
07/10/2004,13.748
08/10/2004,10.572
09/10/2004,10.572
10/10/2004,10.53
11/10/2004,8.995
12/10/2004,6.326
13/10/2004,5.082
14/10/2004,6.241
15/10/2004,8.321
16/10/2004,14.111
17/10/2004,32.303
18/10/2004,52.772
19/10/2004,67.755
20/10/2004,86.443
21/10/2004,101.581
22/10/2004,114.272
23/10/2004,131.66
24/10/2004,142.047
25/10/2004,147.659
26/10/2004,136.322
27/10/2004,87.615
28/10/2004,57.441
29/10/2004,48.9
30/10/2004,43.919
01/11/2004,36.849
02/11/2004,25.763
03/11/2004,34.619
04/11/2004,50.515
05/11/2004,43.559
06/11/2004,36.362
07/11/2004,36.125
08/11/2004,41.378
09/11/2004,48.589
10/11/2004,69.636
11/11/2004,98.266
12/11/2004,130.088
13/11/2004,164.276
14/11/2004,183.652
15/11/2004,184.161
16/11/2004,172.289
17/11/2004,160.346
18/11/2004,153.415
19/11/2004,148.555
20/11/2004,138.904
21/11/2004,120.899
22/11/2004,108.464
23/11/2004,99.253
24/11/2004,88.892
25/11/2004,66.845
26/11/2004,42.492
27/11/2004,26.268
28/11/2004,16.619
29/11/2004,11.669
30/11/2004,9.385
01/12/2004,7.82
02/12/2004,7.044
03/12/2004,6.132
04/12/2004,5.053
05/12/2004,4.122
06/12/2004,3.557
07/12/2004,3.322
08/12/2004,3.041
09/12/2004,2.804
10/12/2004,2.653
11/12/2004,2.596
12/12/2004,2.494
13/12/2004,2.349
14/12/2004,2.21
15/12/2004,2.077
16/12/2004,1.951
17/12/2004,1.83
18/12/2004,1.715
19/12/2004,1.605
20/12/2004,1.501
21/12/2004,1.432
22/12/2004,1.349
23/12/2004,1.34
24/12/2004,1.439
25/12/2004,1.68
26/12/2004,1.868
27/12/2004,2.117
28/12/2004,2.337
29/12/2004,2.178
30/12/2004,2.117
31/12/2004,1.885
01/01/2005,1.585
02/01/2005,1.41
03/01/2005,1.336
04/01/2005,1.226
05/01/2005,1.133
06/01/2005,1.081
07/01/2005,1.143
08/01/2005,1.644
09/01/2005,3.106
10/01/2005,5.489
11/01/2005,7.787
12/01/2005,4.524
13/01/2005,2.93
14/01/2005,2.342
15/01/2005,1.858
16/01/2005,1.643
17/01/2005,1.415
18/01/2005,1.253
19/01/2005,1.166
20/01/2005,1.056
21/01/2005,0.933
22/01/2005,0.867
23/01/2005,0.837
24/01/2005,0.792
25/01/2005,0.742
26/01/2005,0.793
27/01/2005,0.855
28/01/2005,0.837
29/01/2005,0.795
30/01/2005,0.795
01/02/2005,0.944
02/02/2005,0.867
03/02/2005,0.861
04/02/2005,0.861
05/02/2005,0.861
06/02/2005,0.858
07/02/2005,0.801
08/02/2005,0.759
09/02/2005,0.731
10/02/2005,0.681
11/02/2005,0.676
12/02/2005,0.676
13/02/2005,0.679
14/02/2005,0.833
15/02/2005,1.032
16/02/2005,0.841
17/02/2005,0.738
18/02/2005,0.625
19/02/2005,0.57
20/02/2005,0.57
21/02/2005,0.57
22/02/2005,0.57
23/02/2005,0.57
24/02/2005,0.57
25/02/2005,0.57
26/02/2005,0.57
27/02/2005,0.57
28/02/2005,0.57
01/03/2005,0.568
02/03/2005,0.454
03/03/2005,0.527
04/03/2005,0.616
05/03/2005,0.731
06/03/2005,0.855
07/03/2005,0.858
08/03/2005,0.801
09/03/2005,0.792
10/03/2005,0.736
11/03/2005,0.678
12/03/2005,0.621
13/03/2005,0.531
14/03/2005,0.522
15/03/2005,0.522
16/03/2005,0.527
17/03/2005,0.808
18/03/2005,1.751
19/03/2005,2.01
20/03/2005,1.463
21/03/2005,1.091
22/03/2005,0.788
23/03/2005,0.678
24/03/2005,0.624
25/03/2005,0.575
26/03/2005,0.542
27/03/2005,0.522
28/03/2005,0.522
29/03/2005,0.525
30/03/2005,0.585
01/04/2005,1.032
02/04/2005,1.511
03/04/2005,2.714
04/04/2005,3.839
05/04/2005,4.722
06/04/2005,4.671
07/04/2005,4.945
08/04/2005,6.222
09/04/2005,7.145
10/04/2005,8.251
11/04/2005,14.248
12/04/2005,26.325
13/04/2005,27.1
14/04/2005,28.658
15/04/2005,31.826
16/04/2005,41.809
17/04/2005,47.043
18/04/2005,50.797
19/04/2005,53.257
20/04/2005,50.583
21/04/2005,43.01
22/04/2005,33.603
23/04/2005,25.582
24/04/2005,16.014
25/04/2005,10.215
26/04/2005,7.915
27/04/2005,6.159
28/04/2005,5.949
29/04/2005,5.978
30/04/2005,6.456
01/05/2005,5.615
02/05/2005,6.084
03/05/2005,37.398
04/05/2005,6.866
05/05/2005,3.24
06/05/2005,4.097
07/05/2005,15.059
08/05/2005,27.967
09/05/2005,58.64
10/05/2005,89.249
11/05/2005,119.008
12/05/2005,138.341
13/05/2005,190.294
14/05/2005,272.864
15/05/2005,332.465
16/05/2005,417.739
17/05/2005,444.569
18/05/2005,410.402
19/05/2005,355.558
20/05/2005,314.944
21/05/2005,280.32
22/05/2005,263.835
23/05/2005,255.611
24/05/2005,225.935
25/05/2005,185.902
26/05/2005,144.622
27/05/2005,101.886
28/05/2005,76.748
29/05/2005,63.711
30/05/2005,39.476
31/05/2005,38.454
01/06/2005,34.581
02/06/2005,30.416
03/06/2005,35.715
04/06/2005,46.732
05/06/2005,90.02
06/06/2005,114.079
07/06/2005,96.254
08/06/2005,86.584
09/06/2005,77.119
10/06/2005,68.774
11/06/2005,68.223
12/06/2005,101.667
13/06/2005,129.365
14/06/2005,141.183
15/06/2005,150.076
16/06/2005,162.897
17/06/2005,176.747
18/06/2005,203.438
19/06/2005,202.652
20/06/2005,196.416
21/06/2005,187.711
22/06/2005,171.857
23/06/2005,143.859
24/06/2005,110.799
25/06/2005,93.684
26/06/2005,58.214
27/06/2005,36.435
28/06/2005,32.16
29/06/2005,28.744
30/06/2005,26.191
01/07/2005,27.058
02/07/2005,32.464
03/07/2005,36.607
04/07/2005,41.555
05/07/2005,40.017
06/07/2005,32.462
07/07/2005,28.164
08/07/2005,27.873
09/07/2005,37.368
10/07/2005,46.339
11/07/2005,47.186
12/07/2005,41.714
13/07/2005,33.786
14/07/2005,26.394
15/07/2005,22.733
16/07/2005,26.347
17/07/2005,37.389
18/07/2005,46.859
19/07/2005,42.81
20/07/2005,46.279
21/07/2005,53.6
22/07/2005,58.739
23/07/2005,62.924
24/07/2005,68.896
25/07/2005,67.209
26/07/2005,51.454
27/07/2005,36.11
28/07/2005,28.711
29/07/2005,25.961
30/07/2005,22.68
31/07/2005,18.022
01/08/2005,12.837
02/08/2005,10.04
03/08/2005,9.0
04/08/2005,7.892
05/08/2005,6.461
06/08/2005,6.228
07/08/2005,6.842
08/08/2005,6.354
09/08/2005,5.646
10/08/2005,5.022
11/08/2005,4.676
12/08/2005,4.361
13/08/2005,4.058
14/08/2005,3.563
15/08/2005,3.107
16/08/2005,2.873
17/08/2005,3.139
18/08/2005,3.448
19/08/2005,3.647
20/08/2005,3.627
21/08/2005,3.135
22/08/2005,2.908
23/08/2005,2.755
24/08/2005,4.722
25/08/2005,13.853
26/08/2005,35.983
27/08/2005,58.04
28/08/2005,65.652
29/08/2005,70.176
30/08/2005,79.696
31/08/2005,88.32
01/09/2005,93.373
02/09/2005,96.519
03/09/2005,99.951
04/09/2005,103.451
05/09/2005,107.807
06/09/2005,115.589
07/09/2005,127.209
08/09/2005,135.317
09/09/2005,126.606
10/09/2005,185.959
11/09/2005,257.355
12/09/2005,392.427
13/09/2005,458.11
14/09/2005,479.546
15/09/2005,454.392
16/09/2005,429.122
17/09/2005,376.896
18/09/2005,321.962
19/09/2005,292.445
20/09/2005,274.167
21/09/2005,248.92
22/09/2005,217.863
23/09/2005,199.749
24/09/2005,167.003
25/09/2005,142.839
26/09/2005,133.737
27/09/2005,134.93
28/09/2005,131.695
29/09/2005,126.697
30/09/2005,119.893
01/10/2005,111.325
02/10/2005,104.216
03/10/2005,79.192
04/10/2005,68.386
05/10/2005,72.781
06/10/2005,90.273
07/10/2005,102.97
08/10/2005,116.793
09/10/2005,131.554
10/10/2005,163.426
11/10/2005,205.519
12/10/2005,240.489
13/10/2005,253.122
14/10/2005,247.05
15/10/2005,236.488
16/10/2005,215.919
17/10/2005,193.432
18/10/2005,152.763
19/10/2005,149.851
20/10/2005,160.627
21/10/2005,163.649
22/10/2005,157.764
23/10/2005,150.379
24/10/2005,141.845
25/10/2005,128.264
26/10/2005,117.28
27/10/2005,110.748
28/10/2005,104.278
29/10/2005,93.161
30/10/2005,85.13
31/10/2005,83.927
01/11/2005,65.009
02/11/2005,60.854
03/11/2005,59.004
04/11/2005,55.869
05/11/2005,49.318
06/11/2005,38.191
07/11/2005,25.623
08/11/2005,24.445
09/11/2005,14.239
10/11/2005,7.463
11/11/2005,6.269
12/11/2005,6.062
13/11/2005,6.042
14/11/2005,5.699
15/11/2005,5.157
16/11/2005,4.846
17/11/2005,4.522
18/11/2005,3.539
19/11/2005,3.307
20/11/2005,3.283
21/11/2005,3.283
22/11/2005,3.248
23/11/2005,2.582
24/11/2005,2.363
25/11/2005,2.031
26/11/2005,1.593
27/11/2005,1.512
28/11/2005,1.512
29/11/2005,1.505
30/11/2005,1.415
01/12/2005,2.413
02/12/2005,2.647
03/12/2005,2.84
04/12/2005,2.439
05/12/2005,2.063
06/12/2005,1.863
07/12/2005,0.792
08/12/2005,0.669
09/12/2005,0.576
10/12/2005,0.471
11/12/2005,0.822
12/12/2005,1.208
13/12/2005,1.236
14/12/2005,1.236
15/12/2005,1.18
16/12/2005,1.17
17/12/2005,1.164
18/12/2005,1.052
19/12/2005,0.596
20/12/2005,0.459
21/12/2005,0.449
22/12/2005,0.449
23/12/2005,0.449
24/12/2005,0.449
25/12/2005,0.449
26/12/2005,0.449
27/12/2005,0.449
28/12/2005,0.449
29/12/2005,0.449
30/12/2005,0.449
31/12/2005,0.445
01/01/2006,0.371
02/01/2006,0.363
03/01/2006,0.379
04/01/2006,0.726
05/01/2006,0.833
06/01/2006,1.103
07/01/2006,0.611
08/01/2006,0.552
09/01/2006,0.552
10/01/2006,0.57
11/01/2006,0.911
12/01/2006,0.984
13/01/2006,1.125
14/01/2006,1.272
15/01/2006,1.385
16/01/2006,1.5
17/01/2006,1.512
18/01/2006,1.519
19/01/2006,1.719
20/01/2006,1.976
21/01/2006,2.09
22/01/2006,2.09
23/01/2006,2.108
24/01/2006,2.489
25/01/2006,2.828
26/01/2006,3.045
27/01/2006,3.288
28/01/2006,4.157
29/01/2006,5.655
30/01/2006,6.806
31/01/2006,6.68
01/02/2006,3.511
02/02/2006,3.194
03/02/2006,3.504
04/02/2006,3.469
05/02/2006,2.47
06/02/2006,1.173
07/02/2006,0.601
08/02/2006,0.544
09/02/2006,0.414
10/02/2006,0.335
11/02/2006,0.359
12/02/2006,0.363
13/02/2006,0.365
14/02/2006,0.4
15/02/2006,0.404
16/02/2006,0.404
17/02/2006,0.404
18/02/2006,0.404
19/02/2006,0.404
20/02/2006,0.415
21/02/2006,0.619
22/02/2006,0.673
23/02/2006,0.673
24/02/2006,0.68
25/02/2006,0.888
26/02/2006,2.285
27/02/2006,2.397
28/02/2006,1.705
01/03/2006,1.42
02/03/2006,1.608
03/03/2006,3.551
04/03/2006,4.584
05/03/2006,19.692
06/03/2006,8.174
07/03/2006,3.847
08/03/2006,3.469
09/03/2006,2.543
10/03/2006,2.44
11/03/2006,2.421
12/03/2006,2.123
13/03/2006,2.066
14/03/2006,1.625
15/03/2006,1.467
16/03/2006,0.749
17/03/2006,0.64
18/03/2006,1.022
19/03/2006,1.023
20/03/2006,1.579
21/03/2006,1.728
22/03/2006,1.153
23/03/2006,1.076
24/03/2006,1.145
25/03/2006,0.96
26/03/2006,1.613
27/03/2006,2.337
28/03/2006,1.95
29/03/2006,1.441
30/03/2006,1.378
31/03/2006,1.19
01/04/2006,1.188
02/04/2006,1.479
03/04/2006,1.499
04/04/2006,1.298
05/04/2006,1.282
06/04/2006,1.392
07/04/2006,1.618
08/04/2006,1.582
09/04/2006,1.505
10/04/2006,1.408
11/04/2006,1.5
12/04/2006,1.512
13/04/2006,1.505
14/04/2006,1.343
15/04/2006,1.134
16/04/2006,1.071
17/04/2006,1.024
18/04/2006,0.911
19/04/2006,1.065
20/04/2006,1.269
21/04/2006,1.496
22/04/2006,1.623
23/04/2006,1.524
24/04/2006,1.512
25/04/2006,1.571
26/04/2006,1.642
27/04/2006,1.658
28/04/2006,1.921
29/04/2006,2.238
30/04/2006,2.433
01/05/2006,2.614
02/05/2006,2.643
03/05/2006,2.817
04/05/2006,2.948
05/05/2006,3.156
06/05/2006,3.053
07/05/2006,3.053
08/05/2006,2.86
09/05/2006,2.622
10/05/2006,2.342
11/05/2006,1.641
12/05/2006,1.505
13/05/2006,1.401
14/05/2006,1.289
15/05/2006,1.164
16/05/2006,1.038
17/05/2006,0.896
18/05/2006,0.657
19/05/2006,0.607
20/05/2006,0.554
21/05/2006,0.501
22/05/2006,0.452
23/05/2006,0.404
24/05/2006,0.331
25/05/2006,0.292
26/05/2006,0.26
27/05/2006,0.234
28/05/2006,0.258
29/05/2006,0.289
30/05/2006,0.202
31/05/2006,0.51
01/06/2006,1.426
02/06/2006,1.534
03/06/2006,1.918
04/06/2006,2.878
05/06/2006,8.782
06/06/2006,7.417
07/06/2006,9.446
08/06/2006,15.656
09/06/2006,33.795
10/06/2006,50.787
11/06/2006,46.931
12/06/2006,42.924
13/06/2006,47.062
14/06/2006,53.247
15/06/2006,54.533
16/06/2006,45.621
17/06/2006,39.106
18/06/2006,31.454
19/06/2006,25.733
20/06/2006,21.051
21/06/2006,17.481
22/06/2006,15.514
23/06/2006,15.39
24/06/2006,15.39
25/06/2006,16.752
26/06/2006,22.017
27/06/2006,24.498
28/06/2006,23.089
29/06/2006,21.725
30/06/2006,20.925
01/07/2006,20.766
02/07/2006,19.327
03/07/2006,20.017
04/07/2006,20.115
05/07/2006,17.481
06/07/2006,15.168
07/07/2006,13.634
08/07/2006,11.928
09/07/2006,10.481
10/07/2006,10.741
11/07/2006,8.115
12/07/2006,4.828
13/07/2006,3.58
14/07/2006,3.124
15/07/2006,3.56
16/07/2006,5.382
17/07/2006,7.307
18/07/2006,10.787
19/07/2006,15.737
20/07/2006,17.618
21/07/2006,19.212
22/07/2006,16.798
23/07/2006,12.584
24/07/2006,8.492
25/07/2006,6.32
26/07/2006,6.023
27/07/2006,5.374
28/07/2006,4.963
29/07/2006,3.845
30/07/2006,2.501
31/07/2006,1.819
01/08/2006,3.348
02/08/2006,3.527
03/08/2006,3.527
04/08/2006,3.556
05/08/2006,4.431
06/08/2006,4.902
07/08/2006,3.744
08/08/2006,6.704
09/08/2006,26.977
10/08/2006,42.213
11/08/2006,53.717
12/08/2006,68.656
13/08/2006,101.639
14/08/2006,121.178
15/08/2006,126.129
16/08/2006,92.624
17/08/2006,92.243
18/08/2006,73.591
19/08/2006,61.792
20/08/2006,48.668
21/08/2006,37.825
22/08/2006,35.12
23/08/2006,27.406
24/08/2006,21.126
25/08/2006,14.718
26/08/2006,7.417
27/08/2006,6.885
28/08/2006,6.841
29/08/2006,5.947
30/08/2006,5.199
31/08/2006,4.314
01/09/2006,5.366
02/09/2006,14.175
03/09/2006,22.715
04/09/2006,29.359
05/09/2006,32.724
06/09/2006,36.997
07/09/2006,40.832
08/09/2006,42.634
09/09/2006,42.714
10/09/2006,40.232
11/09/2006,38.841
12/09/2006,35.556
13/09/2006,32.327
14/09/2006,32.494
15/09/2006,27.241
16/09/2006,21.272
17/09/2006,16.235
18/09/2006,14.407
19/09/2006,17.941
20/09/2006,19.418
21/09/2006,18.168
22/09/2006,16.095
23/09/2006,14.053
24/09/2006,12.63
25/09/2006,15.182
26/09/2006,16.498
27/09/2006,15.358
28/09/2006,12.452
29/09/2006,7.716
30/09/2006,11.941
01/10/2006,12.306
02/10/2006,9.51
03/10/2006,7.017
04/10/2006,5.083
05/10/2006,3.744
06/10/2006,4.764
07/10/2006,3.607
08/10/2006,2.449
09/10/2006,0.841
10/10/2006,0.658
11/10/2006,0.43
12/10/2006,0.419
13/10/2006,0.647
14/10/2006,0.725
15/10/2006,1.651
16/10/2006,3.247
17/10/2006,2.102
18/10/2006,6.385
19/10/2006,6.885
20/10/2006,6.783
21/10/2006,5.083
22/10/2006,3.565
23/10/2006,1.77
24/10/2006,0.751
25/10/2006,0.444
26/10/2006,0.647
27/10/2006,0.658
28/10/2006,0.444
29/10/2006,0.647
01/11/2006,0.673
02/11/2006,0.673
03/11/2006,0.673
04/11/2006,0.673
05/11/2006,0.673
06/11/2006,0.673
07/11/2006,0.673
08/11/2006,0.886
09/11/2006,1.588
10/11/2006,1.611
11/11/2006,0.995
12/11/2006,2.453
13/11/2006,14.63
14/11/2006,26.255
15/11/2006,31.197
16/11/2006,28.915
17/11/2006,18.507
18/11/2006,12.875
19/11/2006,12.474
20/11/2006,12.174
21/11/2006,7.417
22/11/2006,6.783
23/11/2006,5.161
24/11/2006,4.314
25/11/2006,3.527
26/11/2006,3.527
27/11/2006,3.029
28/11/2006,2.44
29/11/2006,2.44
30/11/2006,2.44
01/12/2006,2.44
02/12/2006,2.44
03/12/2006,2.44
04/12/2006,2.397
05/12/2006,1.666
06/12/2006,0.765
07/12/2006,0.666
08/12/2006,0.563
09/12/2006,0.484
10/12/2006,0.404
11/12/2006,0.472
12/12/2006,0.552
13/12/2006,0.552
14/12/2006,0.552
15/12/2006,0.552
16/12/2006,0.552
17/12/2006,0.552
18/12/2006,0.555
19/12/2006,0.608
20/12/2006,0.667
21/12/2006,0.725
22/12/2006,1.625
23/12/2006,2.944
24/12/2006,3.662
25/12/2006,13.165
26/12/2006,41.041
27/12/2006,73.217
28/12/2006,84.927
29/12/2006,81.751
30/12/2006,76.096
31/12/2006,60.154
01/01/2007,44.303
02/01/2007,34.595
03/01/2007,27.356
04/01/2007,26.363
05/01/2007,25.27
06/01/2007,23.721
07/01/2007,18.36
08/01/2007,11.309
09/01/2007,6.168
10/01/2007,3.666
11/01/2007,3.469
12/01/2007,2.22
13/01/2007,2.364
14/01/2007,2.44
15/01/2007,2.44
16/01/2007,2.44
17/01/2007,2.44
18/01/2007,2.44
19/01/2007,2.44
20/01/2007,2.44
21/01/2007,2.44
22/01/2007,2.397
23/01/2007,1.761
24/01/2007,2.364
25/01/2007,2.44
26/01/2007,2.44
27/01/2007,2.44
28/01/2007,2.44
29/01/2007,2.44
30/01/2007,2.44
31/01/2007,2.44
01/02/2007,2.397
02/02/2007,1.687
03/02/2007,1.125
04/02/2007,1.071
05/02/2007,1.071
06/02/2007,1.071
07/02/2007,1.071
08/02/2007,1.071
09/02/2007,0.888
10/02/2007,0.694
11/02/2007,1.011
12/02/2007,0.71
13/02/2007,0.855
14/02/2007,1.071
15/02/2007,1.071
16/02/2007,0.888
17/02/2007,0.673
18/02/2007,0.886
19/02/2007,1.588
20/02/2007,1.642
21/02/2007,1.611
22/02/2007,1.125
23/02/2007,1.333
24/02/2007,1.642
25/02/2007,2.066
26/02/2007,7.822
27/02/2007,19.033
28/02/2007,27.239
01/03/2007,32.724
02/03/2007,38.559
03/03/2007,41.011
04/03/2007,43.63
05/03/2007,50.792
06/03/2007,65.253
07/03/2007,72.824
08/03/2007,79.187
09/03/2007,97.338
10/03/2007,119.537
11/03/2007,137.977
12/03/2007,153.875
13/03/2007,169.999
14/03/2007,184.052
15/03/2007,193.838
16/03/2007,201.588
17/03/2007,212.144
18/03/2007,219.458
19/03/2007,208.788
20/03/2007,187.72
21/03/2007,148.618
22/03/2007,125.044
23/03/2007,118.069
24/03/2007,114.948
25/03/2007,113.646
26/03/2007,107.992
27/03/2007,93.912
28/03/2007,74.968
29/03/2007,48.066
30/03/2007,37.45
31/03/2007,34.008
01/04/2007,36.422
02/04/2007,46.022
03/04/2007,92.292
04/04/2007,173.939
05/04/2007,222.881
06/04/2007,242.991
07/04/2007,248.096
08/04/2007,247.691
09/04/2007,260.328
10/04/2007,226.276
11/04/2007,212.793
12/04/2007,196.432
13/04/2007,167.988
14/04/2007,145.097
15/04/2007,111.505
16/04/2007,88.584
17/04/2007,65.101
18/04/2007,49.957
19/04/2007,46.163
20/04/2007,31.234
21/04/2007,24.95
22/04/2007,22.966
23/04/2007,19.769
24/04/2007,20.63
25/04/2007,20.285
26/04/2007,22.167
27/04/2007,22.995
28/04/2007,24.517
29/04/2007,25.352
30/04/2007,25.352
01/05/2007,25.352
02/05/2007,25.352
03/05/2007,26.085
04/05/2007,39.892
05/05/2007,68.66
06/05/2007,285.171
07/05/2007,585.597
08/05/2007,989.991
09/05/2007,973.829
10/05/2007,838.458
11/05/2007,638.282
12/05/2007,331.746
13/05/2007,287.482
14/05/2007,255.344
15/05/2007,228.463
16/05/2007,183.351
17/05/2007,128.498
18/05/2007,75.795
19/05/2007,39.534
20/05/2007,30.528
21/05/2007,26.195
22/05/2007,34.346
23/05/2007,32.827
24/05/2007,27.881
25/05/2007,22.747
26/05/2007,22.306
27/05/2007,20.982
28/05/2007,19.418
29/05/2007,19.418
30/05/2007,19.907
31/05/2007,22.246
01/06/2007,14.459
02/06/2007,7.417
03/06/2007,6.885
04/06/2007,6.885
05/06/2007,6.885
06/06/2007,6.885
07/06/2007,6.885
08/06/2007,6.885
09/06/2007,6.885
10/06/2007,8.012
11/06/2007,8.217
12/06/2007,6.012
13/06/2007,9.455
14/06/2007,36.93
15/06/2007,84.414
16/06/2007,153.564
17/06/2007,191.05
18/06/2007,235.072
19/06/2007,270.214
20/06/2007,296.761
21/06/2007,329.951
22/06/2007,348.301
23/06/2007,340.379
24/06/2007,316.167
25/06/2007,304.787
26/06/2007,273.616
27/06/2007,232.246
28/06/2007,181.157
29/06/2007,158.156
30/06/2007,134.969
01/07/2007,131.665
02/07/2007,119.252
03/07/2007,125.163
04/07/2007,124.284
05/07/2007,126.257
06/07/2007,112.907
07/07/2007,106.47
08/07/2007,96.286
09/07/2007,89.495
10/07/2007,90.227
11/07/2007,95.758
12/07/2007,114.354
13/07/2007,146.901
14/07/2007,173.708
15/07/2007,199.993
16/07/2007,212.208
17/07/2007,218.1
18/07/2007,223.171
19/07/2007,183.287
20/07/2007,124.492
21/07/2007,94.574
22/07/2007,75.762
23/07/2007,46.628
24/07/2007,39.769
25/07/2007,37.001
26/07/2007,29.204
27/07/2007,27.085
28/07/2007,24.565
29/07/2007,22.449
30/07/2007,20.982
31/07/2007,19.418
01/08/2007,18.783
02/08/2007,18.034
03/08/2007,17.419
04/08/2007,16.691
05/08/2007,16.691
06/08/2007,16.763
07/08/2007,18.617
08/08/2007,21.541
09/08/2007,27.09
10/08/2007,50.929
11/08/2007,90.246
12/08/2007,93.908
13/08/2007,110.804
14/08/2007,127.562
15/08/2007,144.039
16/08/2007,151.276
17/08/2007,166.661
18/08/2007,190.612
19/08/2007,240.42
20/08/2007,293.375
21/08/2007,428.546
22/08/2007,636.713
23/08/2007,620.503
24/08/2007,548.589
25/08/2007,506.128
26/08/2007,468.12
27/08/2007,426.573
28/08/2007,387.638
29/08/2007,351.241
30/08/2007,325.426
31/08/2007,301.593
01/09/2007,254.134
02/09/2007,212.752
03/09/2007,163.133
04/09/2007,89.022
05/09/2007,63.958
06/09/2007,61.836
07/09/2007,47.546
08/09/2007,36.103
09/09/2007,34.495
10/09/2007,33.668
11/09/2007,30.793
12/09/2007,23.956
13/09/2007,22.306
14/09/2007,22.228
15/09/2007,20.905
16/09/2007,19.479
17/09/2007,18.166
18/09/2007,20.599
19/09/2007,32.344
20/09/2007,43.789
21/09/2007,52.551
22/09/2007,61.164
23/09/2007,72.243
24/09/2007,77.837
25/09/2007,77.707
26/09/2007,75.641
27/09/2007,75.282
28/09/2007,73.765
29/09/2007,83.144
30/09/2007,89.985
01/10/2007,96.275
02/10/2007,90.885
03/10/2007,78.157
04/10/2007,63.826
05/10/2007,51.954
06/10/2007,97.436
07/10/2007,176.334
08/10/2007,184.376
09/10/2007,195.003
10/10/2007,225.253
11/10/2007,243.917
12/10/2007,263.23
13/10/2007,289.635
14/10/2007,298.702
15/10/2007,298.943
16/10/2007,290.477
17/10/2007,275.48
18/10/2007,256.344
19/10/2007,229.233
20/10/2007,205.331
21/10/2007,169.651
22/10/2007,137.252
23/10/2007,94.617
24/10/2007,59.871
25/10/2007,37.914
26/10/2007,30.528
27/10/2007,24.182
28/10/2007,21.574
29/10/2007,22.167
30/10/2007,31.37
31/10/2007,41.885
01/01/2008,18.05
02/01/2008,31.165
03/01/2008,41.574
04/01/2008,39.396
05/01/2008,38.841
06/01/2008,35.377
07/01/2008,21.834
08/01/2008,9.912
09/01/2008,6.885
10/01/2008,6.012
11/01/2008,4.392
12/01/2008,4.944
13/01/2008,6.601
14/01/2008,6.034
15/01/2008,6.885
16/01/2008,6.885
17/01/2008,6.885
18/01/2008,6.012
19/01/2008,4.98
20/01/2008,4.98
21/01/2008,4.98
22/01/2008,4.98
23/01/2008,4.902
24/01/2008,3.666
25/01/2008,3.527
26/01/2008,2.663
27/01/2008,1.642
28/01/2008,1.642
29/01/2008,1.642
30/01/2008,1.642
31/01/2008,1.965
01/02/2008,1.718
02/02/2008,2.545
03/02/2008,11.518
04/02/2008,12.474
05/02/2008,12.474
06/02/2008,12.174
07/02/2008,7.417
08/02/2008,7.184
09/02/2008,11.941
10/02/2008,12.174
11/02/2008,7.417
12/02/2008,7.017
13/02/2008,8.978
14/02/2008,7.119
15/02/2008,7.184
16/02/2008,12.098
17/02/2008,14.956
18/02/2008,12.751
19/02/2008,12.174
20/02/2008,7.417
21/02/2008,6.885
22/02/2008,7.017
23/02/2008,10.544
24/02/2008,12.699
25/02/2008,17.694
26/02/2008,23.427
27/02/2008,26.819
28/02/2008,30.274
29/02/2008,35.064
01/03/2008,37.267
02/03/2008,43.452
03/03/2008,46.763
04/03/2008,52.79
05/03/2008,67.284
06/03/2008,76.559
07/03/2008,84.913
08/03/2008,92.265
09/03/2008,88.073
10/03/2008,80.869
11/03/2008,74.046
12/03/2008,56.618
13/03/2008,41.262
14/03/2008,33.962
15/03/2008,27.241
16/03/2008,21.126
17/03/2008,12.456
18/03/2008,6.705
19/03/2008,3.407
20/03/2008,3.366
21/03/2008,3.222
22/03/2008,6.565
23/03/2008,6.705
24/03/2008,3.847
25/03/2008,3.527
26/03/2008,3.605
27/03/2008,4.944
28/03/2008,6.703
29/03/2008,6.885
30/03/2008,6.885
31/03/2008,7.017
01/04/2008,10.544
02/04/2008,15.096
03/04/2008,19.286
04/04/2008,19.418
05/04/2008,12.56
06/04/2008,7.417
07/04/2008,6.012
08/04/2008,4.793
09/04/2008,8.958
10/04/2008,5.083
11/04/2008,3.565
12/04/2008,1.822
13/04/2008,1.642
14/04/2008,1.642
15/04/2008,1.642
16/04/2008,1.642
17/04/2008,1.642
18/04/2008,1.642
19/04/2008,1.642
20/04/2008,1.642
21/04/2008,1.642
22/04/2008,1.642
23/04/2008,1.642
24/04/2008,1.642
25/04/2008,1.642
26/04/2008,1.642
27/04/2008,1.642
28/04/2008,1.642
29/04/2008,1.642
30/04/2008,1.642
01/05/2008,1.642
02/05/2008,1.642
03/05/2008,1.642
04/05/2008,1.685
05/05/2008,2.364
06/05/2008,2.498
07/05/2008,3.424
08/05/2008,3.469
09/05/2008,2.543
10/05/2008,2.44
11/05/2008,2.44
12/05/2008,2.44
13/05/2008,2.44
14/05/2008,2.44
15/05/2008,2.44
16/05/2008,2.397
17/05/2008,1.718
18/05/2008,1.642
19/05/2008,1.642
20/05/2008,1.611
21/05/2008,1.125
22/05/2008,1.071
23/05/2008,1.071
24/05/2008,1.071
25/05/2008,1.071
26/05/2008,1.382
27/05/2008,9.461
28/05/2008,62.58
29/05/2008,119.35
30/05/2008,167.005
31/05/2008,223.396
01/06/2008,249.991
02/06/2008,232.256
03/06/2008,180.654
04/06/2008,129.249
05/06/2008,125.367
06/06/2008,94.868
07/06/2008,67.465
08/06/2008,45.549
09/06/2008,34.639
10/06/2008,37.869
11/06/2008,39.036
12/06/2008,39.036
13/06/2008,38.194
14/06/2008,37.199
15/06/2008,37.199
16/06/2008,37.199
17/06/2008,37.102
18/06/2008,35.569
19/06/2008,36.004
20/06/2008,46.565
21/06/2008,64.216
22/06/2008,68.565
23/06/2008,74.777
24/06/2008,83.769
25/06/2008,151.685
26/06/2008,189.199
27/06/2008,204.778
28/06/2008,204.698
29/06/2008,188.359
30/06/2008,160.12
01/07/2008,147.959
02/07/2008,133.721
03/07/2008,123.893
04/07/2008,120.711
05/07/2008,112.368
06/07/2008,93.509
07/07/2008,83.76
08/07/2008,84.569
09/07/2008,69.835
10/07/2008,49.327
11/07/2008,39.574
12/07/2008,34.141
13/07/2008,31.722
14/07/2008,28.871
15/07/2008,28.552
16/07/2008,28.552
17/07/2008,28.552
18/07/2008,28.38
19/07/2008,25.574
20/07/2008,23.957
21/07/2008,28.783
22/07/2008,101.058
23/07/2008,172.965
24/07/2008,223.037
25/07/2008,278.534
26/07/2008,288.996
27/07/2008,283.883
28/07/2008,283.194
29/07/2008,298.161
30/07/2008,313.207
31/07/2008,298.688
01/08/2008,261.639
02/08/2008,239.102
03/08/2008,214.404
04/08/2008,195.029
05/08/2008,171.986
06/08/2008,152.417
07/08/2008,150.514
08/08/2008,139.212
09/08/2008,121.229
10/08/2008,93.799
11/08/2008,73.346
12/08/2008,86.552
13/08/2008,93.037
14/08/2008,93.611
15/08/2008,104.151
16/08/2008,109.335
17/08/2008,118.013
18/08/2008,143.388
19/08/2008,165.11
20/08/2008,205.634
21/08/2008,228.415
22/08/2008,251.116
23/08/2008,310.338
24/08/2008,365.554
25/08/2008,410.615
26/08/2008,405.408
27/08/2008,387.188
28/08/2008,356.147
29/08/2008,336.984
30/08/2008,336.272
31/08/2008,334.426
01/09/2008,227.419
02/09/2008,192.548
03/09/2008,168.663
04/09/2008,156.407
05/09/2008,144.94
06/09/2008,128.031
07/09/2008,126.271
08/09/2008,121.27
09/09/2008,115.183
10/09/2008,105.042
11/09/2008,121.476
12/09/2008,145.259
13/09/2008,163.003
14/09/2008,178.345
15/09/2008,189.433
16/09/2008,199.467
17/09/2008,206.771
18/09/2008,207.413
19/09/2008,205.266
20/09/2008,198.776
21/09/2008,188.22
22/09/2008,152.545
23/09/2008,128.149
24/09/2008,90.163
25/09/2008,54.035
26/09/2008,33.807
27/09/2008,29.439
28/09/2008,24.869
29/09/2008,21.702
30/09/2008,18.919
01/10/2008,17.962
02/10/2008,16.749
03/10/2008,15.358
04/10/2008,12.751
05/10/2008,12.306
06/10/2008,9.51
07/10/2008,7.119
08/10/2008,7.017
09/10/2008,8.978
10/10/2008,7.119
11/10/2008,6.885
12/10/2008,6.783
13/10/2008,5.161
14/10/2008,4.98
15/10/2008,4.98
16/10/2008,4.98
17/10/2008,5.853
18/10/2008,8.405
19/10/2008,16.681
20/10/2008,20.017
21/10/2008,22.167
22/10/2008,22.228
23/10/2008,20.183
24/10/2008,15.018
25/10/2008,13.88
26/10/2008,17.257
27/10/2008,20.017
28/10/2008,25.396
29/10/2008,38.355
30/10/2008,51.354
31/10/2008,69.385
01/11/2008,91.589
02/11/2008,93.037
03/11/2008,92.622
04/11/2008,84.751
05/11/2008,74.557
06/11/2008,57.948
07/11/2008,49.118
08/11/2008,41.358
09/11/2008,38.418
10/11/2008,42.56
11/11/2008,45.586
12/11/2008,49.6
13/11/2008,53.748
14/11/2008,57.147
15/11/2008,60.964
16/11/2008,62.296
17/11/2008,76.495
18/11/2008,77.837
19/11/2008,77.707
20/11/2008,74.291
21/11/2008,67.114
22/11/2008,52.038
23/11/2008,41.262
24/11/2008,31.577
25/11/2008,9.808
26/11/2008,2.039
27/11/2008,0.42
28/11/2008,0.27
29/11/2008,0.652
30/11/2008,1.106
01/12/2008,2.309
02/12/2008,2.44
03/12/2008,2.44
04/12/2008,2.938
05/12/2008,3.527
06/12/2008,3.527
07/12/2008,3.707
08/12/2008,7.86
09/12/2008,12.401
10/12/2008,16.29
11/12/2008,16.691
12/12/2008,14.758
13/12/2008,12.174
14/12/2008,7.237
15/12/2008,3.789
16/12/2008,2.543
17/12/2008,2.44
18/12/2008,2.44
19/12/2008,2.397
20/12/2008,1.718
21/12/2008,1.642
22/12/2008,1.611
23/12/2008,1.125
24/12/2008,0.888
25/12/2008,0.658
26/12/2008,0.43
27/12/2008,0.404
28/12/2008,0.404
29/12/2008,0.395
30/12/2008,0.247
31/12/2008,0.24
01/01/2009,0.388
02/01/2009,0.404
03/01/2009,0.404
04/01/2009,0.404
05/01/2009,0.395
06/01/2009,0.247
07/01/2009,0.23
08/01/2009,0.23
09/01/2009,0.24
10/01/2009,0.388
11/01/2009,0.404
12/01/2009,0.419
13/01/2009,0.8
14/01/2009,5.094
15/01/2009,12.313
16/01/2009,19.488
17/01/2009,22.33
18/01/2009,23.666
19/01/2009,21.559
20/01/2009,18.882
21/01/2009,8.078
22/01/2009,6.783
23/01/2009,5.083
24/01/2009,3.565
25/01/2009,1.822
26/01/2009,1.611
27/01/2009,1.156
28/01/2009,1.588
29/01/2009,1.685
30/01/2009,2.364
31/01/2009,2.44
01/02/2009,3.418
02/02/2009,13.855
03/02/2009,21.617
04/02/2009,19.619
05/02/2009,18.094
06/02/2009,16.593
07/02/2009,12.875
08/02/2009,12.174
09/02/2009,7.417
10/02/2009,6.885
11/02/2009,6.885
12/02/2009,6.885
13/02/2009,6.885
14/02/2009,7.184
15/02/2009,11.642
16/02/2009,7.417
17/02/2009,6.705
18/02/2009,3.925
19/02/2009,3.413
20/02/2009,3.528
21/02/2009,7.726
22/02/2009,30.023
23/02/2009,43.105
24/02/2009,46.987
25/02/2009,54.189
26/02/2009,51.197
27/02/2009,46.734
28/02/2009,46.524
01/03/2009,42.987
02/03/2009,39.201
03/03/2009,35.743
04/03/2009,35.21
05/03/2009,32.055
06/03/2009,28.871
07/03/2009,28.38
08/03/2009,25.657
09/03/2009,24.565
10/03/2009,22.295
11/03/2009,19.547
12/03/2009,16.725
13/03/2009,12.576
14/03/2009,7.549
15/03/2009,9.277
16/03/2009,12.175
17/03/2009,12.474
18/03/2009,12.474
19/03/2009,12.474
20/03/2009,12.474
21/03/2009,12.474
22/03/2009,12.474
23/03/2009,12.474
24/03/2009,12.474
25/03/2009,12.474
26/03/2009,12.174
27/03/2009,7.417
28/03/2009,6.885
29/03/2009,6.885
30/03/2009,6.885
01/04/2009,6.783
02/04/2009,5.083
03/04/2009,3.666
04/04/2009,3.527
05/04/2009,3.527
06/04/2009,3.426
07/04/2009,1.822
08/04/2009,1.642
09/04/2009,1.642
10/04/2009,1.642
11/04/2009,1.642
12/04/2009,1.642
13/04/2009,1.642
14/04/2009,1.642
15/04/2009,1.642
16/04/2009,1.642
17/04/2009,1.629
18/04/2009,1.414
19/04/2009,1.383
20/04/2009,1.287
21/04/2009,1.27
22/04/2009,1.174
23/04/2009,1.08
24/04/2009,1.071
25/04/2009,1.071
26/04/2009,1.071
27/04/2009,1.071
28/04/2009,1.071
29/04/2009,1.071
30/04/2009,1.071
01/05/2009,1.071
02/05/2009,1.071
03/05/2009,1.071
04/05/2009,1.071
05/05/2009,1.066
06/05/2009,0.983
07/05/2009,0.901
08/05/2009,0.889
09/05/2009,0.822
10/05/2009,0.81
11/05/2009,0.748
12/05/2009,0.741
13/05/2009,0.758
14/05/2009,1.07
15/05/2009,1.63
16/05/2009,2.364
17/05/2009,2.44
18/05/2009,2.44
19/05/2009,2.498
20/05/2009,3.424
21/05/2009,3.839
22/05/2009,8.79
23/05/2009,9.212
24/05/2009,7.119
25/05/2009,6.885
26/05/2009,7.017
27/05/2009,9.11
28/05/2009,10.778
29/05/2009,12.474
30/05/2009,12.63
31/05/2009,15.112
01/06/2009,15.234
02/06/2009,12.584
03/06/2009,9.642
04/06/2009,9.344
05/06/2009,9.212
06/06/2009,7.119
07/06/2009,6.885
08/06/2009,6.783
09/06/2009,5.083
10/06/2009,3.666
11/06/2009,3.469
12/06/2009,2.543
13/06/2009,2.397
14/06/2009,1.718
15/06/2009,1.642
16/06/2009,1.642
17/06/2009,2.008
18/06/2009,2.44
19/06/2009,2.44
20/06/2009,2.498
21/06/2009,3.424
22/06/2009,3.605
23/06/2009,4.841
24/06/2009,5.082
25/06/2009,6.703
26/06/2009,6.885
27/06/2009,8.012
28/06/2009,9.344
29/06/2009,9.512
30/06/2009,13.512
01/07/2009,16.133
02/07/2009,19.97
03/07/2009,24.406
04/07/2009,29.006
05/07/2009,30.984
06/07/2009,31.994
07/07/2009,33.561
08/07/2009,35.229
09/07/2009,35.592
10/07/2009,38.69
11/07/2009,39.239
12/07/2009,43.452
13/07/2009,46.44
14/07/2009,43.954
15/07/2009,40.892
16/07/2009,36.726
17/07/2009,35.302
18/07/2009,33.527
19/07/2009,28.864
20/07/2009,25.657
21/07/2009,25.189
22/07/2009,22.596
23/07/2009,22.152
24/07/2009,19.693
25/07/2009,19.418
26/07/2009,19.418
27/07/2009,19.272
28/07/2009,16.951
29/07/2009,16.691
30/07/2009,16.691
31/07/2009,16.528
01/08/2009,13.819
02/08/2009,11.435
03/08/2009,7.035
04/08/2009,3.505
05/08/2009,7.34
06/08/2009,25.274
07/08/2009,47.219
08/08/2009,142.91
09/08/2009,133.541
10/08/2009,131.834
11/08/2009,145.491
12/08/2009,154.717
13/08/2009,158.02
14/08/2009,144.398
15/08/2009,131.637
16/08/2009,113.317
17/08/2009,89.231
18/08/2009,47.492
19/08/2009,40.255
20/08/2009,45.758
21/08/2009,67.79
22/08/2009,78.449
23/08/2009,88.044
24/08/2009,98.101
25/08/2009,108.912
26/08/2009,128.015
27/08/2009,160.154
28/08/2009,176.368
29/08/2009,147.741
30/08/2009,118.829
31/08/2009,98.26
01/09/2009,106.254
02/09/2009,114.908
03/09/2009,132.713
04/09/2009,134.033
05/09/2009,129.081
06/09/2009,126.761
07/09/2009,120.586
08/09/2009,169.496
01/10/2009,464.944
02/10/2009,407.785
03/10/2009,360.11
04/10/2009,332.38
05/10/2009,288.48
06/10/2009,257.933
07/10/2009,240.473
08/10/2009,224.09
09/10/2009,187.969
10/10/2009,168.844
11/10/2009,151.117
12/10/2009,137.816
13/10/2009,128.775
14/10/2009,115.535
15/10/2009,98.63
16/10/2009,126.031
17/10/2009,157.542
18/10/2009,172.812
19/10/2009,142.922
20/10/2009,133.135
21/10/2009,100.861
22/10/2009,79.821
23/10/2009,70.854
24/10/2009,55.432
25/10/2009,37.347
26/10/2009,25.839
27/10/2009,20.641
28/10/2009,17.919
29/10/2009,15.54
30/10/2009,14.263
31/10/2009,13.769
01/11/2009,14.68
02/11/2009,14.047
03/11/2009,12.939
04/11/2009,17.972
01/12/2009,358.44
02/12/2009,358.44
03/12/2009,357.966
04/12/2009,349.971
05/12/2009,340.821
06/12/2009,325.574
07/12/2009,323.518
08/12/2009,316.498
09/12/2009,315.278
10/12/2009,308.381
11/12/2009,307.609
12/12/2009,306.764
13/12/2009,293.338
14/12/2009,292.254
15/12/2009,298.488
16/12/2009,289.063
17/12/2009,283.758
18/12/2009,277.346
19/12/2009,276.232
20/12/2009,267.826
21/12/2009,261.07
22/12/2009,256.456
23/12/2009,249.934
24/12/2009,245.337
25/12/2009,234.885
26/12/2009,234.173
27/12/2009,233.779
28/12/2009,227.508
29/12/2009,226.417
30/12/2009,220.23
31/12/2009,219.538
01/02/2010,196.551
02/02/2010,168.205
03/02/2010,164.693
04/02/2010,158.954
05/02/2010,152.705
06/02/2010,146.245
07/02/2010,135.8
08/02/2010,140.028
09/02/2010,146.055
10/02/2010,152.189
11/02/2010,158.429
12/02/2010,167.738
13/02/2010,180.473
14/02/2010,185.068
15/02/2010,190.825
16/02/2010,191.469
17/02/2010,191.837
18/02/2010,197.681
19/02/2010,198.335
20/02/2010,200.255
21/02/2010,231.16
22/02/2010,240.529
23/02/2010,231.118
24/02/2010,216.193
25/02/2010,199.303
26/02/2010,191.761
27/02/2010,184.993
28/02/2010,178.328
01/03/2010,168.81
02/03/2010,137.416
03/03/2010,131.7
04/03/2010,130.961
05/03/2010,120.925
06/03/2010,113.186
07/03/2010,105.654
08/03/2010,102.369
09/03/2010,97.302
10/03/2010,89.122
11/03/2010,85.718
12/03/2010,81.374
13/03/2010,74.589
14/03/2010,65.663
15/03/2010,57.22
16/03/2010,46.388
17/03/2010,21.356
18/03/2010,21.073
19/03/2010,20.357
20/03/2010,19.695
21/03/2010,19.491
22/03/2010,21.117
23/03/2010,24.032
24/03/2010,25.129
25/03/2010,26.904
26/03/2010,29.43
27/03/2010,32.579
28/03/2010,34.51
29/03/2010,32.735
30/03/2010,28.0
31/03/2010,23.254
01/04/2010,20.113
02/04/2010,18.158
03/04/2010,17.12
04/04/2010,16.68
05/04/2010,16.23
06/04/2010,15.696
07/04/2010,15.523
08/04/2010,15.226
09/04/2010,14.457
10/04/2010,13.795
11/04/2010,13.273
12/04/2010,12.956
13/04/2010,12.685
14/04/2010,12.365
15/04/2010,11.961
16/04/2010,11.499
17/04/2010,11.263
18/04/2010,11.036
19/04/2010,10.88
20/04/2010,10.724
21/04/2010,10.574
22/04/2010,11.304
23/04/2010,12.102
24/04/2010,12.42
25/04/2010,14.837
26/04/2010,19.055
27/04/2010,19.95
28/04/2010,17.637
29/04/2010,15.035
30/04/2010,13.195
01/05/2010,11.97
02/05/2010,11.137
03/05/2010,10.328
04/05/2010,15.743
05/05/2010,18.79
06/05/2010,15.916
07/05/2010,15.058
08/05/2010,13.678
09/05/2010,12.516
10/05/2010,11.87
11/05/2010,11.476
12/05/2010,11.276
13/05/2010,11.333
14/05/2010,11.272
15/05/2010,11.162
16/05/2010,10.864
17/05/2010,9.238
18/05/2010,8.045
19/05/2010,7.897
20/05/2010,8.012
21/05/2010,7.945
22/05/2010,7.519
23/05/2010,7.236
24/05/2010,9.298
25/05/2010,11.849
26/05/2010,12.913
27/05/2010,13.096
28/05/2010,12.801
29/05/2010,12.891
30/05/2010,16.529
31/05/2010,19.362
01/06/2010,19.793
02/06/2010,19.129
03/06/2010,18.293
04/06/2010,18.394
05/06/2010,19.142
06/06/2010,18.936
07/06/2010,17.459
08/06/2010,15.468
09/06/2010,13.632
10/06/2010,12.235
11/06/2010,11.299
12/06/2010,10.554
13/06/2010,9.293
14/06/2010,7.965
15/06/2010,7.01
16/06/2010,13.37
17/06/2010,49.45
18/06/2010,68.831
19/06/2010,87.118
20/06/2010,105.054
21/06/2010,118.966
22/06/2010,131.102
23/06/2010,141.824
24/06/2010,150.548
25/06/2010,154.464
26/06/2010,147.012
27/06/2010,119.43
28/06/2010,75.104
29/06/2010,41.658
30/06/2010,35.436
01/07/2010,38.987
02/07/2010,42.611
03/07/2010,43.979
04/07/2010,41.802
05/07/2010,36.387
06/07/2010,29.899
07/07/2010,25.086
08/07/2010,21.72
09/07/2010,19.036
10/07/2010,17.017
11/07/2010,16.891
12/07/2010,104.809
13/07/2010,149.23
14/07/2010,179.373
15/07/2010,217.901
16/07/2010,231.07
17/07/2010,222.265
18/07/2010,211.372
19/07/2010,240.675
20/07/2010,264.517
21/07/2010,285.85
22/07/2010,351.616
23/07/2010,399.801
24/07/2010,437.194
25/07/2010,487.553
26/07/2010,541.321
27/07/2010,578.749
28/07/2010,605.457
29/07/2010,650.195
30/07/2010,633.472
31/07/2010,574.447
01/08/2010,505.896
02/08/2010,440.836
03/08/2010,381.3
04/08/2010,329.189
05/08/2010,282.013
06/08/2010,250.305
07/08/2010,224.039
08/08/2010,199.197
09/08/2010,176.302
10/08/2010,148.191
11/08/2010,110.984
12/08/2010,73.098
13/08/2010,70.23
14/08/2010,72.872
15/08/2010,56.443
16/08/2010,46.657
17/08/2010,44.343
18/08/2010,43.084
19/08/2010,39.109
20/08/2010,35.246
21/08/2010,31.153
22/08/2010,27.353
23/08/2010,24.439
24/08/2010,22.195
25/08/2010,20.279
26/08/2010,19.137
27/08/2010,18.265
28/08/2010,17.353
29/08/2010,16.365
30/08/2010,15.485
31/08/2010,28.785
01/09/2010,46.945
02/09/2010,68.458
03/09/2010,74.847
04/09/2010,106.93
05/09/2010,134.743
06/09/2010,158.342
07/09/2010,176.219
08/09/2010,191.129
09/09/2010,207.099
10/09/2010,226.137
11/09/2010,244.751
12/09/2010,253.375
13/09/2010,258.02
14/09/2010,289.821
15/09/2010,275.062
16/09/2010,252.33
17/09/2010,241.588
18/09/2010,236.987
19/09/2010,233.602
20/09/2010,235.848
21/09/2010,243.424
22/09/2010,247.407
23/09/2010,241.79
24/09/2010,224.026
25/09/2010,183.408
26/09/2010,119.341
27/09/2010,61.917
28/09/2010,37.593
29/09/2010,40.132
30/09/2010,37.482
01/10/2010,28.27
02/10/2010,23.294
03/10/2010,19.287
04/10/2010,18.943
05/10/2010,18.162
06/10/2010,16.962
07/10/2010,15.552
08/10/2010,14.625
09/10/2010,14.215
10/10/2010,14.526
11/10/2010,16.496
12/10/2010,25.159
13/10/2010,33.414
14/10/2010,33.562
15/10/2010,25.918
16/10/2010,18.597
17/10/2010,14.893
18/10/2010,13.1
19/10/2010,12.127
20/10/2010,11.456
21/10/2010,10.924
22/10/2010,10.272
23/10/2010,8.653
24/10/2010,7.345
25/10/2010,6.38
26/10/2010,5.47
27/10/2010,4.736
28/10/2010,4.129
29/10/2010,3.566
30/10/2010,3.17
31/10/2010,2.643
01/11/2010,2.458
02/11/2010,2.319
03/11/2010,2.143
04/11/2010,1.918
05/11/2010,1.792
06/11/2010,1.669
07/11/2010,1.813
08/11/2010,1.858
09/11/2010,1.687
10/11/2010,1.541
11/11/2010,1.932
12/11/2010,2.423
13/11/2010,2.305
14/11/2010,2.099
15/11/2010,1.976
16/11/2010,2.059
17/11/2010,2.149
18/11/2010,2.424
19/11/2010,2.619
20/11/2010,2.474
21/11/2010,2.143
22/11/2010,1.807
23/11/2010,1.508
24/11/2010,1.219
25/11/2010,1.072
26/11/2010,1.011
27/11/2010,0.985
28/11/2010,0.868
29/11/2010,0.847
30/11/2010,0.855
01/12/2010,0.84
02/12/2010,0.806
03/12/2010,0.775
04/12/2010,0.668
05/12/2010,0.632
06/12/2010,0.587
07/12/2010,0.629
08/12/2010,0.562
09/12/2010,0.503
10/12/2010,0.554
11/12/2010,0.577
12/12/2010,0.574
13/12/2010,0.606
14/12/2010,0.788
15/12/2010,0.883
16/12/2010,0.917
17/12/2010,0.96
18/12/2010,0.971
19/12/2010,1.143
20/12/2010,1.299
21/12/2010,1.362
22/12/2010,1.55
23/12/2010,1.607
24/12/2010,1.546
25/12/2010,1.429
26/12/2010,1.435
27/12/2010,1.355
28/12/2010,1.236
29/12/2010,1.187
30/12/2010,1.21
31/12/2010,1.252
01/01/2011,1.239
02/01/2011,1.282
03/01/2011,1.24
04/01/2011,1.347
05/01/2011,1.601
06/01/2011,1.804
07/01/2011,1.664
08/01/2011,1.652
09/01/2011,1.625
10/01/2011,1.637
11/01/2011,1.631
12/01/2011,1.858
13/01/2011,2.164
14/01/2011,3.12
15/01/2011,2.801
16/01/2011,2.389
17/01/2011,2.586
18/01/2011,3.383
19/01/2011,3.103
20/01/2011,2.587
21/01/2011,1.969
22/01/2011,1.727
23/01/2011,1.779
24/01/2011,2.36
25/01/2011,2.186
26/01/2011,1.885
27/01/2011,1.674
28/01/2011,2.237
29/01/2011,2.257
30/01/2011,1.93
31/01/2011,1.856
01/02/2011,1.879
02/02/2011,1.961
03/02/2011,2.382
04/02/2011,2.896
05/02/2011,3.027
06/02/2011,2.682
07/02/2011,1.996
08/02/2011,1.606
09/02/2011,1.733
10/02/2011,2.237
11/02/2011,3.053
12/02/2011,2.791
13/02/2011,2.883
14/02/2011,3.526
15/02/2011,4.667
16/02/2011,6.578
17/02/2011,9.805
18/02/2011,10.644
19/02/2011,8.599
20/02/2011,6.054
21/02/2011,4.169
22/02/2011,2.878
23/02/2011,2.166
24/02/2011,2.046
25/02/2011,2.734
26/02/2011,2.71
27/02/2011,2.512
28/02/2011,2.313
01/03/2011,2.028
02/03/2011,1.778
03/03/2011,1.731
04/03/2011,1.646
05/03/2011,1.483
06/03/2011,1.295
07/03/2011,1.214
08/03/2011,1.191
09/03/2011,1.201
10/03/2011,1.163
11/03/2011,1.068
12/03/2011,1.018
13/03/2011,0.916
14/03/2011,0.764
15/03/2011,0.699
16/03/2011,0.644
17/03/2011,0.637
18/03/2011,0.695
19/03/2011,0.669
20/03/2011,0.647
21/03/2011,0.65
22/03/2011,0.651
23/03/2011,0.65
24/03/2011,0.822
25/03/2011,1.421
26/03/2011,1.741
27/03/2011,2.626
28/03/2011,4.399
29/03/2011,5.693
30/03/2011,5.777
31/03/2011,7.066
01/04/2011,10.214
02/04/2011,11.277
03/04/2011,11.259
04/04/2011,10.749
05/04/2011,8.229
06/04/2011,6.095
07/04/2011,4.639
08/04/2011,3.64
09/04/2011,2.842
10/04/2011,2.309
11/04/2011,1.995
12/04/2011,1.76
13/04/2011,1.543
14/04/2011,1.249
15/04/2011,1.018
16/04/2011,0.994
17/04/2011,1.133
18/04/2011,1.149
19/04/2011,1.396
20/04/2011,1.358
21/04/2011,1.6
22/04/2011,3.712
23/04/2011,13.348
24/04/2011,15.53
25/04/2011,12.256
26/04/2011,12.225
27/04/2011,13.192
28/04/2011,13.938
29/04/2011,14.047
30/04/2011,13.664
01/05/2011,12.791
02/05/2011,11.829
03/05/2011,12.087
04/05/2011,11.453
05/05/2011,10.247
06/05/2011,9.095
07/05/2011,9.468
08/05/2011,10.474
09/05/2011,10.953
10/05/2011,10.897
11/05/2011,10.524
12/05/2011,8.684
13/05/2011,6.833
14/05/2011,5.213
15/05/2011,4.093
16/05/2011,3.226
17/05/2011,2.676
18/05/2011,2.259
19/05/2011,1.998
20/05/2011,1.792
21/05/2011,1.645
22/05/2011,1.592
23/05/2011,1.67
24/05/2011,2.385
25/05/2011,54.678
26/05/2011,75.881
27/05/2011,47.987
28/05/2011,37.316
29/05/2011,35.96
30/05/2011,33.057
31/05/2011,29.466
01/06/2011,26.126
02/06/2011,22.264
03/06/2011,18.712
04/06/2011,15.711
05/06/2011,14.125
06/07/2011,14.847
07/07/2011,13.667
08/07/2011,12.591
09/07/2011,11.771
10/07/2011,11.158
11/07/2011,10.785
12/07/2011,9.786
13/07/2011,8.735
14/07/2011,8.362
15/07/2011,10.557
16/07/2011,18.472
17/07/2011,22.093
18/07/2011,20.706
19/07/2011,23.742
20/07/2011,34.658
21/07/2011,45.228
22/07/2011,48.508
23/07/2011,42.537
24/07/2011,31.617
25/07/2011,23.109
26/07/2011,18.958
27/07/2011,16.701
28/07/2011,27.673
29/07/2011,55.16
30/07/2011,56.438
31/07/2011,60.888
01/08/2011,68.808
02/08/2011,108.146
03/08/2011,145.049
04/08/2011,159.446
05/08/2011,177.217
06/08/2011,190.049
07/08/2011,192.991
08/08/2011,192.485
09/08/2011,191.016
10/08/2011,186.554
11/08/2011,172.896
12/08/2011,141.789
13/08/2011,93.832
14/08/2011,49.734
15/08/2011,32.119
16/08/2011,27.239
17/08/2011,29.619
18/08/2011,30.473
19/08/2011,78.799
20/08/2011,114.907
21/08/2011,124.075
22/08/2011,135.592
23/08/2011,126.986
24/08/2011,100.489
25/08/2011,72.218
26/08/2011,51.164
27/08/2011,38.074
28/08/2011,44.008
29/08/2011,43.752
30/08/2011,40.299
31/08/2011,50.869
01/09/2011,66.432
02/09/2011,79.264
03/09/2011,87.601
04/09/2011,89.947
05/09/2011,81.901
06/09/2011,64.352
07/09/2011,45.151
08/09/2011,35.906
09/09/2011,35.665
10/09/2011,39.575
11/09/2011,44.021
12/09/2011,44.521
13/09/2011,38.917
14/09/2011,30.198
15/09/2011,23.688
16/09/2011,19.95
17/09/2011,19.6
18/09/2011,35.009
19/09/2011,40.831
20/09/2011,36.23
21/09/2011,35.122
22/09/2011,39.77
23/09/2011,43.054
24/09/2011,41.306
25/09/2011,36.257
26/09/2011,31.613
27/09/2011,27.406
28/09/2011,22.834
29/09/2011,19.232
30/09/2011,17.593
01/10/2011,37.208
02/10/2011,56.45
03/10/2011,81.218
04/10/2011,96.764
05/10/2011,102.739
06/10/2011,108.593
07/10/2011,118.127
08/10/2011,163.28
09/10/2011,181.554
10/10/2011,189.728
11/10/2011,198.345
12/10/2011,198.971
13/10/2011,201.076
14/10/2011,203.868
15/10/2011,189.731
16/10/2011,170.832
17/10/2011,151.86
18/10/2011,130.312
19/10/2011,106.665
20/10/2011,81.673
21/10/2011,58.223
22/10/2011,39.67
23/10/2011,29.159
24/10/2011,24.988
25/10/2011,24.217
26/10/2011,25.286
27/10/2011,27.7
28/10/2011,28.871
29/10/2011,27.61
30/10/2011,31.274
31/10/2011,35.338
01/11/2011,34.052
02/11/2011,28.061
03/11/2011,22.07
04/11/2011,18.164
05/11/2011,15.685
06/11/2011,14.023
07/11/2011,12.827
08/11/2011,11.927
09/11/2011,11.249
10/11/2011,11.098
11/11/2011,10.897
12/11/2011,10.18
13/11/2011,8.56
14/11/2011,7.599
15/11/2011,9.662
16/11/2011,12.062
17/11/2011,12.794
18/11/2011,12.278
19/11/2011,11.333
20/11/2011,9.674
21/11/2011,6.835
22/11/2011,4.977
23/11/2011,3.826
24/11/2011,3.149
25/11/2011,2.753
26/11/2011,2.484
27/11/2011,2.125
28/11/2011,1.927
29/11/2011,1.734
30/11/2011,1.351
01/12/2011,1.085
02/12/2011,1.032
03/12/2011,0.947
04/12/2011,0.875
05/12/2011,0.881
06/12/2011,0.902
07/12/2011,0.901
08/12/2011,0.907
09/12/2011,0.919
10/12/2011,0.86
11/12/2011,0.829
12/12/2011,0.804
13/12/2011,0.717
14/12/2011,0.667
15/12/2011,0.695
16/12/2011,0.797
17/12/2011,0.779
18/12/2011,1.02
19/12/2011,1.141
20/12/2011,1.113
21/12/2011,0.993
22/12/2011,0.77
23/12/2011,0.638
24/12/2011,0.501
25/12/2011,0.48
26/12/2011,0.474
27/12/2011,0.503
28/12/2011,0.463
29/12/2011,0.471
30/12/2011,0.464
31/12/2011,0.453
01/01/2012,0.406
02/01/2012,0.403
03/01/2012,0.372
04/01/2012,0.345
05/01/2012,0.341
06/01/2012,0.381
07/01/2012,0.357
08/01/2012,0.323
09/01/2012,0.358
10/01/2012,0.392
11/01/2012,0.372
12/01/2012,0.442
13/01/2012,0.416
14/01/2012,0.824
15/01/2012,1.216
16/01/2012,0.924
17/01/2012,0.694
18/01/2012,0.577
19/01/2012,0.553
20/01/2012,0.493
21/01/2012,0.437
22/01/2012,0.428
23/01/2012,0.465
24/01/2012,0.404
25/01/2012,0.378
26/01/2012,0.35
27/01/2012,0.328
28/01/2012,0.345
29/01/2012,0.387
30/01/2012,0.399
31/01/2012,0.389
01/02/2012,0.376
02/02/2012,0.355
03/02/2012,0.522
04/02/2012,0.907
05/02/2012,2.355
06/02/2012,2.702
07/02/2012,7.516
08/02/2012,7.6
09/02/2012,8.739
10/02/2012,22.997
11/02/2012,32.207
12/02/2012,34.049
13/02/2012,34.234
14/02/2012,32.888
15/02/2012,27.587
16/02/2012,20.734
17/02/2012,16.29
18/02/2012,13.626
19/02/2012,11.949
20/02/2012,10.83
21/02/2012,11.259
22/02/2012,11.965
23/02/2012,13.094
24/02/2012,13.064
25/02/2012,12.471
26/02/2012,11.518
27/02/2012,10.168
28/02/2012,7.547
29/02/2012,9.271
01/03/2012,17.546
02/03/2012,29.494
03/03/2012,34.238
04/03/2012,46.46
05/03/2012,61.435
06/03/2012,75.467
07/03/2012,84.722
08/03/2012,90.05
09/03/2012,91.701
10/03/2012,82.064
11/03/2012,61.74
12/03/2012,35.21
13/03/2012,24.572
14/03/2012,20.548
15/03/2012,17.301
16/03/2012,14.627
17/03/2012,12.609
18/03/2012,11.31
19/03/2012,10.138
20/03/2012,8.468
21/03/2012,7.391
22/03/2012,6.263
23/03/2012,5.517
24/03/2012,5.418
25/03/2012,4.654
26/03/2012,4.015
27/03/2012,3.248
28/03/2012,2.743
29/03/2012,2.476
30/03/2012,2.297
31/03/2012,2.133
01/04/2012,2.056
02/04/2012,2.053
03/04/2012,2.086
04/04/2012,2.094
05/04/2012,2.729
06/04/2012,4.972
07/04/2012,5.14
08/04/2012,5.065
09/04/2012,4.933
10/04/2012,5.844
11/04/2012,8.367
12/04/2012,11.276
13/04/2012,11.928
14/04/2012,12.987
15/04/2012,13.62
16/04/2012,15.047
17/04/2012,16.226
18/04/2012,16.065
19/04/2012,14.95
20/04/2012,13.577
21/04/2012,12.28
22/04/2012,11.103
23/04/2012,8.842
24/04/2012,6.324
25/04/2012,4.698
26/04/2012,3.857
27/04/2012,3.185
28/04/2012,2.682
29/04/2012,2.272
30/04/2012,1.965
01/05/2012,1.714
02/05/2012,1.548
03/05/2012,1.413
04/05/2012,1.322
05/05/2012,1.268
06/05/2012,1.204
07/05/2012,1.1
08/05/2012,1.034
09/05/2012,0.999
10/05/2012,0.94
11/05/2012,0.843
12/05/2012,0.737
13/05/2012,0.626
14/05/2012,0.556
15/05/2012,0.516
16/05/2012,0.495
17/05/2012,0.476
18/05/2012,0.471
19/05/2012,0.454
20/05/2012,0.45
21/05/2012,0.45
22/05/2012,0.459
23/05/2012,0.499
24/05/2012,0.507
25/05/2012,0.466
26/05/2012,0.463
27/05/2012,0.45
28/05/2012,0.463
29/05/2012,0.472
30/05/2012,0.42
31/05/2012,0.371
01/06/2012,0.331
02/06/2012,0.316
03/06/2012,0.3
04/06/2012,0.292
05/06/2012,0.282
06/06/2012,0.254
07/06/2012,0.228
08/06/2012,0.225
09/06/2012,0.213
10/06/2012,0.217
11/06/2012,0.247
12/06/2012,0.266
13/06/2012,0.313
14/06/2012,0.369
15/06/2012,1.256
16/06/2012,3.392
17/06/2012,8.339
18/06/2012,31.002
19/06/2012,59.319
20/06/2012,82.354
21/06/2012,96.353
22/06/2012,101.955
23/06/2012,98.546
24/06/2012,82.089
25/06/2012,53.491
26/06/2012,28.768
27/06/2012,18.072
28/06/2012,14.087
29/06/2012,13.507
30/06/2012,30.104
01/07/2012,49.424
02/07/2012,64.843
03/07/2012,98.832
04/07/2012,126.778
05/07/2012,153.942
06/07/2012,161.602
07/07/2012,165.885
08/07/2012,173.226
09/07/2012,180.472
10/07/2012,184.503
11/07/2012,185.447
12/07/2012,183.604
13/07/2012,176.361
14/07/2012,158.288
15/07/2012,122.946
16/07/2012,72.119
17/07/2012,34.334
18/07/2012,22.09
19/07/2012,17.833
20/07/2012,15.492
21/07/2012,13.968
22/07/2012,12.784
23/07/2012,11.773
24/07/2012,11.092
25/07/2012,10.142
26/07/2012,8.372
27/07/2012,7.218
28/07/2012,6.045
29/07/2012,5.559
30/07/2012,4.962
31/07/2012,4.557
01/08/2012,8.931
02/08/2012,10.904
03/08/2012,11.688
04/08/2012,12.252
05/08/2012,14.418
06/08/2012,21.129
07/08/2012,28.083
08/08/2012,28.928
09/08/2012,24.098
10/08/2012,18.433
11/08/2012,14.786
12/08/2012,12.784
13/08/2012,11.965
14/08/2012,11.539
15/08/2012,11.45
16/08/2012,11.48
17/08/2012,11.591
18/08/2012,13.23
19/08/2012,16.381
20/08/2012,25.702
21/08/2012,82.918
22/08/2012,105.163
23/08/2012,118.204
24/08/2012,130.752
25/08/2012,141.781
26/08/2012,149.628
27/08/2012,151.621
28/08/2012,149.896
29/08/2012,141.597
30/08/2012,119.937
31/08/2012,86.742
01/09/2012,55.545
02/09/2012,36.276
03/09/2012,25.622
04/09/2012,19.85
05/09/2012,16.852
06/09/2012,15.388
07/09/2012,14.888
08/09/2012,14.943
09/09/2012,14.75
10/09/2012,14.135
11/09/2012,13.563
12/09/2012,13.239
13/09/2012,13.96
14/09/2012,14.793
15/09/2012,14.533
16/09/2012,14.035
17/09/2012,13.941
18/09/2012,23.477
19/09/2012,67.476
20/09/2012,103.905
21/09/2012,132.734
22/09/2012,160.569
23/09/2012,211.291
24/09/2012,292.214
25/09/2012,368.157
26/09/2012,359.595
27/09/2012,320.807
28/09/2012,274.507
29/09/2012,236.038
30/09/2012,177.265
01/10/2012,100.791
02/10/2012,44.771
03/10/2012,27.911
04/10/2012,23.336
05/10/2012,20.595
06/10/2012,19.536
07/10/2012,24.469
08/10/2012,67.683
09/10/2012,164.038
10/10/2012,232.867
11/10/2012,284.487
12/10/2012,473.92
13/10/2012,676.064
14/10/2012,635.331
15/10/2012,557.835
16/10/2012,483.591
17/10/2012,417.657
18/10/2012,358.927
19/10/2012,304.351
20/10/2012,257.57
21/10/2012,211.631
22/10/2012,143.889
23/10/2012,77.627
24/10/2012,41.628
25/10/2012,29.985
26/10/2012,25.069
27/10/2012,23.894
28/10/2012,28.331
29/10/2012,32.853
30/10/2012,32.591
31/10/2012,27.571
01/11/2012,22.31
02/11/2012,19.977
03/11/2012,19.733
04/11/2012,19.486
05/11/2012,18.445
06/11/2012,16.813
07/11/2012,15.021
08/11/2012,13.451
09/11/2012,12.259
10/11/2012,11.16
11/11/2012,10.246
12/11/2012,8.784
13/11/2012,6.811
14/11/2012,5.788
15/11/2012,6.196
16/11/2012,12.971
17/11/2012,19.056
18/11/2012,20.593
19/11/2012,17.829
20/11/2012,14.17
21/11/2012,11.722
22/11/2012,8.843
23/11/2012,6.08
24/11/2012,4.337
25/11/2012,3.253
26/11/2012,3.461
27/11/2012,4.74
28/11/2012,4.518
29/11/2012,4.524
30/11/2012,6.381
01/12/2012,7.054
02/12/2012,5.307
03/12/2012,3.533
04/12/2012,2.362
05/12/2012,1.718
06/12/2012,1.968
07/12/2012,2.539
08/12/2012,1.599
09/12/2012,1.275
10/12/2012,2.218
11/12/2012,7.431
12/12/2012,6.435
13/12/2012,5.138
14/12/2012,5.277
15/12/2012,8.87
16/12/2012,11.878
17/12/2012,13.357
18/12/2012,14.573
19/12/2012,14.962
20/12/2012,13.594
21/12/2012,11.937
22/12/2012,10.417
23/12/2012,7.717
24/12/2012,6.522
25/12/2012,5.617
26/12/2012,4.643
27/12/2012,3.947
28/12/2012,3.096
29/12/2012,2.847
30/12/2012,3.494
31/12/2012,11.289
01/01/2013,28.109
02/01/2013,38.847
03/01/2013,39.177
04/01/2013,39.133
05/01/2013,41.447
06/01/2013,43.717
07/01/2013,46.46
08/01/2013,48.651
09/01/2013,45.619
10/01/2013,38.009
11/01/2013,33.263
12/01/2013,32.957
13/01/2013,37.27
14/01/2013,43.842
15/01/2013,47.623
16/01/2013,44.532
17/01/2013,33.667
18/01/2013,24.26
19/01/2013,18.674
20/01/2013,15.006
21/01/2013,12.8
22/01/2013,11.84
23/01/2013,17.242
24/01/2013,26.266
25/01/2013,30.651
26/01/2013,27.986
27/01/2013,21.331
28/01/2013,16.753
29/01/2013,14.625
30/01/2013,14.151
31/01/2013,14.541
01/02/2013,14.188
02/02/2013,13.277
03/02/2013,11.808
04/02/2013,10.152
05/02/2013,7.135
06/02/2013,5.326
07/02/2013,4.843
08/02/2013,4.706
09/02/2013,4.334
10/02/2013,4.113
11/02/2013,4.219
12/02/2013,3.952
13/02/2013,3.885
14/02/2013,9.48
15/02/2013,26.896
16/02/2013,29.66
17/02/2013,20.799
18/02/2013,18.121
19/02/2013,16.987
20/02/2013,17.019
21/02/2013,54.273
22/02/2013,71.332
23/02/2013,57.161
24/02/2013,43.558
25/02/2013,42.91
26/02/2013,46.782
27/02/2013,51.005
28/02/2013,53.64
01/03/2013,51.38
02/03/2013,42.157
03/03/2013,29.603
04/03/2013,20.849
05/03/2013,16.419
06/03/2013,13.991
07/03/2013,12.618
08/03/2013,11.672
09/03/2013,11.036
10/03/2013,10.644
11/03/2013,8.742
12/03/2013,7.787
13/03/2013,6.72
14/03/2013,6.272
15/03/2013,6.352
16/03/2013,6.298
17/03/2013,5.778
18/03/2013,5.38
19/03/2013,4.99
20/03/2013,5.241
21/03/2013,6.521
22/03/2013,8.549
23/03/2013,7.8
24/03/2013,6.724
25/03/2013,6.074
26/03/2013,6.084
27/03/2013,6.216
28/03/2013,6.228
29/03/2013,5.907
30/03/2013,5.217
31/03/2013,4.527
01/04/2013,3.608
02/04/2013,2.948
03/04/2013,3.233
04/04/2013,4.901
05/04/2013,29.955
06/04/2013,42.055
07/04/2013,39.374
08/04/2013,45.457
09/04/2013,51.36
10/04/2013,56.615
11/04/2013,61.881
12/04/2013,70.138
13/04/2013,64.687
14/04/2013,51.43
15/04/2013,43.557
16/04/2013,39.062
17/04/2013,36.062
18/04/2013,34.498
19/04/2013,31.902
20/04/2013,27.298
21/04/2013,22.147
22/04/2013,18.21
23/04/2013,15.526
24/04/2013,13.592
25/04/2013,12.183
26/04/2013,11.118
27/04/2013,9.39
28/04/2013,8.439
29/04/2013,13.792
30/04/2013,21.735
01/05/2013,22.971
02/05/2013,23.291
03/05/2013,45.137
04/05/2013,128.94
05/05/2013,185.024
06/05/2013,216.665
07/05/2013,240.697
08/05/2013,277.298
09/05/2013,332.58
10/05/2013,360.723
11/05/2013,351.56
12/05/2013,323.698
13/05/2013,287.091
14/05/2013,253.584
15/05/2013,210.17
16/05/2013,142.308
17/05/2013,73.034
18/05/2013,36.367
19/05/2013,27.046
20/05/2013,25.597
21/05/2013,27.549
22/05/2013,29.191
23/05/2013,31.465
24/05/2013,35.331
25/05/2013,39.624
26/05/2013,42.378
27/05/2013,41.396
28/05/2013,36.779
29/05/2013,31.791
30/05/2013,31.749
31/05/2013,33.292
01/06/2013,37.804
02/06/2013,48.498
03/06/2013,60.536
04/06/2013,73.158
05/06/2013,85.602
06/06/2013,94.606
07/06/2013,97.045
08/06/2013,89.218
09/06/2013,69.173
10/06/2013,44.884
11/06/2013,29.622
12/06/2013,23.399
13/06/2013,20.322
14/06/2013,18.352
15/06/2013,16.647
16/06/2013,15.349
17/06/2013,14.423
18/06/2013,13.575
19/06/2013,12.872
20/06/2013,12.16
21/06/2013,12.35
22/06/2013,21.877
23/06/2013,32.636
24/06/2013,40.541
25/06/2013,58.329
26/06/2013,78.946
27/06/2013,92.834
28/06/2013,102.344
29/06/2013,115.206
30/06/2013,123.268
01/07/2013,114.866
02/07/2013,95.787
03/07/2013,76.648
04/07/2013,69.247
05/07/2013,80.22
06/07/2013,101.538
07/07/2013,117.819
08/07/2013,124.705
09/07/2013,130.85
10/07/2013,143.04
11/07/2013,152.172
12/07/2013,154.769
13/07/2013,155.536
14/07/2013,149.073
15/07/2013,131.728
16/07/2013,105.145
17/07/2013,79.462
18/07/2013,66.739
19/07/2013,63.208
20/07/2013,59.222
21/07/2013,51.755
22/07/2013,43.834
23/07/2013,39.634
24/07/2013,36.978
25/07/2013,33.093
26/07/2013,28.425
27/07/2013,24.41
28/07/2013,21.474
29/07/2013,19.095
30/07/2013,17.21
31/07/2013,15.864
01/08/2013,14.847
02/08/2013,18.337
03/08/2013,37.743
04/08/2013,40.943
05/08/2013,46.281
06/08/2013,62.283
07/08/2013,80.877
08/08/2013,96.057
09/08/2013,108.896
10/08/2013,112.566
11/08/2013,105.1
12/08/2013,90.796
13/08/2013,81.449
14/08/2013,80.818
15/08/2013,83.333
16/08/2013,83.789
17/08/2013,76.942
18/08/2013,61.042
19/08/2013,42.3
20/08/2013,30.042
21/08/2013,24.198
22/08/2013,23.339
23/08/2013,32.388
24/08/2013,38.249
25/08/2013,36.473
26/08/2013,38.784
27/08/2013,47.046
28/08/2013,56.159
29/08/2013,60.976
30/08/2013,59.605
31/08/2013,51.821
01/09/2013,41.112
02/09/2013,31.964
03/09/2013,26.014
04/09/2013,21.928
05/09/2013,18.934
06/09/2013,17.024
07/09/2013,15.878
08/09/2013,15.415
09/09/2013,14.803
10/09/2013,14.339
11/09/2013,14.139
12/09/2013,14.77
13/09/2013,19.161
14/09/2013,78.533
15/09/2013,260.137
16/09/2013,359.623
17/09/2013,542.632
18/09/2013,577.45
19/09/2013,662.484
20/09/2013,635.844
21/09/2013,563.666
22/09/2013,491.824
23/09/2013,425.872
24/09/2013,369.266
25/09/2013,318.53
26/09/2013,270.71
27/09/2013,231.127
28/09/2013,181.5
29/09/2013,139.934
30/09/2013,120.172
01/10/2013,115.7
02/10/2013,115.207
03/10/2013,110.542
04/10/2013,96.525
05/10/2013,73.747
06/10/2013,47.142
07/10/2013,35.451
08/10/2013,29.187
09/10/2013,26.135
10/10/2013,25.726
11/10/2013,26.419
12/10/2013,27.002
13/10/2013,27.022
14/10/2013,30.283
15/10/2013,39.634
16/10/2013,52.521
17/10/2013,65.467
18/10/2013,77.628
19/10/2013,87.429
20/10/2013,93.596
21/10/2013,95.218
22/10/2013,87.102
23/10/2013,68.659
24/10/2013,75.725
25/10/2013,109.079
26/10/2013,179.918
27/10/2013,296.365
28/10/2013,546.382
29/10/2013,658.313
30/10/2013,674.263
31/10/2013,639.111
01/11/2013,573.729
02/11/2013,516.899
03/11/2013,463.024
04/11/2013,407.933
05/11/2013,356.811
06/11/2013,308.47
07/11/2013,265.324
08/11/2013,235.334
09/11/2013,205.217
10/11/2013,186.982
11/11/2013,197.607
12/11/2013,219.469
13/11/2013,234.442
14/11/2013,245.77
15/11/2013,280.512
16/11/2013,394.534
17/11/2013,545.704
18/11/2013,543.786
19/11/2013,495.593
20/11/2013,446.633
21/11/2013,400.504
22/11/2013,356.829
23/11/2013,315.026
24/11/2013,275.605
25/11/2013,248.013
26/11/2013,219.378
27/11/2013,187.954
28/11/2013,157.475
29/11/2013,128.953
30/11/2013,96.826
01/12/2013,63.44
02/12/2013,56.615
03/12/2013,64.179
04/12/2013,36.384
05/12/2013,30.792
06/12/2013,27.341
07/12/2013,30.639
08/12/2013,44.345
09/12/2013,54.864
10/12/2013,59.892
11/12/2013,60.711
12/12/2013,57.876
13/12/2013,48.818
14/12/2013,33.957
15/12/2013,22.206
16/12/2013,17.014
17/12/2013,14.23
18/12/2013,12.504
19/12/2013,11.366
20/12/2013,10.227
21/12/2013,8.422
22/12/2013,6.824
23/12/2013,5.705
24/12/2013,4.567
25/12/2013,3.683
26/12/2013,2.923
27/12/2013,2.427
28/12/2013,2.138
29/12/2013,1.887
30/12/2013,2.313
31/12/2013,3.759
01/01/2014,4.578
02/01/2014,5.998
03/01/2014,14.251
04/01/2014,21.41
05/01/2014,24.503
06/01/2014,22.69
07/01/2014,19.115
08/01/2014,21.97
09/01/2014,32.921
10/01/2014,35.694
11/01/2014,50.976
12/01/2014,68.057
13/01/2014,77.121
14/01/2014,80.462
15/01/2014,85.059
16/01/2014,94.521
17/01/2014,103.171
18/01/2014,111.263
19/01/2014,120.295
20/01/2014,131.224
21/01/2014,145.108
22/01/2014,161.445
23/01/2014,173.908
24/01/2014,178.211
25/01/2014,166.873
26/01/2014,134.814
27/01/2014,91.258
28/01/2014,63.767
29/01/2014,62.074
30/01/2014,71.814
31/01/2014,85.299
01/02/2014,101.351
02/02/2014,136.087
03/02/2014,186.296
04/02/2014,234.557
05/02/2014,273.817
06/02/2014,340.538
07/02/2014,415.491
08/02/2014,442.525
09/02/2014,432.843
10/02/2014,410.646
11/02/2014,382.644
12/02/2014,355.146
13/02/2014,319.936
14/02/2014,279.192
15/02/2014,242.195
16/02/2014,190.949
17/02/2014,135.573
18/02/2014,100.818
19/02/2014,88.715
20/02/2014,86.788
21/02/2014,87.502
22/02/2014,93.271
23/02/2014,113.613
24/02/2014,131.419
25/02/2014,133.917
26/02/2014,134.766
27/02/2014,148.585
28/02/2014,168.97
01/03/2014,177.11
02/03/2014,179.75
03/03/2014,183.387
04/03/2014,192.132
05/03/2014,201.836
06/03/2014,203.39
07/03/2014,204.469
08/03/2014,206.121
09/03/2014,215.049
10/03/2014,203.116
11/03/2014,195.449
12/03/2014,183.182
13/03/2014,166.588
14/03/2014,143.084
15/03/2014,113.691
16/03/2014,85.583
17/03/2014,88.356
18/03/2014,104.978
19/03/2014,116.991
20/03/2014,142.069
21/03/2014,164.232
22/03/2014,180.264
23/03/2014,204.438
24/03/2014,239.229
25/03/2014,279.296
26/03/2014,315.277
27/03/2014,320.342
28/03/2014,302.854
29/03/2014,275.186
30/03/2014,253.79
31/03/2014,225.987
01/04/2014,179.062
02/04/2014,132.844
03/04/2014,106.62
04/04/2014,100.938
05/04/2014,104.289
06/04/2014,108.904
07/04/2014,112.22
08/04/2014,120.753
09/04/2014,149.684
10/04/2014,135.812
11/04/2014,111.941
12/04/2014,124.334
13/04/2014,144.363
14/04/2014,148.598
15/04/2014,154.875
16/04/2014,165.073
17/04/2014,177.286
18/04/2014,190.27
19/04/2014,200.173
20/04/2014,204.17
21/04/2014,200.689
22/04/2014,185.013
23/04/2014,152.453
24/04/2014,109.513
25/04/2014,71.637
26/04/2014,48.679
27/04/2014,37.798
28/04/2014,32.3
29/04/2014,28.842
30/04/2014,26.232
01/05/2014,26.09
02/05/2014,26.928
03/05/2014,25.575
04/05/2014,28.378
05/05/2014,53.515
06/05/2014,86.554
07/05/2014,107.602
08/05/2014,122.712
09/05/2014,126.244
10/05/2014,120.354
11/05/2014,111.515
12/05/2014,100.43
13/05/2014,84.64
14/05/2014,64.294
15/05/2014,46.423
16/05/2014,36.534
17/05/2014,31.641
18/05/2014,28.681
19/05/2014,27.237
20/05/2014,28.616
21/05/2014,30.461
22/05/2014,32.506
23/05/2014,30.766
24/05/2014,28.282
25/05/2014,26.708
26/05/2014,27.537
27/05/2014,29.446
28/05/2014,29.141
29/05/2014,26.091
30/05/2014,22.273
31/05/2014,19.705
01/06/2014,18.911
02/06/2014,17.665
03/06/2014,16.377
04/06/2014,15.664
05/06/2014,16.058
06/06/2014,16.447
07/06/2014,16.381
08/06/2014,16.457
09/06/2014,16.924
10/06/2014,21.711
11/06/2014,28.385
12/06/2014,31.523
13/06/2014,49.303
14/06/2014,53.726
15/06/2014,38.981
16/06/2014,34.275
17/06/2014,30.564
18/06/2014,28.232
19/06/2014,30.128
20/06/2014,31.962
21/06/2014,30.244
22/06/2014,26.202
23/06/2014,22.79
24/06/2014,20.655
25/06/2014,19.324
26/06/2014,18.281
27/06/2014,17.373
28/06/2014,16.438
29/06/2014,16.875
30/06/2014,26.533
01/07/2014,39.339
02/07/2014,47.159
03/07/2014,57.307
04/07/2014,68.644
05/07/2014,84.975
06/07/2014,124.538
07/07/2014,162.99
08/07/2014,187.341
09/07/2014,219.85
10/07/2014,265.055
11/07/2014,351.5
12/07/2014,434.858
13/07/2014,437.498
14/07/2014,400.754
15/07/2014,353.762
16/07/2014,314.683
17/07/2014,276.456
18/07/2014,256.759
19/07/2014,242.768
20/07/2014,233.333
21/07/2014,238.539
22/07/2014,275.281
23/07/2014,447.089
24/07/2014,586.603
25/07/2014,644.766
26/07/2014,679.63
27/07/2014,678.101
28/07/2014,649.828
29/07/2014,600.189
30/07/2014,551.371
31/07/2014,498.055
01/08/2014,443.667
02/08/2014,392.83
03/08/2014,349.853
04/08/2014,308.784
05/08/2014,272.238
06/08/2014,253.283
07/08/2014,247.297
08/08/2014,254.069
09/08/2014,261.48
10/08/2014,260.64
11/08/2014,250.704
12/08/2014,230.937
13/08/2014,196.612
14/08/2014,148.121
15/08/2014,101.178
16/08/2014,71.275
17/08/2014,57.62
18/08/2014,50.355
19/08/2014,44.214
20/08/2014,38.494
21/08/2014,33.64
22/08/2014,29.965
23/08/2014,27.221
24/08/2014,25.148
25/08/2014,23.299
26/08/2014,21.157
27/08/2014,19.344
28/08/2014,17.934
29/08/2014,16.944
30/08/2014,16.359
31/08/2014,16.51
01/09/2014,16.432
02/09/2014,17.773
03/09/2014,23.184
04/09/2014,23.877
05/09/2014,29.963
06/09/2014,48.291
07/09/2014,74.257
08/09/2014,87.608
09/09/2014,96.677
10/09/2014,151.161
11/09/2014,207.87
12/09/2014,216.439
13/09/2014,233.232
14/09/2014,256.744
15/09/2014,295.4
16/09/2014,358.19
17/09/2014,414.291
18/09/2014,415.018
19/09/2014,384.026
20/09/2014,342.796
21/09/2014,299.03
22/09/2014,261.317
23/09/2014,232.88
24/09/2014,193.493
25/09/2014,142.312
26/09/2014,98.168
27/09/2014,69.77
28/09/2014,54.269
29/09/2014,95.586
30/09/2014,127.476
01/10/2014,130.255
02/10/2014,130.587
03/10/2014,133.886
04/10/2014,141.733
05/10/2014,142.064
06/10/2014,153.308
07/10/2014,158.708
08/10/2014,165.479
09/10/2014,172.571
10/10/2014,212.406
11/10/2014,258.269
12/10/2014,266.134
13/10/2014,318.997
14/10/2014,427.725
15/10/2014,528.276
16/10/2014,581.662
17/10/2014,600.591
18/10/2014,591.471
19/10/2014,573.355
20/10/2014,516.164
21/10/2014,459.32
22/10/2014,409.582
23/10/2014,374.764
24/10/2014,356.322
25/10/2014,344.467
26/10/2014,327.215
27/10/2014,302.422
28/10/2014,272.758
29/10/2014,251.168
30/10/2014,237.049
31/10/2014,196.72
01/11/2014,147.801
02/11/2014,129.371
03/11/2014,149.82
04/11/2014,219.525
05/11/2014,251.727
06/11/2014,330.626
07/11/2014,437.613
08/11/2014,484.983
09/11/2014,522.932
10/11/2014,512.108
11/11/2014,472.084
12/11/2014,423.944
13/11/2014,375.307
14/11/2014,324.418
15/11/2014,274.121
16/11/2014,235.487
17/11/2014,186.553
18/11/2014,136.604
19/11/2014,99.46
20/11/2014,69.861
21/11/2014,45.78
22/11/2014,32.342
23/11/2014,25.158
24/11/2014,21.172
25/11/2014,18.555
26/11/2014,16.534
27/11/2014,14.928
28/11/2014,13.656
29/11/2014,12.604
30/11/2014,11.817
01/12/2014,11.43
02/12/2014,13.187
03/12/2014,19.001
04/12/2014,19.35
05/12/2014,21.352
06/12/2014,32.901
07/12/2014,46.672
08/12/2014,57.682
09/12/2014,63.364
10/12/2014,58.478
11/12/2014,41.873
12/12/2014,28.529
13/12/2014,28.009
14/12/2014,35.274
15/12/2014,44.196
16/12/2014,49.784
17/12/2014,47.835
18/12/2014,36.598
19/12/2014,25.189
20/12/2014,19.998
21/12/2014,21.724
22/12/2014,38.289
23/12/2014,56.328
24/12/2014,73.568
25/12/2014,90.428
26/12/2014,103.12
27/12/2014,114.261
28/12/2014,126.701
29/12/2014,139.638
30/12/2014,152.654
31/12/2014,159.288
01/01/2015,155.154
02/01/2015,142.294
03/01/2015,134.67
04/01/2015,144.851
05/01/2015,158.321
06/01/2015,162.872
07/01/2015,161.364
08/01/2015,159.183
09/01/2015,154.618
10/01/2015,147.216
11/01/2015,139.127
12/01/2015,131.598
13/01/2015,127.24
14/01/2015,129.257
15/01/2015,133.735
16/01/2015,135.318
17/01/2015,133.496
18/01/2015,130.022
19/01/2015,125.936
20/01/2015,121.717
21/01/2015,116.925
22/01/2015,109.049
23/01/2015,93.986
24/01/2015,71.039
25/01/2015,48.308
26/01/2015,34.805
27/01/2015,28.399
28/01/2015,25.191
29/01/2015,27.365
30/01/2015,34.356
31/01/2015,35.664
01/02/2015,36.894
02/02/2015,39.925
03/02/2015,44.772
04/02/2015,48.917
05/02/2015,47.92
06/02/2015,39.492
07/02/2015,29.547
08/02/2015,23.812
09/02/2015,21.055
10/02/2015,19.769
11/02/2015,20.843
12/02/2015,20.592
13/02/2015,20.087
14/02/2015,19.829
15/02/2015,21.159
16/02/2015,23.892
17/02/2015,24.917
18/02/2015,23.23
19/02/2015,20.607
20/02/2015,18.246
21/02/2015,16.72
22/02/2015,15.997
23/02/2015,16.384
24/02/2015,17.477
25/02/2015,18.236
26/02/2015,19.951
27/02/2015,21.247
28/02/2015,21.762
01/03/2015,22.523
02/03/2015,25.144
03/03/2015,29.061
04/03/2015,33.61
05/03/2015,40.03
06/03/2015,39.001
07/03/2015,33.978
08/03/2015,32.568
09/03/2015,29.56
10/03/2015,26.651
11/03/2015,22.808
12/03/2015,19.779
13/03/2015,17.684
14/03/2015,16.289
15/03/2015,15.349
16/03/2015,14.649
17/03/2015,13.958
18/03/2015,13.202
19/03/2015,12.692
20/03/2015,12.354
21/03/2015,11.87
22/03/2015,11.361
23/03/2015,10.923
24/03/2015,10.743
25/03/2015,10.468
26/03/2015,9.427
27/03/2015,8.124
28/03/2015,7.225
29/03/2015,6.644
30/03/2015,6.859
31/03/2015,7.103
01/04/2015,7.808
02/04/2015,9.061
03/04/2015,9.49
04/04/2015,10.09
05/04/2015,10.848
06/04/2015,10.545
07/04/2015,8.559
08/04/2015,7.286
09/04/2015,6.842
10/04/2015,6.764
11/04/2015,7.143
12/04/2015,6.834
13/04/2015,5.836
14/04/2015,4.955
15/04/2015,4.271
16/04/2015,3.644
17/04/2015,3.104
18/04/2015,2.722
19/04/2015,2.428
20/04/2015,2.252
21/04/2015,2.024
22/04/2015,1.827
23/04/2015,1.684
24/04/2015,1.603
25/04/2015,1.506
26/04/2015,1.397
27/04/2015,1.308
28/04/2015,1.235
29/04/2015,1.133
30/04/2015,1.13
01/05/2015,1.08
02/05/2015,1.182
03/05/2015,1.379
04/05/2015,1.549
05/05/2015,1.511
06/05/2015,1.607
07/05/2015,1.836
08/05/2015,3.039
09/05/2015,5.786
10/05/2015,7.137
11/05/2015,6.645
12/05/2015,5.318
13/05/2015,4.317
14/05/2015,3.853
15/05/2015,4.519
16/05/2015,6.659
17/05/2015,8.848
18/05/2015,9.658
19/05/2015,8.042
20/05/2015,6.179
21/05/2015,4.815
22/05/2015,4.141
23/05/2015,3.977
24/05/2015,3.828
25/05/2015,3.747
26/05/2015,4.009
27/05/2015,3.614
28/05/2015,4.134
29/05/2015,4.229
30/05/2015,4.679
31/05/2015,4.411
01/06/2015,4.223
02/06/2015,5.758
03/06/2015,9.466
04/06/2015,11.235
05/06/2015,12.175
06/06/2015,52.505
07/06/2015,72.871
08/06/2015,66.17
09/06/2015,81.424
10/06/2015,111.206
11/06/2015,146.071
12/06/2015,174.522
13/06/2015,194.309
14/06/2015,224.668
15/06/2015,336.208
16/06/2015,477.085
17/06/2015,475.88
18/06/2015,430.3
19/06/2015,376.848
20/06/2015,321.973
21/06/2015,267.249
22/06/2015,214.197
23/06/2015,137.407
24/06/2015,67.125
25/06/2015,37.087
26/06/2015,29.659
27/06/2015,25.998
28/06/2015,23.507
29/06/2015,22.03
30/06/2015,27.321
01/07/2015,35.746
02/07/2015,41.531
03/07/2015,53.198
04/07/2015,70.279
05/07/2015,83.751
06/07/2015,91.956
07/07/2015,95.233
08/07/2015,93.925
09/07/2015,91.648
10/07/2015,90.676
11/07/2015,86.811
12/07/2015,73.285
13/07/2015,72.39
14/07/2015,88.86
15/07/2015,92.791
16/07/2015,98.504
17/07/2015,106.373
18/07/2015,111.679
19/07/2015,117.248
20/07/2015,140.29
21/07/2015,162.695
22/07/2015,175.057
23/07/2015,199.417
24/07/2015,330.674
25/07/2015,531.449
26/07/2015,521.539
27/07/2015,464.6
28/07/2015,405.367
29/07/2015,348.565
30/07/2015,291.857
31/07/2015,244.459
01/08/2015,187.782
02/08/2015,120.099
03/08/2015,69.006
04/08/2015,56.332
05/08/2015,67.051
06/08/2015,84.271
07/08/2015,95.984
08/08/2015,108.911
09/08/2015,119.995
10/08/2015,127.119
11/08/2015,134.253
12/08/2015,148.935
13/08/2015,178.556
14/08/2015,207.306
15/08/2015,208.73
16/08/2015,198.802
17/08/2015,187.707
18/08/2015,217.188
19/08/2015,253.953
20/08/2015,289.479
21/08/2015,346.429
22/08/2015,420.641
23/08/2015,501.07
24/08/2015,518.449
25/08/2015,488.561
26/08/2015,444.031
27/08/2015,399.16
28/08/2015,351.317
29/08/2015,302.257
30/08/2015,258.357
31/08/2015,218.752
01/09/2015,170.825
02/09/2015,131.018
03/09/2015,106.768
04/09/2015,87.905
05/09/2015,65.869
06/09/2015,46.351
07/09/2015,35.596
08/09/2015,29.786
09/09/2015,25.899
10/09/2015,23.264
11/09/2015,21.334
12/09/2015,19.615
13/09/2015,18.265
14/09/2015,17.208
15/09/2015,16.231
16/09/2015,17.85
17/09/2015,22.313
18/09/2015,20.3
19/09/2015,26.431
20/09/2015,47.687
21/09/2015,71.176
22/09/2015,100.349
23/09/2015,145.921
24/09/2015,222.915
25/09/2015,311.172
26/09/2015,640.451
27/09/2015,819.136
28/09/2015,778.94
29/09/2015,688.58
30/09/2015,601.476
01/10/2015,524.514
02/10/2015,461.062
03/10/2015,402.438
04/10/2015,347.702
05/10/2015,293.863
06/10/2015,249.098
07/10/2015,203.872
08/10/2015,175.569
09/10/2015,178.424
10/10/2015,178.234
11/10/2015,192.488
12/10/2015,221.012
13/10/2015,283.523
14/10/2015,459.021
15/10/2015,552.185
16/10/2015,596.484
17/10/2015,674.866
18/10/2015,718.716
19/10/2015,754.777
20/10/2015,710.532
21/10/2015,644.052
22/10/2015,589.89
23/10/2015,588.339
24/10/2015,679.347
25/10/2015,663.299
26/10/2015,589.896
27/10/2015,517.612
28/10/2015,454.449
29/10/2015,396.641
30/10/2015,354.984
31/10/2015,328.066
01/11/2015,288.601
02/11/2015,252.041
03/11/2015,226.327
04/11/2015,209.087
05/11/2015,199.774
06/11/2015,197.284
07/11/2015,201.526
08/11/2015,206.987
09/11/2015,207.707
10/11/2015,204.77
11/11/2015,220.543
12/11/2015,229.975
13/11/2015,283.519
14/11/2015,375.623
15/11/2015,437.304
16/11/2015,485.719
17/11/2015,478.843
18/11/2015,450.154
19/11/2015,419.805
20/11/2015,393.303
21/11/2015,363.426
22/11/2015,328.986
23/11/2015,287.828
24/11/2015,250.868
25/11/2015,202.453
26/11/2015,132.487
27/11/2015,76.792
28/11/2015,57.477
29/11/2015,45.92
30/11/2015,34.158
01/12/2015,28.6
02/12/2015,25.496
03/12/2015,23.279
04/12/2015,23.658
05/12/2015,40.879
06/12/2015,66.421
07/12/2015,76.956
08/12/2015,70.31
09/12/2015,62.798
10/12/2015,59.385
11/12/2015,53.296
12/12/2015,40.959
13/12/2015,30.62
14/12/2015,25.564
15/12/2015,23.562
16/12/2015,21.994
17/12/2015,21.547
18/12/2015,30.898
19/12/2015,72.061
20/12/2015,104.723
21/12/2015,131.72
22/12/2015,154.737
23/12/2015,183.772
24/12/2015,226.323
25/12/2015,285.905
26/12/2015,365.132
27/12/2015,394.297
28/12/2015,388.127
29/12/2015,375.297
30/12/2015,365.803
31/12/2015,351.966
01/01/2016,328.364
02/01/2016,295.994
03/01/2016,261.392
04/01/2016,222.863
05/01/2016,162.261
06/01/2016,124.59
07/01/2016,120.751
08/01/2016,129.372
09/01/2016,143.223
10/01/2016,156.699
11/01/2016,169.154
12/01/2016,184.194
13/01/2016,200.47
14/01/2016,212.755
15/01/2016,217.707
16/01/2016,210.079
17/01/2016,177.072
18/01/2016,114.298
19/01/2016,54.65
20/01/2016,31.791
21/01/2016,25.737
22/01/2016,23.115
23/01/2016,21.39
24/01/2016,19.67
25/01/2016,18.152
26/01/2016,17.09
27/01/2016,17.035
28/01/2016,16.851
29/01/2016,16.125
30/01/2016,16.077
31/01/2016,16.115
01/02/2016,16.193
02/02/2016,16.737
03/02/2016,17.324
04/02/2016,17.409
05/02/2016,16.696
06/02/2016,15.502
07/02/2016,14.715
08/02/2016,15.016
09/02/2016,15.005
10/02/2016,15.137
11/02/2016,15.105
12/02/2016,15.749
13/02/2016,16.683
14/02/2016,17.71
15/02/2016,17.302
16/02/2016,18.03
17/02/2016,22.281
18/02/2016,25.473
19/02/2016,26.145
20/02/2016,23.792
21/02/2016,20.945
22/02/2016,19.242
23/02/2016,19.137
24/02/2016,19.053
25/02/2016,18.215
26/02/2016,16.904
27/02/2016,16.101
28/02/2016,15.839
29/02/2016,15.435
01/03/2016,15.878
02/03/2016,16.464
03/03/2016,16.963
04/03/2016,17.068
05/03/2016,16.281
06/03/2016,15.175
07/03/2016,14.978
08/03/2016,14.982
09/03/2016,14.991
10/03/2016,14.928
11/03/2016,14.848
12/03/2016,15.057
13/03/2016,14.591
14/03/2016,14.714
15/03/2016,16.085
16/03/2016,17.741
17/03/2016,18.528
18/03/2016,18.062
19/03/2016,17.239
20/03/2016,18.217
21/03/2016,18.465
22/03/2016,21.67
23/03/2016,24.202
24/03/2016,27.049
25/03/2016,30.557
26/03/2016,33.117
27/03/2016,47.03
28/03/2016,68.664
29/03/2016,82.93
30/03/2016,94.35
31/03/2016,107.362
01/04/2016,122.619
02/04/2016,135.777
03/04/2016,145.299
04/04/2016,152.134
05/04/2016,156.482
06/04/2016,180.728
07/04/2016,221.447
08/04/2016,223.123
09/04/2016,225.809
10/04/2016,238.323
11/04/2016,254.785
12/04/2016,283.467
13/04/2016,339.616
14/04/2016,408.214
15/04/2016,439.501
16/04/2016,461.62
17/04/2016,499.367
18/04/2016,532.08
19/04/2016,561.898
20/04/2016,580.032
21/04/2016,575.329
22/04/2016,617.382
23/04/2016,701.747
24/04/2016,784.734
25/04/2016,831.143
26/04/2016,842.711
27/04/2016,847.879
28/04/2016,825.776
29/04/2016,754.422
30/04/2016,671.531
01/05/2016,594.482
02/05/2016,530.005
03/05/2016,474.094
04/05/2016,421.529
05/05/2016,368.577
06/05/2016,315.895
07/05/2016,265.644
08/05/2016,219.454
09/05/2016,156.664
10/05/2016,99.391
11/05/2016,65.445
12/05/2016,49.857
13/05/2016,41.825
14/05/2016,36.277
15/05/2016,41.111
16/05/2016,59.396
17/05/2016,74.227
18/05/2016,94.885
19/05/2016,115.168
20/05/2016,138.218
21/05/2016,165.882
22/05/2016,191.494
23/05/2016,209.865
24/05/2016,218.976
25/05/2016,215.889
26/05/2016,195.364
27/05/2016,149.086
28/05/2016,93.689
29/05/2016,55.472
30/05/2016,43.09
31/05/2016,48.417
01/06/2016,51.132
02/06/2016,54.349
03/06/2016,60.232
04/06/2016,71.611
05/06/2016,80.949
06/06/2016,82.859
07/06/2016,75.197
08/06/2016,60.55
09/06/2016,45.316
10/06/2016,35.755
11/06/2016,30.418
12/06/2016,26.81
13/06/2016,24.265
14/06/2016,22.284
15/06/2016,20.718
16/06/2016,19.481
17/06/2016,18.51
18/06/2016,17.648
19/06/2016,16.984
20/06/2016,16.53
21/06/2016,15.73
22/06/2016,15.292
23/06/2016,14.698
24/06/2016,13.975
25/06/2016,13.552
26/06/2016,40.634
27/06/2016,102.976
28/06/2016,116.969
29/06/2016,123.812
30/06/2016,139.877
01/07/2016,154.289
02/07/2016,159.972
03/07/2016,157.535
04/07/2016,150.284
05/07/2016,152.961
06/07/2016,217.925
07/07/2016,217.08
08/07/2016,214.639
09/07/2016,224.447
10/07/2016,240.599
11/07/2016,256.703
12/07/2016,313.905
13/07/2016,367.931
14/07/2016,399.434
15/07/2016,397.204
14/09/2016,173.855
15/09/2016,178.795
16/09/2016,186.646
17/09/2016,189.635
18/09/2016,181.962
19/09/2016,166.394
20/09/2016,149.404
21/09/2016,129.366
22/09/2016,99.437
23/09/2016,63.604
24/09/2016,39.032
25/09/2016,28.272
26/09/2016,23.249
27/09/2016,20.188
28/09/2016,18.226
29/09/2016,16.484
30/09/2016,15.111
01/10/2016,13.915
02/10/2016,13.123
03/10/2016,12.479
04/10/2016,11.764
05/10/2016,11.206
06/10/2016,10.461
07/10/2016,10.009
08/10/2016,9.16
09/10/2016,8.039
10/10/2016,7.312
11/10/2016,6.572
12/10/2016,6.172
13/10/2016,5.54
14/10/2016,5.451
15/10/2016,4.686
16/10/2016,6.373
17/10/2016,16.878
18/10/2016,26.857
19/10/2016,45.053
20/10/2016,80.212
21/10/2016,95.321
22/10/2016,103.616
23/10/2016,116.785
24/10/2016,126.217
25/10/2016,126.125
26/10/2016,122.964
27/10/2016,136.548
28/10/2016,116.543
29/10/2016,68.22
30/10/2016,38.386
31/10/2016,28.422
01/11/2016,38.948
02/11/2016,135.306
03/11/2016,161.179
04/11/2016,177.471
05/11/2016,198.312
06/11/2016,223.464
07/11/2016,265.321
08/11/2016,337.606
09/11/2016,373.644
10/11/2016,355.314
11/11/2016,312.238
12/11/2016,263.778
13/11/2016,206.664
14/11/2016,115.57
15/11/2016,44.429
16/11/2016,26.116
17/11/2016,19.683
18/11/2016,16.536
19/11/2016,14.681
20/11/2016,13.213
21/11/2016,12.007
22/11/2016,11.102
23/11/2016,9.686
24/11/2016,8.451
25/11/2016,7.176
26/11/2016,6.515
27/11/2016,6.433
28/11/2016,5.759
29/11/2016,4.98
30/11/2016,4.188
01/12/2016,3.932
02/12/2016,4.377
03/12/2016,6.245
04/12/2016,7.711
05/12/2016,7.58
06/12/2016,6.826
07/12/2016,9.222
08/12/2016,12.588
09/12/2016,13.29
10/12/2016,12.128
11/12/2016,10.675
12/12/2016,7.668
13/12/2016,5.261
14/12/2016,3.521
15/12/2016,2.566
16/12/2016,2.002
17/12/2016,1.718
18/12/2016,1.626
19/12/2016,1.72
20/12/2016,1.569
21/12/2016,1.633
22/12/2016,1.702
23/12/2016,1.691
24/12/2016,1.684
25/12/2016,2.279
26/12/2016,4.043
27/12/2016,10.652
28/12/2016,11.294
29/12/2016,11.664
30/12/2016,13.038
31/12/2016,15.529
01/01/2017,20.748
02/01/2017,25.245
03/01/2017,26.71
04/01/2017,44.361
05/01/2017,81.949
06/01/2017,81.024
07/01/2017,77.837
08/01/2017,85.934
09/01/2017,104.689
10/01/2017,124.461
11/01/2017,138.14
12/01/2017,143.583
13/01/2017,146.644
14/01/2017,146.46
15/01/2017,148.038
16/01/2017,167.665
17/01/2017,213.802
18/01/2017,216.665
19/01/2017,204.017
20/01/2017,185.064
21/01/2017,165.321
22/01/2017,154.74
23/01/2017,152.639
24/01/2017,152.137
25/01/2017,145.673
26/01/2017,124.518
27/01/2017,80.525
28/01/2017,37.053
29/01/2017,22.917
30/01/2017,19.812
31/01/2017,18.65
01/02/2017,17.654
02/02/2017,17.59
03/02/2017,19.079
04/02/2017,20.488
05/02/2017,30.068
06/02/2017,32.184
07/02/2017,33.407
08/02/2017,33.366
09/02/2017,32.281
10/02/2017,31.506
11/02/2017,29.272
12/02/2017,25.897
13/02/2017,50.488
14/02/2017,85.568
15/02/2017,100.975
16/02/2017,112.159
17/02/2017,121.963
18/02/2017,129.656
19/02/2017,127.43
20/02/2017,120.722
21/02/2017,109.686
22/02/2017,97.732
23/02/2017,93.095
24/02/2017,93.803
25/02/2017,91.16
26/02/2017,80.76
27/02/2017,63.662
28/02/2017,51.102
01/03/2017,45.983
02/03/2017,40.664
03/03/2017,32.439
04/03/2017,25.452
05/03/2017,21.682
06/03/2017,19.71
07/03/2017,19.172
08/03/2017,20.496
09/03/2017,27.309
10/03/2017,47.219
11/03/2017,64.741
12/03/2017,69.453
13/03/2017,79.875
14/03/2017,94.095
15/03/2017,107.084
16/03/2017,123.676
17/03/2017,143.324
18/03/2017,166.382
19/03/2017,192.483
20/03/2017,216.144
21/03/2017,235.003
22/03/2017,244.309
23/03/2017,243.399
24/03/2017,230.797
25/03/2017,202.075
26/03/2017,149.783
27/03/2017,86.506
28/03/2017,48.679
29/03/2017,38.764
30/03/2017,32.781
31/03/2017,26.101
01/04/2017,20.982
02/04/2017,17.877
03/04/2017,15.962
04/04/2017,14.52
05/04/2017,13.513
06/04/2017,12.588
07/04/2017,11.914
08/04/2017,11.504
09/04/2017,11.276
10/04/2017,37.568
11/04/2017,150.89
12/04/2017,215.012
13/04/2017,274.229
14/04/2017,561.165
15/04/2017,691.917
16/04/2017,645.736
17/04/2017,576.102
18/04/2017,509.894
19/04/2017,455.48
20/04/2017,408.234
21/04/2017,358.702
22/04/2017,305.719
23/04/2017,251.082
24/04/2017,184.353
25/04/2017,106.445
26/04/2017,57.344
27/04/2017,39.893
28/04/2017,32.008
29/04/2017,27.252
30/04/2017,24.008
01/05/2017,21.849
02/05/2017,20.474
03/05/2017,19.02
04/05/2017,17.491
05/05/2017,16.59
06/05/2017,15.421
07/05/2017,14.615
08/05/2017,14.12
09/05/2017,13.701
10/05/2017,13.19
11/05/2017,12.629
12/05/2017,15.095
13/05/2017,92.039
14/05/2017,153.946
15/05/2017,184.057
16/05/2017,222.892
17/05/2017,482.36
18/05/2017,640.199
19/05/2017,590.74
20/05/2017,524.22
21/05/2017,465.395
22/05/2017,412.345
23/05/2017,362.157
24/05/2017,311.683
25/05/2017,282.067
26/05/2017,355.397
27/05/2017,453.261
28/05/2017,617.964
29/05/2017,750.909
30/05/2017,744.777
31/05/2017,665.782
01/06/2017,586.223
02/06/2017,517.065
03/06/2017,458.038
04/06/2017,405.68
05/06/2017,356.455
06/06/2017,305.41
07/06/2017,258.901
08/06/2017,217.892
09/06/2017,170.983
10/06/2017,129.644
11/06/2017,104.174
12/06/2017,98.039
13/06/2017,103.057
14/06/2017,112.031
15/06/2017,122.672
16/06/2017,133.692
17/06/2017,142.304
18/06/2017,145.832
19/06/2017,140.803
20/06/2017,120.756
21/06/2017,95.03
22/06/2017,83.275
23/06/2017,84.197
24/06/2017,88.261
25/06/2017,90.06
26/06/2017,84.564
27/06/2017,69.543
28/06/2017,51.269
29/06/2017,56.778
30/06/2017,152.978
01/07/2017,179.725
02/07/2017,200.078
03/07/2017,232.819
04/07/2017,263.097
05/07/2017,301.549
06/07/2017,323.483
07/07/2017,319.153
08/07/2017,296.878
09/07/2017,267.705
10/07/2017,240.902
11/07/2017,200.7
12/07/2017,153.369
13/07/2017,113.764
14/07/2017,92.255
15/07/2017,88.696
16/07/2017,100.151
17/07/2017,123.474
18/07/2017,133.933
19/07/2017,138.842
20/07/2017,140.736
21/07/2017,140.319
22/07/2017,138.5
23/07/2017,133.139
24/07/2017,120.28
25/07/2017,97.259
26/07/2017,68.597
27/07/2017,48.527
28/07/2017,40.073
29/07/2017,34.674
30/07/2017,30.414
31/07/2017,27.319
01/08/2017,24.917
02/08/2017,31.884
03/08/2017,56.482
04/08/2017,75.919
05/08/2017,98.934
06/08/2017,121.916
07/08/2017,139.813
08/08/2017,170.773
09/08/2017,200.757
10/08/2017,215.407
11/08/2017,239.081
12/08/2017,351.823
13/08/2017,463.494
14/08/2017,552.501
15/08/2017,576.021
16/08/2017,592.205
17/08/2017,598.919
18/08/2017,586.257
19/08/2017,551.791
20/08/2017,502.313
21/08/2017,450.238
22/08/2017,398.772
23/08/2017,347.364
24/08/2017,295.389
25/08/2017,250.817
26/08/2017,202.135
27/08/2017,141.814
28/08/2017,91.575
29/08/2017,62.43
30/08/2017,48.66
31/08/2017,41.422
01/09/2017,37.609
02/09/2017,34.117
03/09/2017,30.751
04/09/2017,28.088
05/09/2017,27.093
06/09/2017,28.376
07/09/2017,34.06
08/09/2017,42.688
09/09/2017,53.018
10/09/2017,66.282
11/09/2017,89.551
12/09/2017,88.75
13/09/2017,89.724
14/09/2017,210.297
15/09/2017,280.987
16/09/2017,389.703
17/09/2017,638.224
18/09/2017,776.512
19/09/2017,703.643
20/09/2017,611.573
21/09/2017,533.775
22/09/2017,467.724
23/09/2017,410.107
24/09/2017,356.597
25/09/2017,304.543
26/09/2017,257.564
27/09/2017,218.995
28/09/2017,178.12
29/09/2017,137.98
30/09/2017,113.115
01/10/2017,104.363
02/10/2017,111.014
03/10/2017,122.431
04/10/2017,128.565
05/10/2017,128.049
06/10/2017,123.012
07/10/2017,118.096
08/10/2017,115.385
09/10/2017,112.733
10/10/2017,103.355
11/10/2017,80.567
12/10/2017,56.121
13/10/2017,81.52
14/10/2017,102.947
15/10/2017,113.611
16/10/2017,129.799
17/10/2017,149.596
18/10/2017,177.176
19/10/2017,229.429
20/10/2017,262.447
21/10/2017,326.101
22/10/2017,451.89
23/10/2017,576.176
24/10/2017,613.018
25/10/2017,578.484
26/10/2017,527.908
27/10/2017,482.677
28/10/2017,445.258
29/10/2017,406.583
30/10/2017,364.384
31/10/2017,318.481
01/11/2017,270.701
02/11/2017,226.589
03/11/2017,162.219
04/11/2017,96.758
05/11/2017,54.497
06/11/2017,35.278
07/11/2017,26.742
08/11/2017,22.429
09/11/2017,20.1
10/11/2017,18.557
11/11/2017,16.908
12/11/2017,15.177
13/11/2017,13.892
14/11/2017,13.073
15/11/2017,12.529
16/11/2017,11.956
17/11/2017,11.656
18/11/2017,11.21
19/11/2017,10.714
20/11/2017,9.036
21/11/2017,8.216
22/11/2017,7.649
23/11/2017,7.748
24/11/2017,7.283
25/11/2017,6.063
26/11/2017,5.008
27/11/2017,4.564
28/11/2017,4.152
29/11/2017,3.705
30/11/2017,3.59
01/12/2017,3.359
02/12/2017,3.001
03/12/2017,3.044
04/12/2017,2.993
05/12/2017,2.859
06/12/2017,2.442
07/12/2017,2.297
08/12/2017,2.175
09/12/2017,1.976
10/12/2017,1.821
11/12/2017,1.619
12/12/2017,1.358
13/12/2017,1.278
14/12/2017,1.307
15/12/2017,1.291
16/12/2017,1.28
17/12/2017,1.241
18/12/2017,1.246
19/12/2017,1.333
20/12/2017,1.288
21/12/2017,1.296
22/12/2017,1.244
23/12/2017,1.164
24/12/2017,1.056
25/12/2017,1.117
26/12/2017,1.299
27/12/2017,1.285
28/12/2017,1.378
29/12/2017,4.017
30/12/2017,8.887
31/12/2017,7.669
01/01/2018,5.077
02/01/2018,3.348
03/01/2018,2.621
04/01/2018,2.102
05/01/2018,5.707
06/01/2018,10.793
07/01/2018,10.791
08/01/2018,7.727
09/01/2018,4.729
10/01/2018,3.309
11/01/2018,2.681
12/01/2018,2.181
13/01/2018,1.819
14/01/2018,1.573
15/01/2018,2.141
16/01/2018,3.045
17/01/2018,3.2
18/01/2018,2.946
19/01/2018,3.465
20/01/2018,3.031
21/01/2018,2.367
22/01/2018,2.241
23/01/2018,2.294
24/01/2018,3.871
25/01/2018,5.213
26/01/2018,8.616
27/01/2018,13.813
28/01/2018,15.432
29/01/2018,13.857
30/01/2018,11.936
31/01/2018,10.893
01/02/2018,9.328
02/02/2018,7.626
03/02/2018,6.197
04/02/2018,4.806
05/02/2018,3.579
06/02/2018,2.805
07/02/2018,2.36
08/02/2018,2.171
09/02/2018,1.875
10/02/2018,1.618
11/02/2018,1.485
12/02/2018,1.769
13/02/2018,2.553
14/02/2018,2.666
15/02/2018,2.468
16/02/2018,2.529
17/02/2018,2.853
18/02/2018,4.449
19/02/2018,5.842
20/02/2018,5.085
21/02/2018,4.111
22/02/2018,3.406
23/02/2018,3.183
24/02/2018,2.934
25/02/2018,2.646
26/02/2018,2.374
27/02/2018,2.363
28/02/2018,2.071
01/03/2018,2.402
02/03/2018,2.865
03/03/2018,3.535
04/03/2018,5.653
05/03/2018,6.763
06/03/2018,7.189
07/03/2018,6.929
08/03/2018,5.698
09/03/2018,4.592
10/03/2018,3.613
11/03/2018,2.819
12/03/2018,2.115
13/03/2018,1.987
14/03/2018,1.887
15/03/2018,2.016
16/03/2018,2.328
17/03/2018,5.438
18/03/2018,21.264
19/03/2018,34.695
20/03/2018,39.86
21/03/2018,39.984
22/03/2018,37.596
23/03/2018,32.396
24/03/2018,28.047
25/03/2018,29.971
26/03/2018,34.596
27/03/2018,34.752
28/03/2018,41.176
29/03/2018,48.321
30/03/2018,52.529
31/03/2018,52.071
01/04/2018,44.215
02/04/2018,31.643
03/04/2018,22.448
04/04/2018,17.713
05/04/2018,15.275
06/04/2018,13.441
07/04/2018,12.125
08/04/2018,11.411
09/04/2018,11.13
10/04/2018,10.378
11/04/2018,8.646
12/04/2018,7.445
13/04/2018,6.222
14/04/2018,4.878
15/04/2018,4.094
16/04/2018,3.814
17/04/2018,3.586
18/04/2018,3.114
19/04/2018,2.754
20/04/2018,3.134
21/04/2018,12.615
22/04/2018,19.078
23/04/2018,14.597
24/04/2018,15.064
25/04/2018,19.6
26/04/2018,24.549
27/04/2018,28.183
28/04/2018,27.558
29/04/2018,23.505
30/04/2018,20.521
01/05/2018,17.938
02/05/2018,17.7
03/05/2018,26.325
04/05/2018,36.628
05/05/2018,51.686
06/05/2018,71.188
07/05/2018,87.653
08/05/2018,100.311
09/05/2018,112.577
10/05/2018,125.372
11/05/2018,133.461
12/05/2018,132.56
13/05/2018,112.967
14/05/2018,70.713
15/05/2018,34.06
16/05/2018,22.312
17/05/2018,18.377
18/05/2018,16.454
19/05/2018,15.188
20/05/2018,14.034
21/05/2018,13.048
22/05/2018,12.267
23/05/2018,11.707
24/05/2018,11.255
25/05/2018,10.899
26/05/2018,10.323
27/05/2018,9.52
28/05/2018,8.77
29/05/2018,7.787
30/05/2018,7.128
31/05/2018,25.238
01/06/2018,82.28
02/06/2018,118.333
03/06/2018,130.5
04/06/2018,132.517
05/06/2018,139.108
06/06/2018,143.479
07/06/2018,140.276
08/06/2018,127.61
09/06/2018,104.026
10/06/2018,73.38
11/06/2018,52.926
12/06/2018,65.352
13/06/2018,78.742
14/06/2018,91.194
15/06/2018,106.778
16/06/2018,120.441
17/06/2018,125.428
18/06/2018,121.222
19/06/2018,106.91
20/06/2018,80.303
21/06/2018,49.414
22/06/2018,32.184
23/06/2018,25.286
24/06/2018,22.994
25/06/2018,21.493
26/06/2018,19.865
27/06/2018,18.158
28/06/2018,16.817
29/06/2018,16.07
30/06/2018,16.618
01/07/2018,19.47
02/07/2018,150.832
03/07/2018,207.67
04/07/2018,202.825
05/07/2018,225.236
06/07/2018,231.111
07/07/2018,226.851
08/07/2018,232.902
09/07/2018,221.419
10/07/2018,210.691
11/07/2018,207.92
12/07/2018,196.241
13/07/2018,171.119
14/07/2018,140.466
15/07/2018,109.657
16/07/2018,78.379
17/07/2018,70.806
18/07/2018,144.038
19/07/2018,224.176
20/07/2018,250.798
21/07/2018,318.795
22/07/2018,352.368
23/07/2018,354.349
24/07/2018,346.246
25/07/2018,326.258
26/07/2018,320.077
27/07/2018,320.354
28/07/2018,314.642
29/07/2018,325.557
30/07/2018,341.903
31/07/2018,358.56
01/08/2018,379.901
02/08/2018,372.617
03/08/2018,337.788
04/08/2018,292.992
05/08/2018,253.351
06/08/2018,210.246
07/08/2018,146.199
08/08/2018,84.78
09/08/2018,51.038
10/08/2018,39.519
11/08/2018,34.172
12/08/2018,30.423
13/08/2018,27.476
14/08/2018,25.399
15/08/2018,24.262
16/08/2018,23.071
17/08/2018,21.191
18/08/2018,19.266
19/08/2018,17.912
20/08/2018,17.601
21/08/2018,17.257
22/08/2018,16.587
23/08/2018,15.935
24/08/2018,24.899
25/08/2018,61.797
26/08/2018,88.503
27/08/2018,115.69
28/08/2018,142.086
29/08/2018,155.316
30/08/2018,217.874
31/08/2018,295.498
01/09/2018,456.077
02/09/2018,604.638
03/09/2018,707.084
04/09/2018,728.127
05/09/2018,650.937
06/09/2018,567.07
07/09/2018,494.461
08/09/2018,434.516
09/09/2018,379.947
10/09/2018,327.72
11/09/2018,277.864
12/09/2018,239.855
13/09/2018,188.613
14/09/2018,121.73
15/09/2018,74.066
16/09/2018,65.126
17/09/2018,52.927
18/09/2018,45.704
19/09/2018,45.939
20/09/2018,51.515
21/09/2018,54.851
22/09/2018,52.959
23/09/2018,68.829
24/09/2018,134.358
25/09/2018,140.271
26/09/2018,158.633
27/09/2018,194.902
28/09/2018,213.627
29/09/2018,241.017
30/09/2018,359.118
01/10/2018,480.985
02/10/2018,555.392
03/10/2018,606.29
04/10/2018,686.372
05/10/2018,685.933
06/10/2018,623.602
07/10/2018,553.66
08/10/2018,488.623
09/10/2018,430.54
10/10/2018,375.391
11/10/2018,323.118
12/10/2018,278.978
13/10/2018,256.322
14/10/2018,243.576
15/10/2018,243.191
16/10/2018,326.814
17/10/2018,536.537
18/10/2018,549.123
19/10/2018,495.264
20/10/2018,437.614
21/10/2018,382.968
22/10/2018,330.34
23/10/2018,279.184
24/10/2018,239.879
25/10/2018,191.978
26/10/2018,133.086
27/10/2018,76.914
28/10/2018,41.469
29/10/2018,28.864
30/10/2018,23.75
31/10/2018,20.897
01/11/2018,19.052
02/11/2018,17.608
03/11/2018,16.244
04/11/2018,15.171
05/11/2018,15.065
06/11/2018,15.696
07/11/2018,14.955
08/11/2018,13.663
09/11/2018,12.767
10/11/2018,12.089
11/11/2018,11.468
12/11/2018,10.596
13/11/2018,9.978
14/11/2018,10.043
15/11/2018,8.702
16/11/2018,7.276
17/11/2018,7.064
18/11/2018,9.836
19/11/2018,13.508
20/11/2018,19.922
21/11/2018,33.476
22/11/2018,47.447
23/11/2018,58.786
24/11/2018,66.754
25/11/2018,66.881
26/11/2018,52.089
27/11/2018,28.971
28/11/2018,17.69
29/11/2018,14.183
30/11/2018,12.515
01/12/2018,11.85
02/12/2018,11.359
03/12/2018,11.815
04/12/2018,12.255
05/12/2018,11.872
06/12/2018,11.101
07/12/2018,8.835
08/12/2018,5.992
09/12/2018,4.744
10/12/2018,4.289
11/12/2018,4.005
12/12/2018,4.277
13/12/2018,4.462
14/12/2018,4.289
15/12/2018,5.15
16/12/2018,5.559
17/12/2018,6.232
18/12/2018,10.082
19/12/2018,12.362
20/12/2018,14.945
21/12/2018,17.649
22/12/2018,20.072
23/12/2018,25.254
24/12/2018,36.28
25/12/2018,47.99
26/12/2018,56.828
27/12/2018,61.19
28/12/2018,56.691
29/12/2018,40.123
30/12/2018,23.273
31/12/2018,16.046
01/01/2019,13.291
02/01/2019,12.174
03/01/2019,12.124
04/01/2019,12.329
05/01/2019,12.186
06/01/2019,12.448
07/01/2019,14.356
08/01/2019,17.105
09/01/2019,19.157
10/01/2019,20.997
11/01/2019,27.13
12/01/2019,44.938
13/01/2019,72.493
14/01/2019,124.817
15/01/2019,209.674
16/01/2019,373.705
17/01/2019,494.398
18/01/2019,505.917
19/01/2019,526.281
20/01/2019,597.21
21/01/2019,628.284
22/01/2019,605.26
23/01/2019,581.405
24/01/2019,559.56
25/01/2019,520.38
26/01/2019,473.675
27/01/2019,425.157
28/01/2019,377.55
29/01/2019,329.143
30/01/2019,278.478
31/01/2019,239.578
01/02/2019,196.598
02/02/2019,154.517
03/02/2019,122.206
04/02/2019,99.889
05/02/2019,88.219
06/02/2019,86.798
07/02/2019,87.599
08/02/2019,84.669
09/02/2019,75.713
10/02/2019,61.141
11/02/2019,44.77
12/02/2019,34.676
13/02/2019,29.446
14/02/2019,26.703
15/02/2019,25.733
16/02/2019,24.897
17/02/2019,23.465
18/02/2019,21.908
19/02/2019,20.908
20/02/2019,20.246
21/02/2019,20.092
22/02/2019,20.001
23/02/2019,19.473
24/02/2019,19.337
25/02/2019,20.002
26/02/2019,19.701
27/02/2019,19.271
28/02/2019,19.742
01/03/2019,20.379
02/03/2019,20.57
03/03/2019,20.046
04/03/2019,18.885
05/03/2019,17.878
06/03/2019,17.277
07/03/2019,16.798
08/03/2019,16.191
09/03/2019,15.624
10/03/2019,15.383
11/03/2019,15.109
12/03/2019,15.009
13/03/2019,14.89
14/03/2019,14.875
15/03/2019,14.699
16/03/2019,14.394
17/03/2019,14.31
18/03/2019,14.325
19/03/2019,14.442
20/03/2019,15.068
21/03/2019,16.073
22/03/2019,16.995
23/03/2019,17.586
24/03/2019,17.708
25/03/2019,16.496
26/03/2019,15.1
27/03/2019,14.107
28/03/2019,13.332
29/03/2019,12.824
30/03/2019,12.414
31/03/2019,12.486
01/04/2019,12.254
02/04/2019,11.766
03/04/2019,11.637
04/04/2019,11.753
05/04/2019,12.514
06/04/2019,13.905
07/04/2019,13.779
08/04/2019,13.213
09/04/2019,12.701
10/04/2019,12.498
11/04/2019,12.649
12/04/2019,12.444
13/04/2019,11.741
14/04/2019,10.973
15/04/2019,9.781
16/04/2019,9.069
17/04/2019,8.137
18/04/2019,7.381
19/04/2019,6.541
20/04/2019,5.968
21/04/2019,5.791
22/04/2019,5.772
23/04/2019,5.437
24/04/2019,5.043
25/04/2019,4.567
26/04/2019,4.995
27/04/2019,6.831
28/04/2019,10.824
29/04/2019,13.543
30/04/2019,16.291
01/05/2019,20.601
02/05/2019,29.016
03/05/2019,34.728
04/05/2019,32.418
05/05/2019,23.941
06/05/2019,17.68
07/05/2019,14.896
08/05/2019,13.69
09/05/2019,13.451
10/05/2019,13.851
11/05/2019,14.103
12/05/2019,14.375
13/05/2019,15.349
14/05/2019,18.893
15/05/2019,25.886
16/05/2019,31.388
17/05/2019,31.066
18/05/2019,26.474
19/05/2019,24.677
20/05/2019,24.683
21/05/2019,24.082
22/05/2019,41.592
23/05/2019,70.165
24/05/2019,84.101
25/05/2019,92.13
26/05/2019,101.673
27/05/2019,110.95
28/05/2019,116.064
29/05/2019,116.731
30/05/2019,112.845
31/05/2019,100.721
01/06/2019,74.473
02/06/2019,44.23
03/06/2019,30.436
04/06/2019,24.988
05/06/2019,21.243
06/06/2019,18.788
07/06/2019,17.132
08/06/2019,15.866
09/06/2019,14.842
10/06/2019,13.967
11/06/2019,13.308
12/06/2019,12.938
13/06/2019,13.612
14/06/2019,19.038
15/06/2019,36.748
16/06/2019,48.757
17/06/2019,50.376
18/06/2019,51.759
19/06/2019,49.275
20/06/2019,41.986
21/06/2019,32.104
22/06/2019,24.079
23/06/2019,19.524
24/06/2019,17.098
25/06/2019,15.776
26/06/2019,15.058
27/06/2019,14.574
28/06/2019,15.562
29/06/2019,62.396
30/06/2019,86.9
01/07/2019,88.855
02/07/2019,88.024
03/07/2019,91.146
04/07/2019,93.735
05/07/2019,89.29
06/07/2019,73.907
07/07/2019,50.634
08/07/2019,31.523
09/07/2019,22.289
10/07/2019,18.171
11/07/2019,16.07
12/07/2019,14.835
13/07/2019,14.09
14/07/2019,13.359
15/07/2019,12.76
16/07/2019,12.265
17/07/2019,11.927
18/07/2019,11.656
19/07/2019,11.48
20/07/2019,11.313
21/07/2019,11.1
22/07/2019,10.949
23/07/2019,16.779
24/07/2019,41.785
25/07/2019,86.024
26/07/2019,166.987
27/07/2019,210.028
28/07/2019,237.942
29/07/2019,306.424
30/07/2019,514.678
31/07/2019,569.394
01/08/2019,534.865
02/08/2019,489.705
03/08/2019,433.064
04/08/2019,380.062
05/08/2019,336.83
06/08/2019,297.643
07/08/2019,261.344
08/08/2019,236.153
09/08/2019,229.109
10/08/2019,230.487
11/08/2019,221.1
12/08/2019,214.771
13/08/2019,220.537
14/08/2019,227.785
15/08/2019,234.357
16/08/2019,246.183
17/08/2019,258.835
18/08/2019,260.874
19/08/2019,249.783
20/08/2019,222.575
21/08/2019,169.916
22/08/2019,101.384
23/08/2019,52.664
24/08/2019,35.089
25/08/2019,28.518
26/08/2019,25.719
27/08/2019,24.626
28/08/2019,23.342
29/08/2019,21.843
30/08/2019,42.963
31/08/2019,113.987
01/09/2019,112.451
02/09/2019,105.435
03/09/2019,116.821
04/09/2019,126.286
05/09/2019,123.793
06/09/2019,115.468
07/09/2019,103.413
08/09/2019,83.915
09/09/2019,99.508
10/09/2019,120.525
11/09/2019,131.306
12/09/2019,148.901
13/09/2019,168.079
14/09/2019,181.576
15/09/2019,190.772
16/09/2019,199.785
17/09/2019,219.609
18/09/2019,248.735
19/09/2019,277.391
20/09/2019,290.68
21/09/2019,274.838
22/09/2019,251.239
23/09/2019,215.827
24/09/2019,159.022
25/09/2019,94.652
26/09/2019,50.428
27/09/2019,33.048
28/09/2019,26.132
29/09/2019,22.516
30/09/2019,20.112
01/10/2019,18.791
02/10/2019,110.97
03/10/2019,169.39
04/10/2019,163.176
05/10/2019,191.362
06/10/2019,216.505
07/10/2019,223.819
08/10/2019,223.523
09/10/2019,224.996
10/10/2019,227.211
11/10/2019,226.35
12/10/2019,218.24
13/10/2019,198.17
14/10/2019,161.665
15/10/2019,107.358
16/10/2019,65.939
17/10/2019,78.92
18/10/2019,148.389
19/10/2019,172.392
20/10/2019,192.346
21/10/2019,236.822
22/10/2019,445.11
23/10/2019,546.853
24/10/2019,503.299
25/10/2019,441.365
26/10/2019,383.4
27/10/2019,334.377
28/10/2019,285.787
29/10/2019,263.448
30/10/2019,279.994
31/10/2019,334.613
01/11/2019,531.786
02/11/2019,847.25
03/11/2019,943.686
04/11/2019,803.819
05/11/2019,659.809
06/11/2019,566.405
07/11/2019,494.496
08/11/2019,436.554
09/11/2019,386.367
10/11/2019,340.188
11/11/2019,296.465
12/11/2019,261.594
13/11/2019,238.391
14/11/2019,209.394
15/11/2019,166.882
16/11/2019,109.762
17/11/2019,61.823
18/11/2019,41.188
19/11/2019,35.606
20/11/2019,32.239
21/11/2019,27.033
22/11/2019,22.457
23/11/2019,21.62
24/11/2019,20.648
25/11/2019,23.693
26/11/2019,30.038
27/11/2019,34.136
28/11/2019,35.403
29/11/2019,31.762
30/11/2019,25.163
01/12/2019,21.113
02/12/2019,20.429
03/12/2019,19.259
04/12/2019,16.741
05/12/2019,14.463
06/12/2019,12.881
07/12/2019,11.746
08/12/2019,10.937
09/12/2019,9.212
10/12/2019,7.433
11/12/2019,6.336
12/12/2019,5.418
13/12/2019,4.671
14/12/2019,3.992
15/12/2019,4.773
16/12/2019,8.826
17/12/2019,13.457
18/12/2019,18.266
19/12/2019,22.158
20/12/2019,22.443
21/12/2019,21.599
22/12/2019,19.071
23/12/2019,15.818
24/12/2019,13.234
25/12/2019,11.469
26/12/2019,10.372
27/12/2019,8.104
28/12/2019,7.045
29/12/2019,6.434
30/12/2019,6.011
31/12/2019,9.864
01/01/2020,16.881
02/01/2020,19.793
03/01/2020,19.125
04/01/2020,17.617
05/01/2020,15.609
06/01/2020,13.593
07/01/2020,11.919
08/01/2020,10.211
09/01/2020,7.284
10/01/2020,5.394
11/01/2020,4.485
12/01/2020,4.01
13/01/2020,3.448
14/01/2020,3.378
15/01/2020,3.885
16/01/2020,3.956
17/01/2020,4.397
18/01/2020,5.398
19/01/2020,6.296
20/01/2020,7.021
21/01/2020,6.862
22/01/2020,8.117
23/01/2020,10.556
24/01/2020,9.644
25/01/2020,8.21
26/01/2020,9.644
27/01/2020,12.115
28/01/2020,13.685
29/01/2020,13.271
30/01/2020,11.841
31/01/2020,10.414
01/02/2020,7.796
02/02/2020,6.411
03/02/2020,6.236
04/02/2020,7.092
05/02/2020,7.972
06/02/2020,6.987
07/02/2020,5.249
08/02/2020,3.785
09/02/2020,2.77
10/02/2020,2.227
11/02/2020,1.949
12/02/2020,2.011
13/02/2020,2.236
14/02/2020,2.494
15/02/2020,2.829
16/02/2020,2.925
17/02/2020,2.93
18/02/2020,3.978
19/02/2020,6.821
20/02/2020,7.348
21/02/2020,8.812
22/02/2020,11.047
23/02/2020,11.887
24/02/2020,12.293
25/02/2020,11.897
26/02/2020,10.606
27/02/2020,7.313
28/02/2020,5.016
29/02/2020,3.454
01/03/2020,2.791
02/03/2020,2.891
03/03/2020,2.727
04/03/2020,2.538
05/03/2020,2.27
06/03/2020,2.154
07/03/2020,2.006
08/03/2020,1.847
09/03/2020,1.717
10/03/2020,1.649
11/03/2020,1.52
12/03/2020,1.509
13/03/2020,1.382
14/03/2020,1.434
15/03/2020,1.561
16/03/2020,1.857
17/03/2020,1.956
18/03/2020,2.341
19/03/2020,2.72
20/03/2020,3.052
21/03/2020,3.316
22/03/2020,3.497
23/03/2020,3.504
24/03/2020,3.497
25/03/2020,3.2
26/03/2020,2.854
27/03/2020,2.507
28/03/2020,2.179
29/03/2020,1.922
30/03/2020,1.767
31/03/2020,1.68
01/04/2020,1.637
02/04/2020,1.861
03/04/2020,2.14
04/04/2020,2.133
05/04/2020,2.974
06/04/2020,4.213
07/04/2020,5.304
08/04/2020,5.927
09/04/2020,5.998
10/04/2020,5.015
11/04/2020,4.08
12/04/2020,3.32
13/04/2020,2.8
14/04/2020,2.356
15/04/2020,2.054
16/04/2020,1.735
17/04/2020,1.541
18/04/2020,1.511
19/04/2020,1.425
20/04/2020,1.373
21/04/2020,1.278
22/04/2020,1.24
23/04/2020,1.145
24/04/2020,1.12
25/04/2020,1.054
26/04/2020,0.993
27/04/2020,0.918
28/04/2020,1.169
29/04/2020,1.185
30/04/2020,1.236
01/05/2020,1.241
02/05/2020,1.238
03/05/2020,1.136
04/05/2020,1.145
05/05/2020,1.133
06/05/2020,1.184
07/05/2020,1.241
08/05/2020,1.241
09/05/2020,1.209
10/05/2020,1.12
11/05/2020,1.1
12/05/2020,1.009
13/05/2020,1.044
14/05/2020,1.009
15/05/2020,1.009
16/05/2020,1.009
17/05/2020,1.009
18/05/2020,1.003
19/05/2020,1.005
20/05/2020,1.074
21/05/2020,1.381
22/05/2020,2.552
23/05/2020,8.19
24/05/2020,15.586
25/05/2020,20.943
26/05/2020,25.696
27/05/2020,27.686
28/05/2020,33.794
29/05/2020,42.003
30/05/2020,47.525
31/05/2020,44.856
01/06/2020,31.73
02/06/2020,19.571
03/06/2020,14.175
04/06/2020,11.709
05/06/2020,9.685
06/06/2020,9.302
07/06/2020,11.421
08/06/2020,11.799
09/06/2020,12.814
10/06/2020,13.804
11/06/2020,15.897
12/06/2020,67.517
13/06/2020,72.079
14/06/2020,72.911
15/06/2020,94.799
16/06/2020,116.876
17/06/2020,145.593
18/06/2020,183.735
19/06/2020,226.538
20/06/2020,254.447
21/06/2020,265.206
22/06/2020,261.002
23/06/2020,242.509
24/06/2020,206.436
25/06/2020,162.673
26/06/2020,127.3
27/06/2020,101.174
28/06/2020,88.924
29/06/2020,85.405
30/06/2020,92.724
01/07/2020,103.002
02/07/2020,111.711
03/07/2020,116.68
04/07/2020,117.909
05/07/2020,114.73
06/07/2020,107.99
07/07/2020,98.883
08/07/2020,88.453
09/07/2020,76.262
10/07/2020,58.157
11/07/2020,46.725
12/07/2020,42.54
13/07/2020,45.596
14/07/2020,52.101
15/07/2020,54.818
16/07/2020,50.241
17/07/2020,39.992
18/07/2020,30.578
19/07/2020,24.777
20/07/2020,21.473
21/07/2020,19.538
22/07/2020,19.067
23/07/2020,18.783
24/07/2020,18.064
25/07/2020,17.71
26/07/2020,16.998
27/07/2020,16.135
28/07/2020,15.677
29/07/2020,15.896
30/07/2020,20.019
31/07/2020,24.678
01/08/2020,24.144
02/08/2020,20.504
03/08/2020,17.261
04/08/2020,15.026
05/08/2020,13.51
06/08/2020,12.462
07/08/2020,11.939
08/08/2020,11.351
09/08/2020,10.667
10/08/2020,9.124
11/08/2020,8.321
12/08/2020,7.63
13/08/2020,6.55
14/08/2020,5.835
15/08/2020,5.175
16/08/2020,5.206
17/08/2020,4.796
18/08/2020,4.293
19/08/2020,4.102
20/08/2020,3.814
21/08/2020,3.54
22/08/2020,3.341
23/08/2020,3.203
24/08/2020,3.013
25/08/2020,2.79
26/08/2020,2.507
27/08/2020,2.783
28/08/2020,15.123
29/08/2020,31.207
30/08/2020,42.546
31/08/2020,56.148
01/09/2020,69.001
02/09/2020,92.168
03/09/2020,122.506
04/09/2020,145.274
05/09/2020,159.344
06/09/2020,169.276
07/09/2020,181.502
08/09/2020,192.813
09/09/2020,198.155
10/09/2020,191.564
11/09/2020,162.723
12/09/2020,109.59
13/09/2020,54.959
14/09/2020,45.607
15/09/2020,41.529
16/09/2020,47.892
17/09/2020,61.081
18/09/2020,75.767
19/09/2020,87.631
20/09/2020,94.486
21/09/2020,95.58
22/09/2020,83.713
23/09/2020,55.064
24/09/2020,29.562
25/09/2020,20.109
26/09/2020,17.168
27/09/2020,50.516
28/09/2020,82.275
29/09/2020,60.943
30/09/2020,68.514
01/10/2020,87.771
02/10/2020,94.23
03/10/2020,89.609
04/10/2020,82.265
05/10/2020,77.811
06/10/2020,85.359
07/10/2020,95.67
08/10/2020,105.256
09/10/2020,112.44
10/10/2020,117.212
11/10/2020,120.036
12/10/2020,115.896
13/10/2020,95.081
14/10/2020,55.489
15/10/2020,27.936
16/10/2020,19.92
17/10/2020,16.481
18/10/2020,14.313
19/10/2020,12.681
20/10/2020,11.46
21/10/2020,10.782
22/10/2020,8.801
23/10/2020,6.975
24/10/2020,6.135
25/10/2020,5.194
26/10/2020,4.871
27/10/2020,6.638
28/10/2020,15.621
29/10/2020,22.037
30/10/2020,24.519
31/10/2020,23.832
01/11/2020,21.339
02/11/2020,18.655
03/11/2020,15.548
04/11/2020,12.642
05/11/2020,9.723
06/11/2020,5.87
07/11/2020,4.119
08/11/2020,3.046
09/11/2020,2.524
10/11/2020,2.158
11/11/2020,1.777
12/11/2020,1.485
13/11/2020,1.236
14/11/2020,1.038
15/11/2020,0.901
16/11/2020,0.873
17/11/2020,0.813
18/11/2020,0.717
19/11/2020,0.669
20/11/2020,0.856
21/11/2020,1.038
22/11/2020,0.697
23/11/2020,0.566
24/11/2020,0.481
25/11/2020,0.428
26/11/2020,0.429
27/11/2020,0.418
28/11/2020,0.473
29/11/2020,0.443
30/11/2020,0.472
01/12/2020,0.465
02/12/2020,0.44
03/12/2020,0.433
04/12/2020,0.47
05/12/2020,0.46
06/12/2020,2.064
07/12/2020,17.154
08/12/2020,26.518
09/12/2020,29.116
10/12/2020,23.885
11/12/2020,16.368
12/12/2020,12.148
13/12/2020,8.557
14/12/2020,4.99
15/12/2020,3.289
16/12/2020,2.612
17/12/2020,2.232
18/12/2020,1.839
19/12/2020,1.613
20/12/2020,1.446
21/12/2020,1.341
22/12/2020,1.14
23/12/2020,0.993
24/12/2020,0.879
25/12/2020,0.795
26/12/2020,0.734
27/12/2020,0.855
28/12/2020,1.041
29/12/2020,0.913
30/12/2020,0.776
31/12/2020,0.646
01/01/2021,0.574
02/01/2021,0.656
03/01/2021,0.654
04/01/2021,0.628
05/01/2021,0.594
06/01/2021,0.606
07/01/2021,0.6
08/01/2021,0.605
09/01/2021,0.6
10/01/2021,0.605
11/01/2021,0.631
12/01/2021,0.688
13/01/2021,1.151
14/01/2021,0.857
15/01/2021,0.684
16/01/2021,0.775
17/01/2021,0.954
18/01/2021,1.712
19/01/2021,3.115
20/01/2021,7.988
21/01/2021,14.356
22/01/2021,21.096
23/01/2021,23.092
24/01/2021,18.557
25/01/2021,13.022
26/01/2021,7.866
27/01/2021,9.424
28/01/2021,44.775
29/01/2021,83.19
30/01/2021,90.179
31/01/2021,75.388
01/02/2021,60.013
02/02/2021,50.645
03/02/2021,61.745
04/02/2021,145.723
05/02/2021,225.182
06/02/2021,288.176
07/02/2021,321.859
08/02/2021,293.664
09/02/2021,248.392
10/02/2021,202.372
11/02/2021,158.945
12/02/2021,123.033
13/02/2021,91.636
14/02/2021,75.1
15/02/2021,89.359
16/02/2021,101.216
17/02/2021,103.101
18/02/2021,101.161
19/02/2021,100.131
20/02/2021,100.57
21/02/2021,100.792
22/02/2021,97.49
23/02/2021,84.613
24/02/2021,58.563
25/02/2021,32.985
26/02/2021,21.762
27/02/2021,17.402
28/02/2021,15.032
01/03/2021,13.515
02/03/2021,12.738
03/03/2021,12.124
04/03/2021,11.47
05/03/2021,10.582
06/03/2021,9.287
07/03/2021,7.856
08/03/2021,6.752
09/03/2021,6.33
10/03/2021,6.256
11/03/2021,5.738
12/03/2021,5.052
13/03/2021,4.915
14/03/2021,4.579
15/03/2021,4.093
16/03/2021,3.623
17/03/2021,3.511
18/03/2021,3.326
19/03/2021,3.93
20/03/2021,4.974
21/03/2021,7.774
22/03/2021,11.28
23/03/2021,12.785
24/03/2021,15.069
25/03/2021,17.805
26/03/2021,26.184
27/03/2021,40.516
28/03/2021,54.153
29/03/2021,67.884
30/03/2021,77.266
31/03/2021,82.171
01/04/2021,82.295
02/04/2021,76.588
03/04/2021,63.159
04/04/2021,44.077
05/04/2021,29.922
06/04/2021,22.568
07/04/2021,17.999
08/04/2021,15.195
09/04/2021,13.329
10/04/2021,12.185
11/04/2021,31.883
12/04/2021,64.62
13/04/2021,59.824
14/04/2021,46.562
15/04/2021,46.977
16/04/2021,48.468
17/04/2021,45.588
18/04/2021,38.844
19/04/2021,31.343
20/04/2021,26.163
21/04/2021,22.974
22/04/2021,20.809
23/04/2021,18.783
24/04/2021,16.905
25/04/2021,15.098
26/04/2021,13.246
27/04/2021,11.541
28/04/2021,9.798
29/04/2021,7.378
30/04/2021,5.878
01/05/2021,5.025
02/05/2021,4.334
03/05/2021,3.91
04/05/2021,4.045
05/05/2021,4.369
06/05/2021,3.791
07/05/2021,3.445
08/05/2021,3.138
09/05/2021,2.92
10/05/2021,2.838
11/05/2021,2.93
12/05/2021,2.93
13/05/2021,2.891
14/05/2021,2.665
15/05/2021,2.434
16/05/2021,2.232
17/05/2021,2.077
18/05/2021,1.939
19/05/2021,1.841
20/05/2021,1.684
21/05/2021,1.673
22/05/2021,1.735
23/05/2021,1.851
24/05/2021,1.836
25/05/2021,1.687
26/05/2021,1.614
27/05/2021,1.517
28/05/2021,1.587
29/05/2021,1.67
30/05/2021,1.728
31/05/2021,2.99
01/06/2021,9.893
02/06/2021,19.793
03/06/2021,26.239
04/06/2021,27.717
05/06/2021,25.737
06/06/2021,39.876
07/06/2021,59.206
08/06/2021,70.294
09/06/2021,72.622
10/06/2021,76.679
11/06/2021,79.003
12/06/2021,74.53
13/06/2021,62.838
14/06/2021,44.174
15/06/2021,27.434
16/06/2021,19.427
17/06/2021,16.073
18/06/2021,14.22
19/06/2021,12.835
20/06/2021,11.82
21/06/2021,11.067
22/06/2021,10.01
23/06/2021,8.23
24/06/2021,37.743
25/06/2021,102.686
26/06/2021,135.861
27/06/2021,168.71
28/06/2021,197.393
29/06/2021,215.463
30/06/2021,232.642
01/07/2021,250.42
02/07/2021,261.199
03/07/2021,263.311
04/07/2021,257.46
05/07/2021,244.838
06/07/2021,223.521
07/07/2021,184.603
08/07/2021,122.07
09/07/2021,57.794
10/07/2021,30.363
11/07/2021,24.046
12/07/2021,20.787
13/07/2021,18.79
14/07/2021,23.381
15/07/2021,52.457
16/07/2021,51.802
17/07/2021,49.697
18/07/2021,51.233
19/07/2021,51.825
20/07/2021,48.436
21/07/2021,40.725
22/07/2021,32.183
23/07/2021,25.579
24/07/2021,20.947
25/07/2021,17.9
26/07/2021,19.654
27/07/2021,38.876
28/07/2021,51.312
29/07/2021,60.543
30/07/2021,60.94
31/07/2021,61.124
01/08/2021,59.391
02/08/2021,50.806
03/08/2021,38.726
04/08/2021,28.321
05/08/2021,22.253
06/08/2021,18.963
07/08/2021,16.71
08/08/2021,15.211
09/08/2021,17.071
10/08/2021,23.548
11/08/2021,23.82
12/08/2021,24.262
13/08/2021,25.516
14/08/2021,29.603
15/08/2021,35.976
16/08/2021,37.494
17/08/2021,31.601
18/08/2021,24.626
19/08/2021,20.455
20/08/2021,32.414
21/08/2021,39.153
22/08/2021,35.874
23/08/2021,35.984
24/08/2021,36.675
25/08/2021,38.403
26/08/2021,39.423
27/08/2021,52.122
28/08/2021,69.68
29/08/2021,86.159
30/08/2021,99.642
31/08/2021,113.979
01/09/2021,128.982
02/09/2021,141.093
03/09/2021,146.403
04/09/2021,136.505
05/09/2021,102.994
06/09/2021,56.353
07/09/2021,32.344
08/09/2021,60.012
09/09/2021,101.851
10/09/2021,130.82
11/09/2021,156.312
12/09/2021,184.703
13/09/2021,244.201
14/09/2021,380.082
15/09/2021,489.045
16/09/2021,527.853
17/09/2021,493.982
18/09/2021,439.121
19/09/2021,403.669
20/09/2021,417.871
21/09/2021,431.21
22/09/2021,398.929
23/09/2021,356.662
24/09/2021,319.758
25/09/2021,280.23
26/09/2021,244.275
27/09/2021,201.271
28/09/2021,155.305
29/09/2021,111.825
30/09/2021,72.223
01/10/2021,49.526
02/10/2021,42.696
03/10/2021,40.528
04/10/2021,36.092
05/10/2021,34.267
06/10/2021,37.896
07/10/2021,39.578
08/10/2021,34.451
09/10/2021,26.476
10/10/2021,20.902
11/10/2021,19.205
12/10/2021,21.541
13/10/2021,17.055
14/10/2021,15.325
15/10/2021,15.993
16/10/2021,23.908
17/10/2021,37.842
18/10/2021,47.551
19/10/2021,51.199
20/10/2021,48.855
21/10/2021,42.643
22/10/2021,34.644
23/10/2021,25.914
24/10/2021,19.664
25/10/2021,15.858
26/10/2021,13.657
27/10/2021,12.305
28/10/2021,11.363
29/10/2021,11.642
30/10/2021,12.064
31/10/2021,11.507
01/11/2021,9.838
02/11/2021,9.849
03/11/2021,9.308
04/11/2021,12.33
05/11/2021,12.113
08/11/2021,13.469
09/11/2021,18.369
10/11/2021,21.615
11/11/2021,19.244
12/11/2021,14.883
13/11/2021,11.883
14/11/2021,8.881
15/11/2021,5.822
25/11/2021,2.843
26/11/2021,2.302
27/11/2021,1.873
28/11/2021,1.53
29/11/2021,1.394
30/11/2021,1.337
01/12/2021,1.244
02/12/2021,1.235
03/12/2021,1.21
04/12/2021,1.328
05/12/2021,1.401
06/12/2021,1.394
07/12/2021,1.228
08/12/2021,1.013
09/12/2021,0.908
13/12/2021,0.463
14/12/2021,0.484
15/12/2021,0.46
16/12/2021,0.523
17/12/2021,0.523
18/12/2021,0.522
19/12/2021,0.543
20/12/2021,4.694
21/12/2021,10.119
22/12/2021,8.765
23/12/2021,5.461
24/12/2021,3.224
25/12/2021,2.111
26/12/2021,1.462
27/12/2021,1.063
28/12/2021,0.819
29/12/2021,0.652
30/12/2021,0.59
31/12/2021,0.583
01/01/2022,0.551
02/01/2022,0.556
03/01/2022,0.556
04/01/2022,0.558
05/01/2022,0.48
06/01/2022,0.431
07/01/2022,0.478
08/01/2022,0.481
09/01/2022,0.48
10/01/2022,0.492
11/01/2022,0.505
12/01/2022,0.519
13/01/2022,0.519
14/01/2022,0.522
15/01/2022,0.525
16/01/2022,0.559
17/01/2022,0.767
18/01/2022,1.037
19/01/2022,1.244
20/01/2022,1.041
21/01/2022,1.49
22/01/2022,1.75
23/01/2022,1.122
24/01/2022,1.363
25/01/2022,1.994
26/01/2022,2.326
27/01/2022,2.444
28/01/2022,3.338
29/01/2022,5.131
30/01/2022,5.861
31/01/2022,5.03
01/02/2022,3.536
02/02/2022,2.48
03/02/2022,2.109
04/02/2022,2.021
05/02/2022,2.284
06/02/2022,1.804
07/02/2022,1.67
08/02/2022,1.649
09/02/2022,1.458
10/02/2022,1.247
11/02/2022,1.153
12/02/2022,1.197
13/02/2022,1.104
14/02/2022,1.006
15/02/2022,0.903
16/02/2022,0.802
17/02/2022,0.748
18/02/2022,0.864
19/02/2022,1.124
20/02/2022,0.92
21/02/2022,0.697
22/02/2022,0.62
23/02/2022,0.565
24/02/2022,0.529
25/02/2022,0.553
26/02/2022,0.53
27/02/2022,0.861
28/02/2022,3.613
01/03/2022,6.639
02/03/2022,6.401
03/03/2022,8.284
04/03/2022,11.942
05/03/2022,17.884
06/03/2022,26.262
07/03/2022,32.583
08/03/2022,35.757
09/03/2022,30.386
10/03/2022,25.035
11/03/2022,23.838
12/03/2022,23.378
13/03/2022,24.467
14/03/2022,29.645
15/03/2022,35.813
16/03/2022,39.151
17/03/2022,37.948
18/03/2022,30.525
19/03/2022,22.255
20/03/2022,17.091
21/03/2022,14.28
22/03/2022,12.709
23/03/2022,11.826
24/03/2022,11.238
25/03/2022,10.11
26/03/2022,7.872
27/03/2022,6.356
28/03/2022,5.067
29/03/2022,4.3
30/03/2022,4.002
31/03/2022,3.624
01/04/2022,3.092
02/04/2022,2.727
03/04/2022,2.485
04/04/2022,2.543
05/04/2022,2.844
06/04/2022,3.536
07/04/2022,3.814
08/04/2022,3.821
09/04/2022,4.081
10/04/2022,4.479
11/04/2022,4.388
12/04/2022,3.917
13/04/2022,3.476
14/04/2022,2.93
15/04/2022,2.475
16/04/2022,2.133
17/04/2022,1.872
18/04/2022,1.703
19/04/2022,1.616
20/04/2022,1.512
21/04/2022,1.376
22/04/2022,1.319
23/04/2022,1.363
24/04/2022,1.271
25/04/2022,1.886
26/04/2022,5.358
27/04/2022,13.947
28/04/2022,33.092
29/04/2022,65.589
30/04/2022,88.251
01/05/2022,106.181
02/05/2022,123.087
03/05/2022,152.461
04/05/2022,197.259
05/05/2022,239.876
06/05/2022,267.754
07/05/2022,277.243
08/05/2022,263.068
09/05/2022,238.619
10/05/2022,189.151
11/05/2022,113.48
12/05/2022,46.549
13/05/2022,25.062
14/05/2022,20.03
15/05/2022,17.318
16/05/2022,15.447
17/05/2022,14.249
18/05/2022,13.722
19/05/2022,13.242
20/05/2022,12.415
21/05/2022,11.753
22/05/2022,11.274
23/05/2022,11.708
24/05/2022,14.08
25/05/2022,16.17
26/05/2022,20.617
27/05/2022,21.854
28/05/2022,28.398
29/05/2022,40.55
30/05/2022,54.282
31/05/2022,69.174
01/06/2022,83.443
02/06/2022,95.003
03/06/2022,104.53
04/06/2022,113.04
05/06/2022,116.95
06/06/2022,109.502
07/06/2022,83.611
08/06/2022,46.557
09/06/2022,26.821
10/06/2022,21.115
11/06/2022,18.605
12/06/2022,17.121
13/06/2022,16.156
14/06/2022,15.312
15/06/2022,14.462
16/06/2022,13.694
17/06/2022,20.413
18/06/2022,21.169
19/06/2022,18.013
20/06/2022,17.469
21/06/2022,17.28
22/06/2022,19.779
23/06/2022,26.442
24/06/2022,31.828
25/06/2022,36.534
26/06/2022,45.132
27/06/2022,54.95
28/06/2022,79.002
29/06/2022,128.258
30/06/2022,143.575
01/07/2022,152.118
02/07/2022,159.128
03/07/2022,164.896
04/07/2022,169.59
05/07/2022,176.265
06/07/2022,184.903
07/07/2022,192.845
08/07/2022,196.2
09/07/2022,214.022
10/07/2022,246.758
11/07/2022,258.563
12/07/2022,313.736
13/07/2022,375.072
14/07/2022,411.883
15/07/2022,452.156
16/07/2022,473.951
17/07/2022,529.407
18/07/2022,620.282
19/07/2022,683.953
20/07/2022,709.588
21/07/2022,655.922
22/07/2022,579.3
23/07/2022,504.66
24/07/2022,441.104
25/07/2022,382.904
26/07/2022,328.581
27/07/2022,278.319
28/07/2022,239.183
29/07/2022,195.321
30/07/2022,148.944
31/07/2022,117.888
01/08/2022,109.967
02/08/2022,113.526
03/08/2022,141.702
04/08/2022,233.356
05/08/2022,309.088
06/08/2022,385.551
07/08/2022,472.353
08/08/2022,573.789
09/08/2022,620.879
10/08/2022,567.44
11/08/2022,497.858
12/08/2022,434.12
13/08/2022,375.937
14/08/2022,320.842
15/08/2022,270.747
16/08/2022,229.692
17/08/2022,170.898
18/08/2022,106.672
19/08/2022,66.623
20/08/2022,62.039
21/08/2022,72.052
22/08/2022,83.116
23/08/2022,89.954
24/08/2022,89.022
25/08/2022,75.067
26/08/2022,52.118
27/08/2022,37.829
28/08/2022,37.445
29/08/2022,44.647
30/08/2022,53.58
31/08/2022,63.953
01/09/2022,72.928
02/09/2022,80.47
03/09/2022,81.534
04/09/2022,75.685
05/09/2022,73.63
06/09/2022,79.421
07/09/2022,88.856
08/09/2022,97.557
09/09/2022,104.471
10/09/2022,106.938
11/09/2022,98.501
12/09/2022,73.307
13/09/2022,43.05
14/09/2022,28.479
15/09/2022,23.606
16/09/2022,20.935
17/09/2022,18.713
18/09/2022,17.194
19/09/2022,15.966
20/09/2022,14.947
21/09/2022,14.069
22/09/2022,13.701
23/09/2022,13.645
24/09/2022,13.449
25/09/2022,13.165
26/09/2022,12.988
27/09/2022,13.526
28/09/2022,15.352
29/09/2022,16.015
30/09/2022,14.795
01/10/2022,13.271
02/10/2022,12.136
03/10/2022,11.387
04/10/2022,10.799
05/10/2022,9.426
06/10/2022,9.144
07/10/2022,9.302
08/10/2022,9.066
09/10/2022,8.092
10/10/2022,6.896
11/10/2022,6.276
12/10/2022,6.466
13/10/2022,7.502
14/10/2022,7.717
15/10/2022,6.713
16/10/2022,5.506
17/10/2022,4.569
18/10/2022,3.945
19/10/2022,3.821
20/10/2022,4.002
21/10/2022,4.208
22/10/2022,4.155
23/10/2022,3.938
24/10/2022,3.821
25/10/2022,4.172
26/10/2022,10.43
27/10/2022,18.975
28/10/2022,21.698
29/10/2022,18.207
30/10/2022,14.59
31/10/2022,12.297
01/11/2022,11.091
02/11/2022,9.945
03/11/2022,9.266
04/11/2022,14.955
05/11/2022,26.483
06/11/2022,34.502
07/11/2022,34.262
08/11/2022,25.118
09/11/2022,16.842
10/11/2022,12.944
11/11/2022,11.053
12/11/2022,8.289
13/11/2022,5.813
14/11/2022,4.487
15/11/2022,3.567
16/11/2022,3.018
17/11/2022,2.696
18/11/2022,2.669
19/11/2022,2.725
20/11/2022,2.767
21/11/2022,2.856
22/11/2022,2.93
23/11/2022,2.712
24/11/2022,2.483
25/11/2022,2.2
26/11/2022,1.856
27/11/2022,1.665
28/11/2022,1.641
29/11/2022,1.87
30/11/2022,1.868
01/12/2022,1.738
02/12/2022,1.548
03/12/2022,1.386
05/12/2022,1.257
06/12/2022,1.172
07/12/2022,1.091
08/12/2022,1.014
09/12/2022,0.981
10/12/2022,1.033
11/12/2022,1.629
12/12/2022,2.227
13/12/2022,2.208
14/12/2022,1.871
15/12/2022,1.541
16/12/2022,1.361
17/12/2022,1.288
18/12/2022,1.246
19/12/2022,1.209
20/12/2022,1.122
21/12/2022,1.023
22/12/2022,0.985
23/12/2022,0.912
24/12/2022,0.895
25/12/2022,0.923
26/12/2022,0.92
27/12/2022,0.945
28/12/2022,1.119
29/12/2022,1.306
30/12/2022,1.523
31/12/2022,2.467
01/01/2023,3.884
02/01/2023,4.751
03/01/2023,3.91
04/01/2023,3.229
05/01/2023,2.636
06/01/2023,2.198
07/01/2023,1.72
08/01/2023,1.419
09/01/2023,1.192
10/01/2023,1.041
11/01/2023,1.001
12/01/2023,0.972
13/01/2023,0.944
14/01/2023,0.98
15/01/2023,1.332
16/01/2023,1.114
17/01/2023,0.93
18/01/2023,0.802
19/01/2023,0.736
20/01/2023,0.837
21/01/2023,0.84
22/01/2023,0.85
23/01/2023,0.854
24/01/2023,0.86
25/01/2023,0.851
26/01/2023,0.897
27/01/2023,0.927
28/01/2023,0.933
29/01/2023,0.965
30/01/2023,0.987
31/01/2023,1.023
01/02/2023,0.997
02/02/2023,0.993
03/02/2023,1.093
04/02/2023,1.095
05/02/2023,1.311
06/02/2023,1.391
07/02/2023,1.403
08/02/2023,1.556
09/02/2023,1.916
10/02/2023,1.941
11/02/2023,1.731
12/02/2023,1.393
13/02/2023,1.121
14/02/2023,1.184
15/02/2023,1.012
16/02/2023,0.995
17/02/2023,1.155
18/02/2023,1.52
19/02/2023,8.307
20/02/2023,10.896
21/02/2023,10.113
22/02/2023,8.192
23/02/2023,6.161
24/02/2023,4.531
25/02/2023,3.59
26/02/2023,2.935
27/02/2023,2.211
28/02/2023,1.785
01/03/2023,1.67
02/03/2023,1.691
03/03/2023,1.739
04/03/2023,2.067
05/03/2023,2.259
06/03/2023,2.236
07/03/2023,2.272
08/03/2023,2.254
09/03/2023,2.121
10/03/2023,1.902
11/03/2023,1.746
12/03/2023,1.606
13/03/2023,1.52
14/03/2023,1.437
15/03/2023,1.441
16/03/2023,1.934
17/03/2023,4.024
18/03/2023,5.102
19/03/2023,4.198
20/03/2023,3.938
21/03/2023,5.063
22/03/2023,6.211
23/03/2023,7.253
24/03/2023,8.727
25/03/2023,10.773
26/03/2023,10.528
27/03/2023,9.527
28/03/2023,7.994
29/03/2023,6.54
30/03/2023,6.074
31/03/2023,7.706
01/04/2023,10.736
02/04/2023,11.397
03/04/2023,11.043
04/04/2023,9.662
05/04/2023,7.504
06/04/2023,6.731
07/04/2023,6.796
08/04/2023,6.585
09/04/2023,5.511
10/04/2023,4.34
11/04/2023,3.515
12/04/2023,3.477
13/04/2023,3.801
14/04/2023,2.717
15/04/2023,2.252
16/04/2023,2.154
17/04/2023,1.979
18/04/2023,1.843
19/04/2023,1.797
20/04/2023,1.843
21/04/2023,1.76
22/04/2023,1.673
23/04/2023,1.541
24/04/2023,1.473
25/04/2023,1.376
26/04/2023,1.373
27/04/2023,1.259
28/04/2023,1.214
29/04/2023,1.135
30/04/2023,1.112
01/05/2023,1.182
02/05/2023,1.128
03/05/2023,1.054
04/05/2023,1.014
05/05/2023,1.267
06/05/2023,1.363
07/05/2023,2.143
08/05/2023,9.359
09/05/2023,26.339
10/05/2023,46.626
11/05/2023,68.193
12/05/2023,88.723
13/05/2023,103.052
14/05/2023,114.405
15/05/2023,125.989
16/05/2023,132.145
17/05/2023,127.864
18/05/2023,104.934
19/05/2023,59.906
20/05/2023,26.052
21/05/2023,17.547
22/05/2023,14.769
23/05/2023,13.02
24/05/2023,11.833
25/05/2023,10.997
26/05/2023,10.09
27/05/2023,9.383
28/05/2023,8.172
29/05/2023,7.23
30/05/2023,6.238
31/05/2023,5.147
01/06/2023,4.278
02/06/2023,3.906
03/06/2023,4.105
04/06/2023,4.607
05/06/2023,5.026
06/06/2023,4.387
07/06/2023,3.532
08/06/2023,3.273
09/06/2023,2.974
10/06/2023,3.739
11/06/2023,6.382
12/06/2023,5.574
13/06/2023,5.516
14/06/2023,3.871
15/06/2023,3.178
16/06/2023,2.684
17/06/2023,2.556
18/06/2023,2.51
19/06/2023,2.481
20/06/2023,2.251
21/06/2023,2.25
22/06/2023,2.315
23/06/2023,2.279
24/06/2023,2.109
25/06/2023,2.248
26/06/2023,2.723
27/06/2023,20.881
28/06/2023,72.769
29/06/2023,68.5
30/06/2023,61.267
01/07/2023,76.787
02/07/2023,82.926
03/07/2023,73.696
04/07/2023,59.219
05/07/2023,50.256
06/07/2023,62.087
07/07/2023,127.465
08/07/2023,156.711
09/07/2023,178.951
10/07/2023,196.204
11/07/2023,198.606
12/07/2023,189.195
13/07/2023,208.604
14/07/2023,224.024
15/07/2023,234.433
16/07/2023,257.822
17/07/2023,356.061
18/07/2023,534.391
19/07/2023,525.157
20/07/2023,466.698
21/07/2023,406.789
22/07/2023,346.802
23/07/2023,291.896
24/07/2023,247.688
25/07/2023,218.244
26/07/2023,214.963
27/07/2023,232.369
28/07/2023,262.091
29/07/2023,318.816
30/07/2023,355.849
31/07/2023,364.565
01/08/2023,340.17
02/08/2023,299.62
03/08/2023,262.908
04/08/2023,235.254
05/08/2023,198.457
06/08/2023,145.929
07/08/2023,85.822
08/08/2023,44.543
09/08/2023,31.029
10/08/2023,26.412
11/08/2023,23.497
12/08/2023,21.161
13/08/2023,19.44
14/08/2023,19.402
15/08/2023,21.432
16/08/2023,25.945
17/08/2023,31.413
18/08/2023,53.488
19/08/2023,79.484
20/08/2023,103.03
21/08/2023,135.925
22/08/2023,166.613
23/08/2023,194.012
24/08/2023,219.306
25/08/2023,240.658
26/08/2023,250.595
27/08/2023,247.516
28/08/2023,231.937
29/08/2023,201.829
30/08/2023,160.867
31/08/2023,117.301
01/09/2023,76.003
02/09/2023,43.887
03/09/2023,29.454
04/09/2023,28.29
05/09/2023,38.428
06/09/2023,54.163
07/09/2023,163.433
08/09/2023,351.506
09/09/2023,548.377
10/09/2023,692.21
11/09/2023,786.184
12/09/2023,747.325
13/09/2023,641.059
14/09/2023,577.06
15/09/2023,549.434
16/09/2023,557.371
17/09/2023,642.834
18/09/2023,652.196
19/09/2023,628.527
20/09/2023,622.763
21/09/2023,646.942
22/09/2023,625.962
23/09/2023,577.504
24/09/2023,524.674
25/09/2023,485.298
26/09/2023,492.825
27/09/2023,530.697
28/09/2023,513.17
29/09/2023,474.971
30/09/2023,435.822
01/10/2023,399.349
02/10/2023,365.15
03/10/2023,333.205
04/10/2023,299.78
05/10/2023,268.709
06/10/2023,246.779
07/10/2023,216.398
08/10/2023,171.084
09/10/2023,114.267
10/10/2023,65.539
11/10/2023,40.996
12/10/2023,31.315
13/10/2023,25.818
14/10/2023,22.131
15/10/2023,19.914
16/10/2023,17.783
17/10/2023,17.031
18/10/2023,16.099
19/10/2023,15.209
20/10/2023,14.384
21/10/2023,13.922
22/10/2023,13.975
23/10/2023,14.062
24/10/2023,16.025
25/10/2023,17.121
26/10/2023,15.301
27/10/2023,16.53
28/10/2023,22.979
29/10/2023,27.385
30/10/2023,26.057
31/10/2023,20.904
01/11/2023,18.352
02/11/2023,15.973
03/11/2023,16.307
04/11/2023,14.999
05/11/2023,17.25
06/11/2023,18.159
07/11/2023,17.378
08/11/2023,16.715
09/11/2023,17.841
10/11/2023,17.386
11/11/2023,111.113
12/11/2023,229.193
13/11/2023,294.772
14/11/2023,441.869
15/11/2023,601.991
16/11/2023,781.276
17/11/2023,741.304
18/11/2023,640.252
19/11/2023,556.712
20/11/2023,476.957
21/11/2023,427.54
22/11/2023,405.45
23/11/2023,395.704
24/11/2023,363.342
25/11/2023,342.927
26/11/2023,313.568
27/11/2023,281.535
28/11/2023,254.238
29/11/2023,232.761
06/08/2026,332.017
07/08/2026,386.527
08/08/2026,416.583
09/08/2026,421.619
10/08/2026,414.498
11/08/2026,399.448
12/08/2026,376.181
13/08/2026,348.603
14/08/2026,318.898
15/08/2026,290.75
16/08/2026,281.06
17/08/2026,339.417
18/08/2026,448.916
19/08/2026,599.181
20/08/2026,823.832
21/08/2026,955.045
22/08/2026,918.321
23/08/2026,801.609
24/08/2026,719.483
25/08/2026,638.13
26/08/2026,566.623
27/08/2026,507.441
28/08/2026,477.135
29/08/2026,453.656
30/08/2026,428.233
31/08/2026,439.799
