Fecha,Q
01/01/1980,1.461
02/01/1980,1.461
03/01/1980,1.277
04/01/1980,0.851
05/01/1980,0.569
06/01/1980,0.684
07/01/1980,0.704
08/01/1980,0.645
09/01/1980,0.645
10/01/1980,0.645
11/01/1980,0.551
12/01/1980,0.551
13/01/1980,0.551
14/01/1980,0.551
15/01/1980,0.515
16/01/1980,0.462
17/01/1980,0.462
18/01/1980,0.445
19/01/1980,0.276
20/01/1980,0.174
21/01/1980,0.174
22/01/1980,0.174
23/01/1980,0.174
24/01/1980,0.174
25/01/1980,0.174
26/01/1980,0.174
27/01/1980,0.174
28/01/1980,0.174
29/01/1980,0.174
30/01/1980,0.174
31/01/1980,0.174
01/02/1980,0.276
02/02/1980,0.276
03/02/1980,0.276
04/02/1980,0.276
05/02/1980,0.305
06/02/1980,0.305
07/02/1980,0.305
08/02/1980,0.305
09/02/1980,0.305
10/02/1980,0.334
11/02/1980,0.364
12/02/1980,0.29
13/02/1980,0.276
14/02/1980,0.276
15/02/1980,0.305
16/02/1980,0.305
17/02/1980,0.305
18/02/1980,0.305
19/02/1980,0.305
20/02/1980,0.305
21/02/1980,0.305
22/02/1980,0.305
01/04/1980,30.468
02/04/1980,25.321
03/04/1980,20.85
04/04/1980,20.85
05/04/1980,16.993
06/04/1980,1.598
07/04/1980,1.598
08/04/1980,1.598
09/04/1980,1.598
10/04/1980,1.461
11/04/1980,13.694
12/04/1980,63.75
13/04/1980,163.157
14/04/1980,254.083
15/04/1980,46.712
16/04/1980,35.114
17/04/1980,23.005
18/04/1980,9.668
19/04/1980,43.044
20/04/1980,112.808
21/04/1980,91.07
22/04/1980,68.646
23/04/1980,50.608
24/04/1980,36.353
25/04/1980,25.321
26/04/1980,16.993
27/04/1980,5.755
28/04/1980,2.255
29/04/1980,1.598
30/04/1980,1.57
01/05/1980,1.515
02/05/1980,1.515
03/05/1980,1.461
04/05/1980,1.461
05/05/1980,1.201
06/05/1980,1.201
07/05/1980,1.079
08/05/1980,1.079
09/05/1980,1.079
10/05/1980,25.321
11/05/1980,10.896
12/05/1980,3.705
13/05/1980,1.887
14/05/1980,1.887
15/05/1980,1.887
16/05/1980,1.883
17/05/1980,1.774
18/05/1980,1.655
19/05/1980,1.592
20/05/1980,1.489
21/05/1980,1.471
22/05/1980,2.165
23/05/1980,4.206
24/05/1980,3.488
25/05/1980,2.795
26/05/1980,1.879
27/05/1980,1.601
28/05/1980,1.465
29/05/1980,1.461
30/05/1980,1.459
31/05/1980,4.288
01/06/1980,39.61
02/06/1980,51.842
03/06/1980,34.762
04/06/1980,22.277
05/06/1980,17.977
06/06/1980,13.106
07/06/1980,4.061
08/06/1980,1.905
09/06/1980,1.615
10/06/1980,1.845
11/06/1980,6.532
12/06/1980,26.185
13/06/1980,75.211
14/06/1980,115.075
15/06/1980,72.62
16/06/1980,29.347
17/06/1980,22.848
18/06/1980,21.333
19/06/1980,24.826
20/06/1980,22.732
21/06/1980,18.999
22/06/1980,16.168
23/06/1980,14.843
24/06/1980,22.728
25/06/1980,29.233
26/06/1980,28.838
27/06/1980,22.913
28/06/1980,19.761
29/06/1980,22.633
30/06/1980,95.389
01/07/1980,95.022
02/07/1980,86.165
03/07/1980,49.06
04/07/1980,39.182
05/07/1980,35.223
06/07/1980,30.403
07/07/1980,25.395
08/07/1980,37.149
09/07/1980,63.713
10/07/1980,77.382
11/07/1980,52.956
12/07/1980,24.358
13/07/1980,13.359
14/07/1980,6.812
15/07/1980,3.461
16/07/1980,2.573
17/07/1980,1.914
18/07/1980,1.887
19/07/1980,1.866
20/07/1980,1.63
21/07/1980,1.73
22/07/1980,1.74
23/07/1980,1.736
24/07/1980,1.681
25/07/1980,1.625
26/07/1980,2.087
27/07/1980,2.417
28/07/1980,1.914
29/07/1980,1.887
30/07/1980,1.887
31/07/1980,1.887
01/08/1980,1.876
02/08/1980,1.741
03/08/1980,1.723
04/08/1980,18.743
05/08/1980,93.397
06/08/1980,148.502
07/08/1980,180.799
08/08/1980,116.743
09/08/1980,42.919
10/08/1980,21.435
11/08/1980,12.189
12/08/1980,7.189
13/08/1980,4.386
14/08/1980,2.918
15/08/1980,2.286
16/08/1980,2.178
17/08/1980,1.903
18/08/1980,1.887
19/08/1980,1.857
20/08/1980,1.747
21/08/1980,1.711
22/08/1980,1.604
23/08/1980,1.588
24/08/1980,1.444
25/08/1980,1.334
26/08/1980,1.325
27/08/1980,1.251
28/08/1980,1.201
29/08/1980,1.201
30/08/1980,1.201
31/08/1980,1.201
01/09/1980,1.201
02/09/1980,1.201
03/09/1980,1.143
04/09/1980,1.079
05/09/1980,1.079
06/09/1980,1.079
07/09/1980,1.079
08/09/1980,1.079
09/09/1980,1.023
10/09/1980,0.963
11/09/1980,0.963
12/09/1980,0.963
13/09/1980,0.963
14/09/1980,0.963
15/09/1980,0.963
16/09/1980,0.963
17/09/1980,0.963
18/09/1980,0.963
19/09/1980,0.963
20/09/1980,0.963
21/09/1980,0.963
22/09/1980,0.963
23/09/1980,0.963
24/09/1980,0.963
25/09/1980,0.963
26/09/1980,0.963
27/09/1980,0.963
28/09/1980,0.963
29/09/1980,0.963
30/09/1980,0.963
01/10/1980,11.973
02/10/1980,177.428
03/10/1980,335.085
04/10/1980,468.858
05/10/1980,305.561
06/10/1980,112.272
07/10/1980,77.381
08/10/1980,33.917
09/10/1980,27.377
10/10/1980,23.732
11/10/1980,19.922
12/10/1980,14.418
13/10/1980,7.442
14/10/1980,4.414
15/10/1980,2.715
16/10/1980,1.845
17/10/1980,1.609
18/10/1980,1.572
19/10/1980,1.476
20/10/1980,1.428
21/10/1980,1.334
22/10/1980,1.268
23/10/1980,1.201
24/10/1980,1.201
25/10/1980,1.138
26/10/1980,1.079
27/10/1980,1.079
28/10/1980,1.079
29/10/1980,1.079
30/10/1980,1.079
31/10/1980,1.079
01/11/1980,1.079
02/11/1980,1.079
03/11/1980,1.071
04/11/1980,0.918
05/11/1980,0.851
06/11/1980,0.851
07/11/1980,0.851
08/11/1980,0.851
09/11/1980,0.851
10/11/1980,0.851
11/11/1980,0.834
12/11/1980,0.808
13/11/1980,0.774
14/11/1980,0.745
15/11/1980,0.729
16/11/1980,0.677
17/11/1980,0.645
18/11/1980,0.6
19/11/1980,0.551
20/11/1980,0.551
21/11/1980,0.551
22/11/1980,0.607
23/11/1980,0.738
24/11/1980,0.745
25/11/1980,0.745
26/11/1980,0.713
27/11/1980,0.661
28/11/1980,0.645
29/11/1980,0.671
30/11/1980,0.742
01/12/1980,0.745
02/12/1980,0.745
03/12/1980,0.745
04/12/1980,0.745
05/12/1980,0.745
06/12/1980,0.745
07/12/1980,0.729
08/12/1980,0.677
09/12/1980,0.645
10/12/1980,0.645
11/12/1980,0.645
12/12/1980,0.645
13/12/1980,0.6
14/12/1980,0.551
15/12/1980,0.532
16/12/1980,0.466
17/12/1980,0.499
18/12/1980,2.612
19/12/1980,17.352
20/12/1980,27.733
21/12/1980,33.027
22/12/1980,29.231
23/12/1980,17.722
24/12/1980,9.772
25/12/1980,5.221
26/12/1980,2.715
27/12/1980,1.845
28/12/1980,1.47
29/12/1980,1.187
30/12/1980,1.079
31/12/1980,1.061
01/01/1981,0.914
02/01/1981,0.851
03/01/1981,0.761
04/01/1981,0.645
05/01/1981,0.645
06/01/1981,0.645
07/01/1981,0.645
08/01/1981,0.645
09/01/1981,0.645
10/01/1981,0.645
11/01/1981,0.63
12/01/1981,0.573
13/01/1981,0.508
14/01/1981,0.462
15/01/1981,0.462
16/01/1981,0.462
17/01/1981,0.462
18/01/1981,0.462
19/01/1981,0.462
20/01/1981,0.462
21/01/1981,0.423
22/01/1981,0.344
23/01/1981,0.305
24/01/1981,0.305
25/01/1981,0.302
26/01/1981,0.278
27/01/1981,0.276
28/01/1981,0.351
29/01/1981,0.587
30/01/1981,0.645
31/01/1981,0.645
01/02/1981,0.693
02/02/1981,0.745
03/02/1981,0.745
04/02/1981,0.745
05/02/1981,0.745
06/02/1981,0.745
07/02/1981,0.745
08/02/1981,0.745
09/02/1981,0.745
10/02/1981,0.778
11/02/1981,0.901
12/02/1981,1.011
13/02/1981,1.078
14/02/1981,1.088
15/02/1981,1.253
16/02/1981,1.355
17/02/1981,1.512
18/02/1981,1.659
19/02/1981,1.857
20/02/1981,1.887
21/02/1981,1.887
22/02/1981,1.857
23/02/1981,1.736
24/02/1981,1.537
25/02/1981,1.397
26/02/1981,1.224
27/02/1981,1.027
28/02/1981,0.963
01/03/1981,0.909
02/03/1981,0.851
03/03/1981,0.83
04/03/1981,0.75
05/03/1981,0.697
06/03/1981,0.645
07/03/1981,0.645
08/03/1981,0.645
09/03/1981,0.642
10/03/1981,0.576
11/03/1981,0.551
12/03/1981,0.532
13/03/1981,0.466
14/03/1981,0.462
15/03/1981,0.462
16/03/1981,0.462
17/03/1981,0.462
18/03/1981,0.462
19/03/1981,0.462
20/03/1981,0.462
21/03/1981,0.438
22/03/1981,0.371
23/03/1981,0.322
24/03/1981,0.305
25/03/1981,0.305
26/03/1981,0.305
27/03/1981,0.305
28/03/1981,0.287
29/03/1981,0.276
30/03/1981,0.276
31/03/1981,0.276
01/04/1981,0.276
02/04/1981,0.276
03/04/1981,0.276
04/04/1981,0.276
05/04/1981,0.276
06/04/1981,0.276
07/04/1981,0.276
08/04/1981,0.276
09/04/1981,0.276
10/04/1981,0.276
11/04/1981,0.276
12/04/1981,0.276
13/04/1981,0.287
14/04/1981,0.322
15/04/1981,0.334
16/04/1981,0.334
17/04/1981,0.316
18/04/1981,0.305
19/04/1981,0.305
20/04/1981,0.305
21/04/1981,0.305
22/04/1981,0.305
23/04/1981,0.305
24/04/1981,0.305
25/04/1981,0.305
26/04/1981,0.307
27/04/1981,0.335
28/04/1981,0.377
29/04/1981,0.38
30/04/1981,0.38
01/06/1981,4.393
02/06/1981,78.732
03/06/1981,253.123
04/06/1981,235.674
05/06/1981,209.569
06/06/1981,159.379
07/06/1981,83.024
08/06/1981,21.068
09/06/1981,6.051
10/06/1981,4.071
11/06/1981,2.918
12/06/1981,2.033
13/06/1981,1.887
14/06/1981,1.887
15/06/1981,1.788
16/06/1981,1.609
17/06/1981,1.598
18/06/1981,1.463
19/06/1981,1.329
20/06/1981,1.329
21/06/1981,1.329
22/06/1981,1.329
23/06/1981,1.329
24/06/1981,1.329
25/06/1981,1.329
26/06/1981,9.215
27/06/1981,61.445
28/06/1981,113.432
29/06/1981,93.859
30/06/1981,62.211
01/07/1981,32.267
02/07/1981,19.994
03/07/1981,13.856
04/07/1981,7.151
05/07/1981,4.359
06/07/1981,2.715
07/07/1981,1.824
08/07/1981,1.606
09/07/1981,1.598
10/07/1981,1.598
11/07/1981,1.598
12/07/1981,1.598
13/07/1981,1.598
14/07/1981,1.609
15/07/1981,2.89
16/07/1981,27.645
17/07/1981,71.574
18/07/1981,74.37
19/07/1981,51.189
20/07/1981,32.05
21/07/1981,24.231
22/07/1981,20.08
23/07/1981,15.422
24/07/1981,12.0
25/07/1981,9.143
26/07/1981,6.65
27/07/1981,4.118
28/07/1981,2.244
29/07/1981,1.903
30/07/1981,1.887
31/07/1981,1.914
01/08/1981,2.679
02/08/1981,4.359
03/08/1981,6.032
04/08/1981,6.534
05/08/1981,5.044
06/08/1981,17.275
07/08/1981,200.132
08/08/1981,208.619
09/08/1981,103.31
10/08/1981,57.946
11/08/1981,28.527
12/08/1981,15.803
13/08/1981,8.705
14/08/1981,5.806
15/08/1981,4.031
16/08/1981,2.854
17/08/1981,1.932
18/08/1981,1.887
19/08/1981,1.876
20/08/1981,1.751
21/08/1981,1.711
22/08/1981,1.523
23/08/1981,1.338
24/08/1981,1.325
25/08/1981,1.235
26/08/1981,1.143
27/08/1981,1.079
28/08/1981,1.079
29/08/1981,1.079
30/08/1981,1.079
31/08/1981,1.079
01/09/1981,1.033
02/09/1981,0.963
03/09/1981,1.018
04/09/1981,1.353
05/09/1981,2.078
06/09/1981,2.146
07/09/1981,1.903
08/09/1981,1.887
09/09/1981,1.887
10/09/1981,1.829
11/09/1981,2.408
12/09/1981,70.834
13/09/1981,249.471
14/09/1981,277.586
15/09/1981,220.519
16/09/1981,171.129
17/09/1981,136.913
18/09/1981,111.102
19/09/1981,64.076
20/09/1981,12.651
21/09/1981,6.65
22/09/1981,4.359
23/09/1981,2.508
24/09/1981,1.887
25/09/1981,1.887
26/09/1981,1.829
27/09/1981,1.711
28/09/1981,1.538
29/09/1981,1.434
30/09/1981,1.334
01/10/1981,1.329
02/10/1981,1.268
03/10/1981,1.201
04/10/1981,1.201
05/10/1981,1.251
06/10/1981,1.769
07/10/1981,1.609
08/10/1981,1.598
09/10/1981,1.598
10/10/1981,1.598
11/10/1981,1.598
12/10/1981,1.598
13/10/1981,1.598
14/10/1981,1.598
15/10/1981,1.561
16/10/1981,1.401
17/10/1981,1.303
18/10/1981,1.148
19/10/1981,1.079
20/10/1981,1.079
21/10/1981,1.056
22/10/1981,0.968
23/10/1981,0.909
24/10/1981,0.851
25/10/1981,0.851
26/10/1981,0.851
27/10/1981,0.843
28/10/1981,0.753
29/10/1981,0.745
30/10/1981,0.745
31/10/1981,0.738
01/11/1981,0.652
02/11/1981,0.645
03/11/1981,0.773
04/11/1981,1.237
05/11/1981,3.642
06/11/1981,27.138
07/11/1981,21.299
08/11/1981,13.259
09/11/1981,10.32
10/11/1981,7.819
11/11/1981,6.175
12/11/1981,4.569
13/11/1981,3.155
14/11/1981,1.864
15/11/1981,1.519
16/11/1981,1.336
17/11/1981,1.232
18/11/1981,1.085
19/11/1981,1.023
20/11/1981,0.909
21/11/1981,0.851
22/11/1981,0.851
23/11/1981,0.807
24/11/1981,0.699
25/11/1981,0.645
26/11/1981,0.645
27/11/1981,0.645
28/11/1981,0.606
29/11/1981,0.552
30/11/1981,0.551
01/12/1981,0.551
02/12/1981,0.551
03/12/1981,0.508
04/12/1981,0.462
05/12/1981,0.462
06/12/1981,0.462
07/12/1981,0.462
08/12/1981,0.462
09/12/1981,0.462
10/12/1981,0.423
11/12/1981,0.38
12/12/1981,0.38
13/12/1981,0.38
14/12/1981,0.38
15/12/1981,0.38
16/12/1981,0.344
17/12/1981,0.305
18/12/1981,0.305
19/12/1981,0.305
20/12/1981,0.305
21/12/1981,0.305
22/12/1981,0.305
23/12/1981,0.305
24/12/1981,0.305
25/12/1981,0.305
26/12/1981,0.305
27/12/1981,0.305
28/12/1981,0.305
29/12/1981,0.305
30/12/1981,0.305
31/12/1981,0.305
01/01/1982,0.305
02/01/1982,0.305
03/01/1982,0.305
04/01/1982,0.305
05/01/1982,0.305
06/01/1982,0.305
07/01/1982,0.305
08/01/1982,0.305
09/01/1982,0.305
10/01/1982,0.305
11/01/1982,0.305
12/01/1982,0.305
13/01/1982,0.305
14/01/1982,0.305
15/01/1982,0.305
16/01/1982,0.305
17/01/1982,0.305
18/01/1982,0.305
19/01/1982,0.305
20/01/1982,0.305
21/01/1982,0.305
22/01/1982,0.305
23/01/1982,0.305
24/01/1982,0.305
25/01/1982,0.305
26/01/1982,0.305
27/01/1982,0.305
28/01/1982,0.305
29/01/1982,0.305
30/01/1982,0.305
31/01/1982,0.305
01/02/1982,0.305
02/02/1982,0.305
03/02/1982,0.305
04/02/1982,0.305
05/02/1982,0.305
06/02/1982,0.32
07/02/1982,0.402
08/02/1982,0.477
09/02/1982,0.592
10/02/1982,0.693
11/02/1982,0.796
12/02/1982,0.918
13/02/1982,1.173
14/02/1982,1.421
15/02/1982,1.686
16/02/1982,2.358
17/02/1982,2.592
18/02/1982,2.095
19/02/1982,1.819
20/02/1982,1.543
21/02/1982,1.471
22/02/1982,1.975
23/02/1982,3.715
24/02/1982,4.947
25/02/1982,4.856
26/02/1982,4.011
27/02/1982,2.879
28/02/1982,2.108
01/03/1982,1.887
02/03/1982,1.857
03/03/1982,1.68
04/03/1982,1.382
05/03/1982,1.152
06/03/1982,1.023
07/03/1982,0.909
08/03/1982,0.851
09/03/1982,0.851
10/03/1982,0.83
11/03/1982,0.702
12/03/1982,0.645
13/03/1982,0.645
14/03/1982,0.645
15/03/1982,0.645
16/03/1982,0.645
17/03/1982,0.645
18/03/1982,0.645
19/03/1982,0.626
20/03/1982,0.512
21/03/1982,0.462
22/03/1982,0.462
23/03/1982,0.462
24/03/1982,0.44
25/03/1982,0.382
26/03/1982,0.38
27/03/1982,0.38
28/03/1982,0.38
29/03/1982,0.365
30/03/1982,0.308
31/03/1982,0.305
01/04/1982,0.305
02/04/1982,0.305
03/04/1982,0.305
04/04/1982,0.305
05/04/1982,0.305
06/04/1982,0.305
07/04/1982,0.305
08/04/1982,0.305
09/04/1982,0.305
10/04/1982,0.305
11/04/1982,0.305
12/04/1982,0.236
13/04/1982,0.236
14/04/1982,0.174
15/04/1982,0.174
16/04/1982,0.174
17/04/1982,0.174
18/04/1982,0.174
19/04/1982,0.174
20/04/1982,0.174
21/04/1982,0.174
22/04/1982,0.174
23/04/1982,0.174
24/04/1982,0.174
25/04/1982,0.174
26/04/1982,0.174
27/04/1982,0.174
28/04/1982,0.174
29/04/1982,0.174
30/04/1982,0.174
01/05/1982,0.174
02/05/1982,0.174
03/05/1982,0.174
04/05/1982,0.174
05/05/1982,0.174
06/05/1982,0.174
07/05/1982,0.174
08/05/1982,0.174
09/05/1982,0.174
10/05/1982,0.174
11/05/1982,0.174
12/05/1982,0.174
13/05/1982,0.174
14/05/1982,0.174
15/05/1982,0.174
16/05/1982,0.174
17/05/1982,0.209
18/05/1982,0.688
19/05/1982,0.928
20/05/1982,1.182
21/05/1982,1.325
22/05/1982,1.329
23/05/1982,1.329
24/05/1982,1.329
25/05/1982,1.329
26/05/1982,1.329
27/05/1982,1.329
28/05/1982,1.269
29/05/1982,1.072
30/05/1982,0.947
31/05/1982,0.856
01/06/1982,0.851
02/06/1982,0.8
03/06/1982,0.745
04/06/1982,0.745
05/06/1982,0.745
06/06/1982,0.745
07/06/1982,0.71
08/06/1982,0.648
09/06/1982,0.645
10/06/1982,0.645
11/06/1982,0.733
12/06/1982,1.079
13/06/1982,1.464
14/06/1982,1.806
15/06/1982,1.887
16/06/1982,1.887
17/06/1982,2.02
18/06/1982,14.476
19/06/1982,91.525
20/06/1982,104.086
21/06/1982,77.643
22/06/1982,39.593
23/06/1982,14.57
24/06/1982,6.646
25/06/1982,5.376
26/06/1982,4.239
27/06/1982,3.731
28/06/1982,3.386
29/06/1982,2.483
30/06/1982,1.914
01/07/1982,1.887
02/07/1982,1.857
03/07/1982,1.757
04/07/1982,2.302
05/07/1982,3.746
06/07/1982,5.626
07/07/1982,7.254
08/07/1982,8.222
09/07/1982,6.267
10/07/1982,5.156
11/07/1982,4.011
12/07/1982,2.715
13/07/1982,1.843
14/07/1982,1.74
15/07/1982,1.74
16/07/1982,17.342
17/07/1982,92.24
18/07/1982,65.301
19/07/1982,46.481
20/07/1982,33.581
21/07/1982,25.425
22/07/1982,21.007
23/07/1982,20.85
24/07/1982,20.85
25/07/1982,20.85
26/07/1982,20.85
27/07/1982,20.85
28/07/1982,20.85
29/07/1982,19.922
30/07/1982,16.188
31/07/1982,12.949
01/08/1982,9.733
02/08/1982,6.65
03/08/1982,4.324
04/08/1982,2.342
05/08/1982,1.751
06/08/1982,1.902
07/08/1982,19.349
08/08/1982,113.858
09/08/1982,193.571
10/08/1982,102.509
11/08/1982,55.478
12/08/1982,30.817
13/08/1982,25.502
14/08/1982,25.321
15/08/1982,25.321
16/08/1982,20.968
17/08/1982,13.771
18/08/1982,9.665
19/08/1982,5.511
20/08/1982,2.799
21/08/1982,1.856
22/08/1982,1.74
23/08/1982,1.74
24/08/1982,1.573
25/08/1982,1.26
26/08/1982,2.43
27/08/1982,19.392
28/08/1982,19.922
29/08/1982,15.359
30/08/1982,11.28
31/08/1982,9.106
01/09/1982,6.65
02/09/1982,5.052
03/09/1982,4.997
04/09/1982,4.947
05/09/1982,3.182
06/09/1982,1.884
07/09/1982,1.718
08/09/1982,1.514
09/09/1982,1.336
10/09/1982,2.971
11/09/1982,44.449
12/09/1982,108.254
13/09/1982,102.568
14/09/1982,54.777
15/09/1982,26.468
16/09/1982,20.41
17/09/1982,64.435
18/09/1982,68.646
19/09/1982,68.646
20/09/1982,62.659
21/09/1982,42.094
22/09/1982,21.435
23/09/1982,12.11
24/09/1982,8.663
25/09/1982,7.944
26/09/1982,6.663
27/09/1982,6.595
28/09/1982,6.084
29/09/1982,4.9
30/09/1982,5.431
01/10/1982,12.429
02/10/1982,21.327
03/10/1982,17.792
04/10/1982,13.883
05/10/1982,15.33
06/10/1982,16.993
07/10/1982,15.126
08/10/1982,9.772
09/10/1982,5.587
10/10/1982,3.502
11/10/1982,1.915
12/10/1982,1.718
13/10/1982,1.604
14/10/1982,1.598
15/10/1982,1.598
16/10/1982,1.598
17/10/1982,1.619
18/10/1982,2.331
19/10/1982,3.631
20/10/1982,4.23
21/10/1982,22.58
22/10/1982,54.648
23/10/1982,72.368
24/10/1982,66.332
25/10/1982,58.26
26/10/1982,48.796
27/10/1982,39.515
28/10/1982,26.95
29/10/1982,15.564
30/10/1982,9.883
31/10/1982,7.542
01/11/1982,7.296
02/11/1982,26.394
03/11/1982,30.468
04/11/1982,30.468
05/11/1982,30.468
06/11/1982,29.006
07/11/1982,24.428
08/11/1982,18.823
09/11/1982,12.433
10/11/1982,8.246
11/11/1982,4.985
12/11/1982,3.43
13/11/1982,2.458
14/11/1982,1.908
15/11/1982,1.887
16/11/1982,1.857
17/11/1982,1.661
18/11/1982,1.534
19/11/1982,1.229
20/11/1982,1.079
21/11/1982,0.996
22/11/1982,0.856
23/11/1982,0.851
24/11/1982,0.851
25/11/1982,0.851
26/11/1982,0.851
27/11/1982,0.851
28/11/1982,0.83
29/11/1982,0.75
30/11/1982,0.697
01/12/1982,0.645
02/12/1982,0.645
03/12/1982,0.645
04/12/1982,0.645
05/12/1982,0.645
06/12/1982,0.701
07/12/1982,0.843
08/12/1982,0.873
09/12/1982,0.989
10/12/1982,1.076
11/12/1982,1.023
12/12/1982,0.94
13/12/1982,0.856
14/12/1982,0.851
15/12/1982,0.851
16/12/1982,0.851
17/12/1982,0.851
18/12/1982,0.851
19/12/1982,0.8
20/12/1982,0.697
21/12/1982,0.645
22/12/1982,0.645
23/12/1982,0.645
24/12/1982,0.645
25/12/1982,0.645
26/12/1982,0.645
27/12/1982,0.645
28/12/1982,0.645
29/12/1982,0.645
30/12/1982,0.645
31/12/1982,0.645
01/01/1983,0.6
02/01/1983,0.508
03/01/1983,0.462
04/01/1983,0.462
05/01/1983,0.462
06/01/1983,0.462
07/01/1983,0.462
08/01/1983,0.423
09/01/1983,0.38
10/01/1983,0.38
11/01/1983,0.344
12/01/1983,0.305
13/01/1983,0.305
14/01/1983,0.271
15/01/1983,0.206
16/01/1983,0.174
17/01/1983,0.174
18/01/1983,0.174
19/01/1983,0.174
20/01/1983,0.174
21/01/1983,0.174
22/01/1983,0.174
23/01/1983,0.174
24/01/1983,0.174
25/01/1983,0.174
26/01/1983,0.174
27/01/1983,0.174
28/01/1983,0.174
29/01/1983,0.184
30/01/1983,0.295
31/01/1983,0.305
01/02/1983,0.31
02/02/1983,0.375
03/02/1983,0.38
04/02/1983,0.38
05/02/1983,0.344
06/02/1983,0.305
07/02/1983,0.305
08/02/1983,0.305
09/02/1983,0.305
10/02/1983,0.305
11/02/1983,0.305
12/02/1983,0.305
13/02/1983,0.305
14/02/1983,0.305
15/02/1983,0.31
16/02/1983,0.42
17/02/1983,0.593
18/02/1983,0.645
19/02/1983,0.645
20/02/1983,0.701
21/02/1983,0.966
22/02/1983,1.226
23/02/1983,1.854
24/02/1983,6.071
25/02/1983,25.897
26/02/1983,54.65
27/02/1983,40.1
28/02/1983,27.979
01/03/1983,18.331
02/03/1983,11.08
03/03/1983,7.582
04/03/1983,4.741
05/03/1983,2.109
06/03/1983,1.718
07/03/1983,1.594
08/03/1983,1.444
09/03/1983,1.309
10/03/1983,1.198
11/03/1983,1.088
12/03/1983,1.056
13/03/1983,0.945
14/03/1983,0.856
15/03/1983,0.851
16/03/1983,0.851
17/03/1983,0.851
18/03/1983,0.895
19/03/1983,0.963
20/03/1983,0.895
21/03/1983,0.851
22/03/1983,0.851
23/03/1983,0.851
24/03/1983,0.787
25/03/1983,0.745
26/03/1983,0.745
27/03/1983,0.745
28/03/1983,0.745
29/03/1983,0.745
30/03/1983,0.745
31/03/1983,0.745
01/04/1983,0.697
02/04/1983,0.645
03/04/1983,0.66
04/04/1983,1.017
05/04/1983,2.207
06/04/1983,7.635
07/04/1983,12.805
08/04/1983,13.694
09/04/1983,11.948
10/04/1983,7.579
11/04/1983,4.295
12/04/1983,2.699
13/04/1983,1.903
14/04/1983,1.722
15/04/1983,1.604
16/04/1983,1.598
17/04/1983,1.561
18/04/1983,1.413
19/04/1983,1.329
20/04/1983,1.268
21/04/1983,1.143
22/04/1983,1.079
23/04/1983,1.079
24/04/1983,1.056
25/04/1983,0.914
26/04/1983,0.851
27/04/1983,0.823
28/04/1983,0.748
29/04/1983,0.745
30/04/1983,0.745
01/05/1983,0.697
02/05/1983,0.645
03/05/1983,0.645
04/05/1983,1.259
05/05/1983,17.696
06/05/1983,89.142
07/05/1983,100.217
08/05/1983,55.891
09/05/1983,26.92
10/05/1983,15.564
11/05/1983,10.766
12/05/1983,7.258
13/05/1983,3.588
14/05/1983,1.945
15/05/1983,1.828
16/05/1983,1.574
17/05/1983,1.401
18/05/1983,1.329
19/05/1983,1.329
20/05/1983,1.303
21/05/1983,1.207
22/05/1983,1.201
23/05/1983,1.201
24/05/1983,1.201
25/05/1983,1.201
26/05/1983,1.201
27/05/1983,1.177
28/05/1983,1.142
29/05/1983,1.319
30/05/1983,1.329
31/05/1983,1.329
01/06/1983,1.338
02/06/1983,1.479
03/06/1983,1.592
04/06/1983,1.598
05/06/1983,1.598
06/06/1983,1.598
07/06/1983,1.561
08/06/1983,1.438
09/06/1983,1.334
10/06/1983,1.329
11/06/1983,1.329
12/06/1983,1.329
13/06/1983,1.456
14/06/1983,2.331
15/06/1983,3.971
16/06/1983,5.401
17/06/1983,6.534
18/06/1983,6.135
19/06/1983,4.359
20/06/1983,2.715
21/06/1983,1.914
22/06/1983,1.876
23/06/1983,1.751
24/06/1983,1.825
25/06/1983,2.431
26/06/1983,2.68
27/06/1983,2.68
28/06/1983,2.68
29/06/1983,2.555
30/06/1983,2.196
01/07/1983,1.996
02/07/1983,176.967
03/07/1983,917.109
04/07/1983,193.981
05/07/1983,75.201
06/07/1983,40.755
07/07/1983,21.32
08/07/1983,14.186
09/07/1983,7.671
10/07/1983,5.044
11/07/1983,3.5
12/07/1983,2.715
13/07/1983,2.966
14/07/1983,12.02
15/07/1983,144.528
16/07/1983,198.759
17/07/1983,84.804
18/07/1983,42.614
19/07/1983,30.389
20/07/1983,15.173
21/07/1983,8.131
22/07/1983,4.397
23/07/1983,1.98
24/07/1983,1.887
25/07/1983,1.887
26/07/1983,1.887
27/07/1983,1.887
28/07/1983,1.887
29/07/1983,1.876
30/07/1983,1.751
31/07/1983,1.74
01/08/1983,1.711
02/08/1983,1.633
03/08/1983,1.73
04/08/1983,1.636
05/08/1983,1.598
06/08/1983,1.598
07/08/1983,1.598
08/08/1983,1.561
09/08/1983,1.53
10/08/1983,1.73
11/08/1983,24.051
12/08/1983,107.708
13/08/1983,176.926
14/08/1983,90.501
15/08/1983,51.344
16/08/1983,29.659
17/08/1983,15.733
18/08/1983,9.839
19/08/1983,6.65
20/08/1983,4.324
21/08/1983,2.755
22/08/1983,2.475
23/08/1983,2.109
24/08/1983,1.887
25/08/1983,1.887
26/08/1983,2.629
27/08/1983,7.646
28/08/1983,6.153
29/08/1983,4.087
30/08/1983,2.891
31/08/1983,1.945
01/09/1983,1.857
02/09/1983,1.678
03/09/1983,1.598
04/09/1983,1.508
05/09/1983,1.336
06/09/1983,1.329
07/09/1983,1.329
08/09/1983,1.292
09/09/1983,1.169
10/09/1983,1.083
11/09/1983,1.079
12/09/1983,1.079
13/09/1983,1.079
14/09/1983,1.056
15/09/1983,0.968
16/09/1983,0.963
17/09/1983,0.963
18/09/1983,0.963
19/09/1983,0.963
20/09/1983,0.963
21/09/1983,0.963
22/09/1983,0.963
23/09/1983,0.963
24/09/1983,0.963
25/09/1983,0.963
26/09/1983,0.963
27/09/1983,1.134
28/09/1983,59.581
29/09/1983,373.329
30/09/1983,663.356
01/10/1983,259.856
02/10/1983,40.928
03/10/1983,25.515
04/10/1983,13.86
05/10/1983,6.007
06/10/1983,3.8
07/10/1983,3.386
08/10/1983,2.458
09/10/1983,1.908
10/10/1983,1.887
11/10/1983,1.847
12/10/1983,1.578
13/10/1983,1.465
14/10/1983,13.696
15/10/1983,61.142
16/10/1983,62.536
17/10/1983,75.204
18/10/1983,47.509
19/10/1983,36.477
20/10/1983,27.757
21/10/1983,18.788
22/10/1983,10.012
23/10/1983,5.88
24/10/1983,3.746
25/10/1983,2.483
26/10/1983,1.845
27/10/1983,1.519
28/10/1983,1.336
29/10/1983,1.259
30/10/1983,1.088
31/10/1983,1.079
01/11/1983,1.079
02/11/1983,1.079
03/11/1983,1.079
04/11/1983,1.079
05/11/1983,1.079
06/11/1983,1.079
07/11/1983,1.079
08/11/1983,1.079
09/11/1983,1.079
10/11/1983,1.079
11/11/1983,1.079
12/11/1983,1.079
13/11/1983,1.079
14/11/1983,1.342
15/11/1983,6.391
16/11/1983,19.478
17/11/1983,22.047
18/11/1983,24.983
19/11/1983,20.22
20/11/1983,13.249
21/11/1983,8.546
22/11/1983,5.072
23/11/1983,2.897
24/11/1983,1.945
25/11/1983,1.819
26/11/1983,1.609
27/11/1983,1.534
28/11/1983,1.268
29/11/1983,1.012
30/11/1983,0.782
01/12/1983,0.649
02/12/1983,0.601
03/12/1983,0.469
04/12/1983,0.462
05/12/1983,0.462
06/12/1983,0.462
07/12/1983,0.462
08/12/1983,0.462
09/12/1983,0.438
10/12/1983,0.384
11/12/1983,0.38
12/12/1983,0.419
13/12/1983,0.462
14/12/1983,0.462
15/12/1983,0.462
16/12/1983,0.462
17/12/1983,0.462
18/12/1983,0.462
19/12/1983,0.462
20/12/1983,0.462
21/12/1983,0.462
22/12/1983,0.462
23/12/1983,0.462
24/12/1983,0.46
25/12/1983,0.408
26/12/1983,0.38
27/12/1983,0.376
28/12/1983,0.36
29/12/1983,0.378
30/12/1983,0.331
31/12/1983,0.305
01/01/1984,0.31
02/01/1984,0.375
03/01/1984,0.408
04/01/1984,0.46
05/01/1984,0.462
06/01/1984,0.462
07/01/1984,0.462
08/01/1984,0.462
09/01/1984,0.504
10/01/1984,0.589
11/01/1984,0.624
12/01/1984,0.562
13/01/1984,0.871
14/01/1984,1.301
15/01/1984,1.186
16/01/1984,1.085
17/01/1984,1.079
18/01/1984,1.079
19/01/1984,1.056
20/01/1984,0.968
21/01/1984,0.963
22/01/1984,0.963
23/01/1984,0.909
24/01/1984,0.851
25/01/1984,0.851
26/01/1984,0.851
27/01/1984,0.851
28/01/1984,0.848
29/01/1984,0.778
30/01/1984,0.745
31/01/1984,0.745
01/02/1984,0.721
02/02/1984,0.677
03/02/1984,0.645
04/02/1984,0.645
05/02/1984,0.645
06/02/1984,0.645
07/02/1984,0.645
08/02/1984,0.645
09/02/1984,0.645
10/02/1984,0.704
11/02/1984,1.684
12/02/1984,6.881
13/02/1984,17.711
14/02/1984,25.819
15/02/1984,15.768
16/02/1984,13.694
17/02/1984,13.694
18/02/1984,13.019
19/02/1984,10.993
20/02/1984,10.896
21/02/1984,14.167
22/02/1984,39.876
23/02/1984,45.299
24/02/1984,29.898
25/02/1984,36.426
26/02/1984,74.592
27/02/1984,75.695
28/02/1984,54.258
29/02/1984,143.412
01/03/1984,126.578
02/03/1984,121.538
03/03/1984,87.5
04/03/1984,37.468
05/03/1984,23.163
06/03/1984,14.084
07/03/1984,8.491
08/03/1984,4.808
09/03/1984,3.75
10/03/1984,3.186
11/03/1984,2.485
12/03/1984,1.845
13/03/1984,1.545
14/03/1984,1.288
15/03/1984,1.201
16/03/1984,1.201
17/03/1984,1.201
18/03/1984,1.143
19/03/1984,1.079
20/03/1984,1.079
21/03/1984,1.048
22/03/1984,0.966
23/03/1984,0.963
24/03/1984,0.963
25/03/1984,0.909
26/03/1984,0.851
27/03/1984,0.851
28/03/1984,0.851
29/03/1984,0.851
30/03/1984,0.851
31/03/1984,0.851
01/04/1984,0.859
02/04/1984,1.083
03/04/1984,1.416
04/04/1984,1.592
05/04/1984,1.598
06/04/1984,1.517
07/04/1984,1.338
08/04/1984,1.303
09/04/1984,1.148
10/04/1984,1.079
11/04/1984,1.079
12/04/1984,1.079
13/04/1984,1.079
14/04/1984,1.079
15/04/1984,1.079
16/04/1984,1.079
17/04/1984,1.088
18/04/1984,1.226
19/04/1984,1.47
20/04/1984,1.788
21/04/1984,3.05
22/04/1984,8.997
23/04/1984,15.261
24/04/1984,21.125
25/04/1984,27.456
26/04/1984,27.806
27/04/1984,25.231
28/04/1984,21.007
29/04/1984,18.781
30/04/1984,13.167
01/05/1984,8.245
02/05/1984,5.146
03/05/1984,2.938
04/05/1984,2.064
05/05/1984,1.819
06/05/1984,1.609
07/05/1984,1.598
08/05/1984,1.598
09/05/1984,1.798
10/05/1984,3.683
11/05/1984,4.162
12/05/1984,3.434
13/05/1984,2.52
14/05/1984,1.884
15/05/1984,1.747
16/05/1984,1.711
17/05/1984,1.604
18/05/1984,1.454
19/05/1984,1.211
20/05/1984,1.201
21/05/1984,1.201
22/05/1984,1.201
23/05/1984,1.201
24/05/1984,3.73
25/05/1984,43.84
26/05/1984,103.196
27/05/1984,181.925
28/05/1984,418.314
29/05/1984,828.141
30/05/1984,450.829
31/05/1984,96.37
01/06/1984,36.344
02/06/1984,41.33
03/06/1984,74.644
04/06/1984,68.023
05/06/1984,58.845
06/06/1984,45.594
07/06/1984,38.066
08/06/1984,35.375
09/06/1984,86.457
10/06/1984,91.07
11/06/1984,81.908
12/06/1984,55.357
13/06/1984,36.679
14/06/1984,20.48
15/06/1984,12.433
16/06/1984,8.607
17/06/1984,6.258
18/06/1984,5.599
19/06/1984,4.715
20/06/1984,3.827
21/06/1984,65.395
22/06/1984,369.734
23/06/1984,270.829
24/06/1984,78.95
25/06/1984,45.369
26/06/1984,74.737
27/06/1984,65.0
28/06/1984,43.479
29/06/1984,35.968
30/06/1984,30.491
01/07/1984,22.728
02/07/1984,12.653
03/07/1984,53.014
04/07/1984,135.46
05/07/1984,186.379
06/07/1984,125.535
07/07/1984,81.944
08/07/1984,59.097
09/07/1984,311.554
10/07/1984,353.298
11/07/1984,224.862
12/07/1984,197.173
13/07/1984,155.549
14/07/1984,104.139
15/07/1984,56.421
16/07/1984,18.485
17/07/1984,11.374
18/07/1984,8.14
19/07/1984,19.325
20/07/1984,37.721
21/07/1984,34.794
22/07/1984,29.214
23/07/1984,23.845
24/07/1984,16.688
25/07/1984,9.681
26/07/1984,5.654
27/07/1984,3.237
28/07/1984,2.694
29/07/1984,2.68
30/07/1984,2.68
31/07/1984,2.448
01/08/1984,4.191
02/08/1984,12.791
03/08/1984,16.098
04/08/1984,13.809
05/08/1984,12.992
06/08/1984,10.813
07/08/1984,7.346
08/08/1984,4.894
09/08/1984,3.193
10/08/1984,2.162
11/08/1984,1.897
12/08/1984,1.887
13/08/1984,1.887
14/08/1984,1.887
15/08/1984,1.81
16/08/1984,1.736
17/08/1984,1.636
18/08/1984,1.598
19/08/1984,1.585
20/08/1984,1.515
21/08/1984,1.463
22/08/1984,1.461
23/08/1984,1.461
24/08/1984,1.461
25/08/1984,1.461
26/08/1984,1.461
27/08/1984,1.537
28/08/1984,1.771
29/08/1984,1.812
30/08/1984,1.744
31/08/1984,1.7
01/09/1984,1.62
02/09/1984,1.598
03/09/1984,1.521
04/09/1984,1.361
05/09/1984,1.313
06/09/1984,1.192
07/09/1984,1.085
08/09/1984,1.079
09/09/1984,1.079
10/09/1984,1.079
11/09/1984,1.076
12/09/1984,1.03
13/09/1984,0.968
14/09/1984,0.966
15/09/1984,1.053
16/09/1984,1.21
17/09/1984,1.388
18/09/1984,1.461
19/09/1984,1.471
20/09/1984,1.588
21/09/1984,1.692
22/09/1984,1.878
23/09/1984,1.817
24/09/1984,1.74
25/09/1984,1.74
26/09/1984,10.297
27/09/1984,138.273
28/09/1984,142.703
29/09/1984,101.092
30/09/1984,57.506
01/10/1984,30.395
02/10/1984,15.66
03/10/1984,26.7
04/10/1984,52.0
05/10/1984,51.867
06/10/1984,57.951
07/10/1984,40.104
08/10/1984,19.481
09/10/1984,11.193
10/10/1984,6.348
11/10/1984,4.039
12/10/1984,2.775
13/10/1984,1.92
14/10/1984,1.887
15/10/1984,1.887
16/10/1984,1.887
17/10/1984,1.857
18/10/1984,1.606
19/10/1984,1.461
20/10/1984,1.461
21/10/1984,1.42
22/10/1984,1.333
23/10/1984,1.329
24/10/1984,1.305
25/10/1984,1.19
26/10/1984,1.085
27/10/1984,1.079
28/10/1984,1.079
29/10/1984,1.653
30/10/1984,10.74
31/10/1984,18.153
01/11/1984,12.307
02/11/1984,10.896
03/11/1984,18.293
04/11/1984,19.748
05/11/1984,16.795
06/11/1984,12.56
07/11/1984,9.181
08/11/1984,15.668
09/11/1984,50.376
10/11/1984,50.625
11/11/1984,43.915
12/11/1984,33.35
13/11/1984,23.645
14/11/1984,14.997
15/11/1984,7.174
16/11/1984,3.484
17/11/1984,1.902
18/11/1984,1.678
19/11/1984,1.598
20/11/1984,1.523
21/11/1984,1.312
22/11/1984,1.207
23/11/1984,1.201
24/11/1984,1.143
25/11/1984,1.079
26/11/1984,1.015
27/11/1984,0.805
28/11/1984,0.671
29/11/1984,0.645
30/11/1984,0.583
01/12/1984,0.467
02/12/1984,0.462
03/12/1984,0.462
04/12/1984,0.462
05/12/1984,0.462
06/12/1984,0.462
07/12/1984,0.462
08/12/1984,0.462
09/12/1984,0.462
10/12/1984,0.462
11/12/1984,0.462
12/12/1984,0.462
13/12/1984,0.462
14/12/1984,0.462
15/12/1984,0.462
16/12/1984,0.462
17/12/1984,0.462
18/12/1984,0.462
19/12/1984,0.462
20/12/1984,0.462
21/12/1984,0.462
22/12/1984,0.439
23/12/1984,0.393
24/12/1984,0.363
25/12/1984,0.317
26/12/1984,0.305
27/12/1984,0.305
28/12/1984,0.305
29/12/1984,0.288
30/12/1984,0.243
31/12/1984,0.236
01/01/1985,0.236
02/01/1985,0.236
03/01/1985,0.236
04/01/1985,0.236
05/01/1985,0.236
06/01/1985,0.236
07/01/1985,0.236
08/01/1985,0.233
09/01/1985,0.195
10/01/1985,0.175
11/01/1985,0.174
12/01/1985,0.174
13/01/1985,0.174
14/01/1985,0.174
15/01/1985,0.174
16/01/1985,0.174
17/01/1985,0.174
18/01/1985,0.174
19/01/1985,0.174
20/01/1985,0.174
21/01/1985,0.174
22/01/1985,0.166
23/01/1985,0.151
24/01/1985,0.128
25/01/1985,0.12
26/01/1985,0.12
27/01/1985,0.12
28/01/1985,0.12
29/01/1985,0.12
30/01/1985,0.114
31/01/1985,0.11
01/02/1985,0.11
02/02/1985,0.11
03/02/1985,0.098
04/02/1985,0.083
05/02/1985,0.083
06/02/1985,0.08
07/02/1985,0.075
08/02/1985,0.075
09/02/1985,0.063
10/02/1985,0.041
11/02/1985,0.038
12/02/1985,0.038
13/02/1985,0.038
14/02/1985,0.038
15/02/1985,0.032
16/02/1985,0.027
17/02/1985,0.024
18/02/1985,0.014
19/02/1985,0.011
20/02/1985,0.001
21/02/1985,0.0
22/02/1985,0.0
23/02/1985,0.0
24/02/1985,0.0
25/02/1985,0.0
26/02/1985,0.0
27/02/1985,0.0
28/02/1985,0.0
01/03/1985,0.0
02/03/1985,0.0
03/03/1985,0.0
04/03/1985,0.0
05/03/1985,0.0
06/03/1985,0.0
07/03/1985,0.0
08/03/1985,0.007
09/03/1985,0.028
10/03/1985,0.072
11/03/1985,0.045
12/03/1985,0.012
13/03/1985,0.001
14/03/1985,0.0
15/03/1985,0.0
16/03/1985,0.0
17/03/1985,0.0
18/03/1985,0.0
19/03/1985,0.0
20/03/1985,0.0
21/03/1985,0.0
22/03/1985,0.0
23/03/1985,0.0
24/03/1985,0.0
25/03/1985,0.001
26/03/1985,0.012
27/03/1985,0.025
28/03/1985,0.109
29/03/1985,2.157
30/03/1985,12.362
31/03/1985,13.588
01/04/1985,10.965
02/04/1985,9.306
03/04/1985,13.845
04/04/1985,23.966
05/04/1985,25.321
06/04/1985,21.901
07/04/1985,12.604
08/04/1985,9.393
09/04/1985,6.851
10/04/1985,5.14
11/04/1985,3.709
12/04/1985,1.965
13/04/1985,1.822
14/04/1985,1.638
15/04/1985,1.561
16/04/1985,1.465
17/04/1985,1.461
18/04/1985,1.461
19/04/1985,1.461
20/04/1985,1.461
21/04/1985,1.432
22/04/1985,1.351
23/04/1985,1.264
24/04/1985,1.112
25/04/1985,1.079
26/04/1985,1.079
27/04/1985,1.079
28/04/1985,1.079
29/04/1985,1.079
30/04/1985,1.079
01/05/1985,1.079
02/05/1985,1.079
03/05/1985,1.079
04/05/1985,1.079
05/05/1985,1.079
06/05/1985,4.263
07/05/1985,59.79
08/05/1985,146.678
09/05/1985,99.378
10/05/1985,50.901
11/05/1985,32.171
12/05/1985,15.775
13/05/1985,7.82
14/05/1985,3.794
15/05/1985,2.321
16/05/1985,2.244
17/05/1985,1.983
18/05/1985,2.114
19/05/1985,12.047
20/05/1985,47.574
21/05/1985,60.785
22/05/1985,42.923
23/05/1985,24.555
24/05/1985,13.574
25/05/1985,8.497
26/05/1985,5.666
27/05/1985,4.239
28/05/1985,3.198
29/05/1985,1.938
30/05/1985,1.77
31/05/1985,1.74
01/06/1985,2.261
02/06/1985,12.75
03/06/1985,30.119
04/06/1985,31.236
05/06/1985,18.76
06/06/1985,11.265
07/06/1985,6.54
08/06/1985,3.649
09/06/1985,2.387
10/06/1985,2.178
11/06/1985,1.903
12/06/1985,1.887
13/06/1985,1.887
14/06/1985,1.81
15/06/1985,1.627
16/06/1985,2.157
17/06/1985,5.639
18/06/1985,12.497
19/06/1985,16.821
20/06/1985,17.432
21/06/1985,22.409
22/06/1985,19.253
23/06/1985,12.853
24/06/1985,7.409
25/06/1985,4.646
26/06/1985,3.177
27/06/1985,2.476
28/06/1985,2.039
29/06/1985,15.894
30/06/1985,144.659
01/07/1985,253.438
02/07/1985,154.682
03/07/1985,49.994
04/07/1985,44.596
05/07/1985,198.499
06/07/1985,293.218
07/07/1985,119.196
08/07/1985,81.754
09/07/1985,49.433
10/07/1985,22.58
11/07/1985,13.72
12/07/1985,10.587
13/07/1985,6.757
14/07/1985,4.057
15/07/1985,3.166
16/07/1985,2.087
17/07/1985,1.897
18/07/1985,1.887
19/07/1985,1.887
20/07/1985,1.887
21/07/1985,1.887
22/07/1985,1.887
23/07/1985,1.887
24/07/1985,1.887
25/07/1985,1.887
26/07/1985,1.887
27/07/1985,1.887
28/07/1985,3.03
29/07/1985,8.189
30/07/1985,56.117
31/07/1985,123.153
01/08/1985,98.109
02/08/1985,71.622
03/08/1985,41.529
04/08/1985,31.061
05/08/1985,21.811
06/08/1985,19.472
07/08/1985,99.871
08/08/1985,194.359
09/08/1985,189.704
10/08/1985,103.226
11/08/1985,69.257
12/08/1985,36.949
13/08/1985,32.318
14/08/1985,28.841
15/08/1985,23.12
16/08/1985,16.228
17/08/1985,13.785
18/08/1985,11.396
19/08/1985,6.45
20/08/1985,4.053
21/08/1985,2.761
22/08/1985,1.92
23/08/1985,1.887
24/08/1985,1.887
25/08/1985,1.887
26/08/1985,4.889
27/08/1985,76.143
28/08/1985,96.018
29/08/1985,69.261
30/08/1985,59.877
31/08/1985,42.953
01/09/1985,22.539
02/09/1985,10.306
03/09/1985,5.943
04/09/1985,3.189
05/09/1985,2.102
06/09/1985,1.887
07/09/1985,1.887
08/09/1985,1.857
09/09/1985,1.678
10/09/1985,1.598
11/09/1985,1.598
12/09/1985,22.479
13/09/1985,166.866
14/09/1985,83.986
15/09/1985,71.73
16/09/1985,94.353
17/09/1985,154.517
18/09/1985,123.464
19/09/1985,123.476
20/09/1985,116.189
21/09/1985,81.356
22/09/1985,57.809
23/09/1985,39.388
24/09/1985,21.786
25/09/1985,15.042
26/09/1985,8.449
27/09/1985,4.658
28/09/1985,3.224
29/09/1985,2.193
30/09/1985,1.887
01/10/1985,1.887
02/10/1985,1.826
03/10/1985,1.742
04/10/1985,1.696
05/10/1985,1.566
06/10/1985,1.465
07/10/1985,1.434
08/10/1985,1.334
09/10/1985,1.325
10/10/1985,1.275
11/10/1985,1.207
12/10/1985,1.201
13/10/1985,1.196
14/10/1985,1.104
15/10/1985,1.694
16/10/1985,7.117
17/10/1985,12.308
18/10/1985,16.27
19/10/1985,39.103
20/10/1985,60.393
21/10/1985,44.022
22/10/1985,42.338
23/10/1985,38.238
24/10/1985,33.328
25/10/1985,23.181
26/10/1985,8.07
27/10/1985,3.798
28/10/1985,2.199
29/10/1985,2.124
30/10/1985,4.484
31/10/1985,3.991
01/11/1985,2.969
02/11/1985,2.405
03/11/1985,1.908
04/11/1985,1.887
05/11/1985,1.848
06/11/1985,1.676
07/11/1985,1.517
08/11/1985,1.338
09/11/1985,1.329
10/11/1985,1.308
11/11/1985,1.755
12/11/1985,3.644
13/11/1985,1.988
14/11/1985,1.544
15/11/1985,1.198
16/11/1985,1.008
17/11/1985,0.858
18/11/1985,0.796
19/11/1985,0.673
20/11/1985,0.62
21/11/1985,0.531
22/11/1985,0.515
23/11/1985,0.515
24/11/1985,0.486
25/11/1985,0.462
26/11/1985,0.462
27/11/1985,0.462
28/11/1985,0.454
29/11/1985,0.412
30/11/1985,0.381
01/12/1985,0.374
02/12/1985,0.363
03/12/1985,0.35
04/12/1985,0.333
05/12/1985,0.306
06/12/1985,0.305
07/12/1985,0.283
08/12/1985,0.238
09/12/1985,0.269
10/12/1985,0.305
11/12/1985,0.305
12/12/1985,0.305
13/12/1985,0.305
14/12/1985,0.305
15/12/1985,0.305
16/12/1985,0.305
17/12/1985,0.305
18/12/1985,0.305
19/12/1985,0.305
20/12/1985,0.305
21/12/1985,0.305
22/12/1985,0.305
23/12/1985,0.305
24/12/1985,0.305
25/12/1985,0.263
26/12/1985,0.236
27/12/1985,0.236
28/12/1985,0.236
29/12/1985,0.236
30/12/1985,0.236
31/12/1985,0.236
01/01/1986,0.236
02/01/1986,0.236
03/01/1986,0.236
04/01/1986,0.222
05/01/1986,0.193
06/01/1986,0.175
07/01/1986,0.174
08/01/1986,0.151
09/01/1986,0.117
10/01/1986,0.092
11/01/1986,0.075
12/01/1986,0.075
13/01/1986,0.075
14/01/1986,0.075
15/01/1986,0.075
16/01/1986,0.076
17/01/1986,0.116
18/01/1986,0.172
19/01/1986,0.174
20/01/1986,0.188
21/01/1986,0.187
22/01/1986,0.186
23/01/1986,0.186
24/01/1986,0.181
25/01/1986,0.174
26/01/1986,0.174
27/01/1986,0.174
28/01/1986,0.174
29/01/1986,0.186
30/01/1986,0.316
31/01/1986,0.503
01/02/1986,0.548
02/02/1986,0.51
03/02/1986,0.479
04/02/1986,0.462
05/02/1986,0.462
06/02/1986,0.462
07/02/1986,0.462
08/02/1986,0.508
09/02/1986,0.626
10/02/1986,0.686
11/02/1986,0.744
12/02/1986,0.745
13/02/1986,0.745
14/02/1986,0.745
15/02/1986,0.766
16/02/1986,0.846
17/02/1986,0.851
18/02/1986,0.851
19/02/1986,0.851
20/02/1986,0.851
21/02/1986,0.851
22/02/1986,0.831
23/02/1986,0.706
24/02/1986,0.552
25/02/1986,0.465
26/02/1986,0.462
27/02/1986,0.466
28/02/1986,0.573
01/03/1986,0.678
02/03/1986,0.645
03/03/1986,0.645
04/03/1986,0.645
05/03/1986,0.729
06/03/1986,0.848
07/03/1986,0.851
08/03/1986,0.851
09/03/1986,0.851
10/03/1986,0.851
11/03/1986,0.851
12/03/1986,0.851
13/03/1986,0.851
14/03/1986,1.419
15/03/1986,8.777
16/03/1986,15.162
17/03/1986,15.841
18/03/1986,28.725
19/03/1986,36.589
20/03/1986,39.456
21/03/1986,42.115
22/03/1986,43.044
23/03/1986,38.872
24/03/1986,23.278
25/03/1986,15.917
26/03/1986,7.666
27/03/1986,4.541
28/03/1986,3.105
29/03/1986,1.977
30/03/1986,1.887
31/03/1986,1.887
01/04/1986,1.887
02/04/1986,1.719
03/04/1986,1.377
04/04/1986,1.276
05/04/1986,1.203
06/04/1986,1.201
07/04/1986,1.201
08/04/1986,1.139
09/04/1986,0.994
10/04/1986,0.963
11/04/1986,0.963
12/04/1986,6.623
13/04/1986,140.196
14/04/1986,325.496
15/04/1986,193.734
16/04/1986,84.91
17/04/1986,41.533
18/04/1986,28.833
19/04/1986,20.435
20/04/1986,13.782
21/04/1986,7.957
22/04/1986,4.438
23/04/1986,3.718
24/04/1986,3.209
25/04/1986,5.002
26/04/1986,11.42
27/04/1986,13.694
28/04/1986,12.894
29/04/1986,10.993
30/04/1986,9.848
01/05/1986,6.435
02/05/1986,4.375
03/05/1986,2.834
04/05/1986,2.073
05/05/1986,1.887
06/05/1986,1.887
07/05/1986,1.785
08/05/1986,1.497
09/05/1986,1.461
10/05/1986,1.461
11/05/1986,1.461
12/05/1986,1.457
13/05/1986,1.397
14/05/1986,1.333
15/05/1986,1.329
16/05/1986,1.276
17/05/1986,1.203
18/05/1986,1.299
19/05/1986,12.426
20/05/1986,129.399
21/05/1986,92.961
22/05/1986,84.107
23/05/1986,77.715
24/05/1986,117.875
25/05/1986,129.36
26/05/1986,88.29
27/05/1986,67.93
28/05/1986,46.211
29/05/1986,33.207
30/05/1986,24.561
31/05/1986,13.651
01/06/1986,6.713
02/06/1986,4.4
03/06/1986,3.618
04/06/1986,3.274
05/06/1986,3.17
06/06/1986,3.162
07/06/1986,3.162
08/06/1986,3.01
09/06/1986,5.054
10/06/1986,27.364
11/06/1986,27.55
12/06/1986,21.269
13/06/1986,25.14
14/06/1986,36.219
15/06/1986,41.005
16/06/1986,32.471
17/06/1986,20.977
18/06/1986,13.724
19/06/1986,9.184
20/06/1986,6.096
21/06/1986,5.009
22/06/1986,4.521
23/06/1986,4.315
24/06/1986,3.397
25/06/1986,2.209
26/06/1986,1.903
27/06/1986,1.887
28/06/1986,1.887
29/06/1986,1.887
30/06/1986,1.887
01/07/1986,1.887
02/07/1986,1.887
03/07/1986,1.835
04/07/1986,1.681
05/07/1986,1.505
06/07/1986,1.461
07/07/1986,1.397
08/07/1986,1.329
09/07/1986,1.329
10/07/1986,1.329
11/07/1986,1.329
12/07/1986,1.329
13/07/1986,1.305
14/07/1986,1.215
15/07/1986,1.201
16/07/1986,1.201
17/07/1986,1.201
18/07/1986,1.201
19/07/1986,1.201
20/07/1986,1.201
21/07/1986,1.201
22/07/1986,1.201
23/07/1986,1.201
24/07/1986,1.201
25/07/1986,1.201
26/07/1986,1.201
27/07/1986,1.201
28/07/1986,1.201
29/07/1986,1.201
30/07/1986,1.601
31/07/1986,3.886
01/08/1986,3.63
02/08/1986,2.9
03/08/1986,2.68
04/08/1986,2.598
05/08/1986,2.182
06/08/1986,1.897
07/08/1986,1.887
08/08/1986,1.859
09/08/1986,1.725
10/08/1986,4.302
11/08/1986,27.955
12/08/1986,27.267
13/08/1986,19.37
14/08/1986,12.67
15/08/1986,8.931
16/08/1986,7.538
17/08/1986,6.777
18/08/1986,4.956
19/08/1986,3.846
20/08/1986,3.06
21/08/1986,3.791
22/08/1986,3.723
23/08/1986,3.705
24/08/1986,3.705
25/08/1986,3.389
26/08/1986,2.245
27/08/1986,1.837
28/08/1986,2.01
29/08/1986,8.579
30/08/1986,15.223
31/08/1986,13.029
01/09/1986,10.71
02/09/1986,11.091
03/09/1986,25.246
04/09/1986,60.442
05/09/1986,53.604
06/09/1986,40.564
07/09/1986,32.858
08/09/1986,23.185
09/09/1986,16.866
10/09/1986,10.16
11/09/1986,4.568
12/09/1986,2.951
13/09/1986,1.932
14/09/1986,1.871
15/09/1986,1.769
16/09/1986,1.636
17/09/1986,1.537
18/09/1986,1.472
19/09/1986,1.461
20/09/1986,1.461
21/09/1986,1.461
22/09/1986,1.461
23/09/1986,1.501
24/09/1986,2.18
25/09/1986,2.49
26/09/1986,1.989
27/09/1986,1.887
28/09/1986,2.003
29/09/1986,5.174
30/09/1986,5.534
01/10/1986,2.938
02/10/1986,1.853
03/10/1986,1.608
04/10/1986,1.465
05/10/1986,9.267
06/10/1986,47.233
07/10/1986,76.604
08/10/1986,81.692
09/10/1986,71.504
10/10/1986,46.406
11/10/1986,28.314
12/10/1986,19.807
13/10/1986,10.77
14/10/1986,5.48
15/10/1986,4.251
16/10/1986,2.732
17/10/1986,2.597
18/10/1986,2.591
19/10/1986,2.526
20/10/1986,2.299
21/10/1986,2.178
22/10/1986,1.806
23/10/1986,1.549
24/10/1986,1.463
25/10/1986,1.461
26/10/1986,1.355
27/10/1986,1.207
28/10/1986,1.201
29/10/1986,1.201
30/10/1986,1.215
31/10/1986,1.416
01/11/1986,1.461
02/11/1986,1.584
03/11/1986,6.208
04/11/1986,16.614
05/11/1986,25.336
06/11/1986,28.802
07/11/1986,28.239
08/11/1986,29.577
09/11/1986,118.716
10/11/1986,108.666
11/11/1986,82.634
12/11/1986,61.509
13/11/1986,39.899
14/11/1986,22.02
15/11/1986,11.759
16/11/1986,6.65
17/11/1986,3.926
18/11/1986,5.93
19/11/1986,53.444
20/11/1986,44.909
21/11/1986,29.572
22/11/1986,58.374
23/11/1986,115.972
24/11/1986,100.878
25/11/1986,104.856
26/11/1986,92.531
27/11/1986,232.894
28/11/1986,343.038
29/11/1986,187.101
30/11/1986,97.16
01/12/1986,56.375
02/12/1986,29.699
03/12/1986,18.033
04/12/1986,11.925
05/12/1986,6.521
06/12/1986,3.469
07/12/1986,2.394
08/12/1986,1.763
09/12/1986,1.536
10/12/1986,1.327
11/12/1986,1.005
12/12/1986,0.812
13/12/1986,0.716
14/12/1986,0.648
15/12/1986,0.636
16/12/1986,0.578
17/12/1986,0.551
18/12/1986,0.551
19/12/1986,0.551
20/12/1986,0.551
21/12/1986,0.551
22/12/1986,0.551
23/12/1986,0.551
24/12/1986,0.551
25/12/1986,0.551
26/12/1986,0.529
27/12/1986,0.466
28/12/1986,0.462
29/12/1986,0.462
30/12/1986,0.445
31/12/1986,0.384
01/01/1987,0.38
02/01/1987,0.389
03/01/1987,0.397
04/01/1987,0.378
05/01/1987,0.324
06/01/1987,0.307
07/01/1987,0.353
08/01/1987,0.38
09/01/1987,0.38
10/01/1987,0.38
11/01/1987,0.404
12/01/1987,0.601
13/01/1987,0.827
14/01/1987,0.851
15/01/1987,0.881
16/01/1987,0.959
17/01/1987,0.963
18/01/1987,0.94
19/01/1987,0.856
20/01/1987,0.851
21/01/1987,0.851
22/01/1987,0.782
23/01/1987,0.651
24/01/1987,0.645
25/01/1987,0.583
26/01/1987,0.47
27/01/1987,0.486
28/01/1987,0.463
29/01/1987,0.462
30/01/1987,0.433
31/01/1987,0.382
01/02/1987,0.38
02/02/1987,0.38
03/02/1987,0.38
04/02/1987,0.38
05/02/1987,0.38
06/02/1987,0.38
07/02/1987,0.38
08/02/1987,0.38
09/02/1987,0.373
10/02/1987,0.35
11/02/1987,0.349
12/02/1987,0.338
13/02/1987,0.307
14/02/1987,0.305
15/02/1987,0.305
16/02/1987,0.305
17/02/1987,0.305
18/02/1987,0.305
19/02/1987,0.284
20/02/1987,0.242
21/02/1987,0.236
22/02/1987,0.236
23/02/1987,0.236
24/02/1987,0.236
25/02/1987,0.236
26/02/1987,0.236
27/02/1987,0.236
28/02/1987,0.236
01/03/1987,0.241
02/03/1987,0.343
03/03/1987,0.451
04/03/1987,0.462
05/03/1987,0.462
06/03/1987,0.462
07/03/1987,0.462
08/03/1987,0.462
09/03/1987,0.48
10/03/1987,0.547
11/03/1987,0.551
12/03/1987,0.551
13/03/1987,0.551
14/03/1987,0.526
15/03/1987,0.472
16/03/1987,0.462
17/03/1987,0.437
18/03/1987,0.382
19/03/1987,0.38
20/03/1987,0.373
21/03/1987,0.35
22/03/1987,0.347
23/03/1987,0.312
24/03/1987,0.305
25/03/1987,0.305
26/03/1987,0.31
27/03/1987,0.328
28/03/1987,0.503
29/03/1987,2.28
30/03/1987,4.963
31/03/1987,14.312
01/04/1987,49.662
02/04/1987,38.6
03/04/1987,22.167
04/04/1987,18.202
05/04/1987,16.043
06/04/1987,9.906
07/04/1987,6.1
08/04/1987,3.926
09/04/1987,3.033
10/04/1987,2.477
11/04/1987,1.983
12/04/1987,1.887
13/04/1987,1.887
14/04/1987,1.883
15/04/1987,1.868
16/04/1987,9.861
17/04/1987,29.408
18/04/1987,89.135
19/04/1987,339.695
20/04/1987,229.717
21/04/1987,147.815
22/04/1987,100.961
23/04/1987,65.66
24/04/1987,31.98
25/04/1987,18.075
26/04/1987,13.012
27/04/1987,7.456
28/04/1987,5.333
29/04/1987,3.983
30/04/1987,2.887
01/05/1987,2.503
02/05/1987,12.747
03/05/1987,40.871
04/05/1987,42.458
05/05/1987,30.272
06/05/1987,21.56
07/05/1987,15.961
08/05/1987,10.498
09/05/1987,6.631
10/05/1987,4.319
11/05/1987,2.237
12/05/1987,1.897
13/05/1987,1.887
14/05/1987,1.887
15/05/1987,1.887
16/05/1987,1.857
17/05/1987,1.678
18/05/1987,1.543
19/05/1987,6.273
20/05/1987,19.44
21/05/1987,40.007
22/05/1987,67.535
23/05/1987,98.842
24/05/1987,72.701
25/05/1987,45.067
26/05/1987,28.775
27/05/1987,15.28
28/05/1987,8.896
29/05/1987,5.75
30/05/1987,3.349
31/05/1987,2.108
01/06/1987,1.887
02/06/1987,1.887
03/06/1987,1.914
04/06/1987,12.754
05/06/1987,72.263
06/06/1987,72.741
07/06/1987,42.812
08/06/1987,25.763
09/06/1987,18.79
10/06/1987,12.268
11/06/1987,8.416
12/06/1987,5.512
13/06/1987,4.351
14/06/1987,3.715
15/06/1987,3.382
16/06/1987,2.775
17/06/1987,1.926
18/06/1987,1.887
19/06/1987,1.806
20/06/1987,1.609
21/06/1987,1.598
22/06/1987,1.598
23/06/1987,1.55
24/06/1987,1.465
25/06/1987,1.461
26/06/1987,1.446
27/06/1987,1.353
28/06/1987,1.315
29/06/1987,1.213
30/06/1987,1.086
01/07/1987,1.098
02/07/1987,1.311
03/07/1987,1.329
04/07/1987,1.329
05/07/1987,1.329
06/07/1987,1.329
07/07/1987,1.329
08/07/1987,1.329
09/07/1987,1.329
10/07/1987,1.391
11/07/1987,17.571
12/07/1987,33.583
13/07/1987,26.063
14/07/1987,21.793
15/07/1987,18.9
16/07/1987,13.433
17/07/1987,9.151
18/07/1987,5.893
19/07/1987,3.975
20/07/1987,2.845
21/07/1987,2.08
22/07/1987,1.883
23/07/1987,1.832
24/07/1987,1.828
25/07/1987,2.357
26/07/1987,3.532
27/07/1987,3.013
28/07/1987,7.33
29/07/1987,88.018
30/07/1987,128.987
31/07/1987,123.01
01/08/1987,95.724
02/08/1987,69.06
03/08/1987,51.202
04/08/1987,22.879
05/08/1987,13.109
06/08/1987,22.545
07/08/1987,35.707
08/08/1987,46.403
09/08/1987,36.875
10/08/1987,27.73
11/08/1987,21.775
12/08/1987,19.544
13/08/1987,79.637
14/08/1987,86.089
15/08/1987,118.663
16/08/1987,105.412
17/08/1987,75.926
18/08/1987,49.533
19/08/1987,33.759
20/08/1987,20.168
21/08/1987,11.073
22/08/1987,6.675
23/08/1987,4.526
24/08/1987,2.025
25/08/1987,1.744
26/08/1987,1.74
27/08/1987,1.74
28/08/1987,15.636
29/08/1987,185.161
30/08/1987,207.794
31/08/1987,96.988
01/09/1987,51.429
02/09/1987,37.312
03/09/1987,24.052
04/09/1987,12.699
05/09/1987,7.131
06/09/1987,4.692
07/09/1987,3.402
08/09/1987,2.106
09/09/1987,1.887
10/09/1987,1.887
11/09/1987,1.887
12/09/1987,1.887
13/09/1987,1.835
14/09/1987,7.903
15/09/1987,76.553
16/09/1987,97.212
17/09/1987,101.329
18/09/1987,66.228
19/09/1987,49.512
20/09/1987,31.841
21/09/1987,13.743
22/09/1987,5.934
23/09/1987,3.43
24/09/1987,2.647
25/09/1987,2.048
26/09/1987,1.887
27/09/1987,1.887
28/09/1987,1.824
29/09/1987,1.674
30/09/1987,1.6
01/10/1987,1.527
02/10/1987,1.461
03/10/1987,1.461
04/10/1987,1.457
05/10/1987,1.369
06/10/1987,1.329
07/10/1987,1.329
08/10/1987,1.329
09/10/1987,1.329
10/10/1987,1.329
11/10/1987,1.861
12/10/1987,4.549
13/10/1987,4.622
14/10/1987,3.865
15/10/1987,4.502
16/10/1987,8.289
17/10/1987,10.823
18/10/1987,10.305
19/10/1987,8.985
20/10/1987,6.836
21/10/1987,4.798
22/10/1987,3.154
23/10/1987,1.983
24/10/1987,1.887
25/10/1987,1.861
26/10/1987,1.761
27/10/1987,1.525
28/10/1987,1.206
29/10/1987,1.064
30/10/1987,1.032
31/10/1987,1.032
01/11/1987,1.0
02/11/1987,0.963
03/11/1987,0.963
04/11/1987,0.995
05/11/1987,1.451
06/11/1987,12.716
07/11/1987,27.389
08/11/1987,19.188
09/11/1987,12.953
10/11/1987,7.645
11/11/1987,4.538
12/11/1987,2.829
13/11/1987,1.904
14/11/1987,2.233
15/11/1987,5.387
16/11/1987,7.091
17/11/1987,6.094
18/11/1987,4.069
19/11/1987,3.834
20/11/1987,2.426
21/11/1987,2.077
22/11/1987,1.806
23/11/1987,1.636
24/11/1987,1.598
25/11/1987,1.505
26/11/1987,1.21
27/11/1987,1.083
28/11/1987,1.023
29/11/1987,0.886
30/11/1987,0.691
01/12/1987,0.645
02/12/1987,0.596
03/12/1987,0.48
04/12/1987,0.531
05/12/1987,0.755
06/12/1987,0.85
07/12/1987,0.949
08/12/1987,3.579
09/12/1987,7.428
10/12/1987,6.589
11/12/1987,4.947
12/12/1987,3.369
13/12/1987,2.355
14/12/1987,1.806
15/12/1987,1.606
16/12/1987,4.326
17/12/1987,10.65
18/12/1987,10.203
19/12/1987,8.292
20/12/1987,6.802
21/12/1987,5.716
22/12/1987,4.723
23/12/1987,3.575
24/12/1987,2.148
25/12/1987,1.702
26/12/1987,1.393
27/12/1987,1.566
28/12/1987,1.941
29/12/1987,1.77
30/12/1987,7.248
31/12/1987,50.162
01/01/1988,40.542
02/01/1988,20.207
03/01/1988,14.363
04/01/1988,7.533
05/01/1988,5.185
06/01/1988,3.345
07/01/1988,1.868
08/01/1988,1.654
09/01/1988,1.506
10/01/1988,1.261
11/01/1988,1.193
12/01/1988,1.088
13/01/1988,1.079
14/01/1988,1.079
15/01/1988,1.079
16/01/1988,1.015
17/01/1988,0.859
18/01/1988,4.938
19/01/1988,35.993
20/01/1988,140.052
21/01/1988,517.743
22/01/1988,430.343
23/01/1988,290.994
24/01/1988,98.804
25/01/1988,54.526
26/01/1988,28.696
27/01/1988,19.711
28/01/1988,26.107
29/01/1988,72.42
30/01/1988,53.544
31/01/1988,40.006
01/02/1988,31.081
02/02/1988,22.874
03/02/1988,16.024
04/02/1988,9.311
05/02/1988,5.742
06/02/1988,3.167
07/02/1988,2.014
08/02/1988,1.844
09/02/1988,1.535
10/02/1988,1.239
11/02/1988,1.177
12/02/1988,1.085
13/02/1988,1.043
14/02/1988,0.931
15/02/1988,0.854
16/02/1988,0.851
17/02/1988,0.851
18/02/1988,0.831
19/02/1988,0.756
20/02/1988,0.745
21/02/1988,0.703
22/02/1988,0.654
23/02/1988,0.707
24/02/1988,0.713
25/02/1988,0.838
26/02/1988,0.851
27/02/1988,0.887
28/02/1988,0.851
29/02/1988,0.851
01/03/1988,0.851
02/03/1988,0.851
03/03/1988,0.851
04/03/1988,0.851
05/03/1988,0.851
06/03/1988,0.851
07/03/1988,0.851
08/03/1988,0.851
09/03/1988,0.828
10/03/1988,0.714
11/03/1988,0.563
12/03/1988,0.551
13/03/1988,0.657
14/03/1988,0.986
15/03/1988,1.393
16/03/1988,1.598
17/03/1988,1.598
18/03/1988,1.506
19/03/1988,1.256
20/03/1988,1.104
21/03/1988,1.079
22/03/1988,1.079
23/03/1988,1.079
24/03/1988,1.079
25/03/1988,1.027
26/03/1988,0.887
27/03/1988,0.851
28/03/1988,0.883
29/03/1988,0.958
30/03/1988,0.963
31/03/1988,0.919
01/04/1988,0.854
02/04/1988,0.851
03/04/1988,0.848
04/04/1988,0.779
05/04/1988,0.64
06/04/1988,0.552
07/04/1988,0.531
08/04/1988,0.498
09/04/1988,0.497
10/04/1988,0.497
11/04/1988,0.497
12/04/1988,0.497
13/04/1988,0.497
14/04/1988,0.497
15/04/1988,0.497
16/04/1988,0.497
17/04/1988,0.497
18/04/1988,0.497
19/04/1988,0.497
20/04/1988,0.497
21/04/1988,0.497
22/04/1988,0.584
23/04/1988,0.79
24/04/1988,0.851
25/04/1988,0.908
26/04/1988,1.043
27/04/1988,1.079
28/04/1988,1.079
29/04/1988,1.254
30/04/1988,1.643
01/05/1988,1.738
02/05/1988,1.74
03/05/1988,1.74
04/05/1988,1.74
05/05/1988,1.74
06/05/1988,1.653
07/05/1988,1.414
08/05/1988,1.327
09/05/1988,1.251
10/05/1988,1.2
11/05/1988,1.178
12/05/1988,1.152
13/05/1988,1.128
14/05/1988,1.103
15/05/1988,1.031
16/05/1988,0.964
17/05/1988,0.963
18/05/1988,0.963
19/05/1988,0.963
20/05/1988,0.916
21/05/1988,0.853
22/05/1988,0.787
23/05/1988,0.685
24/05/1988,0.645
25/05/1988,0.645
26/05/1988,0.645
27/05/1988,0.645
28/05/1988,0.645
29/05/1988,0.645
30/05/1988,0.645
31/05/1988,0.645
01/06/1988,0.645
02/06/1988,0.645
03/06/1988,0.645
04/06/1988,0.645
05/06/1988,0.645
06/06/1988,0.626
07/06/1988,0.594
08/06/1988,0.57
09/06/1988,0.569
10/06/1988,0.569
11/06/1988,0.568
12/06/1988,0.552
13/06/1988,0.551
14/06/1988,0.551
15/06/1988,0.551
16/06/1988,0.551
17/06/1988,0.551
18/06/1988,0.591
19/06/1988,0.693
20/06/1988,0.794
21/06/1988,0.85
22/06/1988,0.911
23/06/1988,1.063
24/06/1988,1.079
25/06/1988,1.079
26/06/1988,1.117
27/06/1988,1.213
28/06/1988,1.173
29/06/1988,1.083
30/06/1988,1.079
01/07/1988,1.079
02/07/1988,1.079
03/07/1988,1.218
04/07/1988,23.258
05/07/1988,124.896
06/07/1988,101.702
07/07/1988,78.094
08/07/1988,61.383
09/07/1988,40.122
10/07/1988,19.852
11/07/1988,11.407
12/07/1988,7.315
13/07/1988,4.773
14/07/1988,3.142
15/07/1988,2.491
16/07/1988,1.908
17/07/1988,1.887
18/07/1988,1.76
19/07/1988,1.466
20/07/1988,1.334
21/07/1988,1.329
22/07/1988,1.329
23/07/1988,1.329
24/07/1988,1.301
25/07/1988,1.254
26/07/1988,1.25
27/07/1988,1.228
28/07/1988,1.215
29/07/1988,1.125
30/07/1988,0.991
31/07/1988,0.963
01/08/1988,17.685
02/08/1988,114.357
03/08/1988,109.739
04/08/1988,99.15
05/08/1988,79.49
06/08/1988,55.601
07/08/1988,45.893
08/08/1988,29.522
09/08/1988,13.83
10/08/1988,10.822
11/08/1988,9.446
12/08/1988,8.578
13/08/1988,8.546
14/08/1988,8.103
15/08/1988,6.702
16/08/1988,5.026
17/08/1988,4.132
18/08/1988,3.95
19/08/1988,9.171
20/08/1988,62.815
21/08/1988,47.747
22/08/1988,35.515
23/08/1988,21.588
24/08/1988,16.876
25/08/1988,13.534
26/08/1988,8.525
27/08/1988,3.411
28/08/1988,1.99
29/08/1988,1.842
30/08/1988,1.657
31/08/1988,1.465
01/09/1988,1.369
02/09/1988,1.329
03/09/1988,1.329
04/09/1988,1.276
05/09/1988,1.182
06/09/1988,1.1
07/09/1988,1.079
08/09/1988,1.079
09/09/1988,1.083
10/09/1988,1.206
11/09/1988,1.449
12/09/1988,1.592
13/09/1988,1.598
14/09/1988,1.598
15/09/1988,1.592
16/09/1988,1.453
17/09/1988,1.28
18/09/1988,1.203
19/09/1988,1.201
20/09/1988,1.201
21/09/1988,1.216
22/09/1988,10.595
23/09/1988,47.511
24/09/1988,41.821
25/09/1988,42.402
26/09/1988,59.064
27/09/1988,79.995
28/09/1988,60.503
29/09/1988,46.412
30/09/1988,34.566
01/10/1988,20.178
02/10/1988,14.287
03/10/1988,14.768
04/10/1988,20.99
05/10/1988,22.909
06/10/1988,20.477
07/10/1988,15.436
08/10/1988,10.61
09/10/1988,6.074
10/10/1988,3.32
11/10/1988,2.073
12/10/1988,1.883
13/10/1988,1.521
14/10/1988,1.336
15/10/1988,1.329
16/10/1988,1.272
17/10/1988,1.117
18/10/1988,1.057
19/10/1988,1.02
20/10/1988,0.957
21/10/1988,0.963
22/10/1988,0.963
23/10/1988,0.963
24/10/1988,0.963
25/10/1988,0.963
26/10/1988,0.963
27/10/1988,0.95
28/10/1988,0.876
29/10/1988,0.818
30/10/1988,0.748
31/10/1988,0.745
01/11/1988,0.723
02/11/1988,0.686
03/11/1988,0.661
04/11/1988,0.642
05/11/1988,0.587
06/11/1988,0.551
07/11/1988,0.551
08/11/1988,0.551
09/11/1988,0.551
10/11/1988,0.551
11/11/1988,0.551
12/11/1988,0.613
13/11/1988,0.739
14/11/1988,0.745
15/11/1988,0.745
16/11/1988,0.745
17/11/1988,0.745
18/11/1988,0.745
19/11/1988,0.723
20/11/1988,0.666
21/11/1988,0.645
22/11/1988,0.645
23/11/1988,0.597
24/11/1988,0.498
25/11/1988,0.463
26/11/1988,0.462
27/11/1988,0.462
28/11/1988,0.462
29/11/1988,0.462
30/11/1988,0.462
01/12/1988,0.489
02/12/1988,0.591
03/12/1988,0.719
04/12/1988,0.745
05/12/1988,0.745
06/12/1988,0.745
07/12/1988,0.745
08/12/1988,0.745
09/12/1988,0.745
10/12/1988,0.723
11/12/1988,0.644
12/12/1988,0.561
13/12/1988,0.549
14/12/1988,0.527
15/12/1988,0.515
16/12/1988,0.503
17/12/1988,0.47
18/12/1988,0.419
19/12/1988,0.337
20/12/1988,0.325
21/12/1988,0.319
22/12/1988,0.312
23/12/1988,0.276
24/12/1988,0.241
25/12/1988,0.218
26/12/1988,0.194
27/12/1988,0.179
28/12/1988,0.174
29/12/1988,0.174
30/12/1988,0.174
31/12/1988,0.174
01/01/1989,0.174
02/01/1989,0.174
03/01/1989,0.174
04/01/1989,0.174
05/01/1989,0.174
06/01/1989,0.161
07/01/1989,0.131
08/01/1989,0.121
09/01/1989,0.12
10/01/1989,0.106
11/01/1989,0.072
12/01/1989,0.045
13/01/1989,0.038
14/01/1989,0.038
15/01/1989,0.038
16/01/1989,0.038
17/01/1989,0.038
18/01/1989,0.038
19/01/1989,0.05
20/01/1989,0.066
21/01/1989,0.067
22/01/1989,0.058
23/01/1989,0.045
24/01/1989,0.033
25/01/1989,0.026
26/01/1989,0.024
27/01/1989,0.021
28/01/1989,0.021
29/01/1989,0.021
30/01/1989,0.021
31/01/1989,0.019
01/02/1989,0.016
02/02/1989,0.016
03/02/1989,0.015
04/02/1989,0.012
05/02/1989,0.012
06/02/1989,0.012
07/02/1989,0.012
08/02/1989,0.012
09/02/1989,0.011
10/02/1989,0.002
11/02/1989,0.001
12/02/1989,0.001
13/02/1989,0.001
14/02/1989,0.001
15/02/1989,0.001
16/02/1989,0.001
17/02/1989,0.001
18/02/1989,0.001
19/02/1989,0.001
20/02/1989,0.001
21/02/1989,0.001
22/02/1989,0.001
23/02/1989,0.001
24/02/1989,0.001
25/02/1989,0.001
26/02/1989,0.001
27/02/1989,0.001
28/02/1989,0.001
01/08/1989,0.001
02/08/1989,0.001
03/08/1989,0.001
04/08/1989,0.001
05/08/1989,0.001
06/08/1989,0.001
07/08/1989,0.001
08/08/1989,0.001
09/08/1989,0.001
10/08/1989,0.002
11/08/1989,0.011
12/08/1989,0.012
13/08/1989,0.012
14/08/1989,0.012
15/08/1989,0.012
16/08/1989,0.039
17/08/1989,0.186
18/08/1989,0.364
19/08/1989,0.533
20/08/1989,0.66
21/08/1989,0.684
22/08/1989,0.684
23/08/1989,0.684
24/08/1989,0.706
25/08/1989,0.744
26/08/1989,0.745
27/08/1989,0.745
28/08/1989,0.745
29/08/1989,0.745
30/08/1989,0.748
31/08/1989,1.213
01/09/1989,5.605
02/09/1989,9.136
03/09/1989,7.101
04/09/1989,5.025
05/09/1989,3.645
06/09/1989,2.294
07/09/1989,1.919
08/09/1989,1.803
09/09/1989,1.752
10/09/1989,1.74
11/09/1989,1.664
12/09/1989,1.416
13/09/1989,1.194
14/09/1989,1.083
15/09/1989,1.078
16/09/1989,1.046
17/09/1989,0.953
18/09/1989,0.809
19/09/1989,0.726
20/09/1989,0.706
21/09/1989,0.704
22/09/1989,0.704
23/09/1989,0.846
24/09/1989,1.285
25/09/1989,1.594
26/09/1989,1.587
27/09/1989,1.515
28/09/1989,1.463
29/09/1989,1.394
30/09/1989,1.281
01/10/1989,1.277
02/10/1989,1.25
03/10/1989,1.165
04/10/1989,1.083
05/10/1989,1.054
06/10/1989,0.986
07/10/1989,0.909
08/10/1989,0.851
09/10/1989,0.821
10/10/1989,0.768
11/10/1989,0.723
12/10/1989,0.665
13/10/1989,0.607
14/10/1989,0.559
15/10/1989,0.542
16/10/1989,0.497
17/10/1989,0.463
18/10/1989,0.462
19/10/1989,0.462
20/10/1989,0.462
21/10/1989,0.462
22/10/1989,0.453
23/10/1989,0.397
24/10/1989,0.366
25/10/1989,0.396
26/10/1989,0.46
27/10/1989,0.462
28/10/1989,0.462
29/10/1989,0.462
30/10/1989,0.462
31/10/1989,0.462
01/11/1989,0.462
02/11/1989,0.462
03/11/1989,0.462
04/11/1989,0.456
05/11/1989,0.439
06/11/1989,0.429
07/11/1989,0.429
08/11/1989,0.429
09/11/1989,0.429
10/11/1989,0.429
11/11/1989,0.429
12/11/1989,2.132
13/11/1989,10.357
14/11/1989,7.815
15/11/1989,4.613
16/11/1989,2.436
17/11/1989,1.656
18/11/1989,1.333
19/11/1989,1.073
20/11/1989,0.9
21/11/1989,0.851
22/11/1989,0.851
23/11/1989,0.794
24/11/1989,0.659
25/11/1989,0.645
26/11/1989,0.645
27/11/1989,0.645
28/11/1989,0.645
29/11/1989,0.645
30/11/1989,0.645
01/12/1989,0.645
02/12/1989,0.645
03/12/1989,0.645
04/12/1989,0.645
05/12/1989,0.645
06/12/1989,0.645
07/12/1989,0.645
08/12/1989,0.645
09/12/1989,0.645
10/12/1989,0.616
11/12/1989,0.534
12/12/1989,0.473
13/12/1989,0.412
14/12/1989,0.35
15/12/1989,0.306
16/12/1989,0.305
17/12/1989,0.305
18/12/1989,0.305
19/12/1989,0.305
20/12/1989,0.291
21/12/1989,0.231
22/12/1989,0.181
23/12/1989,0.174
24/12/1989,0.163
25/12/1989,0.114
26/12/1989,0.027
27/12/1989,0.002
28/12/1989,0.001
29/12/1989,0.001
30/12/1989,0.001
31/12/1989,0.001
01/01/1990,0.0
02/01/1990,0.0
03/01/1990,0.0
04/01/1990,0.0
05/01/1990,0.0
06/01/1990,0.0
07/01/1990,0.0
08/01/1990,0.0
09/01/1990,0.0
10/01/1990,0.0
11/01/1990,0.0
12/01/1990,0.0
13/01/1990,0.0
14/01/1990,0.0
15/02/1990,51.563
16/02/1990,92.868
17/02/1990,82.996
18/02/1990,54.788
19/02/1990,40.083
20/02/1990,20.625
21/02/1990,10.675
22/02/1990,6.069
23/02/1990,3.155
24/02/1990,2.011
25/02/1990,1.887
26/02/1990,6.001
27/02/1990,20.162
28/02/1990,30.373
01/03/1990,27.912
02/03/1990,22.679
03/03/1990,16.203
04/03/1990,11.865
05/03/1990,9.411
06/03/1990,7.477
07/03/1990,5.05
08/03/1990,3.898
09/03/1990,4.03
10/03/1990,18.769
11/03/1990,61.347
12/03/1990,323.691
13/03/1990,541.457
14/03/1990,299.706
15/03/1990,126.078
16/03/1990,72.625
17/03/1990,53.92
18/03/1990,38.388
19/03/1990,24.245
20/03/1990,17.871
21/03/1990,12.888
22/03/1990,9.64
23/03/1990,6.997
24/03/1990,5.097
25/03/1990,5.441
26/03/1990,4.499
27/03/1990,3.479
28/03/1990,2.771
29/03/1990,2.37
30/03/1990,38.222
31/03/1990,235.209
01/04/1990,207.325
02/04/1990,154.082
03/04/1990,96.601
04/04/1990,50.933
05/04/1990,23.072
06/04/1990,15.16
07/04/1990,10.995
08/04/1990,7.15
09/04/1990,4.488
10/04/1990,2.904
11/04/1990,2.144
12/04/1990,1.887
13/04/1990,1.883
14/04/1990,1.827
15/04/1990,8.4
16/04/1990,22.006
17/04/1990,27.424
18/04/1990,30.103
19/04/1990,23.713
20/04/1990,18.472
21/04/1990,14.4
22/04/1990,33.557
23/04/1990,211.725
24/04/1990,131.053
25/04/1990,120.03
26/04/1990,217.509
27/04/1990,223.163
28/04/1990,96.1
29/04/1990,45.707
30/04/1990,32.077
01/05/1990,19.414
02/05/1990,13.217
03/05/1990,8.858
04/05/1990,6.264
05/05/1990,5.014
06/05/1990,3.733
07/05/1990,3.185
08/05/1990,3.115
09/05/1990,2.77
10/05/1990,11.759
11/05/1990,33.874
12/05/1990,28.437
13/05/1990,24.298
14/05/1990,23.278
15/05/1990,21.009
16/05/1990,15.061
17/05/1990,10.201
18/05/1990,6.148
19/05/1990,3.602
20/05/1990,2.709
21/05/1990,2.505
22/05/1990,2.304
23/05/1990,2.177
24/05/1990,2.105
25/05/1990,2.0
26/05/1990,1.887
27/05/1990,2.705
28/05/1990,4.947
29/05/1990,4.997
30/05/1990,7.192
31/05/1990,16.302
01/06/1990,15.563
02/06/1990,12.112
03/06/1990,10.816
04/06/1990,9.216
05/06/1990,6.414
06/06/1990,4.688
07/06/1990,3.675
08/06/1990,3.178
09/06/1990,2.97
10/06/1990,2.627
11/06/1990,2.073
12/06/1990,1.932
13/06/1990,1.887
14/06/1990,1.887
15/06/1990,1.861
16/06/1990,1.756
17/06/1990,1.63
18/06/1990,1.583
19/06/1990,1.478
20/06/1990,1.359
21/06/1990,1.329
22/06/1990,1.329
23/06/1990,1.289
24/06/1990,1.203
25/06/1990,1.177
26/06/1990,1.154
27/06/1990,1.136
28/06/1990,1.096
29/06/1990,1.079
30/06/1990,1.079
01/07/1990,1.079
02/07/1990,1.079
03/07/1990,1.078
04/07/1990,1.046
05/07/1990,1.01
06/07/1990,1.009
07/07/1990,1.009
08/07/1990,1.009
09/07/1990,1.009
10/07/1990,1.009
11/07/1990,0.998
12/07/1990,0.964
13/07/1990,0.963
14/07/1990,0.963
15/07/1990,0.947
16/07/1990,0.917
17/07/1990,0.942
18/07/1990,1.095
19/07/1990,1.19
20/07/1990,1.201
21/07/1990,1.201
22/07/1990,1.201
23/07/1990,1.201
24/07/1990,1.201
25/07/1990,1.175
26/07/1990,1.128
27/07/1990,1.096
28/07/1990,1.079
29/07/1990,1.079
30/07/1990,1.045
31/07/1990,0.973
01/08/1990,0.963
02/08/1990,0.963
03/08/1990,0.938
04/08/1990,0.875
05/08/1990,0.851
06/08/1990,0.851
07/08/1990,0.851
08/08/1990,0.841
09/08/1990,0.81
10/08/1990,0.807
11/08/1990,0.788
12/08/1990,0.787
13/08/1990,0.787
14/08/1990,0.777
15/08/1990,0.747
16/08/1990,0.745
17/08/1990,0.745
18/08/1990,0.745
19/08/1990,0.745
20/08/1990,0.745
21/08/1990,0.745
22/08/1990,0.745
23/08/1990,0.745
24/08/1990,0.745
25/08/1990,0.745
26/08/1990,0.745
27/08/1990,0.748
28/08/1990,0.807
29/08/1990,0.911
30/08/1990,0.886
31/08/1990,0.873
01/09/1990,1.058
02/09/1990,1.495
03/09/1990,1.915
04/09/1990,2.089
05/09/1990,1.997
06/09/1990,1.829
07/09/1990,1.618
08/09/1990,1.474
09/09/1990,1.448
10/09/1990,1.392
11/09/1990,8.357
12/09/1990,24.489
13/09/1990,25.356
14/09/1990,25.031
15/09/1990,22.25
16/09/1990,18.457
17/09/1990,12.683
18/09/1990,8.002
19/09/1990,8.75
20/09/1990,9.404
21/09/1990,9.348
22/09/1990,9.873
23/09/1990,10.128
24/09/1990,9.431
25/09/1990,7.683
26/09/1990,6.356
27/09/1990,4.849
28/09/1990,3.27
29/09/1990,2.227
30/09/1990,2.091
01/10/1990,1.79
02/10/1990,1.538
03/10/1990,1.422
04/10/1990,1.293
05/10/1990,1.205
06/10/1990,1.201
07/10/1990,1.466
08/10/1990,2.68
09/10/1990,3.162
10/10/1990,3.535
11/10/1990,8.871
12/10/1990,30.136
13/10/1990,32.908
14/10/1990,25.096
15/10/1990,21.806
16/10/1990,16.449
17/10/1990,11.343
18/10/1990,7.095
19/10/1990,4.171
20/10/1990,2.84
21/10/1990,1.955
22/10/1990,1.71
23/10/1990,1.545
24/10/1990,1.375
25/10/1990,1.159
26/10/1990,1.097
27/10/1990,1.051
28/10/1990,1.032
29/10/1990,0.995
30/10/1990,1.02
31/10/1990,1.624
01/11/1990,2.285
02/11/1990,1.862
03/11/1990,1.661
04/11/1990,1.702
05/11/1990,2.603
06/11/1990,3.357
07/11/1990,3.076
08/11/1990,2.913
09/11/1990,2.905
10/11/1990,3.758
11/11/1990,3.365
12/11/1990,2.437
13/11/1990,1.91
14/11/1990,3.615
15/11/1990,55.583
16/11/1990,148.626
17/11/1990,146.614
18/11/1990,101.381
19/11/1990,66.721
20/11/1990,46.349
21/11/1990,24.69
22/11/1990,12.919
23/11/1990,6.854
24/11/1990,4.403
25/11/1990,2.897
26/11/1990,2.314
27/11/1990,2.003
28/11/1990,1.815
29/11/1990,1.616
30/11/1990,1.414
01/12/1990,1.219
02/12/1990,1.102
03/12/1990,1.079
04/12/1990,1.079
05/12/1990,1.079
06/12/1990,1.104
07/12/1990,1.196
08/12/1990,1.201
09/12/1990,1.881
10/12/1990,19.805
11/12/1990,58.235
12/12/1990,52.2
13/12/1990,37.94
14/12/1990,25.303
15/12/1990,18.431
16/12/1990,11.533
17/12/1990,7.249
18/12/1990,5.131
19/12/1990,3.675
20/12/1990,2.531
21/12/1990,2.079
22/12/1990,2.171
23/12/1990,3.859
24/12/1990,4.712
25/12/1990,3.529
26/12/1990,2.654
27/12/1990,2.059
28/12/1990,1.711
29/12/1990,1.444
30/12/1990,1.346
31/12/1990,1.163
01/01/1991,1.105
02/01/1991,0.999
03/01/1991,0.886
04/01/1991,0.843
05/01/1991,0.8
06/01/1991,0.755
07/01/1991,0.744
08/01/1991,0.725
09/01/1991,0.645
10/01/1991,0.526
11/01/1991,0.465
12/01/1991,0.461
13/01/1991,0.428
14/01/1991,0.382
15/01/1991,0.365
16/01/1991,0.342
17/01/1991,0.313
18/01/1991,0.277
19/01/1991,0.254
20/01/1991,0.249
21/01/1991,0.25
22/01/1991,0.358
23/01/1991,0.55
24/01/1991,0.624
25/01/1991,0.594
26/01/1991,0.459
27/01/1991,0.382
28/01/1991,0.373
29/01/1991,0.341
30/01/1991,0.334
31/01/1991,0.334
01/02/1991,0.334
02/02/1991,0.334
03/02/1991,0.334
04/02/1991,0.334
05/02/1991,0.334
06/02/1991,0.334
07/02/1991,0.334
08/02/1991,0.334
09/02/1991,0.334
10/02/1991,0.444
11/02/1991,0.693
12/02/1991,0.842
13/02/1991,0.85
14/02/1991,0.83
15/02/1991,0.798
16/02/1991,0.725
17/02/1991,0.658
18/02/1991,0.598
19/02/1991,0.525
20/02/1991,0.482
21/02/1991,0.479
22/02/1991,0.473
23/02/1991,0.462
24/02/1991,0.435
25/02/1991,0.367
26/02/1991,0.343
27/02/1991,0.312
28/02/1991,0.272
01/03/1991,0.25
02/03/1991,0.259
03/03/1991,0.27
04/03/1991,0.338
05/03/1991,0.364
06/03/1991,0.363
07/03/1991,0.35
08/03/1991,0.349
09/03/1991,0.349
10/03/1991,0.349
11/03/1991,0.366
12/03/1991,0.395
13/03/1991,0.396
14/03/1991,0.396
15/03/1991,0.396
16/03/1991,0.39
17/03/1991,0.379
18/03/1991,0.367
19/03/1991,0.379
20/03/1991,0.38
21/03/1991,0.379
22/03/1991,0.366
23/03/1991,0.349
24/03/1991,0.333
25/03/1991,0.319
26/03/1991,0.306
27/03/1991,0.305
28/03/1991,0.305
29/03/1991,0.296
30/03/1991,0.285
31/03/1991,0.276
01/04/1991,0.276
02/04/1991,0.276
03/04/1991,0.276
04/04/1991,0.271
05/04/1991,0.248
06/04/1991,0.224
07/04/1991,0.263
08/04/1991,0.383
09/04/1991,0.342
10/04/1991,0.334
11/04/1991,0.328
12/04/1991,0.319
13/04/1991,0.305
14/04/1991,0.29
15/04/1991,0.426
16/04/1991,4.019
17/04/1991,37.948
18/04/1991,134.632
19/04/1991,155.111
20/04/1991,103.258
21/04/1991,38.257
22/04/1991,23.42
23/04/1991,19.354
24/04/1991,18.412
25/04/1991,20.378
26/04/1991,18.564
27/04/1991,13.102
28/04/1991,10.825
29/04/1991,9.369
30/04/1991,7.187
01/05/1991,3.832
02/05/1991,2.695
03/05/1991,2.231
04/05/1991,2.415
05/05/1991,6.459
06/05/1991,12.654
07/05/1991,14.882
08/05/1991,13.762
09/05/1991,13.394
10/05/1991,11.86
11/05/1991,9.655
12/05/1991,6.238
13/05/1991,3.484
14/05/1991,2.059
15/05/1991,1.803
16/05/1991,1.752
17/05/1991,1.725
18/05/1991,1.657
19/05/1991,1.611
20/05/1991,1.583
21/05/1991,1.503
22/05/1991,1.562
23/05/1991,2.795
24/05/1991,6.907
25/05/1991,10.444
26/05/1991,9.305
27/05/1991,8.226
28/05/1991,6.768
29/05/1991,5.03
30/05/1991,4.344
31/05/1991,4.315
01/06/1991,4.091
02/06/1991,3.14
03/06/1991,2.394
04/06/1991,1.914
05/06/1991,1.887
06/06/1991,1.887
07/06/1991,1.887
08/06/1991,1.871
09/06/1991,1.789
10/06/1991,1.742
11/06/1991,1.74
12/06/1991,1.727
13/06/1991,1.681
14/06/1991,1.628
15/06/1991,1.6
16/06/1991,1.566
17/06/1991,1.503
18/06/1991,1.69
19/06/1991,2.27
20/06/1991,3.795
21/06/1991,9.064
22/06/1991,11.561
23/06/1991,13.033
24/06/1991,10.274
25/06/1991,6.242
26/06/1991,18.537
27/06/1991,243.744
28/06/1991,371.356
29/06/1991,179.008
30/06/1991,77.72
01/07/1991,44.815
02/07/1991,24.704
03/07/1991,16.47
04/07/1991,10.829
05/07/1991,6.583
06/07/1991,4.759
07/07/1991,3.779
08/07/1991,2.9
09/07/1991,2.651
10/07/1991,3.194
11/07/1991,4.481
12/07/1991,4.986
13/07/1991,4.92
14/07/1991,4.431
15/07/1991,3.451
16/07/1991,2.625
17/07/1991,2.759
18/07/1991,73.947
19/07/1991,105.632
20/07/1991,95.448
21/07/1991,368.719
22/07/1991,300.07
23/07/1991,350.413
24/07/1991,247.3
25/07/1991,103.747
26/07/1991,59.854
27/07/1991,33.968
28/07/1991,18.934
29/07/1991,12.586
30/07/1991,9.392
31/07/1991,17.427
01/08/1991,19.542
02/08/1991,15.386
03/08/1991,12.877
04/08/1991,11.022
05/08/1991,7.722
06/08/1991,6.016
07/08/1991,4.567
08/08/1991,3.398
09/08/1991,2.693
10/08/1991,2.227
11/08/1991,1.938
12/08/1991,1.887
13/08/1991,1.887
14/08/1991,1.871
15/08/1991,1.798
16/08/1991,1.744
17/08/1991,1.738
18/08/1991,1.7
19/08/1991,1.624
20/08/1991,1.517
21/08/1991,1.448
22/08/1991,1.373
23/08/1991,1.331
24/08/1991,1.315
25/08/1991,1.229
26/08/1991,1.178
27/08/1991,1.165
28/08/1991,1.129
29/08/1991,1.116
30/08/1991,1.081
31/08/1991,1.079
01/09/1991,1.117
02/09/1991,1.245
03/09/1991,1.327
04/09/1991,1.329
05/09/1991,1.4
06/09/1991,1.579
07/09/1991,1.651
08/09/1991,1.738
09/09/1991,1.74
10/09/1991,1.647
11/09/1991,1.254
12/09/1991,1.083
13/09/1991,1.079
14/09/1991,1.079
15/09/1991,1.104
16/09/1991,1.227
17/09/1991,2.544
18/09/1991,27.241
19/09/1991,42.841
20/09/1991,45.574
21/09/1991,45.531
22/09/1991,32.908
23/09/1991,19.66
24/09/1991,10.334
25/09/1991,6.175
26/09/1991,4.322
27/09/1991,3.096
28/09/1991,2.73
29/09/1991,2.392
30/09/1991,1.741
01/10/1991,1.484
02/10/1991,1.36
03/10/1991,1.277
04/10/1991,1.215
05/10/1991,1.2
06/10/1991,1.178
07/10/1991,1.253
08/10/1991,1.47
09/10/1991,1.668
10/10/1991,1.857
11/10/1991,1.887
12/10/1991,1.887
13/10/1991,1.887
14/10/1991,1.914
15/10/1991,30.014
16/10/1991,189.512
17/10/1991,308.429
18/10/1991,177.462
19/10/1991,99.656
20/10/1991,52.64
21/10/1991,32.565
22/10/1991,18.61
23/10/1991,14.508
24/10/1991,9.386
25/10/1991,3.948
26/10/1991,4.204
27/10/1991,3.56
28/10/1991,3.13
29/10/1991,3.126
30/10/1991,3.876
31/10/1991,4.436
01/11/1991,3.89
02/11/1991,2.584
03/11/1991,2.287
04/11/1991,2.101
05/11/1991,1.918
06/11/1991,1.887
07/11/1991,1.887
08/11/1991,1.816
09/11/1991,1.579
10/11/1991,1.414
11/11/1991,1.254
12/11/1991,1.203
13/11/1991,1.201
14/11/1991,1.201
15/11/1991,1.175
16/11/1991,1.067
17/11/1991,0.919
18/11/1991,0.854
19/11/1991,0.851
20/11/1991,0.851
21/11/1991,0.851
22/11/1991,0.85
23/11/1991,0.831
24/11/1991,0.83
25/11/1991,3.303
26/11/1991,60.983
27/11/1991,77.464
28/11/1991,85.312
29/11/1991,76.517
30/11/1991,59.225
01/12/1991,32.458
02/12/1991,15.955
03/12/1991,8.994
04/12/1991,5.652
05/12/1991,3.659
06/12/1991,2.509
07/12/1991,1.914
08/12/1991,1.883
09/12/1991,1.668
10/12/1991,1.381
11/12/1991,1.457
12/12/1991,1.461
13/12/1991,1.378
14/12/1991,1.158
15/12/1991,1.079
16/12/1991,1.035
17/12/1991,1.032
18/12/1991,1.032
19/12/1991,1.035
20/12/1991,1.076
21/12/1991,1.079
22/12/1991,4.513
23/12/1991,40.259
24/12/1991,31.252
25/12/1991,20.205
26/12/1991,11.338
27/12/1991,6.557
28/12/1991,4.081
29/12/1991,3.483
30/12/1991,2.82
31/12/1991,1.977
01/01/1992,1.887
02/01/1992,4.037
03/01/1992,7.48
04/01/1992,4.195
05/01/1992,2.37
06/01/1992,1.887
07/01/1992,1.883
08/01/1992,1.801
09/01/1992,1.666
10/01/1992,1.476
11/01/1992,1.375
12/01/1992,1.274
13/01/1992,1.132
14/01/1992,1.079
15/01/1992,1.079
16/01/1992,1.076
17/01/1992,0.984
18/01/1992,0.845
19/01/1992,0.756
20/01/1992,0.684
21/01/1992,0.514
22/01/1992,0.462
23/01/1992,0.447
24/01/1992,0.392
25/01/1992,0.38
26/01/1992,0.38
27/01/1992,0.38
28/01/1992,0.38
29/01/1992,0.397
30/01/1992,0.427
31/01/1992,0.41
01/02/1992,0.36
02/02/1992,0.374
03/02/1992,0.475
04/02/1992,0.528
05/02/1992,0.639
06/02/1992,0.704
07/02/1992,0.829
08/02/1992,0.807
09/02/1992,0.74
10/02/1992,0.717
11/02/1992,0.837
12/02/1992,1.071
13/02/1992,1.079
14/02/1992,1.085
15/02/1992,1.232
16/02/1992,1.315
17/02/1992,1.269
18/02/1992,1.388
19/02/1992,1.461
20/02/1992,1.555
21/02/1992,1.745
22/02/1992,2.235
23/02/1992,2.991
24/02/1992,4.027
25/02/1992,4.521
26/02/1992,6.453
27/02/1992,9.296
28/02/1992,9.148
29/02/1992,6.052
01/03/1992,3.576
02/03/1992,2.433
03/03/1992,1.869
04/03/1992,1.744
05/03/1992,1.736
06/03/1992,1.642
07/03/1992,1.485
08/03/1992,1.338
09/03/1992,1.411
10/03/1992,10.573
11/03/1992,41.694
12/03/1992,12.162
13/03/1992,3.708
14/03/1992,2.125
15/03/1992,1.686
16/03/1992,1.492
17/03/1992,1.409
18/03/1992,1.331
19/03/1992,1.177
20/03/1992,1.085
21/03/1992,1.079
22/03/1992,1.031
23/03/1992,0.964
24/03/1992,0.959
25/03/1992,0.921
26/03/1992,0.909
27/03/1992,0.895
28/03/1992,0.962
29/03/1992,1.456
30/03/1992,1.972
31/03/1992,3.23
01/04/1992,6.408
02/04/1992,6.636
03/04/1992,5.022
04/04/1992,4.013
05/04/1992,2.841
06/04/1992,1.999
07/04/1992,1.741
08/04/1992,1.512
09/04/1992,1.31
10/04/1992,1.207
11/04/1992,4.589
12/04/1992,39.467
13/04/1992,48.619
14/04/1992,60.603
15/04/1992,69.421
16/04/1992,67.577
17/04/1992,60.628
18/04/1992,47.178
19/04/1992,28.914
20/04/1992,18.498
21/04/1992,13.681
22/04/1992,10.288
23/04/1992,16.917
24/04/1992,22.859
25/04/1992,17.432
26/04/1992,16.993
27/04/1992,17.936
28/04/1992,19.41
29/04/1992,33.036
30/04/1992,62.28
01/05/1992,75.214
02/05/1992,90.711
03/05/1992,80.853
04/05/1992,55.652
05/05/1992,29.493
06/05/1992,18.336
07/05/1992,17.239
08/05/1992,21.728
09/05/1992,19.692
10/05/1992,17.129
11/05/1992,42.8
12/05/1992,94.164
13/05/1992,91.023
14/05/1992,96.196
15/05/1992,76.678
16/05/1992,44.832
17/05/1992,28.978
18/05/1992,16.986
19/05/1992,10.329
20/05/1992,7.567
21/05/1992,5.598
22/05/1992,3.542
23/05/1992,2.888
24/05/1992,2.729
25/05/1992,2.516
26/05/1992,2.42
27/05/1992,1.989
28/05/1992,1.812
29/05/1992,1.559
30/05/1992,1.543
31/05/1992,1.543
01/06/1992,1.481
02/06/1992,1.336
03/06/1992,24.925
04/06/1992,47.901
05/06/1992,127.642
06/06/1992,384.573
07/06/1992,277.596
08/06/1992,196.44
09/06/1992,223.591
10/06/1992,125.368
11/06/1992,65.902
12/06/1992,40.224
13/06/1992,22.684
14/06/1992,16.501
15/06/1992,10.49
16/06/1992,11.947
17/06/1992,18.291
18/06/1992,13.845
19/06/1992,9.733
20/06/1992,7.407
21/06/1992,14.532
22/06/1992,29.608
23/06/1992,28.625
24/06/1992,31.793
25/06/1992,40.049
26/06/1992,59.766
27/06/1992,69.162
28/06/1992,62.724
29/06/1992,30.219
30/06/1992,19.196
01/07/1992,17.358
02/07/1992,14.907
03/07/1992,12.97
04/07/1992,9.56
05/07/1992,6.57
06/07/1992,5.045
07/07/1992,3.961
08/07/1992,3.723
09/07/1992,3.689
10/07/1992,3.213
11/07/1992,2.453
12/07/1992,1.949
13/07/1992,1.676
14/07/1992,38.463
15/07/1992,93.24
16/07/1992,60.036
17/07/1992,59.117
18/07/1992,58.226
19/07/1992,47.509
20/07/1992,24.854
21/07/1992,18.905
22/07/1992,15.981
23/07/1992,12.735
24/07/1992,9.867
25/07/1992,7.465
26/07/1992,5.171
27/07/1992,3.976
28/07/1992,4.528
29/07/1992,5.733
30/07/1992,6.919
31/07/1992,12.794
01/08/1992,18.776
02/08/1992,20.85
03/08/1992,20.44
04/08/1992,18.075
05/08/1992,13.539
06/08/1992,9.174
07/08/1992,5.965
08/08/1992,4.645
09/08/1992,3.651
10/08/1992,2.428
11/08/1992,2.255
12/08/1992,2.218
13/08/1992,2.066
14/08/1992,1.897
15/08/1992,1.876
16/08/1992,1.84
17/08/1992,1.887
18/08/1992,1.883
19/08/1992,1.818
20/08/1992,1.743
21/08/1992,1.566
22/08/1992,1.485
23/08/1992,4.568
24/08/1992,8.426
25/08/1992,6.853
26/08/1992,5.031
27/08/1992,4.329
28/08/1992,3.723
29/08/1992,3.546
30/08/1992,3.366
31/08/1992,4.659
01/09/1992,5.252
02/09/1992,4.797
03/09/1992,4.153
04/09/1992,3.439
05/09/1992,2.687
06/09/1992,2.156
07/09/1992,1.897
08/09/1992,1.883
09/09/1992,1.797
10/09/1992,1.74
11/09/1992,1.74
12/09/1992,1.74
13/09/1992,1.957
14/09/1992,3.167
15/09/1992,3.697
16/09/1992,3.673
17/09/1992,2.84
18/09/1992,1.915
19/09/1992,1.751
20/09/1992,1.74
21/09/1992,1.751
22/09/1992,2.302
23/09/1992,5.261
24/09/1992,10.111
25/09/1992,17.152
26/09/1992,41.443
27/09/1992,54.137
28/09/1992,48.769
29/09/1992,42.076
30/09/1992,28.1
01/10/1992,14.941
02/10/1992,11.827
03/10/1992,7.17
04/10/1992,4.376
05/10/1992,3.369
06/10/1992,2.497
07/10/1992,1.916
08/10/1992,1.887
09/10/1992,1.887
10/10/1992,1.887
11/10/1992,1.887
12/10/1992,1.81
13/10/1992,1.477
14/10/1992,1.224
15/10/1992,1.271
16/10/1992,2.682
17/10/1992,10.118
18/10/1992,7.38
19/10/1992,8.312
20/10/1992,6.141
21/10/1992,4.915
22/10/1992,4.231
23/10/1992,3.882
24/10/1992,4.295
25/10/1992,3.97
26/10/1992,2.552
27/10/1992,1.98
28/10/1992,1.753
29/10/1992,1.605
30/10/1992,1.492
31/10/1992,1.381
01/11/1992,1.294
02/11/1992,1.207
03/11/1992,1.158
04/11/1992,1.083
05/11/1992,1.076
06/11/1992,1.035
07/11/1992,1.032
08/11/1992,0.967
09/11/1992,0.853
10/11/1992,0.811
11/11/1992,0.808
12/11/1992,0.808
13/11/1992,0.808
14/11/1992,0.811
15/11/1992,0.862
16/11/1992,0.851
17/11/1992,0.851
18/11/1992,0.851
19/11/1992,0.83
20/11/1992,0.748
21/11/1992,0.723
22/11/1992,0.684
23/11/1992,0.64
24/11/1992,0.626
25/11/1992,0.624
26/11/1992,0.579
27/11/1992,0.493
28/11/1992,0.462
29/11/1992,0.462
30/11/1992,0.462
01/12/1992,0.462
02/12/1992,0.515
03/12/1992,0.983
04/12/1992,2.026
05/12/1992,1.977
06/12/1992,1.826
07/12/1992,1.828
08/12/1992,2.305
09/12/1992,2.414
10/12/1992,2.102
11/12/1992,1.81
12/12/1992,1.581
13/12/1992,1.295
14/12/1992,0.815
15/12/1992,0.652
16/12/1992,0.645
17/12/1992,0.645
18/12/1992,0.645
19/12/1992,0.604
20/12/1992,0.504
21/12/1992,0.462
22/12/1992,0.46
23/12/1992,0.431
24/12/1992,0.429
25/12/1992,0.429
26/12/1992,0.429
27/12/1992,0.415
28/12/1992,0.359
29/12/1992,0.32
30/12/1992,0.319
31/12/1992,0.346
01/01/1993,0.541
02/01/1993,8.347
03/01/1993,21.899
04/01/1993,38.148
05/01/1993,36.589
06/01/1993,34.078
07/01/1993,25.528
08/01/1993,19.709
09/01/1993,15.721
10/01/1993,12.326
11/01/1993,10.21
12/01/1993,7.526
13/01/1993,4.74
14/01/1993,3.453
15/01/1993,2.433
16/01/1993,1.839
17/01/1993,1.622
18/01/1993,1.436
19/01/1993,1.351
20/01/1993,1.232
21/01/1993,1.119
22/01/1993,0.933
23/01/1993,0.831
24/01/1993,0.788
25/01/1993,0.787
26/01/1993,0.787
27/01/1993,0.765
28/01/1993,0.703
29/01/1993,0.648
30/01/1993,0.645
31/01/1993,0.775
01/02/1993,1.189
02/02/1993,1.323
03/02/1993,1.329
04/02/1993,1.329
05/02/1993,1.329
06/02/1993,1.315
07/02/1993,1.23
08/02/1993,1.2
09/02/1993,1.141
10/02/1993,1.014
11/02/1993,0.897
12/02/1993,0.853
13/02/1993,0.851
14/02/1993,0.796
15/02/1993,0.64
16/02/1993,0.552
17/02/1993,0.534
18/02/1993,0.577
19/02/1993,0.783
20/02/1993,0.997
21/02/1993,1.076
22/02/1993,1.079
23/02/1993,1.043
24/02/1993,0.966
25/02/1993,0.963
26/02/1993,0.963
27/02/1993,1.003
28/02/1993,0.947
01/03/1993,0.909
02/03/1993,0.866
03/03/1993,0.841
04/03/1993,0.78
05/03/1993,0.736
06/03/1993,0.685
07/03/1993,0.644
08/03/1993,0.6
09/03/1993,0.569
10/03/1993,0.543
11/03/1993,0.516
12/03/1993,0.515
13/03/1993,0.533
14/03/1993,0.551
15/03/1993,0.551
16/03/1993,0.551
17/03/1993,0.551
18/03/1993,0.543
19/03/1993,0.532
20/03/1993,0.532
21/03/1993,0.532
22/03/1993,0.532
23/03/1993,0.532
24/03/1993,0.532
25/03/1993,0.532
26/03/1993,0.532
27/03/1993,0.524
28/03/1993,0.49
29/03/1993,0.463
30/03/1993,0.462
31/03/1993,0.462
01/04/1993,0.443
02/04/1993,0.397
03/04/1993,0.381
04/04/1993,0.38
05/04/1993,0.38
06/04/1993,0.38
07/04/1993,0.38
08/04/1993,0.379
09/04/1993,0.366
10/04/1993,0.364
11/04/1993,0.357
12/04/1993,0.328
13/04/1993,0.306
14/04/1993,0.305
15/04/1993,0.335
16/04/1993,0.455
17/04/1993,0.462
18/04/1993,0.462
19/04/1993,0.462
20/04/1993,0.47
21/04/1993,0.496
22/04/1993,0.552
23/04/1993,0.732
24/04/1993,0.925
25/04/1993,0.998
26/04/1993,1.076
27/04/1993,1.079
28/04/1993,1.078
29/04/1993,1.023
30/04/1993,0.964
01/05/1993,0.963
02/05/1993,0.963
03/05/1993,0.963
04/05/1993,0.963
05/05/1993,0.963
06/05/1993,0.963
07/05/1993,0.964
08/05/1993,1.011
09/05/1993,19.503
10/05/1993,153.668
11/05/1993,479.049
12/05/1993,366.107
13/05/1993,168.922
14/05/1993,94.407
15/05/1993,66.92
16/05/1993,55.715
17/05/1993,42.775
18/05/1993,23.851
19/05/1993,16.033
20/05/1993,11.025
21/05/1993,7.554
22/05/1993,4.954
23/05/1993,3.388
24/05/1993,2.781
25/05/1993,3.43
26/05/1993,13.088
27/05/1993,26.706
28/05/1993,29.558
29/05/1993,27.701
30/05/1993,24.231
31/05/1993,19.218
01/06/1993,13.717
02/06/1993,9.286
03/06/1993,6.197
04/06/1993,6.981
05/06/1993,19.062
06/06/1993,44.271
07/06/1993,68.718
08/06/1993,95.69
09/06/1993,63.003
10/06/1993,40.12
11/06/1993,29.687
12/06/1993,26.656
13/06/1993,21.582
14/06/1993,15.254
15/06/1993,11.616
16/06/1993,44.824
17/06/1993,62.454
18/06/1993,47.623
19/06/1993,37.592
20/06/1993,33.624
21/06/1993,23.98
22/06/1993,16.905
23/06/1993,11.064
24/06/1993,7.817
25/06/1993,5.94
26/06/1993,4.694
27/06/1993,3.384
28/06/1993,2.715
29/06/1993,2.68
30/06/1993,2.49
01/07/1993,2.017
02/07/1993,1.887
03/07/1993,1.887
04/07/1993,1.842
05/07/1993,1.71
06/07/1993,1.916
07/07/1993,4.309
08/07/1993,7.082
09/07/1993,7.643
10/07/1993,7.524
11/07/1993,7.496
12/07/1993,6.877
13/07/1993,5.581
14/07/1993,4.029
15/07/1993,2.848
16/07/1993,2.123
17/07/1993,1.892
18/07/1993,1.871
19/07/1993,1.756
20/07/1993,1.615
21/07/1993,1.539
22/07/1993,1.399
23/07/1993,1.331
24/07/1993,1.329
25/07/1993,1.329
26/07/1993,1.329
27/07/1993,1.329
28/07/1993,3.729
29/07/1993,24.478
30/07/1993,47.92
31/07/1993,61.673
01/08/1993,58.227
02/08/1993,49.143
03/08/1993,35.676
04/08/1993,30.467
05/08/1993,22.418
06/08/1993,14.985
07/08/1993,9.626
08/08/1993,7.177
09/08/1993,5.638
10/08/1993,4.116
11/08/1993,3.041
12/08/1993,2.462
13/08/1993,1.914
14/08/1993,1.887
15/08/1993,1.887
16/08/1993,1.857
17/08/1993,1.747
18/08/1993,1.711
19/08/1993,1.576
20/08/1993,1.467
21/08/1993,1.434
22/08/1993,1.334
23/08/1993,1.329
24/08/1993,1.329
25/08/1993,1.329
26/08/1993,1.329
27/08/1993,1.329
28/08/1993,1.329
29/08/1993,1.329
30/08/1993,2.802
31/08/1993,12.982
01/09/1993,20.605
02/09/1993,23.005
03/09/1993,21.476
04/09/1993,15.85
05/09/1993,10.554
06/09/1993,7.606
07/09/1993,6.036
08/09/1993,4.847
09/09/1993,4.115
10/09/1993,3.45
11/09/1993,2.825
12/09/1993,2.095
13/09/1993,1.758
14/09/1993,1.598
15/09/1993,1.483
16/09/1993,1.461
17/09/1993,1.42
18/09/1993,1.293
19/09/1993,1.203
20/09/1993,1.178
21/09/1993,1.175
22/09/1993,1.128
23/09/1993,1.081
24/09/1993,1.079
25/09/1993,1.079
26/09/1993,1.09
27/09/1993,1.293
28/09/1993,1.521
29/09/1993,1.641
30/09/1993,1.643
01/10/1993,1.6
02/10/1993,1.556
03/10/1993,1.465
04/10/1993,1.448
05/10/1993,1.397
06/10/1993,1.346
07/10/1993,1.325
08/10/1993,1.242
09/10/1993,1.135
10/10/1993,1.081
11/10/1993,1.054
12/10/1993,0.992
13/10/1993,0.963
14/10/1993,0.963
15/10/1993,1.014
16/10/1993,1.157
17/10/1993,1.833
18/10/1993,10.459
19/10/1993,18.492
20/10/1993,14.006
21/10/1993,12.298
22/10/1993,12.235
23/10/1993,11.321
24/10/1993,8.916
25/10/1993,6.543
26/10/1993,4.451
27/10/1993,4.306
28/10/1993,3.886
29/10/1993,2.996
30/10/1993,2.339
31/10/1993,2.61
01/11/1993,4.23
02/11/1993,4.782
03/11/1993,4.008
04/11/1993,3.228
05/11/1993,3.068
06/11/1993,2.919
07/11/1993,2.645
08/11/1993,2.42
09/11/1993,2.261
10/11/1993,2.025
11/11/1993,1.514
12/11/1993,1.27
13/11/1993,1.131
14/11/1993,1.546
15/11/1993,2.624
16/11/1993,6.004
17/11/1993,13.273
18/11/1993,19.859
19/11/1993,24.026
20/11/1993,22.547
21/11/1993,18.255
22/11/1993,14.275
23/11/1993,10.296
24/11/1993,6.248
25/11/1993,4.283
26/11/1993,17.405
27/11/1993,35.729
28/11/1993,26.201
29/11/1993,17.066
30/11/1993,11.702
01/12/1993,8.794
02/12/1993,5.789
03/12/1993,3.75
04/12/1993,25.825
05/12/1993,106.65
06/12/1993,98.455
07/12/1993,90.394
08/12/1993,70.333
09/12/1993,48.712
10/12/1993,22.468
11/12/1993,13.905
12/12/1993,10.273
13/12/1993,29.853
14/12/1993,24.794
15/12/1993,20.517
16/12/1993,20.105
17/12/1993,23.994
18/12/1993,21.249
19/12/1993,16.188
20/12/1993,11.641
21/12/1993,7.43
22/12/1993,4.98
23/12/1993,3.391
24/12/1993,2.247
25/12/1993,1.678
26/12/1993,1.564
27/12/1993,1.426
28/12/1993,1.333
29/12/1993,1.382
30/12/1993,1.505
31/12/1993,1.598
01/01/1994,4.604
02/01/1994,5.96
03/01/1994,5.536
04/01/1994,4.18
05/01/1994,2.72
06/01/1994,1.841
07/01/1994,1.575
08/01/1994,1.424
09/01/1994,1.333
10/01/1994,1.272
11/01/1994,1.098
12/01/1994,0.972
13/01/1994,0.91
14/01/1994,0.885
15/01/1994,0.853
16/01/1994,0.851
17/01/1994,0.851
18/01/1994,0.831
19/01/1994,0.761
20/01/1994,0.706
21/01/1994,0.601
22/01/1994,0.552
23/01/1994,0.542
24/01/1994,0.497
25/01/1994,0.463
26/01/1994,0.462
27/01/1994,0.449
28/01/1994,0.411
29/01/1994,0.38
30/01/1994,0.358
31/01/1994,0.329
01/02/1994,0.341
02/02/1994,0.378
03/02/1994,0.358
04/02/1994,0.329
05/02/1994,0.313
06/02/1994,0.305
07/02/1994,0.305
08/02/1994,0.308
09/02/1994,0.426
10/02/1994,1.111
11/02/1994,1.351
12/02/1994,1.344
13/02/1994,1.329
14/02/1994,1.329
15/02/1994,1.4
16/02/1994,1.61
17/02/1994,2.101
18/02/1994,2.522
19/02/1994,3.134
20/02/1994,4.097
21/02/1994,6.987
22/02/1994,6.089
23/02/1994,4.648
24/02/1994,3.458
25/02/1994,2.402
26/02/1994,1.751
27/02/1994,1.514
28/02/1994,1.313
01/03/1994,1.167
02/03/1994,1.072
03/03/1994,1.009
04/03/1994,0.903
05/03/1994,0.722
06/03/1994,0.648
07/03/1994,0.644
08/03/1994,0.626
09/03/1994,0.594
10/03/1994,0.575
11/03/1994,0.618
12/03/1994,0.626
13/03/1994,0.624
14/03/1994,0.608
15/03/1994,0.607
16/03/1994,0.599
17/03/1994,0.588
18/03/1994,0.608
19/03/1994,0.644
20/03/1994,0.637
21/03/1994,0.626
22/03/1994,0.624
23/03/1994,0.638
24/03/1994,0.766
25/03/1994,0.938
26/03/1994,0.963
27/03/1994,0.998
28/03/1994,1.157
29/03/1994,5.908
30/03/1994,19.294
31/03/1994,23.78
01/04/1994,29.169
02/04/1994,34.749
03/04/1994,32.554
04/04/1994,19.563
05/04/1994,10.064
06/04/1994,5.457
07/04/1994,3.794
08/04/1994,2.746
09/04/1994,1.76
10/04/1994,1.48
11/04/1994,1.457
12/04/1994,1.371
13/04/1994,1.232
14/04/1994,1.113
15/04/1994,1.034
16/04/1994,1.0
17/04/1994,0.964
18/04/1994,0.963
19/04/1994,0.963
20/04/1994,0.938
21/04/1994,0.897
22/04/1994,0.895
23/04/1994,0.895
24/04/1994,0.895
25/04/1994,0.914
26/04/1994,0.937
27/04/1994,0.909
28/04/1994,0.995
29/04/1994,1.148
30/04/1994,1.305
01/05/1994,1.374
02/05/1994,1.584
03/05/1994,1.796
04/05/1994,3.765
05/05/1994,9.571
06/05/1994,17.45
07/05/1994,23.178
08/05/1994,22.274
09/05/1994,19.426
10/05/1994,19.152
11/05/1994,19.488
12/05/1994,16.449
13/05/1994,15.703
14/05/1994,12.51
15/05/1994,8.938
16/05/1994,6.258
17/05/1994,4.008
18/05/1994,2.771
19/05/1994,1.926
20/05/1994,1.887
21/05/1994,1.887
22/05/1994,2.454
23/05/1994,5.872
24/05/1994,9.115
25/05/1994,9.383
26/05/1994,6.739
27/05/1994,4.398
28/05/1994,2.881
29/05/1994,2.091
30/05/1994,1.756
31/05/1994,1.573
01/06/1994,1.463
02/06/1994,1.381
03/06/1994,1.318
04/06/1994,1.252
05/06/1994,1.192
06/06/1994,1.154
07/06/1994,1.141
08/06/1994,1.103
09/06/1994,1.081
10/06/1994,1.078
11/06/1994,1.056
12/06/1994,1.037
13/06/1994,1.0
14/06/1994,0.964
15/06/1994,0.963
16/06/1994,0.975
17/06/1994,85.347
18/06/1994,708.22
19/06/1994,465.155
20/06/1994,150.873
21/06/1994,85.952
22/06/1994,63.552
23/06/1994,36.856
24/06/1994,26.784
25/06/1994,22.856
26/06/1994,19.473
27/06/1994,16.16
28/06/1994,12.393
29/06/1994,8.158
30/06/1994,4.767
01/07/1994,3.466
02/07/1994,2.687
03/07/1994,2.156
04/07/1994,1.869
05/07/1994,1.746
06/07/1994,1.659
07/07/1994,1.654
08/07/1994,1.694
09/07/1994,1.74
10/07/1994,1.74
11/07/1994,1.738
12/07/1994,1.714
13/07/1994,1.758
14/07/1994,1.881
15/07/1994,1.887
16/07/1994,1.871
17/07/1994,1.756
18/07/1994,1.619
19/07/1994,1.543
20/07/1994,1.477
21/07/1994,1.446
22/07/1994,4.986
23/07/1994,11.768
24/07/1994,9.584
25/07/1994,7.432
26/07/1994,5.712
27/07/1994,12.612
28/07/1994,148.19
29/07/1994,208.51
30/07/1994,211.382
31/07/1994,398.853
01/08/1994,294.828
02/08/1994,150.084
03/08/1994,91.01
04/08/1994,56.865
05/08/1994,38.756
06/08/1994,22.158
07/08/1994,14.572
08/08/1994,10.323
09/08/1994,6.889
10/08/1994,4.936
11/08/1994,3.635
12/08/1994,3.83
13/08/1994,4.498
14/08/1994,4.802
15/08/1994,4.622
16/08/1994,3.777
17/08/1994,3.027
18/08/1994,2.443
19/08/1994,1.968
20/08/1994,1.785
21/08/1994,1.633
22/08/1994,1.598
23/08/1994,1.596
24/08/1994,1.57
25/08/1994,1.515
26/08/1994,1.461
27/08/1994,1.434
28/08/1994,1.399
29/08/1994,1.381
30/08/1994,1.381
31/08/1994,1.407
01/09/1994,44.057
02/09/1994,51.358
03/09/1994,25.222
04/09/1994,19.788
05/09/1994,16.833
06/09/1994,10.921
07/09/1994,7.249
08/09/1994,4.802
09/09/1994,3.345
10/09/1994,2.489
11/09/1994,1.996
12/09/1994,1.772
13/09/1994,1.685
14/09/1994,1.72
15/09/1994,2.04
16/09/1994,2.458
17/09/1994,2.376
18/09/1994,2.106
19/09/1994,2.031
20/09/1994,2.025
21/09/1994,1.992
22/09/1994,1.846
23/09/1994,1.685
24/09/1994,1.482
25/09/1994,1.413
26/09/1994,1.557
27/09/1994,1.903
28/09/1994,2.562
29/09/1994,2.68
30/09/1994,2.68
01/10/1994,2.546
02/10/1994,2.15
03/10/1994,1.802
04/10/1994,1.629
05/10/1994,1.505
06/10/1994,1.371
07/10/1994,1.254
08/10/1994,1.184
09/10/1994,1.12
10/10/1994,0.971
11/10/1994,1.082
12/10/1994,9.944
13/10/1994,32.933
14/10/1994,85.194
15/10/1994,92.604
16/10/1994,64.932
17/10/1994,64.35
18/10/1994,58.561
19/10/1994,53.968
20/10/1994,50.763
21/10/1994,40.686
22/10/1994,24.01
23/10/1994,17.674
24/10/1994,12.589
25/10/1994,9.094
26/10/1994,6.659
27/10/1994,4.968
28/10/1994,3.681
29/10/1994,2.735
30/10/1994,2.349
31/10/1994,8.288
01/11/1994,58.624
02/11/1994,43.417
03/11/1994,24.321
04/11/1994,16.579
05/11/1994,11.407
06/11/1994,8.005
07/11/1994,5.041
08/11/1994,3.354
09/11/1994,2.402
10/11/1994,1.814
11/11/1994,1.59
12/11/1994,1.426
13/11/1994,1.293
14/11/1994,1.19
15/11/1994,1.192
16/11/1994,1.201
17/11/1994,1.147
18/11/1994,1.036
19/11/1994,1.01
20/11/1994,1.009
21/11/1994,1.009
22/11/1994,1.009
23/11/1994,0.998
24/11/1994,0.954
25/11/1994,0.917
26/11/1994,0.886
27/11/1994,0.853
28/11/1994,0.851
29/11/1994,0.822
30/11/1994,0.756
01/12/1994,0.737
02/12/1994,0.702
03/12/1994,0.76
04/12/1994,1.0
05/12/1994,1.165
06/12/1994,1.202
07/12/1994,1.344
08/12/1994,1.591
09/12/1994,1.712
10/12/1994,1.727
11/12/1994,1.663
12/12/1994,1.571
13/12/1994,1.44
14/12/1994,1.42
15/12/1994,1.307
16/12/1994,1.119
17/12/1994,0.966
18/12/1994,0.919
19/12/1994,0.909
20/12/1994,0.885
21/12/1994,0.853
22/12/1994,0.794
23/12/1994,0.618
24/12/1994,0.433
25/12/1994,0.305
26/12/1994,0.225
27/12/1994,0.218
28/12/1994,0.283
29/12/1994,0.305
30/12/1994,0.305
31/12/1994,0.305
01/01/1995,0.305
02/01/1995,0.299
03/01/1995,0.289
04/01/1995,0.276
05/01/1995,0.263
06/01/1995,0.262
07/01/1995,0.249
08/01/1995,0.236
09/01/1995,0.236
10/01/1995,0.23
11/01/1995,0.21
12/01/1995,0.199
13/01/1995,0.184
14/01/1995,0.153
15/01/1995,0.142
16/01/1995,0.153
17/01/1995,0.207
18/01/1995,0.231
19/01/1995,0.287
20/01/1995,0.29
21/01/1995,0.297
22/01/1995,0.334
23/01/1995,0.381
24/01/1995,0.426
25/01/1995,0.429
26/01/1995,0.429
27/01/1995,0.429
28/01/1995,0.429
29/01/1995,0.429
30/01/1995,0.429
31/01/1995,0.429
01/02/1995,0.429
02/02/1995,0.429
03/02/1995,0.429
04/02/1995,0.431
05/02/1995,0.477
06/02/1995,0.497
07/02/1995,0.497
08/02/1995,0.497
09/02/1995,0.533
10/02/1995,0.633
11/02/1995,0.645
12/02/1995,0.636
13/02/1995,0.638
14/02/1995,0.723
15/02/1995,0.764
16/02/1995,0.753
17/02/1995,0.745
18/02/1995,0.744
19/02/1995,0.726
20/02/1995,0.702
21/02/1995,0.648
22/02/1995,0.707
23/02/1995,0.893
24/02/1995,0.996
25/02/1995,1.009
26/02/1995,1.012
27/02/1995,3.815
28/02/1995,23.586
01/03/1995,21.316
02/03/1995,12.471
03/03/1995,6.393
04/03/1995,3.171
05/03/1995,2.001
06/03/1995,1.655
07/03/1995,1.567
08/03/1995,12.778
09/03/1995,56.02
10/03/1995,77.54
11/03/1995,22.378
12/03/1995,10.546
13/03/1995,6.766
14/03/1995,4.359
15/03/1995,2.761
16/03/1995,1.839
17/03/1995,1.597
18/03/1995,1.383
19/03/1995,1.227
20/03/1995,1.104
21/03/1995,0.986
22/03/1995,0.91
23/03/1995,0.959
24/03/1995,0.963
25/03/1995,0.963
26/03/1995,0.928
27/03/1995,0.831
28/03/1995,0.788
29/03/1995,0.787
30/03/1995,0.777
31/03/1995,0.747
01/04/1995,0.745
02/04/1995,0.745
03/04/1995,0.745
04/04/1995,0.745
05/04/1995,0.745
06/04/1995,0.744
07/04/1995,0.725
08/04/1995,0.706
09/04/1995,0.703
10/04/1995,0.695
11/04/1995,0.723
12/04/1995,0.725
13/04/1995,0.725
14/04/1995,0.725
15/04/1995,0.725
16/04/1995,0.725
17/04/1995,0.723
18/04/1995,0.706
19/04/1995,0.704
20/04/1995,0.695
21/04/1995,0.665
22/04/1995,0.646
23/04/1995,0.636
24/04/1995,0.607
25/04/1995,0.58
26/04/1995,0.552
27/04/1995,0.53
28/04/1995,0.516
29/04/1995,0.632
30/04/1995,0.654
01/05/1995,3.531
02/05/1995,13.185
03/05/1995,13.718
04/05/1995,11.38
05/05/1995,9.135
06/05/1995,7.258
07/05/1995,5.156
08/05/1995,3.513
09/05/1995,2.687
10/05/1995,2.038
11/05/1995,1.618
12/05/1995,1.436
13/05/1995,1.352
14/05/1995,4.762
15/05/1995,9.432
16/05/1995,8.098
17/05/1995,6.121
18/05/1995,4.294
19/05/1995,2.728
20/05/1995,1.868
21/05/1995,1.657
22/05/1995,1.41
23/05/1995,1.254
24/05/1995,1.152
25/05/1995,1.083
26/05/1995,1.068
27/05/1995,1.032
28/05/1995,1.01
29/05/1995,1.007
30/05/1995,0.961
31/05/1995,0.873
01/06/1995,0.811
02/06/1995,0.808
03/06/1995,0.807
04/06/1995,0.788
05/06/1995,0.777
06/06/1995,0.747
07/06/1995,0.766
08/06/1995,0.787
09/06/1995,0.787
10/06/1995,0.787
11/06/1995,0.787
12/06/1995,1.032
13/06/1995,1.839
14/06/1995,1.806
15/06/1995,2.325
16/06/1995,67.251
17/06/1995,97.079
18/06/1995,63.927
19/06/1995,39.031
20/06/1995,22.946
21/06/1995,16.313
22/06/1995,10.534
23/06/1995,6.708
24/06/1995,4.712
25/06/1995,16.174
26/06/1995,16.666
27/06/1995,8.878
28/06/1995,4.724
29/06/1995,3.612
30/06/1995,3.133
01/07/1995,4.568
02/07/1995,67.408
03/07/1995,386.262
04/07/1995,332.813
05/07/1995,121.903
06/07/1995,77.717
07/07/1995,66.017
08/07/1995,46.709
09/07/1995,29.555
10/07/1995,19.734
11/07/1995,12.376
12/07/1995,10.894
13/07/1995,32.113
14/07/1995,49.106
15/07/1995,195.718
16/07/1995,345.811
17/07/1995,160.536
18/07/1995,88.467
19/07/1995,48.035
20/07/1995,31.586
21/07/1995,20.447
22/07/1995,13.943
23/07/1995,10.26
24/07/1995,9.533
25/07/1995,7.787
26/07/1995,6.767
27/07/1995,45.295
28/07/1995,73.158
29/07/1995,51.094
30/07/1995,40.595
31/07/1995,31.609
01/08/1995,25.571
02/08/1995,30.407
03/08/1995,24.541
04/08/1995,20.034
05/08/1995,16.238
06/08/1995,12.509
07/08/1995,8.616
08/08/1995,5.635
09/08/1995,3.687
10/08/1995,3.037
11/08/1995,2.726
12/08/1995,2.317
13/08/1995,2.096
14/08/1995,1.897
15/08/1995,1.859
16/08/1995,1.771
17/08/1995,1.712
18/08/1995,1.654
19/08/1995,1.611
20/08/1995,1.556
21/08/1995,1.452
22/08/1995,1.397
23/08/1995,1.346
24/08/1995,1.329
25/08/1995,1.301
26/08/1995,1.252
27/08/1995,1.228
28/08/1995,1.227
29/08/1995,1.2
30/08/1995,1.142
31/08/1995,1.103
01/09/1995,1.081
02/09/1995,1.079
03/09/1995,1.079
04/09/1995,1.054
05/09/1995,0.984
06/09/1995,0.909
07/09/1995,0.854
08/09/1995,0.851
09/09/1995,0.853
10/09/1995,1.474
11/09/1995,15.932
12/09/1995,20.285
13/09/1995,25.118
14/09/1995,42.06
15/09/1995,37.362
16/09/1995,29.732
17/09/1995,21.696
18/09/1995,16.878
19/09/1995,11.616
20/09/1995,7.334
21/09/1995,4.33
22/09/1995,2.904
23/09/1995,2.121
24/09/1995,1.76
25/09/1995,1.575
26/09/1995,1.413
27/09/1995,1.395
28/09/1995,1.329
29/09/1995,1.252
30/09/1995,1.201
01/10/1995,1.178
02/10/1995,1.175
03/10/1995,2.019
04/10/1995,17.454
05/10/1995,20.68
06/10/1995,14.21
07/10/1995,11.525
08/10/1995,12.923
09/10/1995,16.453
10/10/1995,15.383
11/10/1995,12.567
12/10/1995,9.891
13/10/1995,7.285
14/10/1995,5.62
15/10/1995,4.521
16/10/1995,3.351
17/10/1995,2.476
18/10/1995,1.851
19/10/1995,1.672
20/10/1995,1.532
21/10/1995,1.408
22/10/1995,1.311
23/10/1995,1.22
24/10/1995,1.167
25/10/1995,1.131
26/10/1995,1.177
27/10/1995,1.225
28/10/1995,1.254
29/10/1995,1.301
30/10/1995,1.303
31/10/1995,1.303
01/11/1995,1.303
02/11/1995,1.303
03/11/1995,1.301
04/11/1995,1.279
05/11/1995,1.235
06/11/1995,1.101
07/11/1995,1.078
08/11/1995,1.057
09/11/1995,3.17
10/11/1995,37.775
11/11/1995,78.826
12/11/1995,66.46
13/11/1995,42.979
14/11/1995,23.556
15/11/1995,14.068
16/11/1995,7.871
17/11/1995,4.547
18/11/1995,2.904
19/11/1995,2.08
20/11/1995,1.646
21/11/1995,1.435
22/11/1995,1.279
23/11/1995,1.165
24/11/1995,1.061
25/11/1995,1.054
26/11/1995,1.021
27/11/1995,0.966
28/11/1995,0.937
29/11/1995,0.875
30/11/1995,0.853
01/12/1995,0.851
02/12/1995,0.817
03/12/1995,0.728
04/12/1995,0.706
05/12/1995,0.703
06/12/1995,0.677
07/12/1995,0.646
08/12/1995,0.645
09/12/1995,0.645
10/12/1995,0.623
11/12/1995,0.552
12/12/1995,0.508
13/12/1995,0.474
14/12/1995,0.462
15/12/1995,0.462
16/12/1995,0.462
17/12/1995,0.46
18/12/1995,0.423
19/12/1995,0.396
20/12/1995,0.381
21/12/1995,0.363
22/12/1995,0.328
23/12/1995,0.306
24/12/1995,0.305
25/12/1995,0.305
26/12/1995,0.327
27/12/1995,0.378
28/12/1995,0.38
29/12/1995,0.38
30/12/1995,0.38
31/12/1995,0.38
01/01/1996,0.38
02/01/1996,0.374
03/01/1996,0.364
04/01/1996,0.398
05/01/1996,0.444
06/01/1996,0.445
07/01/1996,0.444
08/01/1996,0.43
09/01/1996,0.416
10/01/1996,0.39
11/01/1996,0.38
12/01/1996,0.375
13/01/1996,0.389
14/01/1996,0.385
15/01/1996,0.364
16/01/1996,0.35
17/01/1996,0.348
18/01/1996,0.335
19/01/1996,0.333
20/01/1996,0.32
21/01/1996,0.318
22/01/1996,0.306
23/01/1996,0.305
24/01/1996,0.32
25/01/1996,0.377
26/01/1996,0.399
27/01/1996,0.453
28/01/1996,0.462
29/01/1996,0.498
30/01/1996,0.669
31/01/1996,0.737
01/02/1996,0.764
02/02/1996,0.795
03/02/1996,0.85
04/02/1996,0.885
05/02/1996,0.959
06/02/1996,0.963
07/02/1996,0.938
08/02/1996,0.875
09/02/1996,0.856
10/02/1996,0.937
11/02/1996,0.924
12/02/1996,0.768
13/02/1996,0.675
14/02/1996,0.646
15/02/1996,0.645
16/02/1996,0.645
17/02/1996,0.645
18/02/1996,0.644
19/02/1996,0.626
20/02/1996,0.574
21/02/1996,0.551
22/02/1996,0.551
23/02/1996,0.551
24/02/1996,0.57
25/02/1996,0.605
26/02/1996,0.626
27/02/1996,0.645
28/02/1996,0.665
29/02/1996,0.763
01/03/1996,0.833
02/03/1996,0.851
03/03/1996,0.851
04/03/1996,0.851
05/03/1996,0.932
06/03/1996,1.05
07/03/1996,0.92
08/03/1996,0.824
09/03/1996,0.807
10/03/1996,0.757
11/03/1996,0.686
12/03/1996,0.658
13/03/1996,0.644
14/03/1996,0.626
15/03/1996,0.598
16/03/1996,0.553
17/03/1996,0.551
18/03/1996,0.551
19/03/1996,0.549
20/03/1996,0.534
21/03/1996,0.532
22/03/1996,0.532
23/03/1996,0.572
24/03/1996,0.622
25/03/1996,0.57
26/03/1996,0.551
27/03/1996,0.551
28/03/1996,0.549
29/03/1996,0.534
30/03/1996,0.532
31/03/1996,0.525
01/04/1996,0.503
02/04/1996,1.076
03/04/1996,10.707
04/04/1996,33.255
05/04/1996,71.437
06/04/1996,81.26
07/04/1996,62.603
08/04/1996,40.293
09/04/1996,29.114
10/04/1996,24.164
11/04/1996,18.978
12/04/1996,14.66
13/04/1996,13.554
14/04/1996,12.464
15/04/1996,10.975
16/04/1996,9.808
17/04/1996,7.141
18/04/1996,5.941
19/04/1996,6.359
20/04/1996,7.041
21/04/1996,6.506
22/04/1996,5.34
23/04/1996,4.271
24/04/1996,4.857
25/04/1996,9.515
26/04/1996,11.88
27/04/1996,11.561
28/04/1996,12.308
29/04/1996,13.798
30/04/1996,11.773
01/05/1996,9.59
02/05/1996,5.903
03/05/1996,4.398
04/05/1996,3.342
05/05/1996,2.607
06/05/1996,2.222
07/05/1996,1.873
08/05/1996,1.714
09/05/1996,1.615
10/05/1996,1.515
11/05/1996,1.408
12/05/1996,1.331
13/05/1996,1.277
14/05/1996,1.227
15/05/1996,1.192
16/05/1996,1.141
17/05/1996,1.083
18/05/1996,1.079
19/05/1996,1.07
20/05/1996,1.061
21/05/1996,1.043
22/05/1996,0.987
23/05/1996,0.964
24/05/1996,0.963
25/05/1996,0.961
26/05/1996,0.942
27/05/1996,0.928
28/05/1996,0.875
29/05/1996,0.853
30/05/1996,0.851
31/05/1996,0.851
01/06/1996,0.851
02/06/1996,0.85
03/06/1996,0.83
04/06/1996,0.8
05/06/1996,0.766
06/06/1996,0.747
07/06/1996,0.745
08/06/1996,0.745
09/06/1996,0.745
10/06/1996,0.745
11/06/1996,0.745
12/06/1996,0.745
13/06/1996,0.745
14/06/1996,0.745
15/06/1996,0.822
16/06/1996,1.237
17/06/1996,2.088
18/06/1996,4.416
19/06/1996,7.78
20/06/1996,7.984
21/06/1996,6.457
22/06/1996,5.179
23/06/1996,3.772
24/06/1996,2.976
25/06/1996,2.431
26/06/1996,1.921
27/06/1996,1.785
28/06/1996,1.655
29/06/1996,1.543
30/06/1996,1.436
01/07/1996,1.371
02/07/1996,1.318
03/07/1996,1.267
04/07/1996,1.217
05/07/1996,1.167
06/07/1996,1.129
07/07/1996,1.111
08/07/1996,1.081
09/07/1996,1.284
10/07/1996,1.794
11/07/1996,1.783
12/07/1996,1.655
13/07/1996,1.543
14/07/1996,1.463
15/07/1996,1.434
16/07/1996,1.395
17/07/1996,1.32
18/07/1996,1.25
19/07/1996,1.18
20/07/1996,1.175
21/07/1996,1.152
22/07/1996,1.104
23/07/1996,1.032
24/07/1996,0.963
25/07/1996,0.919
26/07/1996,0.917
27/07/1996,0.917
28/07/1996,0.917
29/07/1996,0.907
30/07/1996,0.864
31/07/1996,0.83
01/08/1996,0.808
02/08/1996,0.779
03/08/1996,0.747
04/08/1996,0.745
05/08/1996,0.744
06/08/1996,0.726
07/08/1996,0.725
08/08/1996,0.725
09/08/1996,0.797
10/08/1996,1.041
11/08/1996,1.057
12/08/1996,1.056
13/08/1996,1.056
14/08/1996,1.107
15/08/1996,1.198
16/08/1996,1.201
17/08/1996,1.201
18/08/1996,1.201
19/08/1996,1.133
20/08/1996,0.989
21/08/1996,0.916
22/08/1996,0.854
23/08/1996,0.851
24/08/1996,0.841
25/08/1996,0.81
26/08/1996,0.808
27/08/1996,0.83
28/08/1996,0.851
29/08/1996,0.851
30/08/1996,0.841
31/08/1996,0.81
01/09/1996,0.808
02/09/1996,0.808
03/09/1996,0.808
04/09/1996,0.808
05/09/1996,0.807
06/09/1996,0.788
07/09/1996,0.787
08/09/1996,0.785
09/09/1996,0.767
10/09/1996,0.766
11/09/1996,0.766
12/09/1996,0.766
13/09/1996,0.766
14/09/1996,0.766
15/09/1996,0.781
16/09/1996,0.977
17/09/1996,1.156
18/09/1996,1.177
19/09/1996,1.177
20/09/1996,3.674
21/09/1996,57.259
22/09/1996,186.664
23/09/1996,131.0
24/09/1996,78.486
25/09/1996,50.063
26/09/1996,29.822
27/09/1996,16.824
28/09/1996,10.514
29/09/1996,7.007
30/09/1996,5.247
01/10/1996,3.856
02/10/1996,8.04
03/10/1996,19.127
04/10/1996,13.135
05/10/1996,13.491
06/10/1996,22.967
07/10/1996,29.776
08/10/1996,39.507
09/10/1996,29.541
10/10/1996,18.316
11/10/1996,10.881
12/10/1996,6.787
13/10/1996,4.613
14/10/1996,3.635
15/10/1996,3.283
16/10/1996,2.13
17/10/1996,1.729
18/10/1996,3.074
19/10/1996,4.063
20/10/1996,3.215
21/10/1996,2.422
22/10/1996,1.878
23/10/1996,1.714
24/10/1996,1.617
25/10/1996,1.572
26/10/1996,1.57
27/10/1996,1.57
28/10/1996,1.57
29/10/1996,1.614
30/10/1996,1.725
31/10/1996,1.74
01/11/1996,1.74
02/11/1996,1.74
03/11/1996,1.727
04/11/1996,1.743
05/11/1996,2.112
06/11/1996,2.769
07/11/1996,3.399
08/11/1996,3.603
09/11/1996,76.624
10/11/1996,168.985
11/11/1996,147.329
12/11/1996,84.977
13/11/1996,47.247
14/11/1996,28.673
15/11/1996,16.889
16/11/1996,9.821
17/11/1996,5.898
18/11/1996,3.919
19/11/1996,2.761
20/11/1996,2.05
21/11/1996,1.661
22/11/1996,1.465
23/11/1996,1.336
24/11/1996,1.177
25/11/1996,1.058
26/11/1996,0.964
27/11/1996,0.895
28/11/1996,0.843
29/11/1996,0.8
30/11/1996,0.745
01/12/1996,0.685
02/12/1996,0.645
03/12/1996,0.618
04/12/1996,0.59
05/12/1996,0.596
06/12/1996,0.573
07/12/1996,0.604
08/12/1996,0.598
09/12/1996,0.569
10/12/1996,0.552
11/12/1996,0.551
12/12/1996,0.549
13/12/1996,0.525
14/12/1996,0.498
15/12/1996,0.489
16/12/1996,0.463
17/12/1996,0.462
18/12/1996,0.462
19/12/1996,0.462
20/12/1996,0.462
21/12/1996,0.47
22/12/1996,0.496
23/12/1996,0.497
24/12/1996,0.497
25/12/1996,0.497
26/12/1996,0.497
27/12/1996,0.497
28/12/1996,0.496
29/12/1996,0.479
30/12/1996,0.463
31/12/1996,0.462
01/01/1997,0.462
02/01/1997,0.444
03/01/1997,0.396
04/01/1997,0.364
05/01/1997,0.341
06/01/1997,0.328
07/01/1997,0.31
08/01/1997,0.305
09/01/1997,0.305
10/01/1997,0.303
11/01/1997,0.29
12/01/1997,0.277
13/01/1997,0.276
14/01/1997,0.276
15/01/1997,0.276
16/01/1997,0.271
17/01/1997,0.262
18/01/1997,0.27
19/01/1997,0.302
20/01/1997,0.303
21/01/1997,0.29
22/01/1997,0.271
23/01/1997,0.249
24/01/1997,0.237
25/01/1997,0.236
26/01/1997,0.231
27/01/1997,0.222
28/01/1997,0.211
29/01/1997,0.205
30/01/1997,0.186
31/01/1997,0.175
01/02/1997,0.174
02/02/1997,0.173
03/02/1997,0.152
04/02/1997,0.139
05/02/1997,0.188
06/02/1997,0.209
07/02/1997,0.21
08/02/1997,0.21
09/02/1997,0.21
10/02/1997,5.741
11/02/1997,86.367
12/02/1997,88.483
13/02/1997,56.16
14/02/1997,34.641
15/02/1997,21.103
16/02/1997,13.646
17/02/1997,8.926
18/02/1997,10.484
19/02/1997,13.428
20/02/1997,10.557
21/02/1997,5.836
22/02/1997,3.621
23/02/1997,2.531
24/02/1997,2.024
25/02/1997,1.714
26/02/1997,1.56
27/02/1997,1.432
28/02/1997,1.322
01/03/1997,1.252
02/03/1997,1.147
03/03/1997,0.965
04/03/1997,0.856
05/03/1997,0.851
06/03/1997,0.85
07/03/1997,0.833
08/03/1997,0.848
09/03/1997,0.821
10/03/1997,0.779
11/03/1997,0.747
12/03/1997,0.745
13/03/1997,0.744
14/03/1997,0.725
15/03/1997,0.697
16/03/1997,0.665
17/03/1997,0.646
18/03/1997,0.645
19/03/1997,0.644
20/03/1997,0.627
21/03/1997,0.626
22/03/1997,0.627
23/03/1997,0.674
24/03/1997,0.742
25/03/1997,0.745
26/03/1997,0.745
27/03/1997,0.745
28/03/1997,0.745
29/03/1997,0.745
30/03/1997,0.745
31/03/1997,0.745
01/04/1997,0.745
02/04/1997,0.745
03/04/1997,0.745
04/04/1997,0.744
05/04/1997,0.717
06/04/1997,0.684
07/04/1997,0.644
08/04/1997,0.58
09/04/1997,0.527
10/04/1997,0.49
11/04/1997,0.463
12/04/1997,0.462
13/04/1997,0.462
14/04/1997,0.462
15/04/1997,0.462
16/04/1997,0.474
17/04/1997,0.498
18/04/1997,0.541
19/04/1997,0.618
20/04/1997,0.697
21/04/1997,0.853
22/04/1997,0.979
23/04/1997,1.207
24/04/1997,1.351
25/04/1997,1.443
26/04/1997,1.409
27/04/1997,1.407
28/04/1997,1.407
29/04/1997,1.379
30/04/1997,1.318
01/05/1997,1.223
02/05/1997,1.058
03/05/1997,0.94
04/05/1997,0.853
05/05/1997,0.81
06/05/1997,0.807
07/05/1997,0.787
08/05/1997,0.74
09/05/1997,0.678
10/05/1997,0.645
11/05/1997,0.627
12/05/1997,0.617
13/05/1997,0.576
14/05/1997,0.552
15/05/1997,0.551
16/05/1997,0.551
17/05/1997,0.551
18/05/1997,4.595
19/05/1997,90.115
20/05/1997,232.433
21/05/1997,196.241
22/05/1997,99.015
23/05/1997,54.657
24/05/1997,33.886
25/05/1997,17.4
26/05/1997,11.356
27/05/1997,6.984
28/05/1997,4.28
29/05/1997,3.05
30/05/1997,2.462
31/05/1997,1.88
01/06/1997,1.727
02/06/1997,1.515
03/06/1997,1.226
04/06/1997,1.131
05/06/1997,1.141
06/06/1997,1.223
07/06/1997,1.342
08/06/1997,1.737
09/06/1997,2.202
10/06/1997,2.485
11/06/1997,2.331
12/06/1997,2.007
13/06/1997,7.167
14/06/1997,49.805
15/06/1997,67.658
16/06/1997,47.334
17/06/1997,31.067
18/06/1997,22.233
19/06/1997,16.776
20/06/1997,12.583
21/06/1997,14.395
22/06/1997,52.443
23/06/1997,47.459
24/06/1997,71.441
25/06/1997,61.487
26/06/1997,47.799
27/06/1997,34.351
28/06/1997,22.335
29/06/1997,16.513
30/06/1997,9.873
01/07/1997,5.306
02/07/1997,3.264
03/07/1997,2.432
04/07/1997,2.042
05/07/1997,2.025
06/07/1997,1.996
07/07/1997,1.842
08/07/1997,1.828
09/07/1997,5.812
10/07/1997,14.421
11/07/1997,14.315
12/07/1997,13.065
13/07/1997,10.92
14/07/1997,8.378
15/07/1997,5.602
16/07/1997,4.207
17/07/1997,3.273
18/07/1997,2.469
19/07/1997,2.182
20/07/1997,2.105
21/07/1997,1.953
22/07/1997,1.687
23/07/1997,1.549
24/07/1997,1.436
25/07/1997,1.409
26/07/1997,1.393
27/07/1997,1.331
28/07/1997,1.277
29/07/1997,1.217
30/07/1997,1.178
31/07/1997,1.177
01/08/1997,1.236
02/08/1997,1.522
03/08/1997,2.484
04/08/1997,5.801
05/08/1997,9.021
06/08/1997,7.675
07/08/1997,7.156
08/08/1997,6.884
09/08/1997,6.222
10/08/1997,4.823
11/08/1997,3.323
12/08/1997,2.24
13/08/1997,1.84
14/08/1997,1.787
15/08/1997,1.829
16/08/1997,8.164
17/08/1997,25.249
18/08/1997,22.948
19/08/1997,75.969
20/08/1997,76.262
21/08/1997,43.138
22/08/1997,27.232
23/08/1997,20.812
24/08/1997,16.675
25/08/1997,11.037
26/08/1997,6.816
27/08/1997,4.577
28/08/1997,2.735
29/08/1997,2.231
30/08/1997,2.003
31/08/1997,1.862
01/09/1997,1.746
02/09/1997,1.699
03/09/1997,1.548
04/09/1997,1.5
05/09/1997,7.929
06/09/1997,13.035
07/09/1997,11.21
08/09/1997,55.288
09/09/1997,24.901
10/09/1997,10.243
11/09/1997,5.104
12/09/1997,3.138
13/09/1997,2.397
14/09/1997,1.763
15/09/1997,1.52
16/09/1997,1.36
17/09/1997,1.331
18/09/1997,1.317
19/09/1997,1.225
20/09/1997,1.099
21/09/1997,1.021
22/09/1997,0.912
23/09/1997,0.855
24/09/1997,0.851
25/09/1997,0.85
26/09/1997,0.831
27/09/1997,0.828
28/09/1997,0.81
29/09/1997,0.798
30/09/1997,0.768
01/10/1997,0.812
02/10/1997,0.92
03/10/1997,0.854
04/10/1997,1.012
05/10/1997,1.947
06/10/1997,3.989
07/10/1997,3.504
08/10/1997,2.527
09/10/1997,2.069
10/10/1997,1.737
11/10/1997,1.711
12/10/1997,1.81
13/10/1997,2.728
14/10/1997,5.357
15/10/1997,11.318
16/10/1997,13.837
17/10/1997,10.855
18/10/1997,8.884
19/10/1997,6.624
20/10/1997,4.65
21/10/1997,3.443
22/10/1997,2.52
23/10/1997,1.974
24/10/1997,2.032
25/10/1997,2.859
26/10/1997,3.129
27/10/1997,3.501
28/10/1997,33.079
29/10/1997,58.769
30/10/1997,57.77
31/10/1997,52.541
01/11/1997,42.931
02/11/1997,88.557
03/11/1997,103.332
04/11/1997,54.977
05/11/1997,36.801
06/11/1997,23.136
07/11/1997,18.66
08/11/1997,15.663
09/11/1997,24.605
10/11/1997,44.868
11/11/1997,32.995
12/11/1997,53.786
13/11/1997,90.575
14/11/1997,69.991
15/11/1997,55.237
16/11/1997,46.867
17/11/1997,32.956
18/11/1997,20.569
19/11/1997,14.548
20/11/1997,7.605
21/11/1997,5.781
22/11/1997,6.594
23/11/1997,5.095
24/11/1997,3.208
25/11/1997,2.132
26/11/1997,1.716
27/11/1997,1.56
28/11/1997,1.424
29/11/1997,1.333
30/11/1997,1.315
01/12/1997,1.255
02/12/1997,1.204
03/12/1997,1.361
04/12/1997,1.377
05/12/1997,1.277
06/12/1997,1.192
07/12/1997,1.104
08/12/1997,1.011
09/12/1997,0.938
10/12/1997,0.863
11/12/1997,0.827
12/12/1997,0.777
13/12/1997,15.879
14/12/1997,66.448
15/12/1997,48.313
16/12/1997,24.498
17/12/1997,16.113
18/12/1997,10.228
19/12/1997,7.049
20/12/1997,4.958
21/12/1997,6.36
22/12/1997,110.895
23/12/1997,165.345
24/12/1997,187.025
25/12/1997,98.116
26/12/1997,56.357
27/12/1997,104.999
28/12/1997,80.537
29/12/1997,82.694
30/12/1997,208.143
31/12/1997,149.965
01/01/1998,79.499
02/01/1998,70.596
03/01/1998,57.394
04/01/1998,55.596
05/01/1998,89.422
06/01/1998,342.695
07/01/1998,458.012
08/01/1998,212.75
09/01/1998,96.335
10/01/1998,53.512
11/01/1998,30.658
12/01/1998,20.57
13/01/1998,11.817
14/01/1998,7.536
15/01/1998,5.134
16/01/1998,3.789
17/01/1998,2.881
18/01/1998,2.303
19/01/1998,1.894
20/01/1998,1.814
21/01/1998,1.746
22/01/1998,1.86
23/01/1998,1.814
24/01/1998,1.742
25/01/1998,1.668
26/01/1998,1.518
27/01/1998,1.451
28/01/1998,1.738
29/01/1998,2.088
30/01/1998,3.032
31/01/1998,3.813
01/02/1998,3.467
02/02/1998,2.972
03/02/1998,9.717
04/02/1998,87.646
05/02/1998,90.194
06/02/1998,114.583
07/02/1998,191.887
08/02/1998,125.99
09/02/1998,64.652
10/02/1998,40.435
11/02/1998,29.376
12/02/1998,20.931
13/02/1998,13.93
14/02/1998,8.412
15/02/1998,5.346
16/02/1998,3.764
17/02/1998,2.873
18/02/1998,2.26
19/02/1998,1.828
20/02/1998,1.674
21/02/1998,1.571
22/02/1998,1.49
23/02/1998,1.463
24/02/1998,1.461
25/02/1998,1.461
26/02/1998,1.461
27/02/1998,1.74
28/02/1998,4.063
01/03/1998,5.978
02/03/1998,6.372
03/03/1998,5.382
04/03/1998,4.029
05/03/1998,3.046
06/03/1998,2.518
07/03/1998,3.115
08/03/1998,8.904
09/03/1998,26.817
10/03/1998,38.611
11/03/1998,32.531
12/03/1998,23.748
13/03/1998,18.801
14/03/1998,15.933
15/03/1998,13.057
16/03/1998,10.666
17/03/1998,6.74
18/03/1998,5.489
19/03/1998,5.018
20/03/1998,4.836
21/03/1998,4.318
22/03/1998,3.959
23/03/1998,4.208
24/03/1998,5.443
25/03/1998,4.806
26/03/1998,3.89
27/03/1998,2.854
28/03/1998,2.229
29/03/1998,1.898
30/03/1998,1.83
31/03/1998,1.798
01/04/1998,1.769
02/04/1998,1.698
03/04/1998,1.529
04/04/1998,1.347
05/04/1998,1.329
06/04/1998,1.342
07/04/1998,1.696
08/04/1998,2.336
09/04/1998,3.407
10/04/1998,15.539
11/04/1998,100.108
12/04/1998,41.461
13/04/1998,22.853
14/04/1998,21.365
15/04/1998,25.301
16/04/1998,36.388
17/04/1998,286.535
18/04/1998,799.781
19/04/1998,526.166
20/04/1998,180.775
21/04/1998,85.332
22/04/1998,55.546
23/04/1998,34.274
24/04/1998,21.709
25/04/1998,13.639
26/04/1998,8.981
27/04/1998,6.232
28/04/1998,4.705
29/04/1998,3.944
30/04/1998,3.556
01/05/1998,3.33
02/05/1998,3.115
03/05/1998,2.88
04/05/1998,2.866
05/05/1998,2.822
06/05/1998,2.68
07/05/1998,2.55
08/05/1998,2.22
09/05/1998,1.873
10/05/1998,1.763
11/05/1998,1.604
12/05/1998,1.572
13/05/1998,1.718
14/05/1998,23.759
15/05/1998,109.15
16/05/1998,95.678
17/05/1998,94.781
18/05/1998,85.114
19/05/1998,53.424
20/05/1998,34.738
21/05/1998,22.444
22/05/1998,16.497
23/05/1998,10.741
24/05/1998,7.904
25/05/1998,33.763
26/05/1998,227.805
27/05/1998,387.28
28/05/1998,124.586
29/05/1998,73.682
30/05/1998,50.37
31/05/1998,34.121
01/06/1998,18.089
02/06/1998,11.74
03/06/1998,9.123
04/06/1998,6.227
05/06/1998,4.057
06/06/1998,3.17
07/06/1998,2.469
08/06/1998,1.914
09/06/1998,4.036
10/06/1998,12.434
11/06/1998,45.133
12/06/1998,124.721
13/06/1998,118.506
14/06/1998,74.359
15/06/1998,42.748
16/06/1998,63.51
17/06/1998,76.912
18/06/1998,81.302
19/06/1998,84.981
20/06/1998,63.764
21/06/1998,39.319
22/06/1998,22.102
23/06/1998,12.303
24/06/1998,8.583
25/06/1998,5.83
26/06/1998,4.335
27/06/1998,3.395
28/06/1998,2.434
29/06/1998,2.006
30/06/1998,11.617
01/07/1998,63.284
02/07/1998,52.412
03/07/1998,38.661
04/07/1998,30.766
05/07/1998,27.543
06/07/1998,35.712
07/07/1998,55.897
08/07/1998,34.192
09/07/1998,20.915
10/07/1998,14.929
11/07/1998,12.131
12/07/1998,9.369
13/07/1998,6.676
14/07/1998,4.759
15/07/1998,3.823
16/07/1998,3.09
17/07/1998,27.635
18/07/1998,65.794
19/07/1998,50.409
20/07/1998,60.618
21/07/1998,49.937
22/07/1998,34.477
23/07/1998,19.079
24/07/1998,25.416
25/07/1998,58.447
26/07/1998,44.653
27/07/1998,27.269
28/07/1998,22.762
29/07/1998,21.176
30/07/1998,17.602
31/07/1998,14.039
01/08/1998,9.173
02/08/1998,5.264
03/08/1998,3.974
04/08/1998,2.936
05/08/1998,2.361
06/08/1998,2.33
07/08/1998,2.219
08/08/1998,2.001
09/08/1998,1.86
10/08/1998,3.518
11/08/1998,27.161
12/08/1998,27.77
13/08/1998,20.42
14/08/1998,17.573
15/08/1998,14.123
16/08/1998,9.796
17/08/1998,6.418
18/08/1998,4.348
19/08/1998,3.254
20/08/1998,2.727
21/08/1998,2.097
22/08/1998,1.873
23/08/1998,24.364
24/08/1998,59.383
25/08/1998,44.518
26/08/1998,65.317
27/08/1998,120.263
28/08/1998,120.933
29/08/1998,91.79
30/08/1998,65.005
31/08/1998,39.178
01/09/1998,18.113
02/09/1998,27.857
03/09/1998,133.604
04/09/1998,152.626
05/09/1998,140.839
06/09/1998,87.834
07/09/1998,49.4
08/09/1998,29.556
09/09/1998,17.527
10/09/1998,10.428
11/09/1998,5.731
12/09/1998,4.538
13/09/1998,3.6
14/09/1998,3.083
15/09/1998,3.061
16/09/1998,3.061
17/09/1998,3.179
18/09/1998,3.532
19/09/1998,3.474
20/09/1998,3.016
21/09/1998,2.385
22/09/1998,1.907
23/09/1998,1.758
24/09/1998,1.672
25/09/1998,1.6
26/09/1998,1.572
27/09/1998,1.557
28/09/1998,1.517
29/09/1998,1.515
30/09/1998,2.226
01/10/1998,4.901
02/10/1998,5.316
03/10/1998,4.152
04/10/1998,3.389
05/10/1998,2.82
06/10/1998,1.933
07/10/1998,1.661
08/10/1998,1.6
09/10/1998,1.554
10/10/1998,1.399
11/10/1998,1.267
12/10/1998,1.169
13/10/1998,1.118
14/10/1998,1.081
15/10/1998,1.079
16/10/1998,1.078
17/10/1998,1.057
18/10/1998,1.03
19/10/1998,0.976
20/10/1998,0.94
21/10/1998,0.894
22/10/1998,0.823
23/10/1998,0.788
24/10/1998,0.787
25/10/1998,0.787
26/10/1998,0.785
27/10/1998,0.767
28/10/1998,0.766
29/10/1998,0.766
30/10/1998,0.766
31/10/1998,0.766
01/11/1998,0.766
02/11/1998,0.764
03/11/1998,0.747
04/11/1998,0.736
05/11/1998,0.685
06/11/1998,0.637
07/11/1998,0.599
08/11/1998,0.558
09/11/1998,0.525
10/11/1998,0.49
11/11/1998,0.463
12/11/1998,0.462
13/11/1998,0.462
14/11/1998,0.462
15/11/1998,0.462
16/11/1998,0.462
17/11/1998,0.462
18/11/1998,0.472
19/11/1998,0.512
20/11/1998,0.515
21/11/1998,0.515
22/11/1998,0.496
23/11/1998,0.463
24/11/1998,0.462
25/11/1998,0.462
26/11/1998,0.462
27/11/1998,0.462
28/11/1998,0.462
29/11/1998,0.462
30/11/1998,0.462
01/12/1998,0.462
02/12/1998,0.462
03/12/1998,0.462
04/12/1998,0.462
05/12/1998,0.462
06/12/1998,0.462
07/12/1998,0.462
08/12/1998,0.462
09/12/1998,0.462
10/12/1998,0.462
11/12/1998,0.462
12/12/1998,0.462
13/12/1998,0.462
14/12/1998,0.517
15/12/1998,0.661
16/12/1998,0.748
17/12/1998,0.887
18/12/1998,0.87
19/12/1998,0.81
20/12/1998,0.765
21/12/1998,0.685
22/12/1998,0.627
23/12/1998,0.607
24/12/1998,0.586
25/12/1998,0.543
26/12/1998,0.498
27/12/1998,0.481
28/12/1998,0.479
29/12/1998,0.526
30/12/1998,0.641
31/12/1998,0.665
01/01/1999,0.645
02/01/1999,0.601
03/01/1999,0.594
04/01/1999,0.549
05/01/1999,0.499
06/01/1999,0.49
07/01/1999,0.479
08/01/1999,0.479
09/01/1999,0.479
10/01/1999,0.468
11/01/1999,0.429
12/01/1999,0.396
13/01/1999,0.381
14/01/1999,0.38
15/01/1999,0.379
16/01/1999,0.366
17/01/1999,0.363
18/01/1999,0.35
19/01/1999,0.349
20/01/1999,0.349
21/01/1999,0.349
22/01/1999,0.349
23/01/1999,0.349
24/01/1999,0.349
25/01/1999,0.349
26/01/1999,0.349
27/01/1999,0.349
28/01/1999,0.35
29/01/1999,0.38
30/01/1999,0.411
31/01/1999,0.435
01/02/1999,0.564
02/02/1999,1.074
03/02/1999,1.509
04/02/1999,1.781
05/02/1999,1.539
06/02/1999,1.378
07/02/1999,1.631
08/02/1999,2.687
09/02/1999,2.938
10/02/1999,2.283
11/02/1999,1.712
12/02/1999,1.512
13/02/1999,1.297
14/02/1999,1.167
15/02/1999,1.047
16/02/1999,0.955
17/02/1999,0.895
18/02/1999,0.828
19/02/1999,0.759
20/02/1999,0.717
21/02/1999,0.683
22/02/1999,0.639
23/02/1999,0.599
24/02/1999,0.563
25/02/1999,0.549
26/02/1999,0.532
27/02/1999,0.515
28/02/1999,0.497
01/03/1999,0.479
02/03/1999,0.463
03/03/1999,0.462
04/03/1999,0.451
05/03/1999,0.429
06/03/1999,0.521
07/03/1999,0.719
08/03/1999,0.714
09/03/1999,0.648
10/03/1999,0.623
11/03/1999,0.563
12/03/1999,0.525
13/03/1999,0.497
14/03/1999,0.47
15/03/1999,0.462
16/03/1999,0.462
17/03/1999,0.462
18/03/1999,0.462
19/03/1999,0.472
20/03/1999,0.531
21/03/1999,0.568
22/03/1999,0.589
23/03/1999,0.645
24/03/1999,0.695
25/03/1999,0.738
26/03/1999,0.825
27/03/1999,0.83
28/03/1999,0.84
29/03/1999,0.863
30/03/1999,0.85
31/03/1999,0.83
01/04/1999,0.798
02/04/1999,0.771
03/04/1999,0.956
04/04/1999,12.902
05/04/1999,36.161
06/04/1999,20.181
07/04/1999,15.234
08/04/1999,13.562
09/04/1999,11.757
10/04/1999,9.45
11/04/1999,6.348
12/04/1999,4.031
13/04/1999,2.577
14/04/1999,1.853
15/04/1999,1.71
16/04/1999,1.619
17/04/1999,1.598
18/04/1999,1.526
19/04/1999,1.357
20/04/1999,1.252
21/04/1999,1.126
22/04/1999,1.014
23/04/1999,0.998
24/04/1999,0.954
25/04/1999,0.909
26/04/1999,0.873
27/04/1999,0.852
28/04/1999,1.02
29/04/1999,1.247
30/04/1999,1.313
01/05/1999,1.252
02/05/1999,1.201
03/05/1999,1.15
04/05/1999,1.083
05/05/1999,1.078
06/05/1999,1.03
07/05/1999,0.966
08/05/1999,0.95
09/05/1999,0.888
10/05/1999,0.851
11/05/1999,0.83
12/05/1999,0.787
13/05/1999,0.745
14/05/1999,0.725
15/05/1999,0.704
16/05/1999,0.665
17/05/1999,0.627
18/05/1999,0.626
19/05/1999,0.624
20/05/1999,0.599
21/05/1999,0.569
22/05/1999,0.552
23/05/1999,0.549
24/05/1999,0.525
25/05/1999,0.498
26/05/1999,0.497
27/05/1999,0.497
28/05/1999,0.497
29/05/1999,0.516
30/05/1999,0.572
31/05/1999,1.395
01/06/1999,6.814
02/06/1999,9.792
03/06/1999,9.13
04/06/1999,6.444
05/06/1999,4.08
06/06/1999,2.826
07/06/1999,1.9
08/06/1999,1.776
09/06/1999,3.958
10/06/1999,14.146
11/06/1999,16.27
12/06/1999,14.274
13/06/1999,11.916
14/06/1999,10.447
15/06/1999,7.426
16/06/1999,5.508
17/06/1999,4.107
18/06/1999,2.794
19/06/1999,1.92
20/06/1999,1.804
21/06/1999,1.629
22/06/1999,1.503
23/06/1999,1.385
24/06/1999,1.355
25/06/1999,1.329
26/06/1999,1.653
27/06/1999,20.564
28/06/1999,175.431
29/06/1999,452.613
30/06/1999,323.817
01/07/1999,113.723
02/07/1999,63.321
03/07/1999,39.848
04/07/1999,23.929
05/07/1999,18.291
06/07/1999,16.173
07/07/1999,11.944
08/07/1999,6.484
09/07/1999,4.601
10/07/1999,3.329
11/07/1999,2.512
12/07/1999,2.048
13/07/1999,1.971
14/07/1999,2.801
15/07/1999,11.161
16/07/1999,9.734
17/07/1999,6.845
18/07/1999,5.2
19/07/1999,4.107
20/07/1999,3.957
21/07/1999,7.397
22/07/1999,12.5
23/07/1999,12.35
24/07/1999,10.957
25/07/1999,9.472
26/07/1999,7.114
27/07/1999,9.352
28/07/1999,34.095
29/07/1999,41.969
30/07/1999,25.962
31/07/1999,17.165
01/08/1999,11.578
02/08/1999,8.967
03/08/1999,7.438
04/08/1999,5.742
05/08/1999,3.188
06/08/1999,2.588
07/08/1999,8.445
08/08/1999,10.093
09/08/1999,8.353
10/08/1999,9.7
11/08/1999,10.365
12/08/1999,8.213
13/08/1999,6.806
14/08/1999,4.474
15/08/1999,2.685
16/08/1999,2.081
17/08/1999,1.792
18/08/1999,1.655
19/08/1999,1.543
20/08/1999,1.452
21/08/1999,1.397
22/08/1999,1.355
23/08/1999,1.331
24/08/1999,1.317
25/08/1999,1.267
26/08/1999,1.228
27/08/1999,1.227
28/08/1999,1.24
29/08/1999,1.315
30/08/1999,1.329
31/08/1999,1.331
01/09/1999,1.353
02/09/1999,1.344
03/09/1999,1.329
04/09/1999,1.329
05/09/1999,1.329
06/09/1999,1.462
07/09/1999,13.957
08/09/1999,49.465
09/09/1999,92.064
10/09/1999,62.368
11/09/1999,37.312
12/09/1999,25.361
13/09/1999,16.032
14/09/1999,11.881
15/09/1999,16.207
16/09/1999,18.443
17/09/1999,17.407
18/09/1999,16.42
19/09/1999,12.925
20/09/1999,8.259
21/09/1999,5.02
22/09/1999,3.369
23/09/1999,2.315
24/09/1999,1.781
25/09/1999,1.598
26/09/1999,1.465
27/09/1999,1.357
28/09/1999,1.276
29/09/1999,1.192
30/09/1999,1.104
01/10/1999,1.035
02/10/1999,1.032
03/10/1999,1.032
04/10/1999,1.032
05/10/1999,0.981
06/10/1999,0.878
07/10/1999,0.961
08/10/1999,1.291
09/10/1999,1.434
10/10/1999,1.539
11/10/1999,1.581
12/10/1999,2.034
13/10/1999,10.982
14/10/1999,68.302
15/10/1999,100.894
16/10/1999,80.51
17/10/1999,49.78
18/10/1999,28.574
19/10/1999,15.793
20/10/1999,8.537
21/10/1999,5.348
22/10/1999,3.668
23/10/1999,2.532
24/10/1999,1.947
25/10/1999,1.659
26/10/1999,1.465
27/10/1999,1.357
28/10/1999,1.277
29/10/1999,1.202
30/10/1999,1.107
31/10/1999,0.987
01/11/1999,0.916
02/11/1999,0.854
03/11/1999,0.851
04/11/1999,0.85
05/11/1999,0.808
06/11/1999,0.758
07/11/1999,0.717
08/11/1999,0.677
09/11/1999,0.645
10/11/1999,0.626
11/11/1999,0.599
12/11/1999,0.562
13/11/1999,0.524
14/11/1999,0.473
15/11/1999,0.423
16/11/1999,0.396
17/11/1999,0.381
18/11/1999,0.38
19/11/1999,0.38
20/11/1999,0.38
21/11/1999,0.38
22/11/1999,0.38
23/11/1999,0.396
24/11/1999,0.459
25/11/1999,0.462
26/11/1999,0.462
27/11/1999,0.462
28/11/1999,0.45
29/11/1999,0.426
30/11/1999,0.391
01/12/1999,0.379
02/12/1999,0.366
03/12/1999,0.364
04/12/1999,0.364
05/12/1999,0.364
06/12/1999,0.363
07/12/1999,0.35
08/12/1999,0.342
09/12/1999,0.314
10/12/1999,0.305
11/12/1999,0.303
12/12/1999,0.291
13/12/1999,0.289
14/12/1999,0.277
15/12/1999,0.283
16/12/1999,0.303
17/12/1999,0.303
18/12/1999,0.29
19/12/1999,0.263
20/12/1999,0.223
21/12/1999,0.193
22/12/1999,0.158
23/12/1999,0.111
24/12/1999,0.083
25/12/1999,0.053
26/12/1999,0.016
27/12/1999,0.012
28/12/1999,0.012
29/12/1999,0.012
30/12/1999,0.012
31/12/1999,0.012
01/01/2000,0.012
02/01/2000,0.012
03/01/2000,0.012
04/01/2000,0.012
05/01/2000,0.012
06/01/2000,0.012
07/01/2000,0.012
08/01/2000,0.012
09/01/2000,0.012
10/01/2000,0.012
11/01/2000,0.012
12/01/2000,0.012
13/01/2000,0.012
14/01/2000,0.012
15/01/2000,0.012
16/01/2000,0.012
17/01/2000,0.012
18/01/2000,0.012
19/01/2000,0.015
20/01/2000,0.163
21/01/2000,0.579
22/01/2000,0.762
23/01/2000,0.868
24/01/2000,0.885
25/01/2000,0.851
26/01/2000,0.807
27/01/2000,0.728
28/01/2000,0.649
29/01/2000,0.624
30/01/2000,0.582
31/01/2000,0.582
01/02/2000,0.585
02/02/2000,0.551
03/02/2000,0.525
04/02/2000,0.498
05/02/2000,0.49
06/02/2000,0.473
07/02/2000,0.511
08/02/2000,0.638
09/02/2000,0.676
10/02/2000,0.744
11/02/2000,0.71
12/02/2000,0.656
13/02/2000,0.703
14/02/2000,0.784
15/02/2000,1.016
16/02/2000,1.185
17/02/2000,1.2
18/02/2000,1.15
19/02/2000,1.045
20/02/2000,0.934
21/02/2000,0.873
22/02/2000,0.807
23/02/2000,0.734
24/02/2000,0.685
25/02/2000,0.639
26/02/2000,0.624
27/02/2000,0.611
28/02/2000,0.633
29/02/2000,0.607
01/03/2000,0.572
02/03/2000,0.568
03/03/2000,0.569
04/03/2000,0.569
05/03/2000,0.569
06/03/2000,0.589
07/03/2000,0.636
08/03/2000,0.645
09/03/2000,0.645
10/03/2000,0.645
11/03/2000,0.645
12/03/2000,0.644
13/03/2000,0.619
14/03/2000,0.596
15/03/2000,0.545
16/03/2000,0.516
17/03/2000,0.533
18/03/2000,0.551
19/03/2000,0.551
20/03/2000,0.551
21/03/2000,0.589
22/03/2000,0.644
23/03/2000,0.646
24/03/2000,0.694
25/03/2000,0.704
26/03/2000,0.686
27/03/2000,0.684
28/03/2000,0.675
29/03/2000,0.646
30/03/2000,0.676
31/03/2000,0.776
01/04/2000,0.798
02/04/2000,0.766
03/04/2000,0.772
04/04/2000,0.777
05/04/2000,0.747
06/04/2000,0.748
07/04/2000,0.805
08/04/2000,0.83
09/04/2000,0.843
10/04/2000,0.851
11/04/2000,0.882
12/04/2000,0.94
13/04/2000,0.937
14/04/2000,0.866
15/04/2000,0.831
16/04/2000,0.83
17/04/2000,0.862
18/04/2000,1.161
19/04/2000,2.688
20/04/2000,10.758
21/04/2000,11.267
22/04/2000,12.258
23/04/2000,12.404
24/04/2000,10.638
25/04/2000,8.455
26/04/2000,5.911
27/04/2000,4.157
28/04/2000,2.911
29/04/2000,2.075
30/04/2000,1.649
01/05/2000,21.876
02/05/2000,146.667
03/05/2000,152.974
04/05/2000,169.872
05/05/2000,202.931
06/05/2000,197.438
07/05/2000,102.767
08/05/2000,69.546
09/05/2000,48.118
10/05/2000,31.419
11/05/2000,20.113
12/05/2000,13.976
13/05/2000,9.9
14/05/2000,7.742
15/05/2000,19.153
16/05/2000,192.386
17/05/2000,217.272
18/05/2000,160.118
19/05/2000,76.503
20/05/2000,39.688
21/05/2000,22.739
22/05/2000,19.255
23/05/2000,15.128
24/05/2000,11.462
25/05/2000,14.519
26/05/2000,51.545
27/05/2000,58.558
28/05/2000,51.572
29/05/2000,42.591
30/05/2000,28.193
31/05/2000,18.223
01/06/2000,12.209
02/06/2000,8.581
03/06/2000,6.064
04/06/2000,4.174
05/06/2000,3.193
06/06/2000,2.651
07/06/2000,28.833
08/06/2000,56.1
09/06/2000,46.859
10/06/2000,155.727
11/06/2000,386.913
12/06/2000,253.464
13/06/2000,101.678
14/06/2000,60.78
15/06/2000,33.929
16/06/2000,20.957
17/06/2000,14.163
18/06/2000,10.22
19/06/2000,7.749
20/06/2000,5.953
21/06/2000,4.873
22/06/2000,4.275
23/06/2000,3.881
24/06/2000,3.396
25/06/2000,3.33
26/06/2000,3.008
27/06/2000,2.438
28/06/2000,18.882
29/06/2000,67.218
30/06/2000,83.315
01/07/2000,82.766
02/07/2000,156.159
03/07/2000,179.452
04/07/2000,146.514
05/07/2000,74.68
06/07/2000,39.367
07/07/2000,25.738
08/07/2000,24.672
09/07/2000,43.298
10/07/2000,89.508
11/07/2000,141.83
12/07/2000,151.65
13/07/2000,117.585
14/07/2000,72.072
15/07/2000,45.618
16/07/2000,34.366
17/07/2000,22.119
18/07/2000,13.975
19/07/2000,10.249
20/07/2000,7.095
21/07/2000,5.055
22/07/2000,4.026
23/07/2000,3.284
24/07/2000,2.914
25/07/2000,2.39
26/07/2000,1.968
27/07/2000,1.832
28/07/2000,1.826
29/07/2000,1.789
30/07/2000,1.754
31/07/2000,1.685
01/08/2000,1.641
02/08/2000,1.559
03/08/2000,1.492
04/08/2000,1.488
05/08/2000,1.488
06/08/2000,1.488
07/08/2000,1.486
08/08/2000,1.463
09/08/2000,1.461
10/08/2000,1.461
11/08/2000,1.461
12/08/2000,1.461
13/08/2000,1.461
14/08/2000,1.45
15/08/2000,1.434
16/08/2000,1.432
17/08/2000,1.381
18/08/2000,1.331
19/08/2000,1.329
20/08/2000,1.318
21/08/2000,1.303
22/08/2000,1.303
23/08/2000,1.345
24/08/2000,3.738
25/08/2000,43.093
26/08/2000,43.044
27/08/2000,47.147
28/08/2000,41.598
29/08/2000,26.668
30/08/2000,17.608
31/08/2000,11.065
01/09/2000,7.379
02/09/2000,5.01
03/09/2000,3.144
04/09/2000,1.862
05/09/2000,1.641
06/09/2000,1.485
07/09/2000,1.321
08/09/2000,1.23
09/09/2000,1.227
10/09/2000,1.227
11/09/2000,1.402
12/09/2000,1.794
13/09/2000,2.169
14/09/2000,2.917
15/09/2000,5.389
16/09/2000,7.828
17/09/2000,8.236
18/09/2000,11.549
19/09/2000,24.795
20/09/2000,76.74
21/09/2000,233.976
22/09/2000,132.853
23/09/2000,66.14
24/09/2000,45.418
25/09/2000,23.527
26/09/2000,14.11
27/09/2000,8.86
28/09/2000,6.131
29/09/2000,4.549
30/09/2000,3.208
01/10/2000,2.346
02/10/2000,1.988
03/10/2000,20.237
04/10/2000,59.439
05/10/2000,44.192
06/10/2000,31.338
07/10/2000,23.641
08/10/2000,17.687
09/10/2000,15.136
10/10/2000,17.625
11/10/2000,11.323
12/10/2000,6.305
13/10/2000,4.874
14/10/2000,3.843
15/10/2000,3.374
16/10/2000,3.069
17/10/2000,2.758
18/10/2000,2.095
19/10/2000,1.774
20/10/2000,1.681
21/10/2000,1.589
22/10/2000,1.599
23/10/2000,1.82
24/10/2000,1.885
25/10/2000,1.887
26/10/2000,22.446
27/10/2000,173.126
28/10/2000,174.639
29/10/2000,84.275
30/10/2000,63.963
31/10/2000,47.231
01/11/2000,17.006
02/11/2000,10.777
03/11/2000,8.546
04/11/2000,7.909
05/11/2000,7.145
06/11/2000,6.183
07/11/2000,4.664
08/11/2000,3.603
09/11/2000,2.973
10/11/2000,2.282
11/11/2000,1.809
12/11/2000,1.56
13/11/2000,1.397
14/11/2000,1.369
15/11/2000,1.329
16/11/2000,1.303
17/11/2000,1.277
18/11/2000,1.252
19/11/2000,1.227
20/11/2000,1.201
21/11/2000,1.152
22/11/2000,1.094
23/11/2000,1.057
24/11/2000,1.045
25/11/2000,0.984
26/11/2000,0.91
27/11/2000,0.873
28/11/2000,0.853
29/11/2000,0.841
30/11/2000,0.787
01/12/2000,0.747
02/12/2000,0.736
03/12/2000,0.697
04/12/2000,0.644
05/12/2000,0.59
06/12/2000,0.588
07/12/2000,0.588
08/12/2000,0.586
09/12/2000,0.57
10/12/2000,0.568
11/12/2000,0.551
12/12/2000,0.525
13/12/2000,0.498
14/12/2000,0.561
15/12/2000,0.571
16/12/2000,0.66
17/12/2000,0.706
18/12/2000,0.744
19/12/2000,0.745
20/12/2000,0.745
21/12/2000,0.745
22/12/2000,0.745
23/12/2000,0.745
24/12/2000,0.731
25/12/2000,0.697
26/12/2000,0.627
27/12/2000,0.692
28/12/2000,0.974
29/12/2000,1.145
30/12/2000,1.129
31/12/2000,1.118
01/01/2001,1.094
02/01/2001,1.062
03/01/2001,1.001
04/01/2001,0.954
05/01/2001,0.885
06/01/2001,0.811
07/01/2001,0.8
08/01/2001,0.785
09/01/2001,0.759
10/01/2001,0.801
11/01/2001,0.889
12/01/2001,0.853
13/01/2001,0.851
14/01/2001,0.945
15/01/2001,1.234
16/01/2001,1.418
17/01/2001,1.434
18/01/2001,1.406
19/01/2001,1.346
20/01/2001,1.317
21/01/2001,1.25
22/01/2001,1.169
23/01/2001,1.102
24/01/2001,1.009
25/01/2001,0.933
26/01/2001,0.886
27/01/2001,0.83
28/01/2001,0.766
29/01/2001,0.703
30/01/2001,0.639
31/01/2001,0.607
01/02/2001,0.589
02/02/2001,0.586
03/02/2001,0.562
04/02/2001,0.532
05/02/2001,0.497
06/02/2001,0.463
07/02/2001,0.462
08/02/2001,0.462
09/02/2001,0.456
10/02/2001,0.445
11/02/2001,0.445
12/02/2001,0.445
13/02/2001,0.445
14/02/2001,0.426
15/02/2001,0.382
16/02/2001,0.374
17/02/2001,0.363
18/02/2001,0.342
19/02/2001,0.307
20/02/2001,0.305
21/02/2001,0.305
22/02/2001,0.305
23/02/2001,0.305
24/02/2001,0.305
25/02/2001,0.32
26/02/2001,0.347
27/02/2001,0.335
28/02/2001,0.334
01/03/2001,0.342
02/03/2001,0.378
03/03/2001,0.38
04/03/2001,0.405
05/03/2001,0.46
06/03/2001,0.462
07/03/2001,0.489
08/03/2001,0.559
09/03/2001,0.569
10/03/2001,0.588
11/03/2001,0.607
12/03/2001,0.605
13/03/2001,0.588
14/03/2001,0.57
15/03/2001,0.569
16/03/2001,0.569
17/03/2001,0.601
18/03/2001,0.708
19/03/2001,0.691
20/03/2001,0.583
21/03/2001,0.568
22/03/2001,44.571
23/03/2001,382.196
24/03/2001,276.756
25/03/2001,125.417
26/03/2001,69.042
27/03/2001,48.358
28/03/2001,35.892
29/03/2001,23.501
30/03/2001,17.988
31/03/2001,14.209
01/04/2001,11.42
02/04/2001,9.47
03/04/2001,4.912
04/04/2001,2.615
05/04/2001,1.854
06/04/2001,1.655
07/04/2001,1.509
08/04/2001,1.452
09/04/2001,1.975
10/04/2001,13.439
11/04/2001,34.605
12/04/2001,52.824
13/04/2001,48.93
14/04/2001,34.431
15/04/2001,20.641
16/04/2001,12.465
17/04/2001,9.237
18/04/2001,5.164
19/04/2001,3.63
20/04/2001,2.683
21/04/2001,1.912
22/04/2001,1.841
23/04/2001,8.3
24/04/2001,61.43
25/04/2001,55.968
26/04/2001,46.001
27/04/2001,38.267
28/04/2001,27.577
29/04/2001,22.492
30/04/2001,52.652
01/05/2001,338.213
02/05/2001,398.189
03/05/2001,207.206
04/05/2001,100.386
05/05/2001,64.296
06/05/2001,41.431
07/05/2001,23.67
08/05/2001,15.793
09/05/2001,13.722
10/05/2001,13.305
11/05/2001,14.683
12/05/2001,14.089
13/05/2001,9.934
14/05/2001,8.542
15/05/2001,7.363
16/05/2001,7.506
17/05/2001,12.203
18/05/2001,14.69
19/05/2001,14.71
20/05/2001,18.706
21/05/2001,20.411
22/05/2001,22.501
23/05/2001,22.743
24/05/2001,15.121
25/05/2001,11.405
26/05/2001,9.418
27/05/2001,7.093
28/05/2001,5.71
29/05/2001,4.935
30/05/2001,3.974
31/05/2001,15.316
01/06/2001,43.894
02/06/2001,67.734
03/06/2001,145.695
04/06/2001,151.771
05/06/2001,97.591
06/06/2001,73.287
07/06/2001,50.663
08/06/2001,41.213
09/06/2001,35.968
10/06/2001,30.118
11/06/2001,23.594
12/06/2001,16.714
13/06/2001,10.498
14/06/2001,7.129
15/06/2001,5.647
16/06/2001,5.029
17/06/2001,7.313
18/06/2001,10.772
19/06/2001,11.597
20/06/2001,14.282
21/06/2001,16.143
22/06/2001,12.642
23/06/2001,11.48
24/06/2001,9.115
25/06/2001,6.733
26/06/2001,5.612
27/06/2001,5.0
28/06/2001,4.599
29/06/2001,4.579
30/06/2001,4.579
01/07/2001,4.579
02/07/2001,7.974
03/07/2001,14.23
04/07/2001,22.036
05/07/2001,27.47
06/07/2001,23.84
07/07/2001,25.03
08/07/2001,24.626
09/07/2001,21.386
10/07/2001,29.364
11/07/2001,74.692
12/07/2001,46.811
13/07/2001,27.177
14/07/2001,23.981
15/07/2001,22.605
16/07/2001,18.453
17/07/2001,20.19
18/07/2001,23.26
19/07/2001,23.821
20/07/2001,68.963
21/07/2001,48.8
22/07/2001,42.496
23/07/2001,40.905
24/07/2001,33.894
25/07/2001,21.248
26/07/2001,13.604
27/07/2001,10.531
28/07/2001,8.811
29/07/2001,5.608
30/07/2001,3.962
31/07/2001,2.859
01/08/2001,2.68
02/08/2001,2.467
03/08/2001,2.152
04/08/2001,1.959
05/08/2001,1.846
06/08/2001,1.787
07/08/2001,1.742
08/08/2001,1.736
09/08/2001,1.687
10/08/2001,1.67
11/08/2001,1.628
12/08/2001,1.626
13/08/2001,1.626
14/08/2001,1.626
15/08/2001,1.639
16/08/2001,1.712
17/08/2001,5.643
18/08/2001,21.983
19/08/2001,42.169
20/08/2001,25.577
21/08/2001,21.332
22/08/2001,20.47
23/08/2001,17.917
24/08/2001,13.219
25/08/2001,8.726
26/08/2001,6.938
27/08/2001,4.989
28/08/2001,5.515
29/08/2001,8.783
30/08/2001,7.873
31/08/2001,9.644
01/09/2001,64.945
02/09/2001,330.838
03/09/2001,504.565
04/09/2001,245.601
05/09/2001,107.235
06/09/2001,70.235
07/09/2001,138.389
08/09/2001,273.347
09/09/2001,205.834
10/09/2001,115.22
11/09/2001,63.435
12/09/2001,35.325
13/09/2001,21.51
14/09/2001,14.907
15/09/2001,10.994
16/09/2001,8.725
17/09/2001,6.228
18/09/2001,4.814
19/09/2001,3.978
20/09/2001,3.941
21/09/2001,3.572
22/09/2001,2.735
23/09/2001,2.425
24/09/2001,2.867
25/09/2001,10.501
26/09/2001,7.905
27/09/2001,4.529
28/09/2001,3.251
29/09/2001,2.376
30/09/2001,117.785
01/10/2001,204.294
02/10/2001,180.496
03/10/2001,97.079
04/10/2001,53.613
05/10/2001,35.413
06/10/2001,24.745
07/10/2001,18.416
08/10/2001,12.249
09/10/2001,11.06
10/10/2001,8.921
11/10/2001,8.012
12/10/2001,6.78
13/10/2001,6.332
14/10/2001,5.53
15/10/2001,4.886
16/10/2001,9.206
17/10/2001,70.366
18/10/2001,177.689
19/10/2001,140.802
20/10/2001,94.114
21/10/2001,63.929
22/10/2001,30.996
23/10/2001,19.144
24/10/2001,16.995
25/10/2001,15.452
26/10/2001,12.655
27/10/2001,10.331
28/10/2001,12.396
29/10/2001,23.394
30/10/2001,28.814
31/10/2001,33.432
01/11/2001,34.554
02/11/2001,27.581
03/11/2001,19.871
04/11/2001,16.16
05/11/2001,12.107
06/11/2001,14.432
07/11/2001,72.274
08/11/2001,71.056
09/11/2001,48.206
10/11/2001,218.085
11/11/2001,335.027
12/11/2001,172.213
13/11/2001,84.985
14/11/2001,54.387
15/11/2001,38.929
16/11/2001,23.741
17/11/2001,12.129
18/11/2001,6.973
19/11/2001,4.456
20/11/2001,3.295
21/11/2001,3.238
22/11/2001,3.112
23/11/2001,3.067
24/11/2001,27.386
25/11/2001,19.693
26/11/2001,10.772
27/11/2001,7.984
28/11/2001,5.156
29/11/2001,3.595
30/11/2001,2.736
01/12/2001,3.005
02/12/2001,2.638
03/12/2001,2.867
04/12/2001,4.056
05/12/2001,4.206
06/12/2001,3.759
07/12/2001,3.033
08/12/2001,2.569
09/12/2001,2.154
10/12/2001,1.838
11/12/2001,1.758
12/12/2001,1.655
13/12/2001,1.549
14/12/2001,1.49
15/12/2001,1.488
16/12/2001,1.486
17/12/2001,1.378
18/12/2001,1.199
19/12/2001,1.092
20/12/2001,0.966
21/12/2001,0.942
22/12/2001,0.94
23/12/2001,0.938
24/12/2001,0.919
25/12/2001,0.894
26/12/2001,0.82
27/12/2001,0.739
28/12/2001,0.704
29/12/2001,0.677
30/12/2001,0.646
31/12/2001,0.661
01/01/2002,0.863
02/01/2002,0.892
03/01/2002,0.853
04/01/2002,0.85
05/01/2002,0.831
06/01/2002,0.83
07/01/2002,0.83
08/01/2002,0.83
09/01/2002,0.808
10/01/2002,0.777
11/01/2002,0.736
12/01/2002,0.668
13/01/2002,0.646
14/01/2002,0.686
15/01/2002,0.755
16/01/2002,0.766
17/01/2002,0.758
18/01/2002,0.745
19/01/2002,0.745
20/01/2002,0.745
21/01/2002,0.778
22/01/2002,0.848
23/01/2002,0.851
24/01/2002,0.843
25/01/2002,0.83
26/01/2002,1.204
27/01/2002,2.461
28/01/2002,3.809
29/01/2002,5.999
30/01/2002,4.672
31/01/2002,6.145
01/02/2002,34.029
02/02/2002,76.72
03/02/2002,63.806
04/02/2002,42.994
05/02/2002,23.828
06/02/2002,13.852
07/02/2002,7.713
08/02/2002,4.313
09/02/2002,2.543
10/02/2002,1.91
11/02/2002,1.703
12/02/2002,1.348
13/02/2002,1.327
14/02/2002,1.303
15/02/2002,1.257
16/02/2002,1.203
17/02/2002,1.201
18/02/2002,1.201
19/02/2002,1.247
20/02/2002,1.231
21/02/2002,1.201
22/02/2002,1.172
23/02/2002,1.142
24/02/2002,1.128
25/02/2002,1.102
26/02/2002,1.03
27/02/2002,0.924
28/02/2002,0.875
01/03/2002,0.873
02/03/2002,0.956
03/03/2002,1.168
04/03/2002,1.4
05/03/2002,1.868
06/03/2002,2.715
07/03/2002,4.436
08/03/2002,7.774
09/03/2002,16.633
10/03/2002,35.702
11/03/2002,36.378
12/03/2002,33.319
13/03/2002,29.801
14/03/2002,27.706
15/03/2002,29.958
16/03/2002,39.223
17/03/2002,61.115
18/03/2002,68.35
19/03/2002,72.441
20/03/2002,60.059
21/03/2002,52.634
22/03/2002,50.687
23/03/2002,35.502
24/03/2002,20.492
25/03/2002,14.302
26/03/2002,27.728
27/03/2002,50.106
28/03/2002,54.439
29/03/2002,54.74
30/03/2002,75.035
31/03/2002,99.13
01/04/2002,85.979
02/04/2002,68.473
03/04/2002,51.068
04/04/2002,32.818
05/04/2002,22.703
06/04/2002,18.906
07/04/2002,14.048
08/04/2002,7.74
09/04/2002,5.598
10/04/2002,3.769
11/04/2002,8.777
12/04/2002,17.906
13/04/2002,17.579
14/04/2002,11.605
15/04/2002,8.628
16/04/2002,26.285
17/04/2002,185.393
18/04/2002,270.82
19/04/2002,213.393
20/04/2002,210.061
21/04/2002,152.892
22/04/2002,85.321
23/04/2002,219.937
24/04/2002,605.713
25/04/2002,834.229
26/04/2002,650.256
27/04/2002,352.413
28/04/2002,180.517
29/04/2002,117.168
30/04/2002,52.61
01/05/2002,46.881
02/05/2002,46.712
03/05/2002,42.894
04/05/2002,35.968
05/05/2002,32.863
06/05/2002,27.391
07/05/2002,16.66
08/05/2002,11.427
09/05/2002,7.202
10/05/2002,4.514
11/05/2002,3.56
12/05/2002,3.177
13/05/2002,3.094
14/05/2002,2.721
15/05/2002,2.937
16/05/2002,5.607
17/05/2002,12.276
18/05/2002,14.391
19/05/2002,16.111
20/05/2002,16.853
21/05/2002,16.244
22/05/2002,12.995
23/05/2002,9.867
24/05/2002,8.384
25/05/2002,7.082
26/05/2002,5.424
27/05/2002,3.779
28/05/2002,34.762
29/05/2002,128.556
30/05/2002,104.063
31/05/2002,85.459
01/06/2002,84.385
02/06/2002,99.082
03/06/2002,159.181
04/06/2002,149.404
05/06/2002,132.252
06/06/2002,105.699
07/06/2002,83.481
08/06/2002,64.538
09/06/2002,37.49
10/06/2002,21.058
11/06/2002,14.39
12/06/2002,9.532
13/06/2002,7.669
14/06/2002,5.912
15/06/2002,4.287
16/06/2002,3.492
17/06/2002,10.697
18/06/2002,82.208
19/06/2002,83.266
20/06/2002,87.331
21/06/2002,66.849
22/06/2002,40.678
23/06/2002,22.802
24/06/2002,15.195
25/06/2002,11.778
26/06/2002,8.021
27/06/2002,5.514
28/06/2002,3.282
29/06/2002,2.403
30/06/2002,2.292
01/07/2002,4.398
02/07/2002,7.974
03/07/2002,14.23
04/07/2002,22.036
05/07/2002,27.47
06/07/2002,23.84
07/07/2002,25.03
08/07/2002,24.626
09/07/2002,21.386
10/07/2002,29.364
11/07/2002,74.692
12/07/2002,46.811
13/07/2002,27.177
14/07/2002,23.981
15/07/2002,22.605
16/07/2002,18.453
17/07/2002,20.19
18/07/2002,23.26
19/07/2002,23.821
20/07/2002,68.963
21/07/2002,48.8
22/07/2002,42.496
23/07/2002,40.905
24/07/2002,33.894
25/07/2002,21.248
26/07/2002,13.604
27/07/2002,10.531
28/07/2002,8.811
29/07/2002,5.608
30/07/2002,3.962
31/07/2002,3.618
01/08/2002,12.343
02/08/2002,14.078
03/08/2002,15.988
04/08/2002,14.069
05/08/2002,10.921
06/08/2002,8.094
07/08/2002,6.063
08/08/2002,73.176
09/08/2002,246.551
10/08/2002,268.811
11/08/2002,175.383
12/08/2002,78.542
13/08/2002,37.67
14/08/2002,20.313
15/08/2002,10.915
16/08/2002,10.309
17/08/2002,9.145
18/08/2002,8.546
19/08/2002,17.887
20/08/2002,112.135
21/08/2002,157.343
22/08/2002,152.6
23/08/2002,78.427
24/08/2002,45.279
25/08/2002,24.283
26/08/2002,14.009
27/08/2002,9.834
28/08/2002,9.019
29/08/2002,24.725
30/08/2002,27.757
31/08/2002,19.164
01/09/2002,18.621
02/09/2002,18.057
03/09/2002,14.015
04/09/2002,10.269
05/09/2002,6.282
06/09/2002,5.43
07/09/2002,5.495
08/09/2002,4.261
09/09/2002,3.503
10/09/2002,3.209
11/09/2002,60.906
12/09/2002,178.298
13/09/2002,256.33
14/09/2002,124.358
15/09/2002,66.328
16/09/2002,41.39
17/09/2002,26.769
18/09/2002,19.788
19/09/2002,35.291
20/09/2002,47.353
21/09/2002,38.676
22/09/2002,33.539
23/09/2002,30.303
24/09/2002,22.266
25/09/2002,13.087
26/09/2002,7.162
27/09/2002,5.164
28/09/2002,3.626
29/09/2002,6.08
30/09/2002,35.662
01/10/2002,30.047
02/10/2002,22.83
03/10/2002,36.263
04/10/2002,50.115
05/10/2002,46.175
06/10/2002,40.857
07/10/2002,156.742
08/10/2002,401.636
09/10/2002,249.208
10/10/2002,105.056
11/10/2002,65.823
12/10/2002,49.878
13/10/2002,39.075
14/10/2002,27.869
15/10/2002,19.486
16/10/2002,19.33
17/10/2002,22.309
18/10/2002,15.998
19/10/2002,15.932
20/10/2002,60.264
21/10/2002,71.425
22/10/2002,73.025
23/10/2002,67.941
24/10/2002,49.783
25/10/2002,35.057
26/10/2002,18.084
27/10/2002,12.267
28/10/2002,8.586
29/10/2002,7.173
30/10/2002,6.704
31/10/2002,6.353
01/11/2002,5.834
02/11/2002,5.011
03/11/2002,4.266
04/11/2002,3.617
05/11/2002,4.525
06/11/2002,9.313
07/11/2002,13.728
08/11/2002,14.25
09/11/2002,11.205
10/11/2002,8.722
11/11/2002,6.48
12/11/2002,3.982
13/11/2002,2.341
14/11/2002,1.811
15/11/2002,4.996
16/11/2002,8.435
17/11/2002,6.187
18/11/2002,4.532
19/11/2002,3.412
20/11/2002,6.7
21/11/2002,22.865
22/11/2002,22.235
23/11/2002,17.46
24/11/2002,14.856
25/11/2002,33.921
26/11/2002,92.19
27/11/2002,107.334
28/11/2002,81.018
29/11/2002,55.172
30/11/2002,36.266
01/12/2002,94.528
02/12/2002,216.39
03/12/2002,192.707
04/12/2002,132.1
05/12/2002,158.859
06/12/2002,258.491
07/12/2002,321.542
08/12/2002,168.242
09/12/2002,86.792
10/12/2002,53.97
11/12/2002,40.953
12/12/2002,27.854
13/12/2002,16.942
14/12/2002,17.011
15/12/2002,28.035
16/12/2002,5.201
17/12/2002,3.073
18/12/2002,1.886
19/12/2002,1.774
20/12/2002,1.769
21/12/2002,1.809
22/12/2002,20.577
23/12/2002,152.292
24/12/2002,184.689
25/12/2002,148.494
26/12/2002,89.707
27/12/2002,63.619
28/12/2002,34.312
29/12/2002,16.621
30/12/2002,9.411
31/12/2002,6.642
01/01/2003,4.689
02/01/2003,2.935
03/01/2003,2.083
04/01/2003,1.745
05/01/2003,1.646
06/01/2003,1.587
21/01/2003,1.461
22/01/2003,1.59
23/01/2003,2.126
24/01/2003,1.792
25/01/2003,2.182
26/01/2003,1.903
27/01/2003,1.883
28/01/2003,1.787
29/01/2003,1.522
30/01/2003,1.357
31/01/2003,1.211
01/02/2003,1.083
02/02/2003,1.079
03/02/2003,1.079
04/02/2003,1.129
05/02/2003,1.372
06/02/2003,1.479
07/02/2003,1.535
08/02/2003,1.705
09/02/2003,1.684
10/02/2003,1.517
11/02/2003,15.769
12/02/2003,36.881
13/02/2003,29.214
14/02/2003,31.981
15/02/2003,49.687
16/02/2003,46.508
17/02/2003,29.976
18/02/2003,12.706
19/02/2003,7.533
20/02/2003,7.82
21/02/2003,6.724
22/02/2003,3.602
23/02/2003,18.336
24/02/2003,65.079
25/02/2003,88.746
26/02/2003,122.099
27/02/2003,140.38
28/02/2003,116.371
01/03/2003,105.469
02/03/2003,102.375
03/03/2003,70.91
04/03/2003,49.905
05/03/2003,40.761
06/03/2003,25.84
07/03/2003,15.52
08/03/2003,10.796
09/03/2003,7.707
10/03/2003,9.044
11/03/2003,14.93
12/03/2003,15.221
13/03/2003,15.864
14/03/2003,32.973
15/03/2003,46.699
16/03/2003,37.533
17/03/2003,20.881
18/03/2003,11.376
19/03/2003,7.141
20/03/2003,14.96
21/03/2003,33.563
22/03/2003,14.808
23/03/2003,10.349
24/03/2003,8.077
25/03/2003,6.552
26/03/2003,5.337
27/03/2003,3.97
28/03/2003,2.62
29/03/2003,2.069
30/03/2003,11.433
31/03/2003,38.658
01/06/2003,5.668
02/06/2003,15.642
03/06/2003,73.743
04/06/2003,71.929
05/06/2003,66.588
06/06/2003,58.929
07/06/2003,44.267
08/06/2003,28.867
09/06/2003,13.032
10/06/2003,8.57
11/06/2003,7.355
12/06/2003,6.6
13/06/2003,8.981
14/06/2003,10.806
15/06/2003,10.427
16/06/2003,9.13
17/06/2003,7.102
18/06/2003,8.475
19/06/2003,16.583
20/06/2003,22.759
21/06/2003,22.766
22/06/2003,20.809
23/06/2003,16.81
24/06/2003,12.273
25/06/2003,9.539
26/06/2003,6.268
27/06/2003,5.006
28/06/2003,4.153
29/06/2003,3.505
30/06/2003,3.126
01/07/2003,2.779
02/07/2003,2.586
03/07/2003,2.257
04/07/2003,2.003
05/07/2003,1.892
06/07/2003,1.887
07/07/2003,1.887
08/07/2003,1.885
09/07/2003,1.86
10/07/2003,1.855
11/07/2003,1.83
12/07/2003,1.814
13/07/2003,1.74
14/07/2003,1.685
15/07/2003,1.735
16/07/2003,2.055
17/07/2003,2.098
18/07/2003,1.892
19/07/2003,1.885
20/07/2003,1.857
21/07/2003,1.785
22/07/2003,1.666
23/07/2003,1.6
24/07/2003,1.572
25/07/2003,1.541
26/07/2003,1.477
27/07/2003,1.434
28/07/2003,1.381
29/07/2003,1.331
30/07/2003,1.367
31/07/2003,1.432
01/08/2003,1.406
02/08/2003,1.346
03/08/2003,1.329
04/08/2003,3.516
05/08/2003,55.365
06/08/2003,89.53
07/08/2003,77.948
08/08/2003,65.672
09/08/2003,56.093
10/08/2003,51.205
11/08/2003,37.761
12/08/2003,15.819
13/08/2003,7.839
14/08/2003,5.643
15/08/2003,4.36
16/08/2003,3.083
17/08/2003,2.56
18/08/2003,2.108
19/08/2003,1.833
20/08/2003,1.759
21/08/2003,1.676
22/08/2003,1.623
23/08/2003,3.821
24/08/2003,27.013
25/08/2003,42.968
26/08/2003,41.254
27/08/2003,37.974
28/08/2003,28.599
29/08/2003,21.113
30/08/2003,14.497
31/08/2003,10.591
01/09/2003,6.552
02/09/2003,4.001
03/09/2003,2.853
04/09/2003,1.953
05/09/2003,1.846
06/09/2003,1.756
07/09/2003,2.221
08/09/2003,28.377
09/09/2003,69.779
10/09/2003,50.032
11/09/2003,43.583
12/09/2003,39.711
13/09/2003,28.517
14/09/2003,17.946
15/09/2003,12.543
16/09/2003,9.277
17/09/2003,5.694
18/09/2003,3.806
19/09/2003,2.039
20/09/2003,1.769
21/09/2003,1.657
22/09/2003,1.683
23/09/2003,2.823
24/09/2003,6.944
25/09/2003,9.206
26/09/2003,13.423
27/09/2003,13.4
28/09/2003,11.051
29/09/2003,7.768
30/09/2003,5.545
01/10/2003,3.786
02/10/2003,2.495
03/10/2003,1.81
04/10/2003,1.595
05/10/2003,1.692
06/10/2003,2.998
07/10/2003,4.276
08/10/2003,3.66
09/10/2003,4.656
10/10/2003,6.384
11/10/2003,7.277
12/10/2003,8.767
13/10/2003,9.727
14/10/2003,7.397
15/10/2003,4.156
16/10/2003,2.606
17/10/2003,2.082
18/10/2003,1.661
19/10/2003,1.49
20/10/2003,1.381
21/10/2003,1.267
22/10/2003,1.133
23/10/2003,1.035
24/10/2003,3.77
25/10/2003,7.987
26/10/2003,9.898
27/10/2003,10.586
28/10/2003,10.731
29/10/2003,14.388
30/10/2003,12.967
31/10/2003,9.255
01/11/2003,6.09
02/11/2003,4.5
03/11/2003,2.393
04/11/2003,1.65
05/11/2003,1.512
06/11/2003,1.295
07/11/2003,1.118
08/11/2003,1.003
09/11/2003,0.964
10/11/2003,0.961
11/11/2003,1.035
12/11/2003,1.555
13/11/2003,2.346
14/11/2003,1.831
15/11/2003,1.894
16/11/2003,1.86
17/11/2003,4.427
18/11/2003,40.008
19/11/2003,57.869
20/11/2003,54.655
21/11/2003,49.871
22/11/2003,44.852
23/11/2003,34.125
24/11/2003,23.298
25/11/2003,14.833
26/11/2003,8.796
27/11/2003,6.222
28/11/2003,5.582
29/11/2003,4.677
30/11/2003,3.845
01/12/2003,2.84
02/12/2003,2.118
03/12/2003,1.762
04/12/2003,1.628
05/12/2003,1.652
06/12/2003,1.81
07/12/2003,1.821
08/12/2003,1.747
09/12/2003,1.694
10/12/2003,1.52
11/12/2003,4.867
12/12/2003,9.405
13/12/2003,5.71
14/12/2003,3.423
15/12/2003,3.822
16/12/2003,6.626
17/12/2003,7.037
18/12/2003,4.831
19/12/2003,3.361
20/12/2003,2.476
21/12/2003,1.882
22/12/2003,1.695
23/12/2003,2.172
24/12/2003,6.292
25/12/2003,14.428
26/12/2003,14.476
27/12/2003,9.749
28/12/2003,6.054
29/12/2003,3.706
30/12/2003,2.965
31/12/2003,2.428
01/01/2004,1.693
02/01/2004,1.689
03/01/2004,1.596
04/01/2004,1.479
05/01/2004,1.369
06/01/2004,1.156
07/01/2004,0.901
08/01/2004,0.811
09/01/2004,0.808
10/01/2004,0.808
11/01/2004,0.808
12/01/2004,0.808
13/01/2004,0.785
14/01/2004,0.745
15/01/2004,0.726
16/01/2004,0.723
17/01/2004,0.704
18/01/2004,0.647
19/01/2004,0.607
20/01/2004,0.607
21/01/2004,0.63
22/01/2004,0.645
23/01/2004,0.645
24/01/2004,0.681
25/01/2004,0.761
26/01/2004,0.756
27/01/2004,0.705
28/01/2004,0.657
29/01/2004,0.627
30/01/2004,0.617
31/01/2004,0.589
01/02/2004,0.649
02/02/2004,0.745
03/02/2004,0.768
04/02/2004,0.808
05/02/2004,0.812
06/02/2004,0.748
07/02/2004,0.745
08/02/2004,0.745
09/02/2004,0.747
10/02/2004,0.73
11/02/2004,0.686
12/02/2004,0.684
13/02/2004,0.695
14/02/2004,0.742
15/02/2004,0.745
16/02/2004,0.736
17/02/2004,0.706
18/02/2004,0.704
19/02/2004,0.696
20/02/2004,0.706
21/02/2004,0.744
22/02/2004,0.745
23/02/2004,0.737
24/02/2004,0.715
25/02/2004,0.684
26/02/2004,0.657
27/02/2004,0.611
28/02/2004,0.57
29/02/2004,0.569
01/03/2004,0.568
02/03/2004,0.552
03/03/2004,0.551
04/03/2004,0.551
05/03/2004,0.551
06/03/2004,0.551
07/03/2004,0.581
08/03/2004,0.682
09/03/2004,0.723
10/03/2004,0.715
11/03/2004,0.686
12/03/2004,0.684
13/03/2004,0.677
14/03/2004,0.663
15/03/2004,0.646
16/03/2004,0.644
17/03/2004,0.627
18/03/2004,0.618
19/03/2004,0.594
20/03/2004,0.563
21/03/2004,0.549
22/03/2004,0.534
23/03/2004,0.532
24/03/2004,0.513
25/03/2004,0.474
26/03/2004,0.462
27/03/2004,0.462
28/03/2004,0.462
29/03/2004,0.456
30/03/2004,0.429
31/03/2004,0.411
01/04/2004,0.388
02/04/2004,0.38
03/04/2004,0.374
04/04/2004,0.355
05/04/2004,0.349
06/04/2004,0.349
07/04/2004,0.349
08/04/2004,0.349
09/04/2004,0.349
10/04/2004,0.349
11/04/2004,0.349
12/04/2004,0.349
13/04/2004,0.349
14/04/2004,0.349
15/04/2004,0.349
16/04/2004,0.343
17/04/2004,0.37
18/04/2004,0.449
19/04/2004,0.429
20/04/2004,0.412
21/04/2004,0.394
22/04/2004,0.461
23/04/2004,0.75
24/04/2004,0.766
25/04/2004,0.766
26/04/2004,0.753
27/04/2004,0.745
28/04/2004,0.796
29/04/2004,0.962
30/04/2004,1.067
01/05/2004,1.132
02/05/2004,1.16
03/05/2004,1.059
04/05/2004,1.03
05/05/2004,0.987
06/05/2004,1.012
07/05/2004,1.076
08/05/2004,1.079
09/05/2004,1.079
10/05/2004,1.155
11/05/2004,1.381
12/05/2004,1.516
13/05/2004,1.611
14/05/2004,1.665
15/05/2004,1.585
16/05/2004,1.461
17/05/2004,1.355
18/05/2004,1.2
19/05/2004,1.097
20/05/2004,1.015
21/05/2004,0.984
22/05/2004,0.954
23/05/2004,0.919
24/05/2004,1.213
25/05/2004,2.334
26/05/2004,5.616
27/05/2004,9.295
28/05/2004,9.224
29/05/2004,9.399
30/05/2004,9.697
31/05/2004,8.461
01/06/2004,6.517
02/06/2004,4.382
03/06/2004,3.077
04/06/2004,2.242
05/06/2004,1.805
06/06/2004,1.621
07/06/2004,1.453
08/06/2004,1.329
09/06/2004,1.227
10/06/2004,1.156
11/06/2004,1.152
12/06/2004,1.141
13/06/2004,1.069
14/06/2004,0.987
15/06/2004,0.964
16/06/2004,0.954
17/06/2004,0.938
18/06/2004,0.909
19/06/2004,0.873
20/06/2004,0.853
21/06/2004,0.851
22/06/2004,0.851
23/06/2004,0.853
24/06/2004,0.882
25/06/2004,0.916
26/06/2004,0.968
27/06/2004,2.264
28/06/2004,16.699
29/06/2004,23.353
30/06/2004,29.595
01/07/2004,32.564
02/07/2004,30.59
03/07/2004,30.173
04/07/2004,27.861
05/07/2004,24.241
06/07/2004,20.616
07/07/2004,15.8
08/07/2004,10.116
09/07/2004,6.247
10/07/2004,3.695
11/07/2004,2.603
12/07/2004,1.877
13/07/2004,1.515
14/07/2004,1.461
15/07/2004,1.397
16/07/2004,1.331
17/07/2004,1.301
18/07/2004,1.242
19/07/2004,1.192
20/07/2004,1.142
21/07/2004,1.091
22/07/2004,1.07
23/07/2004,1.046
24/07/2004,1.007
25/07/2004,0.964
26/07/2004,0.963
27/07/2004,0.963
28/07/2004,0.937
29/07/2004,0.899
30/07/2004,1.045
31/07/2004,1.384
01/08/2004,1.873
02/08/2004,1.953
03/08/2004,1.948
04/08/2004,1.892
05/08/2004,1.799
06/08/2004,1.544
07/08/2004,1.387
08/08/2004,1.369
09/08/2004,1.291
10/08/2004,1.194
11/08/2004,1.141
12/08/2004,1.07
13/08/2004,0.986
14/08/2004,0.91
15/08/2004,0.866
16/08/2004,0.851
17/08/2004,0.873
18/08/2004,0.978
19/08/2004,1.03
20/08/2004,1.043
21/08/2004,1.078
22/08/2004,1.083
23/08/2004,1.15
24/08/2004,1.215
25/08/2004,1.227
26/08/2004,1.217
27/08/2004,1.2
28/08/2004,1.178
29/08/2004,1.177
30/08/2004,1.177
31/08/2004,1.165
01/09/2004,1.104
02/09/2004,1.056
03/09/2004,1.023
04/09/2004,0.937
05/09/2004,0.802
06/09/2004,0.726
07/09/2004,0.808
08/09/2004,27.431
09/09/2004,74.012
10/09/2004,65.923
11/09/2004,53.947
12/09/2004,41.798
13/09/2004,29.132
14/09/2004,18.294
15/09/2004,9.801
16/09/2004,6.534
17/09/2004,4.768
18/09/2004,2.537
19/09/2004,1.785
20/09/2004,1.588
21/09/2004,1.528
22/09/2004,1.755
23/09/2004,1.769
24/09/2004,1.767
25/09/2004,1.729
26/09/2004,1.685
27/09/2004,1.683
28/09/2004,1.67
29/09/2004,1.575
30/09/2004,1.392
01/10/2004,1.176
02/10/2004,1.034
03/10/2004,0.942
04/10/2004,0.897
05/10/2004,0.871
06/10/2004,0.821
07/10/2004,0.779
08/10/2004,0.745
09/10/2004,0.725
10/10/2004,0.697
11/10/2004,0.657
12/10/2004,0.624
13/10/2004,0.653
14/10/2004,0.645
15/10/2004,0.632
16/10/2004,0.62
17/10/2004,3.039
18/10/2004,7.472
19/10/2004,6.355
20/10/2004,5.176
21/10/2004,4.997
22/10/2004,4.517
23/10/2004,3.84
24/10/2004,3.423
25/10/2004,2.261
26/10/2004,1.505
27/10/2004,1.389
28/10/2004,1.329
29/10/2004,1.329
30/10/2004,1.343
31/10/2004,1.416
01/11/2004,1.43
02/11/2004,1.371
03/11/2004,1.603
04/11/2004,2.603
05/11/2004,3.095
06/11/2004,5.809
07/11/2004,8.208
08/11/2004,8.821
09/11/2004,8.911
10/11/2004,12.091
11/11/2004,12.621
12/11/2004,15.823
13/11/2004,22.614
14/11/2004,22.623
15/11/2004,18.852
16/11/2004,11.051
17/11/2004,6.051
18/11/2004,3.749
19/11/2004,2.745
20/11/2004,2.267
21/11/2004,2.182
22/11/2004,2.135
23/11/2004,1.851
24/11/2004,1.581
25/11/2004,1.418
26/11/2004,1.266
27/11/2004,1.105
28/11/2004,1.023
29/11/2004,0.955
30/11/2004,0.885
01/12/2004,0.78
02/12/2004,0.717
03/12/2004,0.665
04/12/2004,0.605
05/12/2004,0.553
06/12/2004,0.542
07/12/2004,0.508
08/12/2004,0.47
09/12/2004,0.461
10/12/2004,0.447
11/12/2004,0.437
12/12/2004,0.406
13/12/2004,0.38
14/12/2004,0.366
15/12/2004,0.364
16/12/2004,0.364
17/12/2004,0.363
18/12/2004,0.35
19/12/2004,0.339
20/12/2004,0.32
21/12/2004,0.309
22/12/2004,0.29
23/12/2004,0.276
24/12/2004,0.263
25/12/2004,0.261
26/12/2004,0.25
27/12/2004,0.249
28/12/2004,0.249
29/12/2004,0.249
30/12/2004,0.249
31/12/2004,0.249
01/01/2005,0.25
02/01/2005,0.233
03/01/2005,0.181
04/01/2005,0.174
05/01/2005,0.173
06/01/2005,0.153
07/01/2005,0.142
08/01/2005,0.141
09/01/2005,0.141
10/01/2005,0.141
11/01/2005,0.141
12/01/2005,0.141
13/01/2005,0.143
14/01/2005,0.21
15/01/2005,0.33
16/01/2005,0.348
17/01/2005,0.313
18/01/2005,0.291
19/01/2005,0.289
20/01/2005,0.268
21/01/2005,0.244
22/01/2005,0.223
23/01/2005,0.211
24/01/2005,0.202
25/01/2005,0.174
26/01/2005,0.137
27/01/2005,0.098
28/01/2005,0.067
29/01/2005,0.052
30/01/2005,0.051
31/01/2005,0.051
01/02/2005,0.051
02/02/2005,0.051
03/02/2005,0.06
04/02/2005,0.074
05/02/2005,0.075
06/02/2005,0.074
07/02/2005,0.067
08/02/2005,0.067
09/02/2005,0.051
10/02/2005,0.027
11/02/2005,0.018
11/04/2005,4.997
12/04/2005,24.145
13/04/2005,24.548
14/04/2005,20.334
15/04/2005,15.59
16/04/2005,13.005
17/04/2005,10.9
18/04/2005,8.264
19/04/2005,7.222
20/04/2005,6.528
21/04/2005,5.92
22/04/2005,4.514
23/04/2005,2.94
24/04/2005,2.075
25/04/2005,1.527
26/04/2005,1.312
27/04/2005,1.182
28/04/2005,1.081
29/04/2005,1.015
30/04/2005,0.946
01/05/2005,0.905
02/05/2005,0.851
03/05/2005,0.753
04/05/2005,0.648
05/05/2005,0.682
06/05/2005,1.198
07/05/2005,11.191
08/05/2005,30.019
09/05/2005,35.508
10/05/2005,43.807
11/05/2005,45.279
12/05/2005,49.022
13/05/2005,191.146
14/05/2005,384.055
15/05/2005,281.02
16/05/2005,151.135
17/05/2005,93.238
18/05/2005,76.46
19/05/2005,54.284
20/05/2005,41.488
21/05/2005,27.869
22/05/2005,19.012
23/05/2005,14.937
24/05/2005,11.016
25/05/2005,9.687
26/05/2005,8.069
27/05/2005,4.864
28/05/2005,2.686
29/05/2005,1.836
30/05/2005,5.534
31/05/2005,8.508
01/06/2005,4.456
02/06/2005,3.43
03/06/2005,3.155
04/06/2005,14.341
05/06/2005,130.488
06/06/2005,118.197
07/06/2005,64.523
08/06/2005,66.188
09/06/2005,51.748
10/06/2005,41.72
11/06/2005,36.615
12/06/2005,41.024
13/06/2005,38.908
14/06/2005,87.497
15/06/2005,96.289
16/06/2005,69.914
17/06/2005,45.845
18/06/2005,31.158
19/06/2005,23.356
20/06/2005,18.024
21/06/2005,11.487
22/06/2005,7.56
23/06/2005,5.799
24/06/2005,4.208
25/06/2005,3.248
26/06/2005,2.762
27/06/2005,2.444
28/06/2005,2.158
29/06/2005,1.838
30/06/2005,1.758
01/07/2005,1.681
02/07/2005,1.602
03/07/2005,1.598
04/07/2005,1.723
05/07/2005,1.863
06/07/2005,1.826
07/07/2005,1.833
08/07/2005,2.842
09/07/2005,3.689
10/07/2005,3.469
11/07/2005,2.872
12/07/2005,2.289
13/07/2005,1.903
14/07/2005,1.847
15/07/2005,1.778
16/07/2005,1.828
17/07/2005,8.597
18/07/2005,15.471
19/07/2005,14.506
20/07/2005,13.739
21/07/2005,13.694
22/07/2005,11.996
23/07/2005,9.508
24/07/2005,7.499
25/07/2005,4.387
26/07/2005,2.552
27/07/2005,2.067
28/07/2005,1.844
29/07/2005,1.71
30/07/2005,1.569
31/07/2005,1.539
01/08/2005,1.477
02/08/2005,1.411
03/08/2005,1.407
04/08/2005,1.395
05/08/2005,1.346
06/08/2005,1.329
07/08/2005,1.276
08/08/2005,1.2
09/08/2005,1.12
10/08/2005,1.056
11/08/2005,1.023
12/08/2005,0.986
13/08/2005,0.954
14/08/2005,0.909
15/08/2005,0.875
16/08/2005,0.861
17/08/2005,0.814
18/08/2005,0.848
19/08/2005,0.851
20/08/2005,0.872
21/08/2005,0.889
22/08/2005,0.814
23/08/2005,0.967
24/08/2005,1.173
25/08/2005,2.242
26/08/2005,5.935
27/08/2005,7.346
28/08/2005,6.283
29/08/2005,5.988
30/08/2005,5.17
31/08/2005,3.304
01/09/2005,5.581
02/09/2005,17.05
03/09/2005,17.99
04/09/2005,12.675
05/09/2005,9.73
06/09/2005,7.573
07/09/2005,5.398
08/09/2005,4.205
09/09/2005,5.384
10/09/2005,113.876
11/09/2005,266.396
12/09/2005,265.264
13/09/2005,209.008
14/09/2005,183.229
15/09/2005,165.808
16/09/2005,88.003
17/09/2005,27.065
18/09/2005,22.291
19/09/2005,21.67
20/09/2005,22.448
21/09/2005,17.522
22/09/2005,14.164
23/09/2005,17.037
24/09/2005,19.33
25/09/2005,35.194
26/09/2005,50.439
27/09/2005,53.721
28/09/2005,38.952
29/09/2005,22.41
30/09/2005,17.207
01/10/2005,13.054
02/10/2005,9.412
03/10/2005,7.461
04/10/2005,17.217
05/10/2005,21.598
06/10/2005,33.352
07/10/2005,42.792
08/10/2005,45.091
09/10/2005,95.752
10/10/2005,22.385
11/10/2005,10.272
12/10/2005,6.921
13/10/2005,6.233
14/10/2005,39.038
15/10/2005,46.224
16/10/2005,28.104
17/10/2005,25.356
18/10/2005,24.32
19/10/2005,18.513
20/10/2005,12.609
21/10/2005,7.999
22/10/2005,5.044
23/10/2005,3.453
24/10/2005,9.169
25/10/2005,45.551
26/10/2005,69.9
27/10/2005,47.272
28/10/2005,33.503
29/10/2005,24.425
30/10/2005,19.909
31/10/2005,13.193
01/11/2005,5.962
02/11/2005,3.746
03/11/2005,2.483
04/11/2005,1.837
05/11/2005,1.559
06/11/2005,1.263
07/11/2005,1.013
08/11/2005,0.898
09/11/2005,0.895
10/11/2005,0.895
11/11/2005,0.895
12/11/2005,0.895
13/11/2005,0.893
14/11/2005,0.873
15/11/2005,0.891
16/11/2005,0.896
17/11/2005,0.766
18/11/2005,0.689
19/11/2005,0.682
20/11/2005,0.639
21/11/2005,0.589
22/11/2005,0.562
23/11/2005,0.538
24/11/2005,0.515
25/11/2005,0.49
26/11/2005,0.452
27/11/2005,0.43
28/11/2005,0.429
29/11/2005,0.429
30/11/2005,0.429
01/12/2005,0.429
02/12/2005,0.429
03/12/2005,0.429
04/12/2005,0.457
05/12/2005,0.506
06/12/2005,0.497
07/12/2005,0.478
08/12/2005,0.457
09/12/2005,0.445
10/12/2005,0.445
11/12/2005,0.439
12/12/2005,0.422
13/12/2005,0.405
14/12/2005,0.372
15/12/2005,0.364
16/12/2005,0.363
17/12/2005,0.341
18/12/2005,0.334
19/12/2005,0.328
20/12/2005,0.313
21/12/2005,0.299
22/12/2005,0.285
23/12/2005,0.276
24/12/2005,0.262
25/12/2005,0.237
26/12/2005,0.236
27/12/2005,0.235
28/12/2005,0.218
29/12/2005,0.194
30/12/2005,0.186
31/12/2005,0.186
01/01/2006,0.186
02/01/2006,0.186
03/01/2006,0.185
04/01/2006,0.175
05/01/2006,0.17
06/01/2006,0.163
07/01/2006,0.163
08/01/2006,0.156
09/01/2006,0.147
10/01/2006,0.131
11/01/2006,0.131
12/01/2006,0.145
13/01/2006,0.163
14/01/2006,0.174
15/01/2006,0.225
16/01/2006,0.241
17/01/2006,0.35
18/01/2006,0.459
19/01/2006,0.609
20/01/2006,0.793
21/01/2006,0.963
22/01/2006,1.01
23/01/2006,0.919
24/01/2006,0.869
25/01/2006,0.82
26/01/2006,0.759
27/01/2006,0.686
28/01/2006,0.642
29/01/2006,0.589
30/01/2006,0.552
31/01/2006,0.519
01/02/2006,0.462
02/02/2006,0.429
03/02/2006,0.391
04/02/2006,0.358
05/02/2006,0.335
06/02/2006,0.334
07/02/2006,0.334
08/02/2006,0.327
09/02/2006,0.306
10/02/2006,0.305
11/02/2006,0.305
12/02/2006,0.295
13/02/2006,0.271
14/02/2006,0.242
15/02/2006,0.236
16/02/2006,0.236
17/02/2006,0.236
18/02/2006,0.236
19/02/2006,0.23
20/02/2006,0.198
21/02/2006,0.175
22/02/2006,0.174
23/02/2006,0.174
24/02/2006,0.186
25/02/2006,0.235
26/02/2006,0.26
27/02/2006,0.262
28/02/2006,0.262
01/03/2006,0.303
02/03/2006,0.379
03/03/2006,0.458
04/03/2006,0.549
05/03/2006,0.667
06/03/2006,0.894
07/03/2006,1.078
08/03/2006,1.196
09/03/2006,1.16
10/03/2006,1.087
11/03/2006,1.011
12/03/2006,0.956
13/03/2006,0.839
14/03/2006,0.761
15/03/2006,0.722
16/03/2006,0.647
17/03/2006,0.588
18/03/2006,0.678
19/03/2006,0.732
20/03/2006,0.557
21/03/2006,0.555
22/03/2006,0.625
23/03/2006,0.738
24/03/2006,0.848
25/03/2006,0.851
26/03/2006,0.899
27/03/2006,1.042
28/03/2006,1.113
29/03/2006,1.049
30/03/2006,0.987
31/03/2006,0.906
01/04/2006,0.815
02/04/2006,0.753
03/04/2006,0.717
04/04/2006,0.677
05/04/2006,0.646
06/04/2006,0.619
07/04/2006,0.561
08/04/2006,0.549
09/04/2006,0.532
10/04/2006,0.515
11/04/2006,0.497
12/04/2006,0.479
13/04/2006,0.462
14/04/2006,0.445
15/04/2006,0.43
16/04/2006,0.427
17/04/2006,0.407
18/04/2006,0.39
19/04/2006,0.38
20/04/2006,0.371
21/04/2006,0.398
22/04/2006,0.492
23/04/2006,0.49
24/04/2006,0.479
25/04/2006,0.507
26/04/2006,0.691
27/04/2006,0.704
28/04/2006,0.691
29/04/2006,0.658
30/04/2006,0.644
01/05/2006,0.618
02/05/2006,0.589
03/05/2006,0.586
04/05/2006,0.562
05/05/2006,0.513
06/05/2006,0.465
07/05/2006,0.462
08/05/2006,0.456
09/05/2006,0.434
10/05/2006,0.413
11/05/2006,0.405
12/05/2006,0.38
13/05/2006,0.358
14/05/2006,0.334
15/05/2006,0.32
16/05/2006,0.313
17/05/2006,0.305
18/05/2006,0.305
19/05/2006,0.305
20/05/2006,0.305
21/05/2006,0.305
22/05/2006,0.305
23/05/2006,0.305
24/05/2006,0.305
25/05/2006,0.299
26/05/2006,0.29
27/05/2006,0.29
28/05/2006,0.29
29/05/2006,0.29
30/05/2006,0.29
31/05/2006,0.357
01/06/2006,0.409
02/06/2006,0.381
03/06/2006,1.031
04/06/2006,3.08
05/06/2006,5.761
06/06/2006,6.722
07/06/2006,5.078
08/06/2006,3.41
09/06/2006,9.569
10/06/2006,21.927
11/06/2006,22.966
12/06/2006,18.649
13/06/2006,13.867
14/06/2006,8.124
15/06/2006,5.654
16/06/2006,3.969
17/06/2006,2.779
18/06/2006,2.065
19/06/2006,1.754
20/06/2006,1.657
21/06/2006,1.55
22/06/2006,1.422
23/06/2006,1.327
24/06/2006,1.203
25/06/2006,1.325
26/06/2006,3.369
27/06/2006,5.636
28/06/2006,5.004
29/06/2006,4.261
30/06/2006,3.496
01/07/2006,2.865
02/07/2006,2.238
03/07/2006,1.869
04/07/2006,1.746
05/07/2006,1.573
06/07/2006,1.422
07/07/2006,1.335
08/07/2006,1.23
09/07/2006,1.13
10/07/2006,1.07
11/07/2006,1.034
12/07/2006,1.032
13/07/2006,0.988
14/07/2006,1.085
15/07/2006,1.607
16/07/2006,1.942
17/07/2006,1.621
18/07/2006,1.46
19/07/2006,1.253
20/07/2006,1.175
21/07/2006,1.12
22/07/2006,1.015
23/07/2006,0.963
24/07/2006,0.959
25/07/2006,0.888
26/07/2006,0.83
27/07/2006,0.795
28/07/2006,0.755
29/07/2006,0.745
30/07/2006,0.742
31/07/2006,0.687
01/08/2006,0.651
02/08/2006,0.618
03/08/2006,0.578
04/08/2006,0.568
05/08/2006,0.552
06/08/2006,0.551
07/08/2006,0.54
08/08/2006,0.532
09/08/2006,0.575
10/08/2006,1.05
11/08/2006,1.632
12/08/2006,1.947
13/08/2006,13.528
14/08/2006,59.694
15/08/2006,69.6
16/08/2006,38.482
17/08/2006,20.695
18/08/2006,12.623
19/08/2006,8.108
20/08/2006,7.083
21/08/2006,5.18
22/08/2006,2.728
23/08/2006,1.808
24/08/2006,1.572
25/08/2006,1.432
26/08/2006,1.262
27/08/2006,1.137
28/08/2006,1.083
29/08/2006,1.079
30/08/2006,1.083
31/08/2006,1.192
01/09/2006,1.25
02/09/2006,1.458
03/09/2006,3.211
04/09/2006,6.613
05/09/2006,9.858
06/09/2006,8.496
07/09/2006,6.583
08/09/2006,4.624
09/09/2006,4.018
10/09/2006,2.899
11/09/2006,1.884
12/09/2006,1.659
13/09/2006,1.381
14/09/2006,1.327
15/09/2006,1.396
16/09/2006,1.482
17/09/2006,1.369
18/09/2006,1.191
19/09/2006,1.061
20/09/2006,1.054
21/09/2006,1.034
22/09/2006,1.032
23/09/2006,1.032
24/09/2006,1.029
25/09/2006,0.908
26/09/2006,0.851
27/09/2006,0.851
28/09/2006,0.925
29/09/2006,1.071
30/09/2006,1.057
01/10/2006,1.021
02/10/2006,0.931
03/10/2006,0.86
04/10/2006,0.817
05/10/2006,0.908
06/10/2006,1.292
07/10/2006,1.405
08/10/2006,1.32
09/10/2006,1.21
10/10/2006,1.056
11/10/2006,0.927
12/10/2006,0.844
13/10/2006,0.808
14/10/2006,0.788
15/10/2006,0.797
16/10/2006,0.828
17/10/2006,0.83
18/10/2006,0.83
19/10/2006,0.828
20/10/2006,0.81
21/10/2006,0.808
22/10/2006,0.798
23/10/2006,0.745
24/10/2006,0.704
25/10/2006,0.665
26/10/2006,0.626
27/10/2006,0.608
28/10/2006,0.586
29/10/2006,0.552
30/10/2006,0.551
31/10/2006,0.551
01/11/2006,0.551
02/11/2006,0.551
03/11/2006,0.519
04/11/2006,0.464
05/11/2006,0.465
06/11/2006,3.435
07/11/2006,7.555
08/11/2006,4.343
09/11/2006,2.265
10/11/2006,1.418
11/11/2006,1.108
12/11/2006,0.953
13/11/2006,0.727
14/11/2006,0.636
15/11/2006,0.577
16/11/2006,0.544
17/11/2006,0.585
18/11/2006,0.575
19/11/2006,0.524
20/11/2006,0.465
21/11/2006,0.462
22/11/2006,0.46
23/11/2006,0.43
24/11/2006,0.406
25/11/2006,0.38
26/11/2006,0.366
27/11/2006,0.339
28/11/2006,0.306
29/11/2006,0.305
30/11/2006,0.305
01/12/2006,0.305
02/12/2006,0.305
03/12/2006,0.305
04/12/2006,0.305
05/12/2006,0.305
06/12/2006,0.296
07/12/2006,0.275
08/12/2006,0.242
09/12/2006,0.236
10/12/2006,0.231
11/12/2006,0.223
12/12/2006,0.217
13/12/2006,0.21
14/12/2006,0.241
15/12/2006,0.243
16/12/2006,0.223
17/12/2006,0.223
18/12/2006,0.223
19/12/2006,0.223
20/12/2006,0.336
21/12/2006,0.971
22/12/2006,1.191
23/12/2006,1.04
24/12/2006,0.895
25/12/2006,5.596
26/12/2006,17.44
27/12/2006,15.456
28/12/2006,15.278
29/12/2006,15.278
30/12/2006,14.156
31/12/2006,9.922
01/01/2007,5.738
02/01/2007,3.742
03/01/2007,2.423
04/01/2007,1.625
05/01/2007,1.418
06/01/2007,1.688
07/01/2007,1.903
08/01/2007,2.287
09/01/2007,2.15
10/01/2007,1.747
11/01/2007,1.534
12/01/2007,1.468
13/01/2007,1.262
14/01/2007,1.063
15/01/2007,0.919
16/01/2007,0.844
17/01/2007,0.785
18/01/2007,0.734
19/01/2007,0.702
20/01/2007,0.648
21/01/2007,0.642
22/01/2007,0.6
23/01/2007,0.559
24/01/2007,0.551
25/01/2007,0.551
26/01/2007,0.553
27/01/2007,0.616
28/01/2007,0.712
29/01/2007,0.725
30/01/2007,0.725
31/01/2007,0.725
01/02/2007,0.691
02/02/2007,0.645
03/02/2007,0.615
04/02/2007,0.551
05/02/2007,0.515
06/02/2007,0.515
07/02/2007,0.503
08/02/2007,0.456
09/02/2007,0.396
10/02/2007,0.366
11/02/2007,0.348
12/02/2007,0.32
13/02/2007,0.312
14/02/2007,0.29
15/02/2007,0.271
16/02/2007,0.25
17/02/2007,0.311
18/02/2007,0.424
19/02/2007,0.401
20/02/2007,0.364
21/02/2007,0.334
22/02/2007,0.306
23/02/2007,0.307
24/02/2007,0.348
25/02/2007,0.352
26/02/2007,0.339
27/02/2007,0.412
28/02/2007,0.46
01/03/2007,0.466
02/03/2007,0.551
03/03/2007,0.663
04/03/2007,0.709
05/03/2007,0.748
06/03/2007,1.012
07/03/2007,1.645
08/03/2007,3.588
09/03/2007,17.818
10/03/2007,41.194
11/03/2007,45.786
12/03/2007,54.495
13/03/2007,45.907
14/03/2007,30.541
15/03/2007,46.022
16/03/2007,41.02
17/03/2007,10.543
18/03/2007,8.048
19/03/2007,14.62
20/03/2007,19.11
21/03/2007,26.257
22/03/2007,23.174
23/03/2007,19.788
24/03/2007,16.893
25/03/2007,12.928
26/03/2007,9.422
27/03/2007,6.12
28/03/2007,4.92
29/03/2007,6.576
30/03/2007,13.885
31/03/2007,18.662
01/04/2007,15.86
02/04/2007,19.321
03/04/2007,132.995
04/04/2007,296.86
05/04/2007,202.063
06/04/2007,105.591
07/04/2007,55.371
08/04/2007,41.641
09/04/2007,30.605
10/04/2007,21.568
11/04/2007,14.647
12/04/2007,12.038
13/04/2007,11.408
14/04/2007,9.516
15/04/2007,7.388
16/04/2007,5.558
17/04/2007,4.285
18/04/2007,3.714
19/04/2007,3.05
20/04/2007,1.92
21/04/2007,1.581
22/04/2007,1.467
23/04/2007,1.545
24/04/2007,2.049
25/04/2007,11.638
26/04/2007,18.594
27/04/2007,13.592
28/04/2007,9.212
29/04/2007,6.41
30/04/2007,4.753
01/05/2007,3.379
02/05/2007,2.474
03/05/2007,2.007
04/05/2007,37.812
05/05/2007,670.0
06/05/2007,617.319
07/05/2007,319.289
08/05/2007,203.258
09/05/2007,106.866
10/05/2007,65.818
11/05/2007,44.601
12/05/2007,26.213
13/05/2007,17.279
14/05/2007,11.66
15/05/2007,7.907
16/05/2007,6.327
17/05/2007,4.875
18/05/2007,3.698
19/05/2007,3.283
20/05/2007,2.686
21/05/2007,1.954
22/05/2007,1.868
23/05/2007,1.887
24/05/2007,1.883
25/05/2007,1.801
26/05/2007,1.731
27/05/2007,1.711
28/05/2007,1.679
29/05/2007,1.602
30/05/2007,1.598
31/05/2007,1.598
01/06/2007,1.581
02/06/2007,1.552
03/06/2007,1.486
04/06/2007,1.369
05/06/2007,1.311
06/06/2007,1.237
07/06/2007,1.169
08/06/2007,1.152
09/06/2007,1.15
10/06/2007,1.128
11/06/2007,1.091
12/06/2007,1.079
13/06/2007,1.096
14/06/2007,1.188
15/06/2007,10.33
16/06/2007,51.839
17/06/2007,54.446
18/06/2007,57.23
19/06/2007,46.659
20/06/2007,39.759
21/06/2007,50.846
22/06/2007,58.077
23/06/2007,59.277
24/06/2007,42.194
25/06/2007,26.572
26/06/2007,23.295
27/06/2007,19.87
28/06/2007,15.547
29/06/2007,12.971
30/06/2007,10.93
01/07/2007,9.354
02/07/2007,8.145
03/07/2007,7.222
04/07/2007,6.391
05/07/2007,5.672
06/07/2007,4.67
07/07/2007,3.74
08/07/2007,3.507
09/07/2007,3.876
10/07/2007,6.664
11/07/2007,11.154
12/07/2007,14.83
13/07/2007,20.307
14/07/2007,19.778
15/07/2007,16.326
16/07/2007,12.483
17/07/2007,8.805
18/07/2007,6.108
19/07/2007,4.282
20/07/2007,3.38
21/07/2007,2.693
22/07/2007,2.047
23/07/2007,1.747
24/07/2007,1.738
25/07/2007,1.714
26/07/2007,1.709
27/07/2007,1.67
28/07/2007,1.602
29/07/2007,1.596
30/07/2007,1.559
31/07/2007,1.525
01/08/2007,1.71
02/08/2007,1.683
03/08/2007,1.654
04/08/2007,1.772
05/08/2007,2.479
06/08/2007,3.81
07/08/2007,4.696
08/08/2007,3.773
09/08/2007,3.357
10/08/2007,36.141
11/08/2007,69.964
12/08/2007,49.088
13/08/2007,42.655
14/08/2007,35.973
15/08/2007,23.101
16/08/2007,15.431
17/08/2007,13.24
18/08/2007,24.252
19/08/2007,61.521
20/08/2007,116.388
21/08/2007,100.972
22/08/2007,81.048
23/08/2007,53.015
24/08/2007,53.746
25/08/2007,49.951
26/08/2007,42.56
27/08/2007,59.893
28/08/2007,51.852
29/08/2007,41.577
30/08/2007,30.379
31/08/2007,20.944
01/09/2007,15.379
02/09/2007,11.19
03/09/2007,8.694
04/09/2007,5.749
05/09/2007,4.173
06/09/2007,3.487
07/09/2007,2.878
08/09/2007,2.591
09/09/2007,2.47
10/09/2007,2.251
11/09/2007,1.964
12/09/2007,1.848
13/09/2007,1.783
14/09/2007,1.67
15/09/2007,1.626
16/09/2007,1.596
17/09/2007,1.572
18/09/2007,2.111
19/09/2007,5.669
20/09/2007,13.012
21/09/2007,17.9
22/09/2007,19.317
23/09/2007,16.312
24/09/2007,13.206
25/09/2007,9.917
26/09/2007,6.555
27/09/2007,4.11
28/09/2007,3.346
29/09/2007,3.115
30/09/2007,2.72
01/10/2007,2.187
02/10/2007,1.774
03/10/2007,2.777
04/10/2007,18.659
05/10/2007,18.474
06/10/2007,125.18
07/10/2007,187.451
08/10/2007,134.021
09/10/2007,85.646
10/10/2007,97.551
11/10/2007,67.752
12/10/2007,117.192
13/10/2007,161.408
14/10/2007,151.554
15/10/2007,78.935
16/10/2007,51.766
17/10/2007,35.985
18/10/2007,20.123
19/10/2007,14.857
20/10/2007,9.904
21/10/2007,6.024
22/10/2007,3.926
23/10/2007,2.928
24/10/2007,2.128
25/10/2007,1.791
26/10/2007,1.846
27/10/2007,2.339
28/10/2007,2.904
29/10/2007,4.54
30/10/2007,9.271
31/10/2007,14.544
01/11/2007,19.196
02/11/2007,24.112
03/11/2007,22.577
04/11/2007,18.819
05/11/2007,13.827
06/11/2007,10.828
07/11/2007,6.515
08/11/2007,3.626
09/11/2007,2.413
10/11/2007,1.924
11/11/2007,2.327
12/11/2007,7.05
13/11/2007,12.146
14/11/2007,15.259
15/11/2007,13.054
16/11/2007,9.143
17/11/2007,7.196
18/11/2007,5.892
19/11/2007,3.623
20/11/2007,2.374
21/11/2007,2.336
22/11/2007,5.527
23/11/2007,2.865
24/11/2007,1.81
25/11/2007,1.533
26/11/2007,1.383
27/11/2007,1.278
28/11/2007,1.198
29/11/2007,1.078
30/11/2007,0.947
01/12/2007,0.914
02/12/2007,0.851
03/12/2007,0.811
04/12/2007,0.808
05/12/2007,0.808
06/12/2007,0.805
07/12/2007,0.759
08/12/2007,0.726
09/12/2007,0.723
10/12/2007,0.706
11/12/2007,0.691
12/12/2007,0.665
13/12/2007,0.646
14/12/2007,0.636
15/12/2007,0.608
16/12/2007,0.607
17/12/2007,0.586
18/12/2007,0.552
19/12/2007,0.549
20/12/2007,0.523
21/12/2007,0.494
22/12/2007,0.447
23/12/2007,0.43
24/12/2007,0.446
25/12/2007,0.513
26/12/2007,0.551
27/12/2007,0.589
28/12/2007,4.136
29/12/2007,58.403
30/12/2007,37.086
31/12/2007,14.04
01/01/2008,9.594
02/01/2008,4.193
03/01/2008,2.005
04/01/2008,1.632
05/01/2008,1.414
06/01/2008,1.227
07/01/2008,1.117
08/01/2008,1.005
09/01/2008,0.984
10/01/2008,0.963
11/01/2008,0.943
12/01/2008,0.961
13/01/2008,0.963
14/01/2008,0.958
15/01/2008,0.861
16/01/2008,0.75
17/01/2008,0.745
18/01/2008,0.778
19/01/2008,0.838
20/01/2008,0.771
21/01/2008,0.763
22/01/2008,0.766
23/01/2008,0.764
24/01/2008,0.711
25/01/2008,0.648
26/01/2008,0.645
27/01/2008,0.645
28/01/2008,0.642
29/01/2008,0.609
30/01/2008,0.592
31/01/2008,0.569
01/02/2008,0.569
02/02/2008,0.662
03/02/2008,0.942
04/02/2008,1.076
05/02/2008,1.079
06/02/2008,1.079
07/02/2008,1.079
08/02/2008,1.065
09/02/2008,1.054
10/02/2008,1.009
11/02/2008,0.963
12/02/2008,0.942
13/02/2008,0.94
14/02/2008,0.94
15/02/2008,0.988
16/02/2008,1.219
17/02/2008,1.373
18/02/2008,1.333
19/02/2008,1.276
20/02/2008,1.16
21/02/2008,1.083
22/02/2008,1.079
23/02/2008,1.079
24/02/2008,1.02
25/02/2008,0.881
26/02/2008,0.848
27/02/2008,0.811
28/02/2008,0.826
29/02/2008,0.984
01/03/2008,1.178
02/03/2008,1.47
03/03/2008,1.775
04/03/2008,2.069
05/03/2008,2.691
06/03/2008,3.767
07/03/2008,5.146
08/03/2008,5.698
09/03/2008,4.561
10/03/2008,3.066
11/03/2008,1.96
12/03/2008,1.688
13/03/2008,1.471
14/03/2008,1.308
15/03/2008,1.175
16/03/2008,1.036
17/03/2008,0.951
18/03/2008,0.854
19/03/2008,0.831
20/03/2008,0.821
21/03/2008,0.808
22/03/2008,0.805
23/03/2008,0.761
24/03/2008,0.745
25/03/2008,0.745
26/03/2008,0.745
27/03/2008,0.748
28/03/2008,0.8
29/03/2008,0.839
30/03/2008,0.83
31/03/2008,0.83
01/04/2008,0.83
02/04/2008,0.83
03/04/2008,0.83
04/04/2008,0.83
05/04/2008,0.83
06/04/2008,0.83
07/04/2008,0.83
08/04/2008,0.83
09/04/2008,0.83
10/04/2008,0.83
11/04/2008,0.798
12/04/2008,0.747
13/04/2008,0.744
14/04/2008,0.707
15/04/2008,0.625
16/04/2008,0.523
17/04/2008,0.465
18/04/2008,0.505
19/04/2008,0.532
20/04/2008,0.52
21/04/2008,0.477
22/04/2008,0.462
23/04/2008,0.462
24/04/2008,0.462
25/04/2008,0.462
26/04/2008,0.462
27/04/2008,0.462
28/04/2008,0.462
29/04/2008,0.462
30/04/2008,0.452
01/05/2008,0.433
02/05/2008,0.397
03/05/2008,0.381
04/05/2008,0.38
05/05/2008,0.38
06/05/2008,0.382
07/05/2008,0.41
08/05/2008,0.412
09/05/2008,0.412
10/05/2008,0.412
11/05/2008,0.412
12/05/2008,0.412
13/05/2008,0.412
14/05/2008,0.412
15/05/2008,0.412
16/05/2008,0.402
17/05/2008,0.396
18/05/2008,0.386
19/05/2008,0.421
20/05/2008,0.454
21/05/2008,0.435
22/05/2008,0.429
23/05/2008,0.431
24/05/2008,0.46
25/05/2008,0.462
26/05/2008,0.462
27/05/2008,2.34
28/05/2008,37.638
29/05/2008,37.709
30/05/2008,59.523
31/05/2008,77.839
01/06/2008,64.796
02/06/2008,42.425
03/06/2008,22.979
04/06/2008,17.079
05/06/2008,11.615
06/06/2008,5.484
07/06/2008,5.029
08/06/2008,4.209
09/06/2008,3.785
10/06/2008,6.129
11/06/2008,9.272
12/06/2008,10.841
13/06/2008,10.877
14/06/2008,10.138
15/06/2008,8.219
16/06/2008,6.189
17/06/2008,4.651
18/06/2008,3.2
19/06/2008,2.317
20/06/2008,15.198
21/06/2008,37.58
22/06/2008,27.704
23/06/2008,21.282
24/06/2008,20.066
25/06/2008,17.613
26/06/2008,15.13
27/06/2008,16.651
28/06/2008,24.239
29/06/2008,23.872
30/06/2008,21.469
01/07/2008,18.726
02/07/2008,15.07
03/07/2008,11.751
04/07/2008,9.991
05/07/2008,8.445
06/07/2008,5.061
07/07/2008,3.488
08/07/2008,3.155
09/07/2008,3.068
10/07/2008,2.857
11/07/2008,2.808
12/07/2008,3.374
13/07/2008,3.689
14/07/2008,3.593
15/07/2008,3.054
16/07/2008,2.515
17/07/2008,2.128
18/07/2008,1.897
19/07/2008,1.769
20/07/2008,1.521
21/07/2008,18.373
22/07/2008,104.992
23/07/2008,81.89
24/07/2008,82.63
25/07/2008,63.769
26/07/2008,52.402
27/07/2008,35.784
28/07/2008,20.624
29/07/2008,17.35
30/07/2008,25.25
31/07/2008,27.203
01/08/2008,21.007
02/08/2008,20.85
03/08/2008,20.85
04/08/2008,18.781
05/08/2008,13.771
06/08/2008,10.32
07/08/2008,7.288
08/08/2008,4.6
09/08/2008,3.086
10/08/2008,2.262
11/08/2008,2.969
12/08/2008,34.837
13/08/2008,50.738
14/08/2008,57.495
15/08/2008,56.682
16/08/2008,48.744
17/08/2008,32.504
18/08/2008,22.732
19/08/2008,16.552
20/08/2008,9.796
21/08/2008,6.799
22/08/2008,5.632
23/08/2008,5.737
24/08/2008,29.863
25/08/2008,66.632
26/08/2008,58.9
27/08/2008,42.386
28/08/2008,50.345
29/08/2008,74.924
30/08/2008,72.063
31/08/2008,54.947
01/09/2008,43.26
02/09/2008,32.197
03/09/2008,21.783
04/09/2008,14.233
05/09/2008,14.92
06/09/2008,7.456
07/09/2008,14.852
08/09/2008,32.446
09/09/2008,28.469
10/09/2008,22.732
11/09/2008,22.238
12/09/2008,22.601
13/09/2008,20.582
14/09/2008,18.409
15/09/2008,16.693
16/09/2008,15.233
17/09/2008,11.865
18/09/2008,8.247
19/09/2008,5.284
20/09/2008,3.416
21/09/2008,2.781
22/09/2008,2.444
23/09/2008,2.009
24/09/2008,1.626
25/09/2008,1.338
26/09/2008,1.321
27/09/2008,1.234
28/09/2008,1.227
29/09/2008,1.23
30/09/2008,1.268
01/10/2008,1.207
02/10/2008,1.186
03/10/2008,1.154
04/10/2008,1.079
05/10/2008,1.03
06/10/2008,0.968
07/10/2008,0.959
08/10/2008,0.909
09/10/2008,0.854
10/10/2008,0.851
11/10/2008,0.85
12/10/2008,0.833
13/10/2008,0.871
14/10/2008,0.9
15/10/2008,0.958
16/10/2008,0.963
17/10/2008,0.93
18/10/2008,0.856
19/10/2008,0.851
20/10/2008,0.851
21/10/2008,0.853
22/10/2008,0.882
23/10/2008,0.916
24/10/2008,0.917
25/10/2008,0.917
26/10/2008,0.979
27/10/2008,1.121
28/10/2008,1.128
29/10/2008,1.128
30/10/2008,1.124
31/10/2008,1.112
01/11/2008,1.128
02/11/2008,1.128
03/11/2008,1.128
04/11/2008,1.111
05/11/2008,1.078
06/11/2008,1.023
07/11/2008,0.94
08/11/2008,0.875
09/11/2008,0.82
10/11/2008,0.747
11/11/2008,0.725
12/11/2008,0.683
13/11/2008,0.628
14/11/2008,0.598
15/11/2008,0.552
16/11/2008,0.542
17/11/2008,0.497
18/11/2008,0.463
19/11/2008,0.461
20/11/2008,0.445
21/11/2008,0.412
22/11/2008,0.381
23/11/2008,0.38
24/11/2008,0.379
25/11/2008,0.366
26/11/2008,0.363
27/11/2008,0.35
28/11/2008,0.343
29/11/2008,0.328
30/11/2008,0.34
01/12/2008,0.374
02/12/2008,0.404
03/12/2008,0.571
04/12/2008,0.816
05/12/2008,1.066
06/12/2008,1.149
07/12/2008,1.177
08/12/2008,1.152
09/12/2008,1.103
10/12/2008,1.076
11/12/2008,0.997
12/12/2008,0.916
13/12/2008,0.809
14/12/2008,0.718
15/12/2008,0.686
16/12/2008,0.652
17/12/2008,0.577
18/12/2008,0.534
19/12/2008,0.52
20/12/2008,0.477
21/12/2008,0.46
22/12/2008,0.432
23/12/2008,0.444
24/12/2008,0.445
25/12/2008,0.445
26/12/2008,0.452
27/12/2008,0.518
28/12/2008,0.638
29/12/2008,0.722
30/12/2008,0.725
01/01/2009,0.636
02/01/2009,0.607
03/01/2009,0.589
04/01/2009,0.568
05/01/2009,0.515
06/01/2009,0.469
07/01/2009,0.445
08/01/2009,0.422
09/01/2009,0.39
10/01/2009,0.366
11/01/2009,0.363
12/01/2009,0.349
13/01/2009,0.335
14/01/2009,0.334
15/01/2009,0.334
16/01/2009,0.333
17/01/2009,0.319
18/01/2009,0.306
19/01/2009,0.311
20/01/2009,0.333
21/01/2009,0.334
22/01/2009,0.334
23/01/2009,0.334
24/01/2009,0.334
25/01/2009,0.334
26/01/2009,0.334
27/01/2009,0.334
28/01/2009,0.334
29/01/2009,0.356
30/01/2009,0.425
31/01/2009,0.429
01/02/2009,0.498
02/02/2009,0.341
03/02/2009,0.385
04/02/2009,0.462
05/02/2009,0.462
06/02/2009,0.462
07/02/2009,0.462
08/02/2009,0.462
09/02/2009,0.462
10/02/2009,0.457
11/02/2009,0.484
12/02/2009,0.509
13/02/2009,0.465
14/02/2009,0.462
15/02/2009,0.462
16/02/2009,0.462
17/02/2009,0.49
18/02/2009,0.525
19/02/2009,0.532
20/02/2009,0.535
21/02/2009,0.619
22/02/2009,0.754
23/02/2009,0.863
24/02/2009,0.879
25/02/2009,0.882
26/02/2009,0.959
27/02/2009,0.963
28/02/2009,0.963
01/03/2009,0.963
02/03/2009,0.937
03/03/2009,0.841
04/03/2009,0.764
05/03/2009,0.795
06/03/2009,0.795
07/03/2009,0.698
08/03/2009,0.637
09/03/2009,0.596
10/03/2009,0.579
11/03/2009,0.552
12/03/2009,0.577
13/03/2009,0.607
14/03/2009,0.607
15/03/2009,0.607
16/03/2009,0.607
17/03/2009,0.622
18/03/2009,0.657
19/03/2009,0.644
20/03/2009,0.608
21/03/2009,0.607
22/03/2009,0.607
23/03/2009,0.605
24/03/2009,0.58
25/03/2009,0.552
26/03/2009,0.519
27/03/2009,0.465
28/03/2009,0.461
29/03/2009,0.419
30/03/2009,0.396
31/03/2009,0.368
01/04/2009,0.35
02/04/2009,0.341
03/04/2009,0.307
04/04/2009,0.305
05/04/2009,0.305
06/04/2009,0.305
07/04/2009,0.303
08/04/2009,0.291
09/04/2009,0.29
10/04/2009,0.285
11/04/2009,0.276
12/04/2009,0.271
13/04/2009,0.249
14/04/2009,0.236
15/04/2009,0.235
16/04/2009,0.224
17/04/2009,0.223
18/04/2009,0.223
19/04/2009,0.223
20/04/2009,0.223
21/04/2009,0.21
22/04/2009,0.192
23/04/2009,0.175
24/04/2009,0.174
25/04/2009,0.174
26/04/2009,0.174
27/04/2009,0.174
28/04/2009,0.173
29/04/2009,0.164
30/04/2009,0.162
01/05/2009,0.132
02/05/2009,0.11
03/05/2009,0.11
04/05/2009,0.11
05/05/2009,0.11
06/05/2009,0.11
07/05/2009,0.11
08/05/2009,0.11
09/05/2009,0.11
10/05/2009,0.11
11/05/2009,0.11
12/05/2009,0.11
13/05/2009,0.113
14/05/2009,0.153
15/05/2009,0.18
16/05/2009,0.184
17/05/2009,0.164
18/05/2009,0.163
19/05/2009,0.17
20/05/2009,0.174
21/05/2009,0.174
22/05/2009,0.151
23/05/2009,0.12
24/05/2009,0.111
25/05/2009,0.11
26/05/2009,0.118
27/05/2009,0.13
28/05/2009,0.13
29/05/2009,0.139
30/05/2009,0.187
31/05/2009,0.179
01/06/2009,0.197
02/06/2009,0.204
03/06/2009,0.214
04/06/2009,0.21
05/06/2009,0.21
06/06/2009,0.21
07/06/2009,0.21
08/06/2009,0.21
09/06/2009,0.211
10/06/2009,0.222
11/06/2009,0.232
12/06/2009,0.248
13/06/2009,0.266
14/06/2009,0.289
15/06/2009,0.29
16/06/2009,0.29
17/06/2009,0.291
18/06/2009,0.303
19/06/2009,0.296
20/06/2009,0.29
21/06/2009,0.311
22/06/2009,0.716
23/06/2009,1.341
24/06/2009,1.066
25/06/2009,0.903
26/06/2009,0.796
27/06/2009,0.828
28/06/2009,0.844
29/06/2009,0.883
30/06/2009,1.231
01/07/2009,1.673
02/07/2009,1.94
03/07/2009,3.864
04/07/2009,4.188
05/07/2009,3.887
06/07/2009,2.873
07/07/2009,3.294
08/07/2009,3.876
09/07/2009,3.289
10/07/2009,3.367
11/07/2009,3.689
12/07/2009,3.469
13/07/2009,3.062
14/07/2009,2.573
15/07/2009,1.739
16/07/2009,1.598
17/07/2009,1.598
18/07/2009,1.437
19/07/2009,1.179
20/07/2009,0.999
21/07/2009,0.963
22/07/2009,0.961
23/07/2009,0.942
24/07/2009,0.94
25/07/2009,0.892
26/07/2009,0.808
27/07/2009,0.759
28/07/2009,0.725
29/07/2009,0.706
30/07/2009,0.704
31/07/2009,0.704
01/08/2009,0.704
02/08/2009,0.704
03/08/2009,0.749
04/08/2009,3.507
05/08/2009,22.937
06/08/2009,33.797
07/08/2009,30.897
08/08/2009,23.124
09/08/2009,19.84
10/08/2009,16.893
11/08/2009,12.86
12/08/2009,8.458
13/08/2009,4.805
14/08/2009,2.881
15/08/2009,2.21
16/08/2009,1.687
17/08/2009,1.48
18/08/2009,1.394
19/08/2009,4.879
20/08/2009,31.418
21/08/2009,42.524
22/08/2009,34.754
23/08/2009,27.085
24/08/2009,22.292
25/08/2009,17.393
26/08/2009,11.958
27/08/2009,7.935
28/08/2009,4.415
29/08/2009,2.992
30/08/2009,1.999
31/08/2009,1.605
01/09/2009,3.588
02/09/2009,17.946
03/09/2009,25.552
04/09/2009,38.783
05/09/2009,53.225
06/09/2009,63.877
07/09/2009,71.036
08/09/2009,50.899
09/09/2009,43.175
10/09/2009,36.333
11/09/2009,28.398
12/09/2009,20.845
13/09/2009,12.929
14/09/2009,6.961
15/09/2009,5.478
16/09/2009,5.72
17/09/2009,12.561
18/09/2009,43.825
19/09/2009,38.963
20/09/2009,37.481
21/09/2009,44.134
22/09/2009,34.447
23/09/2009,22.067
24/09/2009,13.421
25/09/2009,7.355
26/09/2009,4.561
27/09/2009,3.191
28/09/2009,2.289
29/09/2009,1.789
30/09/2009,1.634
01/10/2009,1.598
02/10/2009,1.49
03/10/2009,1.359
04/10/2009,1.341
05/10/2009,33.215
06/10/2009,163.782
07/10/2009,228.27
08/10/2009,84.043
09/10/2009,51.602
10/10/2009,33.69
11/10/2009,26.564
12/10/2009,38.234
13/10/2009,34.4
14/10/2009,28.71
15/10/2009,24.863
16/10/2009,20.846
17/10/2009,13.956
18/10/2009,8.481
19/10/2009,4.899
20/10/2009,2.936
21/10/2009,2.114
22/10/2009,1.67
23/10/2009,1.469
24/10/2009,1.404
25/10/2009,1.293
26/10/2009,1.205
27/10/2009,1.201
28/10/2009,1.458
29/10/2009,1.562
30/10/2009,1.477
31/10/2009,1.541
01/11/2009,1.525
02/11/2009,1.368
03/11/2009,1.277
04/11/2009,15.661
05/11/2009,166.489
06/11/2009,454.733
07/11/2009,213.688
08/11/2009,136.962
09/11/2009,77.747
10/11/2009,53.03
11/11/2009,32.322
12/11/2009,22.272
13/11/2009,15.281
14/11/2009,13.328
15/11/2009,24.033
16/11/2009,40.667
17/11/2009,83.717
18/11/2009,368.125
19/11/2009,482.634
20/11/2009,390.502
21/11/2009,261.534
22/11/2009,205.314
23/11/2009,191.084
24/11/2009,125.083
25/11/2009,84.453
26/11/2009,127.185
27/11/2009,184.631
28/11/2009,103.37
29/11/2009,79.706
30/11/2009,67.596
01/12/2009,59.695
02/12/2009,74.023
03/12/2009,104.015
04/12/2009,123.675
05/12/2009,91.183
06/12/2009,66.896
07/12/2009,47.267
08/12/2009,21.49
09/12/2009,12.344
10/12/2009,7.68
11/12/2009,5.945
12/12/2009,23.538
13/12/2009,36.878
14/12/2009,26.516
15/12/2009,23.174
16/12/2009,23.005
17/12/2009,19.765
18/12/2009,13.037
19/12/2009,8.913
20/12/2009,7.496
21/12/2009,42.562
22/12/2009,45.935
23/12/2009,27.04
24/12/2009,61.489
25/12/2009,72.067
26/12/2009,136.353
27/12/2009,393.918
28/12/2009,286.348
29/12/2009,145.864
30/12/2009,69.972
31/12/2009,42.107
01/01/2010,24.4
02/01/2010,13.973
03/01/2010,9.125
04/01/2010,6.327
05/01/2010,4.368
06/01/2010,3.357
07/01/2010,2.708
08/01/2010,2.61
09/01/2010,2.991
10/01/2010,5.773
11/01/2010,8.032
12/01/2010,6.549
13/01/2010,6.093
14/01/2010,6.213
15/01/2010,7.308
16/01/2010,7.524
17/01/2010,7.293
18/01/2010,6.072
19/01/2010,7.176
20/01/2010,6.605
21/01/2010,4.132
22/01/2010,2.588
23/01/2010,2.102
24/01/2010,1.655
25/01/2010,1.34
26/01/2010,1.317
27/01/2010,1.25
28/01/2010,1.067
29/01/2010,0.859
30/01/2010,0.851
31/01/2010,0.851
01/02/2010,0.851
02/02/2010,0.911
03/02/2010,9.708
04/02/2010,19.84
05/02/2010,51.303
06/02/2010,119.029
07/02/2010,137.554
08/02/2010,169.641
09/02/2010,174.557
10/02/2010,128.687
11/02/2010,87.673
12/02/2010,55.181
13/02/2010,33.756
14/02/2010,21.532
15/02/2010,12.316
16/02/2010,30.63
17/02/2010,68.342
18/02/2010,98.419
19/02/2010,117.774
20/02/2010,97.805
21/02/2010,224.984
22/02/2010,310.698
23/02/2010,135.046
24/02/2010,77.534
25/02/2010,63.463
26/02/2010,54.822
27/02/2010,41.409
28/02/2010,27.979
01/03/2010,17.189
02/03/2010,11.629
03/03/2010,5.899
04/03/2010,4.266
05/03/2010,3.376
06/03/2010,2.536
07/03/2010,2.013
08/03/2010,1.787
09/03/2010,1.638
10/03/2010,1.547
11/03/2010,1.528
12/03/2010,1.465
13/03/2010,1.455
14/03/2010,1.383
15/03/2010,1.333
16/03/2010,1.305
17/03/2010,1.203
18/03/2010,1.15
19/03/2010,1.107
20/03/2010,1.103
21/03/2010,1.12
22/03/2010,1.462
23/03/2010,1.775
24/03/2010,1.883
25/03/2010,1.971
26/03/2010,2.218
27/03/2010,2.411
28/03/2010,2.68
29/03/2010,2.54
30/03/2010,2.03
31/03/2010,1.743
01/04/2010,1.588
02/04/2010,1.422
03/04/2010,1.297
04/04/2010,1.227
05/04/2010,1.132
06/04/2010,1.059
07/04/2010,0.973
08/04/2010,0.928
09/04/2010,0.886
10/04/2010,0.834
11/04/2010,0.79
12/04/2010,0.747
13/04/2010,0.744
14/04/2010,0.726
15/04/2010,0.725
16/04/2010,0.725
17/04/2010,0.723
18/04/2010,0.706
19/04/2010,0.704
20/04/2010,0.692
21/04/2010,0.661
22/04/2010,0.645
23/04/2010,0.633
24/04/2010,0.624
25/04/2010,0.608
26/04/2010,0.648
27/04/2010,0.775
28/04/2010,0.943
29/04/2010,1.032
30/04/2010,1.032
01/05/2010,1.027
02/05/2010,0.887
03/05/2010,0.907
04/05/2010,11.929
05/05/2010,15.687
06/05/2010,8.694
07/05/2010,5.736
08/05/2010,4.803
09/05/2010,7.211
10/05/2010,3.28
11/05/2010,1.805
12/05/2010,1.642
13/05/2010,1.426
14/05/2010,1.277
15/05/2010,1.192
16/05/2010,1.094
17/05/2010,0.979
18/05/2010,0.878
19/05/2010,0.851
20/05/2010,0.851
21/05/2010,0.85
22/05/2010,0.83
23/05/2010,0.81
24/05/2010,0.852
25/05/2010,2.711
26/05/2010,3.891
27/05/2010,2.064
28/05/2010,1.857
29/05/2010,1.863
30/05/2010,16.867
31/05/2010,18.751
01/06/2010,13.965
02/06/2010,10.905
03/06/2010,7.738
04/06/2010,5.998
05/06/2010,5.02
06/06/2010,4.304
07/06/2010,3.143
08/06/2010,2.234
09/06/2010,1.756
10/06/2010,1.514
11/06/2010,1.399
12/06/2010,1.331
13/06/2010,1.317
14/06/2010,1.25
15/06/2010,1.169
16/06/2010,10.02
17/06/2010,52.677
18/06/2010,44.62
19/06/2010,34.614
20/06/2010,34.65
21/06/2010,33.606
22/06/2010,25.644
23/06/2010,16.883
24/06/2010,8.398
25/06/2010,5.238
26/06/2010,3.458
27/06/2010,2.494
28/06/2010,2.061
29/06/2010,1.864
30/06/2010,1.953
01/07/2010,2.392
02/07/2010,2.585
03/07/2010,2.026
04/07/2010,1.716
05/07/2010,1.711
06/07/2010,1.711
07/07/2010,1.714
08/07/2010,1.736
09/07/2010,1.711
10/07/2010,1.683
11/07/2010,1.79
12/07/2010,18.743
13/07/2010,77.06
14/07/2010,92.095
15/07/2010,64.828
16/07/2010,37.038
17/07/2010,25.565
18/07/2010,31.994
19/07/2010,119.299
20/07/2010,152.837
21/07/2010,139.196
22/07/2010,90.96
23/07/2010,58.151
24/07/2010,41.084
25/07/2010,71.777
26/07/2010,107.458
27/07/2010,142.825
28/07/2010,88.754
29/07/2010,49.259
30/07/2010,33.124
31/07/2010,41.632
01/08/2010,48.033
02/08/2010,33.049
03/08/2010,24.011
04/08/2010,20.886
05/08/2010,18.721
06/08/2010,13.708
07/08/2010,8.18
08/08/2010,5.81
09/08/2010,4.425
10/08/2010,3.366
11/08/2010,2.727
12/08/2010,5.809
13/08/2010,59.514
14/08/2010,50.659
15/08/2010,28.361
16/08/2010,18.474
17/08/2010,13.298
18/08/2010,9.536
19/08/2010,7.245
20/08/2010,5.08
21/08/2010,3.212
22/08/2010,2.252
23/08/2010,1.751
24/08/2010,1.729
25/08/2010,1.706
26/08/2010,1.79
27/08/2010,1.883
28/08/2010,1.887
29/08/2010,1.885
30/08/2010,1.936
31/08/2010,10.77
01/09/2010,61.006
02/09/2010,70.068
03/09/2010,56.371
04/09/2010,65.086
05/09/2010,57.81
06/09/2010,40.881
07/09/2010,30.748
08/09/2010,22.125
09/09/2010,14.741
10/09/2010,9.26
11/09/2010,7.63
12/09/2010,13.31
13/09/2010,56.162
14/09/2010,133.935
15/09/2010,129.092
16/09/2010,98.947
17/09/2010,84.555
18/09/2010,57.209
19/09/2010,28.82
20/09/2010,14.217
21/09/2010,8.926
22/09/2010,5.805
23/09/2010,3.976
24/09/2010,2.955
25/09/2010,2.269
26/09/2010,1.896
27/09/2010,1.76
28/09/2010,1.659
29/09/2010,1.654
30/09/2010,1.65
01/10/2010,1.585
02/10/2010,1.477
03/10/2010,1.309
04/10/2010,1.182
05/10/2010,1.081
06/10/2010,1.035
07/10/2010,1.032
08/10/2010,1.032
09/10/2010,1.032
10/10/2010,1.03
11/10/2010,0.987
12/10/2010,0.928
13/10/2010,0.854
14/10/2010,0.851
15/10/2010,0.851
16/10/2010,0.85
17/10/2010,0.831
18/10/2010,0.821
19/10/2010,0.798
20/10/2010,0.766
21/10/2010,0.747
22/10/2010,0.745
23/10/2010,0.711
24/10/2010,0.658
25/10/2010,0.645
26/10/2010,0.644
27/10/2010,0.618
28/10/2010,0.588
29/10/2010,0.559
30/10/2010,0.551
31/10/2010,0.551
01/11/2010,0.529
02/11/2010,0.466
03/11/2010,0.462
04/11/2010,0.462
05/11/2010,0.462
06/11/2010,0.462
07/11/2010,0.462
08/11/2010,0.462
09/11/2010,0.462
10/11/2010,0.541
11/11/2010,0.641
12/11/2010,0.626
13/11/2010,0.599
14/11/2010,0.57
15/11/2010,0.569
16/11/2010,0.697
17/11/2010,1.191
18/11/2010,1.55
19/11/2010,1.488
20/11/2010,1.486
21/11/2010,1.404
22/11/2010,1.241
23/11/2010,1.139
24/11/2010,1.011
25/11/2010,0.899
26/11/2010,0.85
27/11/2010,0.8
28/11/2010,0.729
29/11/2010,0.636
30/11/2010,0.592
01/12/2010,0.558
02/12/2010,0.532
03/12/2010,0.466
04/12/2010,0.454
05/12/2010,0.422
06/12/2010,0.397
07/12/2010,0.386
08/12/2010,0.374
09/12/2010,0.348
10/12/2010,0.314
11/12/2010,0.305
12/12/2010,0.305
13/12/2010,0.305
14/12/2010,0.303
15/12/2010,0.283
16/12/2010,0.276
17/12/2010,0.26
18/12/2010,0.244
19/12/2010,0.236
20/12/2010,0.261
21/12/2010,0.302
22/12/2010,0.291
23/12/2010,0.26
24/12/2010,0.268
25/12/2010,0.307
26/12/2010,0.27
27/12/2010,0.24
28/12/2010,0.236
29/12/2010,0.236
30/12/2010,0.236
31/12/2010,0.236
01/01/2011,0.236
02/01/2011,0.236
03/01/2011,0.236
04/01/2011,0.236
05/01/2011,0.236
06/01/2011,0.255
07/01/2011,0.276
08/01/2011,0.276
09/01/2011,0.29
10/01/2011,0.305
11/01/2011,0.308
12/01/2011,0.414
13/01/2011,0.469
14/01/2011,0.462
15/01/2011,0.451
16/01/2011,0.43
17/01/2011,0.429
18/01/2011,0.429
19/01/2011,0.429
20/01/2011,0.429
21/01/2011,0.419
22/01/2011,0.402
23/01/2011,0.39
24/01/2011,0.38
25/01/2011,0.379
26/01/2011,0.366
27/01/2011,0.38
28/01/2011,0.396
29/01/2011,0.396
30/01/2011,0.406
31/01/2011,0.435
01/02/2011,0.462
02/02/2011,0.462
03/02/2011,0.462
04/02/2011,0.462
05/02/2011,0.462
06/02/2011,0.462
07/02/2011,0.462
08/02/2011,0.462
09/02/2011,0.573
10/02/2011,0.645
11/02/2011,0.645
12/02/2011,0.645
13/02/2011,0.725
14/02/2011,0.848
15/02/2011,0.851
16/02/2011,0.854
17/02/2011,0.882
18/02/2011,0.853
19/02/2011,0.823
20/02/2011,0.747
21/02/2011,0.714
22/02/2011,0.67
23/02/2011,0.609
24/02/2011,0.607
25/02/2011,0.607
26/02/2011,0.607
27/02/2011,0.607
28/02/2011,0.608
01/03/2011,0.624
02/03/2011,0.626
03/03/2011,0.626
04/03/2011,0.598
05/03/2011,0.551
06/03/2011,0.534
07/03/2011,0.532
08/03/2011,0.512
09/03/2011,0.465
10/03/2011,0.462
11/03/2011,0.462
12/03/2011,0.612
13/03/2011,0.793
14/03/2011,0.718
15/03/2011,0.645
16/03/2011,0.557
17/03/2011,0.476
18/03/2011,0.479
19/03/2011,0.479
20/03/2011,0.469
21/03/2011,0.462
22/03/2011,0.462
23/03/2011,0.465
24/03/2011,0.526
25/03/2011,0.62
26/03/2011,0.76
27/03/2011,0.888
28/03/2011,1.048
29/03/2011,1.167
30/03/2011,1.2
31/03/2011,1.178
01/04/2011,1.149
02/04/2011,1.083
03/04/2011,1.023
04/04/2011,0.963
05/04/2011,0.961
06/04/2011,0.916
07/04/2011,0.851
08/04/2011,0.811
09/04/2011,0.757
10/04/2011,0.662
11/04/2011,0.645
12/04/2011,0.606
13/04/2011,0.552
14/04/2011,0.551
15/04/2011,0.497
16/04/2011,0.462
17/04/2011,0.522
18/04/2011,0.604
19/04/2011,0.59
20/04/2011,0.572
21/04/2011,0.894
22/04/2011,1.116
23/04/2011,2.572
24/04/2011,5.041
25/04/2011,5.29
26/04/2011,5.154
27/04/2011,4.716
28/04/2011,3.641
29/04/2011,2.209
30/04/2011,1.912
01/05/2011,1.716
02/05/2011,1.529
03/05/2011,1.399
04/05/2011,1.134
05/05/2011,0.963
06/05/2011,0.863
07/05/2011,0.799
08/05/2011,0.678
09/05/2011,0.645
10/05/2011,0.645
11/05/2011,0.642
12/05/2011,0.607
13/05/2011,0.561
14/05/2011,0.551
15/05/2011,0.543
16/05/2011,0.532
17/05/2011,0.991
18/05/2011,2.563
19/05/2011,0.462
20/05/2011,0.461
21/05/2011,0.439
22/05/2011,0.413
23/05/2011,0.412
24/05/2011,5.507
25/05/2011,70.021
26/05/2011,58.279
27/05/2011,47.099
28/05/2011,35.449
29/05/2011,26.844
30/05/2011,18.337
31/05/2011,11.833
01/06/2011,9.47
02/06/2011,5.419
03/06/2011,3.163
04/06/2011,2.244
05/06/2011,1.91
06/06/2011,1.64
07/06/2011,1.445
08/06/2011,1.478
09/06/2011,1.592
10/06/2011,1.598
11/06/2011,1.598
12/06/2011,1.561
13/06/2011,1.438
14/06/2011,1.309
15/06/2011,1.182
16/06/2011,1.294
17/06/2011,3.96
18/06/2011,11.725
19/06/2011,62.262
20/06/2011,44.53
21/06/2011,56.411
22/06/2011,50.184
23/06/2011,51.498
24/06/2011,42.63
25/06/2011,29.9
26/06/2011,20.787
27/06/2011,14.797
28/06/2011,11.371
29/06/2011,8.634
30/06/2011,6.45
01/07/2011,5.015
02/07/2011,3.675
03/07/2011,2.699
04/07/2011,1.872
05/07/2011,1.687
06/07/2011,1.511
07/07/2011,1.355
08/07/2011,1.272
09/07/2011,1.152
10/07/2011,1.085
11/07/2011,1.068
12/07/2011,1.016
13/07/2011,0.966
14/07/2011,0.963
15/07/2011,0.986
16/07/2011,2.927
17/07/2011,16.146
18/07/2011,18.468
19/07/2011,17.925
20/07/2011,13.63
21/07/2011,9.104
22/07/2011,5.879
23/07/2011,4.774
24/07/2011,3.453
25/07/2011,2.517
26/07/2011,2.02
27/07/2011,1.776
28/07/2011,2.496
29/07/2011,13.584
30/07/2011,22.406
31/07/2011,20.105
01/08/2011,20.153
02/08/2011,65.239
03/08/2011,63.455
04/08/2011,50.113
05/08/2011,45.43
06/08/2011,39.56
07/08/2011,30.512
08/08/2011,19.401
09/08/2011,10.313
10/08/2011,7.158
11/08/2011,5.36
12/08/2011,4.16
13/08/2011,3.176
14/08/2011,2.558
15/08/2011,2.221
16/08/2011,1.956
17/08/2011,2.251
18/08/2011,4.244
19/08/2011,29.951
20/08/2011,58.324
21/08/2011,55.673
22/08/2011,44.691
23/08/2011,32.086
24/08/2011,21.495
25/08/2011,13.636
26/08/2011,8.858
27/08/2011,6.576
28/08/2011,15.982
29/08/2011,24.453
30/08/2011,20.354
31/08/2011,15.152
01/09/2011,11.941
02/09/2011,8.354
03/09/2011,5.962
04/09/2011,4.93
05/09/2011,2.818
06/09/2011,2.066
07/09/2011,2.015
08/09/2011,2.231
09/09/2011,3.496
10/09/2011,6.138
11/09/2011,5.46
12/09/2011,3.987
13/09/2011,2.773
14/09/2011,2.08
15/09/2011,1.703
16/09/2011,2.865
17/09/2011,11.259
18/09/2011,42.414
19/09/2011,39.917
20/09/2011,29.605
21/09/2011,25.332
22/09/2011,23.991
23/09/2011,16.155
24/09/2011,10.838
25/09/2011,6.972
26/09/2011,4.368
27/09/2011,3.1
28/09/2011,2.097
29/09/2011,1.724
30/09/2011,3.463
01/10/2011,31.483
02/10/2011,36.829
03/10/2011,40.843
04/10/2011,42.909
05/10/2011,33.264
06/10/2011,21.169
07/10/2011,17.351
08/10/2011,43.809
09/10/2011,43.28
10/10/2011,44.703
11/10/2011,40.908
12/10/2011,33.684
13/10/2011,100.076
14/10/2011,98.547
15/10/2011,48.925
16/10/2011,33.781
17/10/2011,32.172
18/10/2011,25.086
19/10/2011,16.894
20/10/2011,9.971
21/10/2011,5.855
22/10/2011,3.9
23/10/2011,4.413
24/10/2011,5.856
25/10/2011,7.695
26/10/2011,10.553
27/10/2011,9.357
28/10/2011,9.271
29/10/2011,10.605
30/10/2011,9.622
31/10/2011,8.779
01/11/2011,7.309
02/11/2011,4.929
03/11/2011,3.565
04/11/2011,2.059
05/11/2011,1.608
06/11/2011,1.397
07/11/2011,1.264
08/11/2011,1.143
09/11/2011,1.061
10/11/2011,1.145
11/11/2011,1.134
12/11/2011,1.034
13/11/2011,0.968
14/11/2011,1.107
15/11/2011,1.307
16/11/2011,1.451
17/11/2011,1.446
18/11/2011,1.327
19/11/2011,1.194
20/11/2011,1.089
21/11/2011,1.003
22/11/2011,0.947
23/11/2011,0.852
24/11/2011,0.766
25/11/2011,0.703
26/11/2011,0.648
27/11/2011,0.623
28/11/2011,0.545
29/11/2011,0.49
30/11/2011,0.496
01/12/2011,0.482
02/12/2011,0.461
03/12/2011,0.424
04/12/2011,0.382
05/12/2011,0.38
06/12/2011,0.38
07/12/2011,0.38
08/12/2011,0.379
09/12/2011,0.366
10/12/2011,0.363
11/12/2011,0.334
12/12/2011,0.306
13/12/2011,0.305
14/12/2011,0.305
15/12/2011,0.305
16/12/2011,0.307
17/12/2011,0.333
18/12/2011,0.348
19/12/2011,0.343
20/12/2011,0.327
21/12/2011,0.306
22/12/2011,0.305
23/12/2011,0.308
24/12/2011,0.349
25/12/2011,0.334
26/12/2011,0.305
27/12/2011,0.299
28/12/2011,0.285
29/12/2011,0.263
30/12/2011,0.248
31/12/2011,0.237
01/01/2012,0.236
02/01/2012,0.236
03/01/2012,0.228
04/01/2012,0.223
05/01/2012,0.21
06/01/2012,0.191
07/01/2012,0.185
08/01/2012,0.171
09/01/2012,0.156
10/01/2012,0.145
11/01/2012,0.135
12/01/2012,0.13
13/01/2012,0.126
14/01/2012,0.12
15/01/2012,0.12
16/01/2012,0.12
17/01/2012,0.11
18/01/2012,0.102
19/01/2012,0.1
20/01/2012,0.092
21/01/2012,0.092
22/01/2012,0.088
23/01/2012,0.078
24/01/2012,0.075
25/01/2012,0.037
26/01/2012,0.012
27/01/2012,0.012
28/01/2012,0.012
29/01/2012,0.012
30/01/2012,0.012
31/01/2012,0.012
01/02/2012,0.012
02/02/2012,0.012
03/02/2012,0.012
04/02/2012,0.012
05/02/2012,0.012
06/02/2012,0.042
07/02/2012,0.152
08/02/2012,0.35
09/02/2012,0.589
10/02/2012,0.739
11/02/2012,0.766
12/02/2012,0.766
13/02/2012,0.766
14/02/2012,0.764
15/02/2012,0.737
16/02/2012,0.697
17/02/2012,0.654
18/02/2012,0.645
19/02/2012,0.636
20/02/2012,0.588
21/02/2012,2.216
22/02/2012,4.758
23/02/2012,2.714
24/02/2012,1.584
25/02/2012,1.281
26/02/2012,1.154
27/02/2012,1.061
28/02/2012,1.009
29/02/2012,1.657
01/03/2012,26.937
02/03/2012,38.27
03/03/2012,23.933
04/03/2012,16.506
05/03/2012,9.821
06/03/2012,6.578
07/03/2012,4.75
08/03/2012,3.453
09/03/2012,2.44
10/03/2012,1.814
11/03/2012,1.529
12/03/2012,1.326
13/03/2012,1.172
14/03/2012,1.102
15/03/2012,1.011
16/03/2012,0.942
17/03/2012,0.844
18/03/2012,0.787
19/03/2012,0.733
20/03/2012,0.665
21/03/2012,0.612
22/03/2012,0.641
23/03/2012,0.618
24/03/2012,0.576
25/03/2012,0.552
26/03/2012,0.533
27/03/2012,0.515
28/03/2012,0.496
29/03/2012,0.463
30/03/2012,0.451
31/03/2012,0.43
01/04/2012,0.427
02/04/2012,0.407
03/04/2012,0.39
04/04/2012,0.38
05/04/2012,0.469
06/04/2012,0.565
07/04/2012,0.532
08/04/2012,0.552
09/04/2012,0.586
10/04/2012,0.798
11/04/2012,1.403
12/04/2012,1.714
13/04/2012,1.547
14/04/2012,1.355
15/04/2012,1.262
16/04/2012,1.105
17/04/2012,1.005
18/04/2012,0.897
19/04/2012,0.853
20/04/2012,0.843
21/04/2012,0.819
22/04/2012,0.766
23/04/2012,0.718
24/04/2012,0.691
25/04/2012,0.654
26/04/2012,0.636
27/04/2012,0.608
28/04/2012,0.594
29/04/2012,0.57
30/04/2012,0.558
01/05/2012,0.542
02/05/2012,0.508
03/05/2012,0.481
04/05/2012,0.479
05/05/2012,0.478
06/05/2012,0.463
07/05/2012,0.461
08/05/2012,0.447
09/05/2012,0.445
10/05/2012,0.435
11/05/2012,0.429
12/05/2012,0.419
13/05/2012,0.406
14/05/2012,0.396
15/05/2012,0.39
16/05/2012,0.355
17/05/2012,0.334
18/05/2012,0.324
19/05/2012,0.306
20/05/2012,0.305
21/05/2012,0.305
22/05/2012,0.305
23/05/2012,0.305
24/05/2012,0.321
25/05/2012,0.362
26/05/2012,0.364
27/05/2012,0.363
28/05/2012,0.35
29/05/2012,0.34
30/05/2012,0.334
31/05/2012,0.334
01/06/2012,0.334
02/06/2012,0.325
03/06/2012,0.319
04/06/2012,0.319
05/06/2012,0.31
06/06/2012,0.305
07/06/2012,0.305
08/06/2012,0.303
09/06/2012,0.291
10/06/2012,0.29
11/06/2012,0.29
12/06/2012,0.29
13/06/2012,0.29
14/06/2012,2.013
15/06/2012,31.785
16/06/2012,27.682
17/06/2012,17.109
18/06/2012,33.525
19/06/2012,55.874
20/06/2012,55.001
21/06/2012,36.721
22/06/2012,22.345
23/06/2012,15.633
24/06/2012,11.871
25/06/2012,7.66
26/06/2012,5.519
27/06/2012,5.065
28/06/2012,3.966
29/06/2012,2.466
30/06/2012,1.914
01/07/2012,1.883
02/07/2012,15.355
03/07/2012,59.809
04/07/2012,66.094
05/07/2012,89.951
06/07/2012,65.32
07/07/2012,46.039
08/07/2012,34.095
09/07/2012,26.736
10/07/2012,21.97
11/07/2012,16.306
12/07/2012,12.991
13/07/2012,8.045
14/07/2012,5.338
15/07/2012,4.324
16/07/2012,3.455
17/07/2012,2.664
18/07/2012,2.183
19/07/2012,2.021
20/07/2012,1.809
21/07/2012,1.633
22/07/2012,1.568
23/07/2012,1.458
24/07/2012,1.322
25/07/2012,1.266
26/07/2012,1.26
27/07/2012,1.225
28/07/2012,1.162
29/07/2012,1.1
30/07/2012,1.079
31/07/2012,1.079
01/08/2012,1.338
02/08/2012,2.221
03/08/2012,2.722
04/08/2012,2.917
05/08/2012,2.641
06/08/2012,2.31
07/08/2012,2.182
08/08/2012,2.052
09/08/2012,1.927
10/08/2012,1.995
11/08/2012,1.602
12/08/2012,1.572
13/08/2012,1.59
14/08/2012,1.703
15/08/2012,1.745
16/08/2012,1.824
17/08/2012,1.877
18/08/2012,2.808
19/08/2012,4.429
20/08/2012,47.189
21/08/2012,104.368
22/08/2012,99.961
23/08/2012,90.822
24/08/2012,75.766
25/08/2012,60.098
26/08/2012,44.586
27/08/2012,27.132
28/08/2012,21.187
29/08/2012,17.127
30/08/2012,12.904
31/08/2012,9.574
01/09/2012,8.35
02/09/2012,6.574
03/09/2012,4.238
04/09/2012,3.222
05/09/2012,2.729
06/09/2012,2.852
07/09/2012,3.975
08/09/2012,6.158
09/09/2012,7.126
10/09/2012,9.334
11/09/2012,9.05
12/09/2012,8.127
13/09/2012,7.481
14/09/2012,5.922
15/09/2012,4.741
16/09/2012,4.147
17/09/2012,3.978
18/09/2012,12.172
19/09/2012,51.694
20/09/2012,67.233
21/09/2012,79.072
22/09/2012,68.494
23/09/2012,46.255
24/09/2012,23.165
25/09/2012,16.334
26/09/2012,10.704
27/09/2012,6.247
28/09/2012,4.642
29/09/2012,3.393
30/09/2012,2.655
01/10/2012,2.102
02/10/2012,1.859
03/10/2012,1.743
04/10/2012,1.666
05/10/2012,1.579
06/10/2012,1.423
07/10/2012,9.984
08/10/2012,110.627
09/10/2012,278.96
10/10/2012,363.009
11/10/2012,229.089
12/10/2012,104.597
13/10/2012,59.933
14/10/2012,41.689
15/10/2012,26.141
16/10/2012,18.33
17/10/2012,12.582
18/10/2012,8.802
19/10/2012,6.31
20/10/2012,4.826
21/10/2012,3.681
22/10/2012,3.144
23/10/2012,3.217
24/10/2012,3.061
25/10/2012,2.805
26/10/2012,2.366
27/10/2012,2.255
28/10/2012,2.255
29/10/2012,2.059
30/10/2012,1.773
31/10/2012,1.628
01/11/2012,1.572
02/11/2012,1.555
03/11/2012,1.479
04/11/2012,1.436
05/11/2012,1.434
06/11/2012,1.434
07/11/2012,1.434
08/11/2012,1.378
09/11/2012,1.239
10/11/2012,1.178
11/11/2012,1.149
12/11/2012,1.081
13/11/2012,1.046
14/11/2012,1.01
15/11/2012,1.105
16/11/2012,1.272
17/11/2012,1.252
18/11/2012,1.225
19/11/2012,1.173
20/11/2012,1.072
21/11/2012,1.001
22/11/2012,0.919
23/11/2012,0.85
24/11/2012,0.786
25/11/2012,0.718
26/11/2012,0.665
27/11/2012,0.607
28/11/2012,0.559
29/11/2012,0.53
30/11/2012,0.481
01/12/2012,0.463
02/12/2012,0.456
03/12/2012,0.444
04/12/2012,0.412
05/12/2012,0.381
06/12/2012,0.442
07/12/2012,1.967
08/12/2012,6.669
09/12/2012,7.573
10/12/2012,6.722
11/12/2012,12.132
12/12/2012,22.233
13/12/2012,15.853
14/12/2012,10.015
15/12/2012,5.55
16/12/2012,3.889
17/12/2012,2.607
18/12/2012,2.057
19/12/2012,1.697
20/12/2012,1.564
21/12/2012,1.856
22/12/2012,1.887
23/12/2012,1.732
24/12/2012,1.446
25/12/2012,1.301
26/12/2012,1.141
27/12/2012,1.0
28/12/2012,0.885
29/12/2012,0.8
30/12/2012,0.72
31/12/2012,0.634
01/01/2013,12.361
02/01/2013,17.342
03/01/2013,11.996
04/01/2013,7.765
05/01/2013,4.741
06/01/2013,3.024
07/01/2013,2.146
08/01/2013,1.869
09/01/2013,1.74
10/01/2013,1.659
11/01/2013,1.65
12/01/2013,1.514
13/01/2013,1.359
14/01/2013,1.264
15/01/2013,1.105
16/01/2013,0.995
17/01/2013,0.979
18/01/2013,1.097
19/01/2013,1.009
20/01/2013,0.918
21/01/2013,0.853
22/01/2013,0.831
23/01/2013,0.815
24/01/2013,0.788
25/01/2013,0.882
26/01/2013,0.957
27/01/2013,0.854
28/01/2013,0.851
29/01/2013,0.85
30/01/2013,0.813
31/01/2013,0.767
01/02/2013,0.769
02/02/2013,0.805
03/02/2013,0.785
04/02/2013,0.737
05/02/2013,0.697
06/02/2013,0.654
07/02/2013,0.636
08/02/2013,0.599
09/02/2013,0.559
10/02/2013,0.551
11/02/2013,0.543
12/02/2013,0.525
13/02/2013,0.515
14/02/2013,0.573
15/02/2013,0.726
16/02/2013,0.717
17/02/2013,0.704
18/02/2013,0.704
19/02/2013,0.704
20/02/2013,4.361
21/02/2013,67.639
22/02/2013,40.387
23/02/2013,20.666
24/02/2013,15.739
25/02/2013,13.762
26/02/2013,12.952
27/02/2013,10.822
28/02/2013,8.46
01/03/2013,6.331
02/03/2013,4.167
03/03/2013,3.273
04/03/2013,2.549
05/03/2013,1.846
06/03/2013,1.575
07/03/2013,1.377
08/03/2013,1.262
09/03/2013,1.073
10/03/2013,0.927
11/03/2013,0.909
12/03/2013,0.958
13/03/2013,0.895
14/03/2013,0.854
15/03/2013,0.833
16/03/2013,0.766
17/03/2013,0.725
18/03/2013,0.697
19/03/2013,0.654
20/03/2013,0.691
21/03/2013,0.82
22/03/2013,0.985
23/03/2013,1.032
24/03/2013,1.023
25/03/2013,1.009
26/03/2013,1.009
27/03/2013,1.009
28/03/2013,1.034
29/03/2013,1.078
30/03/2013,1.079
31/03/2013,1.065
01/04/2013,1.054
02/04/2013,1.01
03/04/2013,0.963
04/04/2013,2.781
05/04/2013,27.726
06/04/2013,30.591
07/04/2013,23.174
08/04/2013,23.005
09/04/2013,22.563
10/04/2013,17.818
11/04/2013,13.428
12/04/2013,15.571
13/04/2013,15.799
14/04/2013,15.616
15/04/2013,19.729
16/04/2013,19.632
17/04/2013,17.268
18/04/2013,13.001
19/04/2013,8.775
20/04/2013,5.984
21/04/2013,4.306
22/04/2013,3.135
23/04/2013,2.469
24/04/2013,1.882
25/04/2013,1.659
26/04/2013,1.467
27/04/2013,1.348
28/04/2013,1.217
29/04/2013,1.118
01/05/2013,1.348
02/05/2013,3.559
03/05/2013,25.799
04/05/2013,100.698
05/05/2013,192.269
06/05/2013,119.63
07/05/2013,74.193
08/05/2013,40.221
09/05/2013,25.062
10/05/2013,18.529
11/05/2013,12.652
12/05/2013,9.001
13/05/2013,6.699
14/05/2013,5.433
15/05/2013,4.414
16/05/2013,3.777
17/05/2013,3.205
18/05/2013,2.701
19/05/2013,2.598
20/05/2013,2.342
21/05/2013,2.273
22/05/2013,2.541
23/05/2013,3.067
24/05/2013,3.892
25/05/2013,4.947
26/05/2013,5.246
27/05/2013,5.265
28/05/2013,4.549
29/05/2013,4.315
30/05/2013,4.539
31/05/2013,5.718
01/06/2013,8.997
02/06/2013,11.128
03/06/2013,13.686
04/06/2013,12.393
05/06/2013,9.673
06/06/2013,7.09
07/06/2013,5.66
08/06/2013,4.673
09/06/2013,3.529
10/06/2013,2.702
11/06/2013,2.504
12/06/2013,2.121
13/06/2013,1.777
14/06/2013,1.626
15/06/2013,1.534
16/06/2013,1.47
17/06/2013,1.397
18/06/2013,1.333
19/06/2013,1.329
20/06/2013,1.291
21/06/2013,1.242
22/06/2013,1.241
23/06/2013,3.687
24/06/2013,11.84
25/06/2013,17.661
26/06/2013,17.108
27/06/2013,16.769
28/06/2013,15.007
29/06/2013,17.566
30/06/2013,20.276
01/07/2013,20.438
02/07/2013,20.468
03/07/2013,20.985
04/07/2013,21.76
05/07/2013,24.324
06/07/2013,30.581
07/07/2013,36.131
08/07/2013,33.934
09/07/2013,29.478
10/07/2013,27.406
11/07/2013,25.742
12/07/2013,24.879
13/07/2013,22.251
14/07/2013,17.977
15/07/2013,14.597
16/07/2013,12.529
17/07/2013,11.041
18/07/2013,9.977
19/07/2013,8.585
20/07/2013,7.867
21/07/2013,6.38
22/07/2013,4.715
23/07/2013,3.597
24/07/2013,2.71
25/07/2013,2.111
26/07/2013,1.918
27/07/2013,1.881
28/07/2013,1.702
29/07/2013,1.457
30/07/2013,1.51
31/07/2013,1.555
01/08/2013,1.474
02/08/2013,1.44
03/08/2013,1.587
04/08/2013,3.685
05/08/2013,14.987
06/08/2013,17.708
07/08/2013,13.409
08/08/2013,12.291
09/08/2013,13.832
10/08/2013,15.033
11/08/2013,14.951
12/08/2013,14.823
13/08/2013,14.606
14/08/2013,14.268
15/08/2013,13.279
16/08/2013,12.003
17/08/2013,11.176
18/08/2013,10.896
19/08/2013,10.896
20/08/2013,11.211
21/08/2013,11.58
22/08/2013,11.87
23/08/2013,11.998
24/08/2013,11.56
25/08/2013,10.999
26/08/2013,10.642
27/08/2013,10.34
28/08/2013,8.713
29/08/2013,6.446
30/08/2013,4.488
31/08/2013,3.76
01/09/2013,3.652
02/09/2013,3.318
03/09/2013,2.939
04/09/2013,2.491
05/09/2013,1.769
06/09/2013,1.476
07/09/2013,1.404
08/09/2013,1.402
09/09/2013,1.595
10/09/2013,1.703
11/09/2013,1.804
12/09/2013,1.945
13/09/2013,7.864
14/09/2013,181.275
15/09/2013,487.988
16/09/2013,449.604
17/09/2013,147.21
18/09/2013,61.571
19/09/2013,52.955
20/09/2013,39.799
21/09/2013,28.04
22/09/2013,19.642
23/09/2013,12.942
24/09/2013,7.826
25/09/2013,6.33
26/09/2013,5.984
27/09/2013,5.545
28/09/2013,4.259
29/09/2013,3.697
30/09/2013,3.343
01/10/2013,1.845
02/10/2013,1.866
03/10/2013,1.892
04/10/2013,2.033
05/10/2013,2.232
06/10/2013,1.996
07/10/2013,1.887
08/10/2013,1.887
09/10/2013,1.887
10/10/2013,1.887
11/10/2013,2.885
12/10/2013,6.439
13/10/2013,6.433
14/10/2013,5.802
15/10/2013,5.32
16/10/2013,4.132
17/10/2013,2.91
18/10/2013,2.286
19/10/2013,2.261
20/10/2013,2.426
21/10/2013,2.786
22/10/2013,3.122
23/10/2013,3.521
24/10/2013,10.038
25/10/2013,65.32
26/10/2013,138.881
27/10/2013,225.923
28/10/2013,156.758
29/10/2013,94.317
30/10/2013,65.147
31/10/2013,38.761
01/11/2013,31.273
02/11/2013,86.013
03/11/2013,77.133
04/11/2013,65.508
05/11/2013,46.133
06/11/2013,17.188
07/11/2013,24.766
08/11/2013,25.321
09/11/2013,27.733
10/11/2013,53.148
11/11/2013,112.467
12/11/2013,123.375
13/11/2013,72.822
14/11/2013,76.485
15/11/2013,50.695
16/11/2013,56.745
17/11/2013,45.963
18/11/2013,38.354
19/11/2013,33.627
20/11/2013,29.089
21/11/2013,25.883
22/11/2013,22.621
23/11/2013,18.218
24/11/2013,12.855
25/11/2013,6.572
26/11/2013,4.066
27/11/2013,3.302
28/11/2013,2.329
29/11/2013,1.897
30/11/2013,1.81
01/12/2013,1.616
02/12/2013,1.559
03/12/2013,1.543
04/12/2013,1.51
05/12/2013,1.406
06/12/2013,1.363
07/12/2013,1.564
08/12/2013,1.598
09/12/2013,1.602
10/12/2013,1.708
11/12/2013,1.801
12/12/2013,1.857
13/12/2013,1.885
14/12/2013,1.876
15/12/2013,1.695
16/12/2013,1.57
17/12/2013,1.466
18/12/2013,1.27
19/12/2013,1.103
20/12/2013,0.944
21/12/2013,0.886
22/12/2013,0.836
23/12/2013,0.66
24/12/2013,0.642
25/12/2013,0.609
26/12/2013,0.582
27/12/2013,0.517
28/12/2013,0.462
29/12/2013,0.462
30/12/2013,0.456
31/12/2013,0.409
01/01/2014,1.03
02/01/2014,1.126
03/01/2014,1.172
04/01/2014,1.213
05/01/2014,1.269
06/01/2014,1.325
07/01/2014,1.397
08/01/2014,1.472
09/01/2014,1.517
10/01/2014,1.67
11/01/2014,1.832
12/01/2014,2.355
13/01/2014,2.883
14/01/2014,2.694
15/01/2014,2.68
16/01/2014,2.592
17/01/2014,2.231
18/01/2014,1.942
19/01/2014,1.675
20/01/2014,1.467
21/01/2014,1.436
22/01/2014,1.367
23/01/2014,1.21
24/01/2014,1.083
25/01/2014,1.056
26/01/2014,1.023
27/01/2014,0.978
28/01/2014,1.02
29/01/2014,1.613
30/01/2014,6.656
31/01/2014,18.962
01/02/2014,55.061
02/02/2014,127.773
03/02/2014,197.915
04/02/2014,174.331
05/02/2014,107.272
06/02/2014,86.75
07/02/2014,76.482
08/02/2014,70.019
09/02/2014,67.72
10/02/2014,65.404
11/02/2014,49.235
12/02/2014,7.777
13/02/2014,3.978
14/02/2014,4.302
15/02/2014,4.727
16/02/2014,4.986
17/02/2014,4.763
18/02/2014,4.404
19/02/2014,4.154
20/02/2014,3.911
21/02/2014,3.999
22/02/2014,4.778
23/02/2014,11.582
24/02/2014,22.895
25/02/2014,28.0
26/02/2014,31.866
27/02/2014,35.586
28/02/2014,43.597
01/03/2014,46.494
02/03/2014,44.442
03/03/2014,37.576
04/03/2014,24.089
05/03/2014,15.034
06/03/2014,12.148
07/03/2014,9.714
08/03/2014,8.049
09/03/2014,7.273
10/03/2014,6.726
11/03/2014,5.63
12/03/2014,4.848
13/03/2014,4.374
14/03/2014,4.587
15/03/2014,5.153
16/03/2014,7.584
17/03/2014,10.796
18/03/2014,23.388
19/03/2014,97.232
20/03/2014,31.303
21/03/2014,25.321
22/03/2014,25.286
23/03/2014,24.102
24/03/2014,22.596
25/03/2014,19.071
26/03/2014,13.797
27/03/2014,10.881
28/03/2014,7.675
29/03/2014,5.66
30/03/2014,6.203
31/03/2014,14.748
01/04/2014,19.887
02/04/2014,20.704
03/04/2014,18.102
04/04/2014,16.168
05/04/2014,14.516
06/04/2014,13.115
07/04/2014,10.945
08/04/2014,15.078
09/04/2014,83.644
10/04/2014,74.789
11/04/2014,66.37
12/04/2014,56.821
13/04/2014,47.024
14/04/2014,37.933
15/04/2014,30.581
16/04/2014,24.139
17/04/2014,16.786
18/04/2014,10.181
19/04/2014,6.673
20/04/2014,5.762
21/04/2014,5.314
22/04/2014,4.595
23/04/2014,3.938
24/04/2014,3.174
25/04/2014,2.615
26/04/2014,2.146
27/04/2014,1.897
28/04/2014,1.887
29/04/2014,1.887
30/04/2014,2.989
01/05/2014,16.912
02/05/2014,21.229
03/05/2014,24.5
04/05/2014,33.508
05/05/2014,62.039
06/05/2014,71.033
07/05/2014,69.295
08/05/2014,61.118
09/05/2014,57.682
10/05/2014,51.475
11/05/2014,29.978
12/05/2014,20.126
13/05/2014,11.512
14/05/2014,6.319
15/05/2014,6.696
16/05/2014,7.304
17/05/2014,6.726
18/05/2014,5.853
19/05/2014,4.637
20/05/2014,4.708
21/05/2014,5.533
22/05/2014,6.474
23/05/2014,7.319
24/05/2014,7.183
25/05/2014,6.679
26/05/2014,6.422
27/05/2014,5.415
28/05/2014,4.727
29/05/2014,4.489
30/05/2014,4.022
31/05/2014,3.407
01/06/2014,3.246
02/06/2014,5.358
03/06/2014,9.432
04/06/2014,9.882
05/06/2014,7.33
06/06/2014,5.208
07/06/2014,5.018
08/06/2014,5.433
09/06/2014,6.179
10/06/2014,6.608
11/06/2014,6.833
12/06/2014,7.44
13/06/2014,11.824
14/06/2014,11.46
15/06/2014,11.052
16/06/2014,10.591
17/06/2014,10.004
18/06/2014,9.389
19/06/2014,8.594
20/06/2014,8.153
21/06/2014,6.539
22/06/2014,7.668
23/06/2014,6.915
24/06/2014,6.453
25/06/2014,5.535
26/06/2014,3.882
27/06/2014,2.148
28/06/2014,1.971
29/06/2014,1.887
30/06/2014,1.887
01/07/2014,1.98
02/07/2014,3.628
03/07/2014,7.788
04/07/2014,18.069
05/07/2014,38.32
06/07/2014,64.453
07/07/2014,56.762
08/07/2014,30.507
09/07/2014,15.176
10/07/2014,12.023
11/07/2014,16.553
12/07/2014,12.982
13/07/2014,8.369
14/07/2014,11.808
15/07/2014,33.878
16/07/2014,56.764
17/07/2014,67.951
18/07/2014,67.479
19/07/2014,63.538
20/07/2014,61.261
21/07/2014,63.437
22/07/2014,84.341
23/07/2014,120.113
24/07/2014,142.117
25/07/2014,139.173
26/07/2014,90.77
27/07/2014,65.51
28/07/2014,51.113
29/07/2014,39.959
30/07/2014,38.177
31/07/2014,42.757
01/08/2014,35.172
02/08/2014,28.558
03/08/2014,24.095
04/08/2014,21.256
05/08/2014,18.6
06/08/2014,15.725
07/08/2014,12.66
08/08/2014,9.65
09/08/2014,6.319
10/08/2014,4.372
11/08/2014,3.934
12/08/2014,3.602
13/08/2014,2.882
14/08/2014,2.158
15/08/2014,1.918
16/08/2014,1.887
17/08/2014,1.887
18/08/2014,1.887
19/08/2014,1.887
20/08/2014,1.883
21/08/2014,1.805
22/08/2014,1.659
23/08/2014,1.581
24/08/2014,1.457
25/08/2014,1.397
26/08/2014,1.365
27/08/2014,1.339
28/08/2014,1.303
29/08/2014,1.262
30/08/2014,1.237
31/08/2014,1.211
01/09/2014,1.335
02/09/2014,2.835
03/09/2014,6.797
04/09/2014,10.205
05/09/2014,8.287
06/09/2014,10.567
07/09/2014,17.84
08/09/2014,20.447
09/09/2014,27.927
10/09/2014,105.092
11/09/2014,126.555
12/09/2014,109.028
13/09/2014,83.765
14/09/2014,61.17
15/09/2014,51.369
16/09/2014,45.428
17/09/2014,41.709
18/09/2014,35.002
19/09/2014,28.367
20/09/2014,18.09
21/09/2014,11.208
22/09/2014,6.1
23/09/2014,3.826
24/09/2014,3.705
25/09/2014,3.705
26/09/2014,3.705
27/09/2014,3.705
28/09/2014,3.601
29/09/2014,3.179
30/09/2014,4.682
01/10/2014,37.253
02/10/2014,43.097
03/10/2014,32.105
04/10/2014,24.545
05/10/2014,19.119
06/10/2014,15.001
07/10/2014,11.318
08/10/2014,10.091
09/10/2014,10.809
10/10/2014,47.028
11/10/2014,234.119
12/10/2014,251.685
13/10/2014,163.806
14/10/2014,93.996
15/10/2014,64.773
16/10/2014,149.15
17/10/2014,122.167
18/10/2014,71.281
19/10/2014,61.261
20/10/2014,37.527
21/10/2014,19.995
22/10/2014,12.495
23/10/2014,8.894
24/10/2014,8.755
25/10/2014,12.222
26/10/2014,15.228
27/10/2014,19.303
28/10/2014,36.047
29/10/2014,42.487
30/10/2014,41.315
31/10/2014,39.91
01/11/2014,38.446
02/11/2014,35.308
03/11/2014,56.652
04/11/2014,110.115
05/11/2014,98.177
06/11/2014,71.982
07/11/2014,46.375
08/11/2014,22.435
09/11/2014,16.208
10/11/2014,14.894
11/11/2014,14.425
12/11/2014,11.954
13/11/2014,6.398
14/11/2014,2.795
15/11/2014,2.023
16/11/2014,1.827
17/11/2014,1.683
18/11/2014,1.475
19/11/2014,1.334
20/11/2014,1.311
21/11/2014,1.279
22/11/2014,1.257
23/11/2014,1.227
24/11/2014,1.217
25/11/2014,1.201
26/11/2014,1.2
27/11/2014,1.178
28/11/2014,1.152
29/11/2014,1.128
30/11/2014,1.128
01/12/2014,1.322
02/12/2014,2.282
03/12/2014,3.625
04/12/2014,6.077
05/12/2014,8.613
06/12/2014,8.721
07/12/2014,7.808
08/12/2014,6.245
09/12/2014,3.709
10/12/2014,2.498
11/12/2014,2.219
12/12/2014,2.172
13/12/2014,1.947
14/12/2014,1.887
15/12/2014,1.887
16/12/2014,1.883
17/12/2014,1.826
18/12/2014,1.731
19/12/2014,1.614
20/12/2014,1.519
21/12/2014,3.351
22/12/2014,12.472
23/12/2014,18.06
24/12/2014,23.103
25/12/2014,25.321
26/12/2014,24.749
27/12/2014,18.702
28/12/2014,9.972
29/12/2014,5.656
30/12/2014,3.597
31/12/2014,2.492
01/01/2015,1.739
02/01/2015,1.431
03/01/2015,1.334
04/01/2015,1.52
05/01/2015,2.397
06/01/2015,5.93
07/01/2015,8.847
08/01/2015,15.125
09/01/2015,10.302
10/01/2015,8.578
11/01/2015,14.63
12/01/2015,19.859
13/01/2015,17.477
14/01/2015,17.536
15/01/2015,22.142
16/01/2015,22.351
17/01/2015,18.401
18/01/2015,13.504
19/01/2015,8.971
20/01/2015,8.016
21/01/2015,6.785
22/01/2015,5.116
23/01/2015,4.21
24/01/2015,3.083
25/01/2015,2.353
26/01/2015,1.823
27/01/2015,1.626
28/01/2015,1.404
29/01/2015,1.24
30/01/2015,1.192
31/01/2015,1.178
01/02/2015,1.2
02/02/2015,1.201
03/02/2015,1.201
04/02/2015,1.201
05/02/2015,1.201
06/02/2015,1.2
07/02/2015,1.167
08/02/2015,1.097
09/02/2015,0.976
10/02/2015,0.856
11/02/2015,0.851
12/02/2015,0.83
13/02/2015,0.808
14/02/2015,0.808
15/02/2015,0.807
16/02/2015,0.788
17/02/2015,0.785
18/02/2015,0.767
19/02/2015,0.758
20/02/2015,0.745
21/02/2015,0.745
22/02/2015,0.725
23/02/2015,0.703
24/02/2015,0.686
25/02/2015,0.713
26/02/2015,0.731
27/02/2015,0.698
28/02/2015,0.661
01/03/2015,0.648
02/03/2015,0.691
03/03/2015,0.743
04/03/2015,0.884
05/03/2015,0.98
06/03/2015,1.038
07/03/2015,1.144
08/03/2015,1.313
09/03/2015,1.296
10/03/2015,1.232
11/03/2015,1.137
12/03/2015,1.059
13/03/2015,0.917
14/03/2015,0.824
15/03/2015,0.753
16/03/2015,0.703
17/03/2015,0.703
18/03/2015,0.684
19/03/2015,0.644
20/03/2015,0.608
21/03/2015,0.598
22/03/2015,0.559
23/03/2015,0.538
24/03/2015,0.509
25/03/2015,0.497
26/03/2015,0.479
27/03/2015,0.462
28/03/2015,0.462
29/03/2015,0.462
30/03/2015,0.462
31/03/2015,0.462
01/04/2015,0.462
02/04/2015,0.461
03/04/2015,0.44
04/04/2015,0.418
05/04/2015,0.396
06/04/2015,0.375
07/04/2015,0.364
08/04/2015,0.363
09/04/2015,0.349
10/04/2015,0.335
11/04/2015,0.333
12/04/2015,0.319
13/04/2015,0.306
14/04/2015,0.305
15/04/2015,0.305
16/04/2015,0.305
17/04/2015,0.305
18/04/2015,0.305
19/04/2015,0.314
20/04/2015,0.333
21/04/2015,0.334
22/04/2015,0.334
23/04/2015,0.334
24/04/2015,0.334
25/04/2015,0.328
26/04/2015,0.318
27/04/2015,0.306
28/04/2015,0.305
29/04/2015,0.305
30/04/2015,0.305
01/05/2015,0.306
02/05/2015,0.334
03/05/2015,0.37
04/05/2015,0.396
05/05/2015,0.412
06/05/2015,0.413
07/05/2015,0.427
08/05/2015,0.439
09/05/2015,0.452
10/05/2015,0.462
11/05/2015,0.463
12/05/2015,0.485
13/05/2015,0.509
14/05/2015,0.532
15/05/2015,0.549
16/05/2015,0.551
17/05/2015,0.551
18/05/2015,0.551
19/05/2015,0.551
20/05/2015,0.551
21/05/2015,0.551
22/05/2015,0.551
23/05/2015,0.551
24/05/2015,0.559
25/05/2015,0.607
26/05/2015,0.642
27/05/2015,0.627
28/05/2015,0.614
29/05/2015,0.607
30/05/2015,0.607
31/05/2015,0.605
01/06/2015,0.589
02/06/2015,0.575
03/06/2015,0.545
04/06/2015,0.532
05/06/2015,0.532
06/06/2015,0.584
07/06/2015,0.72
08/06/2015,0.81
09/06/2015,0.978
10/06/2015,2.129
11/06/2015,11.991
12/06/2015,27.407
13/06/2015,35.414
14/06/2015,37.864
15/06/2015,29.85
16/06/2015,17.923
17/06/2015,10.312
18/06/2015,5.534
19/06/2015,4.789
20/06/2015,4.065
21/06/2015,2.956
22/06/2015,2.407
23/06/2015,2.011
24/06/2015,1.883
25/06/2015,1.761
26/06/2015,1.355
27/06/2015,1.275
28/06/2015,1.187
29/06/2015,1.108
30/06/2015,1.098
01/07/2015,1.351
02/07/2015,3.527
03/07/2015,8.366
04/07/2015,10.456
05/07/2015,11.278
06/07/2015,10.504
07/07/2015,9.654
08/07/2015,8.752
09/07/2015,7.677
10/07/2015,6.318
11/07/2015,5.058
12/07/2015,4.219
13/07/2015,5.345
14/07/2015,9.189
15/07/2015,19.975
16/07/2015,28.965
17/07/2015,34.998
18/07/2015,24.23
19/07/2015,19.213
20/07/2015,17.855
21/07/2015,29.891
22/07/2015,36.186
23/07/2015,38.975
24/07/2015,35.015
25/07/2015,29.257
26/07/2015,24.369
27/07/2015,16.996
28/07/2015,8.216
29/07/2015,6.317
30/07/2015,6.028
31/07/2015,5.849
01/08/2015,4.487
02/08/2015,3.725
03/08/2015,4.55
04/08/2015,7.141
05/08/2015,10.407
06/08/2015,17.479
07/08/2015,22.826
08/08/2015,25.701
09/08/2015,23.957
10/08/2015,21.366
11/08/2015,20.44
12/08/2015,18.141
13/08/2015,34.644
14/08/2015,71.33
15/08/2015,87.016
16/08/2015,77.523
17/08/2015,81.137
18/08/2015,94.214
19/08/2015,30.229
20/08/2015,19.006
21/08/2015,20.101
22/08/2015,20.85
23/08/2015,21.473
24/08/2015,21.798
25/08/2015,17.874
26/08/2015,16.968
27/08/2015,16.665
28/08/2015,16.428
29/08/2015,15.328
30/08/2015,14.847
31/08/2015,14.188
01/09/2015,10.079
02/09/2015,7.779
03/09/2015,6.334
04/09/2015,5.109
05/09/2015,4.411
06/09/2015,3.93
07/09/2015,3.519
08/09/2015,2.98
09/09/2015,2.319
10/09/2015,2.1
11/09/2015,1.976
12/09/2015,1.887
13/09/2015,1.875
14/09/2015,1.839
15/09/2015,1.816
16/09/2015,1.791
17/09/2015,1.837
18/09/2015,2.021
19/09/2015,2.767
20/09/2015,4.025
21/09/2015,7.293
22/09/2015,13.707
23/09/2015,21.02
24/09/2015,152.878
25/09/2015,308.093
26/09/2015,162.071
27/09/2015,74.521
28/09/2015,50.867
29/09/2015,40.907
30/09/2015,23.727
01/10/2015,17.522
02/10/2015,14.834
03/10/2015,12.336
04/10/2015,9.517
05/10/2015,8.447
06/10/2015,10.072
07/10/2015,26.676
08/10/2015,36.549
09/10/2015,49.515
10/10/2015,69.413
11/10/2015,96.065
12/10/2015,104.004
13/10/2015,83.065
14/10/2015,60.983
15/10/2015,100.964
16/10/2015,102.856
17/10/2015,89.757
18/10/2015,79.969
19/10/2015,58.214
20/10/2015,84.609
21/10/2015,132.448
22/10/2015,138.167
23/10/2015,99.992
24/10/2015,53.725
25/10/2015,33.443
26/10/2015,23.228
27/10/2015,18.85
28/10/2015,15.719
29/10/2015,13.963
30/10/2015,12.704
31/10/2015,12.129
01/11/2015,11.556
02/11/2015,9.452
03/11/2015,7.492
04/11/2015,6.595
05/11/2015,6.473
06/11/2015,6.978
07/11/2015,7.128
08/11/2015,7.21
09/11/2015,7.51
10/11/2015,9.152
11/11/2015,78.828
12/11/2015,207.127
13/11/2015,167.696
14/11/2015,133.766
15/11/2015,102.234
16/11/2015,79.487
17/11/2015,60.449
18/11/2015,47.468
19/11/2015,23.196
20/11/2015,14.84
21/11/2015,10.159
22/11/2015,8.893
23/11/2015,6.961
24/11/2015,5.237
25/11/2015,4.513
26/11/2015,4.257
27/11/2015,6.264
28/11/2015,8.053
29/11/2015,4.784
30/11/2015,2.923
01/12/2015,2.732
02/12/2015,2.904
03/12/2015,2.289
04/12/2015,1.826
05/12/2015,5.839
06/12/2015,29.767
07/12/2015,52.604
08/12/2015,30.799
09/12/2015,19.634
10/12/2015,10.917
11/12/2015,6.977
12/12/2015,5.643
13/12/2015,6.619
14/12/2015,6.982
15/12/2015,6.084
16/12/2015,5.374
17/12/2015,6.535
18/12/2015,53.555
19/12/2015,105.998
20/12/2015,82.812
21/12/2015,63.811
22/12/2015,57.406
23/12/2015,65.81
24/12/2015,61.638
25/12/2015,52.898
26/12/2015,42.741
27/12/2015,33.977
28/12/2015,27.418
29/12/2015,25.909
30/12/2015,19.88
31/12/2015,9.677
01/01/2016,6.053
02/01/2016,4.682
03/01/2016,3.768
04/01/2016,3.253
05/01/2016,3.81
06/01/2016,11.519
07/01/2016,31.115
08/01/2016,51.602
09/01/2016,54.355
10/01/2016,31.989
11/01/2016,25.53
12/01/2016,16.396
13/01/2016,9.953
14/01/2016,5.428
15/01/2016,3.705
16/01/2016,2.912
17/01/2016,2.314
18/01/2016,1.908
19/01/2016,1.887
20/01/2016,1.883
21/01/2016,1.739
22/01/2016,1.361
23/01/2016,1.078
24/01/2016,1.034
25/01/2016,0.928
26/01/2016,0.861
27/01/2016,0.828
28/01/2016,0.765
29/01/2016,0.652
30/01/2016,0.645
31/01/2016,0.645
01/02/2016,0.637
02/02/2016,0.626
03/02/2016,0.626
04/02/2016,0.626
05/02/2016,0.624
06/02/2016,0.608
07/02/2016,0.607
08/02/2016,0.607
09/02/2016,0.607
10/02/2016,0.607
11/02/2016,0.607
12/02/2016,0.607
13/02/2016,0.622
14/02/2016,0.645
15/02/2016,0.645
16/02/2016,0.645
17/02/2016,0.645
18/02/2016,0.645
19/02/2016,0.645
20/02/2016,0.645
21/02/2016,0.645
22/02/2016,0.645
23/02/2016,0.645
24/02/2016,0.645
25/02/2016,0.645
26/02/2016,0.646
27/02/2016,0.685
28/02/2016,0.723
29/02/2016,0.726
01/03/2016,0.745
02/03/2016,0.764
03/03/2016,0.766
04/03/2016,0.753
05/03/2016,0.744
06/03/2016,0.726
07/03/2016,0.725
08/03/2016,0.725
09/03/2016,0.725
10/03/2016,0.737
11/03/2016,0.758
12/03/2016,0.753
13/03/2016,0.725
14/03/2016,0.704
15/03/2016,0.692
16/03/2016,0.684
17/03/2016,0.684
18/03/2016,0.686
19/03/2016,0.711
20/03/2016,0.725
21/03/2016,0.725
22/03/2016,0.737
23/03/2016,0.755
24/03/2016,0.821
25/03/2016,1.095
26/03/2016,1.185
27/03/2016,1.5
28/03/2016,1.563
29/03/2016,1.765
30/03/2016,2.359
31/03/2016,5.42
01/04/2016,7.082
02/04/2016,6.791
03/04/2016,5.364
04/04/2016,4.285
05/04/2016,3.873
06/04/2016,10.633
07/04/2016,51.181
08/04/2016,109.576
09/04/2016,125.631
10/04/2016,112.061
11/04/2016,110.529
12/04/2016,105.264
13/04/2016,90.709
14/04/2016,80.957
15/04/2016,86.548
16/04/2016,90.136
17/04/2016,69.179
18/04/2016,89.437
19/04/2016,260.521
20/04/2016,412.16
21/04/2016,356.999
22/04/2016,286.217
23/04/2016,183.922
24/04/2016,131.169
25/04/2016,137.797
26/04/2016,153.325
27/04/2016,130.815
28/04/2016,95.935
29/04/2016,59.833
30/04/2016,33.125
01/05/2016,24.903
02/05/2016,18.949
03/05/2016,12.964
04/05/2016,10.364
05/05/2016,9.01
06/05/2016,7.371
07/05/2016,6.622
08/05/2016,6.203
09/05/2016,5.373
10/05/2016,5.29
11/05/2016,5.29
12/05/2016,5.232
13/05/2016,5.084
14/05/2016,4.856
15/05/2016,4.747
16/05/2016,7.554
17/05/2016,17.507
18/05/2016,24.247
19/05/2016,25.252
20/05/2016,22.645
21/05/2016,18.26
22/05/2016,13.862
23/05/2016,10.389
24/05/2016,9.24
25/05/2016,9.207
26/05/2016,9.207
27/05/2016,9.207
28/05/2016,9.207
29/05/2016,8.885
30/05/2016,7.058
31/05/2016,5.708
01/06/2016,5.756
02/06/2016,6.082
03/06/2016,6.249
04/06/2016,6.106
05/06/2016,5.744
06/06/2016,5.336
07/06/2016,4.951
08/06/2016,4.697
09/06/2016,4.235
10/06/2016,3.921
11/06/2016,3.569
12/06/2016,3.48
13/06/2016,3.399
14/06/2016,3.177
15/06/2016,3.094
16/06/2016,2.931
17/06/2016,2.859
18/06/2016,2.779
19/06/2016,2.716
20/06/2016,2.674
21/06/2016,2.585
22/06/2016,2.398
23/06/2016,2.304
24/06/2016,2.249
25/06/2016,2.655
26/06/2016,34.206
27/06/2016,114.093
28/06/2016,115.452
29/06/2016,85.195
30/06/2016,60.429
01/07/2016,30.878
02/07/2016,21.027
03/07/2016,17.273
04/07/2016,33.927
05/07/2016,100.095
06/07/2016,119.089
07/07/2016,104.097
08/07/2016,84.286
09/07/2016,62.217
10/07/2016,40.42
11/07/2016,73.881
12/07/2016,202.877
13/07/2016,147.194
14/07/2016,105.637
15/07/2016,74.756
16/07/2016,60.54
17/07/2016,31.356
18/07/2016,18.471
19/07/2016,15.086
20/07/2016,12.203
21/07/2016,10.833
22/07/2016,10.542
23/07/2016,10.374
24/07/2016,10.068
25/07/2016,9.888
26/07/2016,9.96
27/07/2016,10.605
28/07/2016,10.795
29/07/2016,10.914
30/07/2016,11.24
31/07/2016,10.747
01/08/2016,8.902
02/08/2016,7.542
03/08/2016,6.276
04/08/2016,5.813
05/08/2016,5.682
06/08/2016,5.243
07/08/2016,5.007
08/08/2016,4.93
09/08/2016,4.725
10/08/2016,4.58
11/08/2016,4.258
12/08/2016,3.894
13/08/2016,3.714
14/08/2016,3.689
15/08/2016,3.446
16/08/2016,3.4
17/08/2016,7.425
18/08/2016,8.858
19/08/2016,6.951
20/08/2016,5.788
21/08/2016,5.052
22/08/2016,4.956
23/08/2016,4.434
24/08/2016,4.265
25/08/2016,4.188
26/08/2016,4.138
27/08/2016,4.015
28/08/2016,5.93
29/08/2016,10.461
30/08/2016,16.875
31/08/2016,22.923
01/09/2016,25.917
02/09/2016,30.652
03/09/2016,36.306
04/09/2016,35.412
05/09/2016,43.38
06/09/2016,48.875
07/09/2016,45.057
08/09/2016,34.289
09/09/2016,23.729
10/09/2016,21.768
11/09/2016,18.91
12/09/2016,18.993
13/09/2016,76.187
14/09/2016,68.125
15/09/2016,54.434
16/09/2016,41.974
17/09/2016,24.687
18/09/2016,19.937
19/09/2016,11.63
20/09/2016,10.23
21/09/2016,8.226
22/09/2016,6.121
23/09/2016,4.904
24/09/2016,4.093
25/09/2016,3.66
26/09/2016,3.524
27/09/2016,3.395
28/09/2016,3.149
29/09/2016,2.755
30/09/2016,2.331
01/10/2016,1.908
02/10/2016,1.883
03/10/2016,1.824
04/10/2016,1.681
05/10/2016,1.594
06/10/2016,1.457
07/10/2016,1.362
08/10/2016,1.329
09/10/2016,1.325
10/10/2016,1.259
11/10/2016,1.185
12/10/2016,1.105
13/10/2016,1.048
14/10/2016,1.021
15/10/2016,0.973
16/10/2016,1.707
17/10/2016,10.873
18/10/2016,14.693
19/10/2016,34.203
20/10/2016,49.449
21/10/2016,6.902
22/10/2016,5.046
23/10/2016,21.478
24/10/2016,18.076
25/10/2016,14.112
26/10/2016,17.569
27/10/2016,18.849
28/10/2016,18.617
29/10/2016,18.466
30/10/2016,18.466
31/10/2016,18.775
01/11/2016,52.853
02/11/2016,134.864
03/11/2016,159.396
04/11/2016,95.894
05/11/2016,59.563
06/11/2016,40.601
07/11/2016,24.231
08/11/2016,18.119
09/11/2016,14.992
10/11/2016,12.732
11/11/2016,8.708
12/11/2016,4.455
13/11/2016,3.117
14/11/2016,2.308
15/11/2016,1.938
16/11/2016,1.798
17/11/2016,1.564
18/11/2016,1.359
19/11/2016,1.252
20/11/2016,1.169
21/11/2016,1.1
22/11/2016,1.079
23/11/2016,1.079
24/11/2016,1.07
25/11/2016,1.04
26/11/2016,1.009
27/11/2016,0.966
28/11/2016,0.883
29/11/2016,0.851
30/11/2016,1.149
01/12/2016,5.208
02/12/2016,6.233
03/12/2016,7.516
04/12/2016,9.59
05/12/2016,11.666
06/12/2016,9.796
07/12/2016,7.633
08/12/2016,5.433
09/12/2016,4.123
10/12/2016,2.877
11/12/2016,1.711
12/12/2016,1.477
13/12/2016,1.315
14/12/2016,1.19
15/12/2016,1.111
16/12/2016,0.925
17/12/2016,0.853
18/12/2016,0.804
19/12/2016,0.698
20/12/2016,0.62
21/12/2016,0.558
22/12/2016,0.525
23/12/2016,0.496
24/12/2016,0.465
25/12/2016,0.47
26/12/2016,0.661
27/12/2016,1.003
28/12/2016,1.224
29/12/2016,1.167
30/12/2016,1.105
31/12/2016,1.079
01/01/2017,1.079
02/01/2017,1.105
03/01/2017,1.283
04/01/2017,1.684
05/01/2017,2.111
06/01/2017,5.388
07/01/2017,8.672
08/01/2017,13.316
09/01/2017,14.803
10/01/2017,10.592
11/01/2017,8.775
12/01/2017,6.656
13/01/2017,5.238
14/01/2017,5.018
15/01/2017,8.515
16/01/2017,18.076
17/01/2017,26.114
18/01/2017,37.961
19/01/2017,39.949
20/01/2017,19.823
21/01/2017,12.715
22/01/2017,11.194
23/01/2017,9.077
24/01/2017,5.3
25/01/2017,3.787
26/01/2017,2.78
27/01/2017,1.89
28/01/2017,1.535
29/01/2017,1.371
30/01/2017,1.281
31/01/2017,1.281
01/02/2017,1.365
02/02/2017,1.332
03/02/2017,1.252
04/02/2017,1.563
05/02/2017,3.879
06/02/2017,7.506
07/02/2017,8.546
08/02/2017,7.411
09/02/2017,6.609
10/02/2017,6.365
11/02/2017,5.828
12/02/2017,4.907
13/02/2017,9.63
14/02/2017,15.093
15/02/2017,13.223
16/02/2017,11.23
17/02/2017,8.593
18/02/2017,8.544
19/02/2017,12.465
20/02/2017,14.52
21/02/2017,15.101
22/02/2017,14.528
23/02/2017,13.464
24/02/2017,9.177
25/02/2017,6.144
26/02/2017,4.658
27/02/2017,2.653
28/02/2017,1.681
01/03/2017,1.732
02/03/2017,1.614
03/03/2017,1.456
04/03/2017,1.242
05/03/2017,1.196
06/03/2017,1.5
07/03/2017,2.044
08/03/2017,3.482
09/03/2017,5.124
10/03/2017,6.096
11/03/2017,7.776
12/03/2017,10.865
13/03/2017,16.671
14/03/2017,20.322
15/03/2017,18.629
16/03/2017,14.379
17/03/2017,10.601
18/03/2017,11.991
19/03/2017,12.351
20/03/2017,10.292
21/03/2017,9.112
22/03/2017,7.666
23/03/2017,5.764
24/03/2017,4.645
25/03/2017,3.408
26/03/2017,2.481
27/03/2017,2.072
28/03/2017,1.867
29/03/2017,1.687
30/03/2017,1.357
31/03/2017,1.228
01/04/2017,1.175
02/04/2017,1.069
03/04/2017,0.973
04/04/2017,0.921
05/04/2017,0.971
06/04/2017,1.041
07/04/2017,1.056
08/04/2017,1.289
09/04/2017,7.436
10/04/2017,29.025
11/04/2017,71.857
12/04/2017,109.04
13/04/2017,105.798
14/04/2017,91.512
15/04/2017,68.762
16/04/2017,30.923
17/04/2017,19.746
18/04/2017,16.642
19/04/2017,10.593
20/04/2017,22.055
21/04/2017,19.296
22/04/2017,14.179
23/04/2017,10.52
24/04/2017,9.635
25/04/2017,8.783
26/04/2017,7.894
27/04/2017,5.902
28/04/2017,3.78
29/04/2017,2.525
30/04/2017,2.007
01/05/2017,1.812
02/05/2017,1.725
03/05/2017,1.573
04/05/2017,1.449
05/05/2017,1.322
06/05/2017,1.257
07/05/2017,1.153
08/05/2017,0.951
09/05/2017,0.947
10/05/2017,1.069
11/05/2017,1.021
12/05/2017,6.001
13/05/2017,34.464
14/05/2017,52.367
15/05/2017,114.215
16/05/2017,80.346
17/05/2017,53.415
18/05/2017,34.246
19/05/2017,26.685
20/05/2017,20.605
21/05/2017,13.93
22/05/2017,11.383
23/05/2017,10.262
24/05/2017,7.662
25/05/2017,4.986
26/05/2017,10.907
27/05/2017,246.449
28/05/2017,336.703
29/05/2017,117.038
30/05/2017,133.62
31/05/2017,117.417
01/06/2017,25.627
02/06/2017,15.116
03/06/2017,12.122
04/06/2017,10.265
05/06/2017,8.088
06/06/2017,7.307
07/06/2017,7.142
08/06/2017,6.856
09/06/2017,6.288
10/06/2017,7.209
11/06/2017,10.315
12/06/2017,13.168
13/06/2017,13.28
14/06/2017,11.234
15/06/2017,8.83
16/06/2017,6.671
17/06/2017,5.687
18/06/2017,4.752
19/06/2017,4.241
20/06/2017,3.58
21/06/2017,3.234
22/06/2017,3.604
23/06/2017,3.894
24/06/2017,3.813
25/06/2017,3.602
26/06/2017,3.078
27/06/2017,2.732
28/06/2017,2.415
29/06/2017,3.943
30/06/2017,15.406
01/07/2017,23.691
02/07/2017,23.987
03/07/2017,30.543
04/07/2017,30.537
05/07/2017,19.112
06/07/2017,13.995
07/07/2017,10.531
08/07/2017,7.797
09/07/2017,7.333
10/07/2017,8.887
11/07/2017,16.082
12/07/2017,22.73
13/07/2017,19.922
14/07/2017,17.778
15/07/2017,14.823
16/07/2017,20.15
17/07/2017,23.951
18/07/2017,24.019
19/07/2017,28.266
20/07/2017,30.677
21/07/2017,23.281
22/07/2017,14.212
23/07/2017,11.387
24/07/2017,8.037
25/07/2017,5.652
26/07/2017,5.12
27/07/2017,7.93
28/07/2017,6.938
29/07/2017,5.63
30/07/2017,4.524
31/07/2017,3.711
01/08/2017,3.468
02/08/2017,23.182
03/08/2017,41.207
04/08/2017,35.844
05/08/2017,24.97
06/08/2017,22.973
07/08/2017,25.223
08/08/2017,58.423
09/08/2017,56.878
10/08/2017,50.44
11/08/2017,116.114
12/08/2017,330.406
13/08/2017,424.056
14/08/2017,239.602
15/08/2017,117.293
16/08/2017,74.857
17/08/2017,52.186
18/08/2017,38.443
19/08/2017,27.564
20/08/2017,17.028
21/08/2017,11.723
22/08/2017,7.559
23/08/2017,5.309
24/08/2017,4.317
25/08/2017,3.302
26/08/2017,2.855
27/08/2017,7.781
28/08/2017,9.136
29/08/2017,8.909
30/08/2017,9.469
31/08/2017,7.387
01/09/2017,4.997
02/09/2017,3.984
03/09/2017,3.705
04/09/2017,3.637
05/09/2017,3.524
06/09/2017,3.437
07/09/2017,3.274
08/09/2017,2.749
09/09/2017,3.384
10/09/2017,42.29
11/09/2017,116.648
12/09/2017,52.757
13/09/2017,67.932
14/09/2017,251.407
15/09/2017,399.639
16/09/2017,167.015
17/09/2017,96.317
18/09/2017,54.934
19/09/2017,32.557
20/09/2017,19.333
21/09/2017,12.342
22/09/2017,9.234
23/09/2017,7.143
24/09/2017,5.02
25/09/2017,4.367
26/09/2017,4.19
27/09/2017,6.066
28/09/2017,9.881
29/09/2017,25.433
30/09/2017,24.391
01/10/2017,21.517
02/10/2017,18.094
03/10/2017,16.615
04/10/2017,15.864
05/10/2017,15.996
06/10/2017,15.815
07/10/2017,14.853
08/10/2017,12.27
09/10/2017,8.125
10/10/2017,4.977
11/10/2017,3.435
12/10/2017,2.647
13/10/2017,21.044
14/10/2017,45.64
15/10/2017,37.461
16/10/2017,5.592
17/10/2017,3.142
18/10/2017,6.065
19/10/2017,46.238
20/10/2017,97.267
21/10/2017,117.046
22/10/2017,106.307
23/10/2017,70.973
24/10/2017,42.321
25/10/2017,34.032
26/10/2017,31.025
27/10/2017,27.385
28/10/2017,24.001
29/10/2017,16.932
30/10/2017,11.026
31/10/2017,7.531
01/11/2017,4.058
02/11/2017,2.453
03/11/2017,2.189
04/11/2017,2.094
05/11/2017,1.997
06/11/2017,1.866
07/11/2017,1.798
08/11/2017,1.76
09/11/2017,1.725
10/11/2017,1.654
11/11/2017,1.477
12/11/2017,1.099
13/11/2017,0.963
14/11/2017,0.963
15/11/2017,0.961
16/11/2017,0.921
17/11/2017,0.853
18/11/2017,0.823
19/11/2017,0.785
20/11/2017,0.725
21/11/2017,0.652
22/11/2017,0.569
23/11/2017,0.516
24/11/2017,0.488
25/11/2017,0.478
26/11/2017,0.463
27/11/2017,0.462
28/11/2017,0.462
29/11/2017,0.462
30/11/2017,0.462
01/12/2017,0.451
02/12/2017,0.436
03/12/2017,0.452
04/12/2017,0.462
05/12/2017,0.462
06/12/2017,0.462
07/12/2017,0.462
08/12/2017,0.462
09/12/2017,0.462
10/12/2017,0.462
11/12/2017,0.462
12/12/2017,0.462
13/12/2017,0.462
14/12/2017,0.461
15/12/2017,0.432
16/12/2017,0.396
17/12/2017,0.381
18/12/2017,0.38
19/12/2017,0.378
20/12/2017,0.351
21/12/2017,0.347
22/12/2017,0.32
23/12/2017,0.306
24/12/2017,0.305
25/12/2017,0.302
26/12/2017,0.278
27/12/2017,0.276
28/12/2017,0.276
29/12/2017,0.276
30/12/2017,0.271
31/12/2017,0.262
01/01/2018,0.264
02/01/2018,0.297
03/01/2018,0.305
04/01/2018,0.305
05/01/2018,0.305
06/01/2018,0.305
07/01/2018,0.305
08/01/2018,0.293
09/01/2018,0.275
10/01/2018,0.25
11/01/2018,0.236
12/01/2018,0.236
13/01/2018,0.246
14/01/2018,0.293
15/01/2018,0.326
16/01/2018,0.313
17/01/2018,0.305
18/01/2018,0.305
19/01/2018,0.305
20/01/2018,0.305
21/01/2018,0.305
22/01/2018,0.303
23/01/2018,0.3
24/01/2018,0.295
25/01/2018,0.276
26/01/2018,0.258
27/01/2018,0.249
28/01/2018,0.249
29/01/2018,0.241
30/01/2018,0.236
31/01/2018,0.236
01/02/2018,0.246
02/02/2018,0.274
03/02/2018,0.276
04/02/2018,0.276
05/02/2018,0.275
06/02/2018,0.263
07/02/2018,0.262
08/02/2018,0.263
09/02/2018,0.275
10/02/2018,0.276
11/02/2018,0.276
12/02/2018,0.272
13/02/2018,0.217
14/02/2018,0.177
15/02/2018,0.174
16/02/2018,0.174
17/02/2018,0.174
18/02/2018,0.174
19/02/2018,0.193
20/02/2018,0.211
21/02/2018,0.222
22/02/2018,0.229
23/02/2018,0.207
24/02/2018,0.197
25/02/2018,0.18
26/02/2018,0.174
27/02/2018,0.174
28/02/2018,0.174
01/03/2018,0.174
02/03/2018,0.174
03/03/2018,0.174
04/03/2018,0.174
05/03/2018,0.174
06/03/2018,0.174
07/03/2018,0.174
08/03/2018,0.174
09/03/2018,0.174
10/03/2018,0.174
11/03/2018,0.179
12/03/2018,0.191
13/03/2018,0.198
14/03/2018,0.198
15/03/2018,0.198
16/03/2018,0.199
17/03/2018,0.243
18/03/2018,0.312
19/03/2018,0.343
20/03/2018,0.37
21/03/2018,0.377
22/03/2018,0.325
23/03/2018,0.3
24/03/2018,1.165
25/03/2018,6.063
26/03/2018,5.436
27/03/2018,2.148
28/03/2018,1.887
29/03/2018,1.878
30/03/2018,1.664
31/03/2018,1.383
01/04/2018,1.156
02/04/2018,1.078
03/04/2018,1.013
04/04/2018,0.94
05/04/2018,0.882
06/04/2018,0.853
07/04/2018,0.851
08/04/2018,0.818
09/04/2018,0.725
10/04/2018,0.675
11/04/2018,0.682
12/04/2018,0.646
13/04/2018,0.626
14/04/2018,0.605
15/04/2018,0.564
16/04/2018,0.527
17/04/2018,0.484
18/04/2018,0.462
19/04/2018,0.456
20/04/2018,0.439
21/04/2018,0.429
22/04/2018,0.429
23/04/2018,0.487
24/04/2018,0.817
25/04/2018,1.3
26/04/2018,1.565
27/04/2018,1.666
28/04/2018,1.736
29/04/2018,1.74
30/04/2018,1.74
01/05/2018,2.094
02/05/2018,10.846
03/05/2018,19.653
04/05/2018,30.763
05/05/2018,31.469
06/05/2018,23.198
07/05/2018,16.661
08/05/2018,11.456
09/05/2018,8.242
10/05/2018,5.468
11/05/2018,3.242
12/05/2018,2.175
13/05/2018,1.795
14/05/2018,1.602
15/05/2018,1.489
16/05/2018,1.36
17/05/2018,1.151
18/05/2018,1.024
19/05/2018,0.993
20/05/2018,0.961
21/05/2018,0.91
22/05/2018,0.863
23/05/2018,0.808
24/05/2018,0.768
25/05/2018,0.744
26/05/2018,0.706
27/05/2018,0.678
28/05/2018,0.653
29/05/2018,0.645
30/05/2018,0.632
31/05/2018,5.468
01/06/2018,59.511
02/06/2018,94.64
03/06/2018,77.108
04/06/2018,53.613
05/06/2018,37.243
06/06/2018,26.243
07/06/2018,21.183
08/06/2018,12.713
09/06/2018,7.521
10/06/2018,5.48
11/06/2018,7.32
12/06/2018,12.133
13/06/2018,14.32
14/06/2018,16.955
15/06/2018,19.049
16/06/2018,21.345
17/06/2018,14.639
18/06/2018,8.754
19/06/2018,5.323
20/06/2018,4.136
21/06/2018,2.891
22/06/2018,1.941
23/06/2018,1.805
24/06/2018,1.816
25/06/2018,1.887
26/06/2018,1.903
27/06/2018,2.231
28/06/2018,2.216
29/06/2018,4.62
30/06/2018,6.909
01/07/2018,26.751
02/07/2018,246.866
03/07/2018,118.672
04/07/2018,80.782
05/07/2018,71.483
06/07/2018,63.772
07/07/2018,67.711
08/07/2018,50.673
09/07/2018,45.213
10/07/2018,38.018
11/07/2018,24.734
12/07/2018,19.485
13/07/2018,13.997
14/07/2018,9.685
15/07/2018,7.136
16/07/2018,6.304
17/07/2018,19.207
18/07/2018,109.017
19/07/2018,195.227
20/07/2018,220.69
21/07/2018,199.085
22/07/2018,169.437
23/07/2018,100.817
24/07/2018,51.391
25/07/2018,56.902
26/07/2018,70.009
27/07/2018,72.605
28/07/2018,48.278
29/07/2018,32.655
30/07/2018,29.741
31/07/2018,21.737
01/08/2018,14.159
02/08/2018,9.74
03/08/2018,7.035
04/08/2018,5.542
05/08/2018,4.435
06/08/2018,3.537
07/08/2018,3.232
08/08/2018,3.024
09/08/2018,2.589
10/08/2018,2.15
11/08/2018,1.897
12/08/2018,1.883
13/08/2018,1.832
14/08/2018,1.826
15/08/2018,1.798
16/08/2018,1.771
17/08/2018,1.752
18/08/2018,1.74
19/08/2018,1.742
20/08/2018,1.796
21/08/2018,1.828
22/08/2018,1.828
23/08/2018,2.059
24/08/2018,11.35
25/08/2018,28.416
26/08/2018,24.058
27/08/2018,21.558
28/08/2018,20.88
29/08/2018,20.85
30/08/2018,21.007
31/08/2018,47.749
01/09/2018,112.964
02/09/2018,104.846
03/09/2018,87.733
04/09/2018,56.581
05/09/2018,40.656
06/09/2018,22.777
07/09/2018,13.801
08/09/2018,10.712
09/09/2018,8.318
10/09/2018,4.943
11/09/2018,3.86
12/09/2018,2.498
13/09/2018,1.956
14/09/2018,1.914
15/09/2018,2.52
16/09/2018,5.766
17/09/2018,33.581
18/09/2018,22.254
19/09/2018,17.454
20/09/2018,10.965
21/09/2018,8.125
22/09/2018,7.548
23/09/2018,22.122
24/09/2018,51.088
25/09/2018,47.772
26/09/2018,44.102
27/09/2018,45.218
28/09/2018,39.744
29/09/2018,33.735
30/09/2018,35.866
01/10/2018,166.235
02/10/2018,196.404
03/10/2018,160.206
04/10/2018,99.007
05/10/2018,49.846
06/10/2018,33.851
07/10/2018,22.336
08/10/2018,14.894
09/10/2018,8.545
10/10/2018,7.568
11/10/2018,7.524
12/10/2018,8.644
13/10/2018,14.236
14/10/2018,16.284
15/10/2018,20.601
16/10/2018,21.509
17/10/2018,19.923
18/10/2018,17.196
19/10/2018,14.045
20/10/2018,11.287
21/10/2018,9.157
22/10/2018,7.2
23/10/2018,3.091
24/10/2018,1.914
25/10/2018,1.887
26/10/2018,1.887
27/10/2018,1.887
28/10/2018,1.887
29/10/2018,1.887
30/10/2018,1.887
31/10/2018,1.887
01/11/2018,1.887
02/11/2018,1.871
03/11/2018,1.763
04/11/2018,1.579
05/11/2018,1.352
06/11/2018,1.222
07/11/2018,1.114
08/11/2018,1.079
09/11/2018,1.073
10/11/2018,0.978
11/11/2018,0.959
12/11/2018,0.921
13/11/2018,0.967
14/11/2018,1.173
15/11/2018,1.201
16/11/2018,1.164
17/11/2018,0.999
18/11/2018,1.046
19/11/2018,1.161
20/11/2018,1.304
21/11/2018,1.304
22/11/2018,1.177
23/11/2018,1.178
24/11/2018,1.058
25/11/2018,0.943
26/11/2018,0.784
27/11/2018,0.652
28/11/2018,0.645
29/11/2018,0.644
30/11/2018,0.626
01/12/2018,0.608
02/12/2018,0.605
03/12/2018,0.582
04/12/2018,0.562
05/12/2018,0.551
06/12/2018,0.551
07/12/2018,0.551
08/12/2018,0.551
09/12/2018,0.551
10/12/2018,0.551
11/12/2018,0.543
12/12/2018,0.577
13/12/2018,0.696
14/12/2018,0.969
15/12/2018,1.19
16/12/2018,1.274
17/12/2018,1.281
18/12/2018,1.104
19/12/2018,1.287
20/12/2018,1.331
21/12/2018,1.329
22/12/2018,1.329
23/12/2018,1.329
24/12/2018,1.305
25/12/2018,1.215
26/12/2018,1.143
27/12/2018,1.069
28/12/2018,0.947
29/12/2018,0.876
30/12/2018,0.815
31/12/2018,0.739
01/01/2019,0.656
02/01/2019,0.577
03/01/2019,0.885
04/01/2019,0.922
05/01/2019,0.839
06/01/2019,1.041
07/01/2019,5.174
08/01/2019,5.599
09/01/2019,4.578
10/01/2019,2.955
11/01/2019,2.496
12/01/2019,3.237
13/01/2019,4.38
14/01/2019,8.665
15/01/2019,67.512
16/01/2019,118.727
17/01/2019,79.129
18/01/2019,66.332
19/01/2019,58.914
20/01/2019,57.56
21/01/2019,55.66
22/01/2019,55.055
23/01/2019,41.879
24/01/2019,30.07
25/01/2019,19.226
26/01/2019,13.672
27/01/2019,11.627
28/01/2019,8.564
29/01/2019,5.702
30/01/2019,4.659
31/01/2019,3.059
01/02/2019,1.788
02/02/2019,1.579
03/02/2019,2.043
04/02/2019,4.779
05/02/2019,9.775
06/02/2019,14.114
07/02/2019,12.769
08/02/2019,10.536
09/02/2019,4.971
10/02/2019,2.188
11/02/2019,1.742
12/02/2019,1.668
13/02/2019,1.492
14/02/2019,1.232
15/02/2019,1.043
16/02/2019,0.972
17/02/2019,0.897
18/02/2019,0.785
19/02/2019,0.753
20/02/2019,0.734
21/02/2019,0.668
22/02/2019,0.645
23/02/2019,0.645
24/02/2019,0.699
25/02/2019,0.897
26/02/2019,0.94
27/02/2019,0.916
28/02/2019,0.861
01/03/2019,0.823
02/03/2019,0.802
03/03/2019,0.694
04/03/2019,0.608
05/03/2019,0.579
06/03/2019,0.552
07/03/2019,0.551
08/03/2019,0.551
09/03/2019,0.551
10/03/2019,0.551
11/03/2019,0.551
12/03/2019,0.551
13/03/2019,0.549
14/03/2019,0.527
15/03/2019,0.504
16/03/2019,0.479
17/03/2019,0.469
18/03/2019,0.49
19/03/2019,0.497
20/03/2019,0.497
21/03/2019,0.497
22/03/2019,0.497
23/03/2019,0.497
24/03/2019,0.497
25/03/2019,0.497
26/03/2019,0.497
27/03/2019,0.497
28/03/2019,0.497
29/03/2019,0.497
30/03/2019,0.497
31/03/2019,0.497
01/04/2019,0.494
02/04/2019,0.465
03/04/2019,0.462
04/04/2019,0.462
05/04/2019,0.462
06/04/2019,0.461
07/04/2019,0.45
08/04/2019,0.508
09/04/2019,0.549
10/04/2019,0.552
11/04/2019,0.573
12/04/2019,0.638
13/04/2019,0.626
14/04/2019,0.608
15/04/2019,0.607
16/04/2019,0.607
17/04/2019,0.607
18/04/2019,0.607
19/04/2019,0.604
20/04/2019,0.572
21/04/2019,0.558
22/04/2019,0.538
23/04/2019,0.516
24/04/2019,0.515
25/04/2019,0.504
26/04/2019,0.497
27/04/2019,0.521
28/04/2019,0.727
29/04/2019,1.253
30/04/2019,2.752
01/05/2019,4.933
02/05/2019,5.602
03/05/2019,4.713
04/05/2019,3.693
05/05/2019,2.967
06/05/2019,2.285
07/05/2019,1.73
08/05/2019,1.534
09/05/2019,1.463
10/05/2019,1.459
11/05/2019,1.594
12/05/2019,1.915
13/05/2019,2.255
14/05/2019,2.255
15/05/2019,2.255
16/05/2019,2.255
17/05/2019,2.218
18/05/2019,2.021
19/05/2019,1.766
20/05/2019,1.55
21/05/2019,2.823
22/05/2019,6.569
23/05/2019,12.881
24/05/2019,24.239
25/05/2019,36.44
26/05/2019,31.782
27/05/2019,22.87
28/05/2019,16.114
29/05/2019,13.065
30/05/2019,7.76
31/05/2019,4.118
01/06/2019,3.269
02/06/2019,2.609
03/06/2019,2.231
04/06/2019,1.982
05/06/2019,1.826
06/06/2019,1.702
07/06/2019,1.524
08/06/2019,1.392
09/06/2019,1.329
10/06/2019,1.281
11/06/2019,1.275
12/06/2019,1.252
13/06/2019,1.211
14/06/2019,1.396
15/06/2019,2.678
16/06/2019,17.173
17/06/2019,33.365
18/06/2019,37.761
19/06/2019,26.737
20/06/2019,22.216
21/06/2019,13.357
22/06/2019,10.231
23/06/2019,7.353
24/06/2019,5.158
25/06/2019,3.816
26/06/2019,2.713
27/06/2019,4.285
28/06/2019,24.002
29/06/2019,40.409
30/06/2019,45.158
01/07/2019,48.735
02/07/2019,48.596
03/07/2019,38.074
04/07/2019,22.42
05/07/2019,13.756
06/07/2019,10.054
07/07/2019,6.336
08/07/2019,4.433
09/07/2019,2.94
10/07/2019,2.121
11/07/2019,1.781
12/07/2019,1.622
13/07/2019,1.547
14/07/2019,1.594
15/07/2019,1.596
16/07/2019,1.54
17/07/2019,1.466
18/07/2019,1.354
19/07/2019,1.262
20/07/2019,1.227
21/07/2019,1.203
22/07/2019,2.036
23/07/2019,18.877
24/07/2019,44.688
25/07/2019,61.372
26/07/2019,152.447
27/07/2019,169.863
28/07/2019,76.913
29/07/2019,71.115
30/07/2019,50.58
31/07/2019,25.09
01/08/2019,23.529
02/08/2019,35.614
03/08/2019,44.438
04/08/2019,51.797
05/08/2019,46.239
06/08/2019,34.985
07/08/2019,30.978
08/08/2019,39.886
09/08/2019,69.902
10/08/2019,87.838
11/08/2019,85.315
12/08/2019,74.008
13/08/2019,49.016
14/08/2019,28.901
15/08/2019,22.984
16/08/2019,17.311
17/08/2019,10.031
18/08/2019,7.101
19/08/2019,5.316
20/08/2019,3.566
21/08/2019,2.34
22/08/2019,2.089
23/08/2019,1.959
24/08/2019,1.892
25/08/2019,1.876
26/08/2019,1.751
27/08/2019,1.719
28/08/2019,1.654
29/08/2019,3.163
30/08/2019,79.419
31/08/2019,159.147
01/09/2019,82.849
02/09/2019,62.128
03/09/2019,59.812
04/09/2019,82.938
05/09/2019,102.903
06/09/2019,79.08
07/09/2019,30.399
08/09/2019,24.827
09/09/2019,111.601
10/09/2019,87.095
11/09/2019,59.491
12/09/2019,50.717
13/09/2019,43.958
14/09/2019,41.368
15/09/2019,38.203
16/09/2019,42.741
17/09/2019,36.131
18/09/2019,27.45
19/09/2019,20.728
20/09/2019,17.864
21/09/2019,16.627
22/09/2019,12.763
23/09/2019,9.051
24/09/2019,6.633
25/09/2019,4.05
26/09/2019,3.293
27/09/2019,2.494
28/09/2019,1.822
29/09/2019,1.649
30/09/2019,1.474
01/10/2019,4.976
02/10/2019,75.808
03/10/2019,114.159
04/10/2019,96.157
05/10/2019,83.723
06/10/2019,57.351
07/10/2019,43.856
08/10/2019,27.47
09/10/2019,24.946
17/10/2019,75.311
18/10/2019,153.39
19/10/2019,171.492
20/10/2019,166.666
21/10/2019,150.134
22/10/2019,77.595
23/10/2019,28.26
28/10/2019,68.646
29/10/2019,115.981
30/10/2019,361.579
31/10/2019,509.123
01/11/2019,356.502
02/11/2019,133.069
03/11/2019,79.799
04/11/2019,61.517
05/11/2019,43.019
06/11/2019,37.145
07/11/2019,30.485
08/11/2019,27.305
09/11/2019,25.428
22/01/2020,0.596
23/01/2020,0.589
24/01/2020,0.576
25/01/2020,0.568
26/01/2020,0.552
27/01/2020,0.551
28/01/2020,0.551
29/01/2020,0.552
30/01/2020,0.569
31/01/2020,0.591
01/02/2020,0.564
02/02/2020,0.551
03/02/2020,0.549
04/02/2020,0.524
05/02/2020,0.482
06/02/2020,0.479
07/02/2020,0.478
08/02/2020,0.463
09/02/2020,0.462
10/02/2020,0.462
11/02/2020,0.451
12/02/2020,0.385
13/02/2020,0.38
14/02/2020,0.389
15/02/2020,0.436
16/02/2020,0.445
17/02/2020,0.445
18/02/2020,0.458
19/02/2020,0.587
20/02/2020,0.664
21/02/2020,0.755
22/02/2020,0.748
23/02/2020,0.596
24/02/2020,0.551
25/02/2020,0.551
26/02/2020,0.551
27/02/2020,0.551
28/02/2020,0.551
29/02/2020,0.549
01/03/2020,0.532
02/03/2020,0.516
03/03/2020,0.513
04/03/2020,0.49
05/03/2020,0.462
06/03/2020,0.436
07/03/2020,0.429
08/03/2020,0.429
09/03/2020,0.429
10/03/2020,0.409
11/03/2020,0.395
12/03/2020,0.381
13/03/2020,0.379
14/03/2020,0.366
15/03/2020,0.367
16/03/2020,0.394
17/03/2020,0.398
18/03/2020,0.427
19/03/2020,0.444
20/03/2020,0.444
21/03/2020,0.431
22/03/2020,0.452
23/03/2020,0.478
24/03/2020,0.49
25/03/2020,0.496
26/03/2020,0.474
27/03/2020,0.462
28/03/2020,0.475
29/03/2020,0.504
30/03/2020,0.481
31/03/2020,0.483
01/04/2020,0.53
02/04/2020,0.549
03/04/2020,0.551
04/04/2020,0.551
05/04/2020,0.548
06/04/2020,0.517
07/04/2020,0.513
08/04/2020,0.498
09/04/2020,0.497
10/04/2020,0.49
11/04/2020,0.478
12/04/2020,0.463
13/04/2020,0.461
14/04/2020,0.447
15/04/2020,0.445
16/04/2020,0.437
17/04/2020,0.412
18/04/2020,0.391
19/04/2020,0.379
20/04/2020,0.366
21/04/2020,0.371
22/04/2020,0.39
23/04/2020,0.402
24/04/2020,0.412
25/04/2020,0.397
26/04/2020,0.343
27/04/2020,0.309
28/04/2020,0.343
29/04/2020,0.379
30/04/2020,0.395
01/05/2020,0.396
02/05/2020,0.396
03/05/2020,0.396
04/05/2020,0.396
05/05/2020,0.396
06/05/2020,0.396
07/05/2020,0.396
08/05/2020,0.396
09/05/2020,0.402
10/05/2020,0.413
11/05/2020,0.427
12/05/2020,0.429
13/05/2020,0.429
14/05/2020,0.427
15/05/2020,0.413
16/05/2020,0.412
17/05/2020,0.411
18/05/2020,0.397
19/05/2020,0.396
20/05/2020,0.396
21/05/2020,0.398
22/05/2020,0.752
23/05/2020,3.92
24/05/2020,5.851
25/05/2020,10.124
26/05/2020,10.973
27/05/2020,11.97
28/05/2020,11.794
29/05/2020,10.822
30/05/2020,6.907
31/05/2020,4.542
01/06/2020,2.761
02/06/2020,1.877
03/06/2020,1.745
04/06/2020,1.675
05/06/2020,1.527
06/06/2020,1.513
07/06/2020,1.473
08/06/2020,1.387
09/06/2020,1.381
10/06/2020,1.514
11/06/2020,2.666
12/06/2020,7.331
13/06/2020,21.656
14/06/2020,31.57
15/06/2020,25.965
16/06/2020,22.732
17/06/2020,20.75
18/06/2020,19.839
19/06/2020,19.716
20/06/2020,25.395
21/06/2020,34.724
22/06/2020,27.189
23/06/2020,23.953
24/06/2020,20.625
25/06/2020,18.6
26/06/2020,16.342
27/06/2020,11.744
28/06/2020,9.779
29/06/2020,9.668
30/06/2020,10.909
01/07/2020,12.691
02/07/2020,12.477
03/07/2020,11.852
04/07/2020,11.091
05/07/2020,10.859
06/07/2020,10.246
07/07/2020,8.99
08/07/2020,7.97
09/07/2020,7.485
10/07/2020,6.638
11/07/2020,6.381
12/07/2020,7.094
13/07/2020,7.817
14/07/2020,8.385
15/07/2020,6.797
16/07/2020,5.609
17/07/2020,3.643
18/07/2020,2.235
19/07/2020,1.903
20/07/2020,1.873
21/07/2020,1.786
22/07/2020,1.57
23/07/2020,1.471
24/07/2020,1.43
25/07/2020,1.385
26/07/2020,1.369
27/07/2020,1.331
28/07/2020,1.329
29/07/2020,1.325
30/07/2020,1.277
31/07/2020,1.228
01/08/2020,1.203
02/08/2020,1.201
03/08/2020,1.201
04/08/2020,1.198
05/08/2020,1.142
06/08/2020,1.083
07/08/2020,1.051
08/08/2020,0.966
09/08/2020,0.921
10/08/2020,0.854
11/08/2020,0.85
12/08/2020,0.824
13/08/2020,0.781
14/08/2020,0.745
15/08/2020,0.737
16/08/2020,0.717
17/08/2020,0.695
18/08/2020,0.666
19/08/2020,0.653
20/08/2020,0.645
21/08/2020,0.637
22/08/2020,0.624
23/08/2020,0.605
24/08/2020,0.589
25/08/2020,0.588
26/08/2020,0.609
27/08/2020,1.214
28/08/2020,5.269
29/08/2020,12.047
30/08/2020,15.114
31/08/2020,15.383
01/09/2020,16.678
02/09/2020,25.439
03/09/2020,41.807
04/09/2020,44.795
05/09/2020,41.647
06/09/2020,30.363
07/09/2020,20.913
08/09/2020,11.122
09/09/2020,8.768
10/09/2020,8.418
11/09/2020,8.269
12/09/2020,7.703
13/09/2020,7.652
14/09/2020,8.718
15/09/2020,9.195
16/09/2020,9.207
17/09/2020,9.069
18/09/2020,8.16
19/09/2020,7.355
20/09/2020,5.593
21/09/2020,3.521
22/09/2020,2.433
23/09/2020,1.804
24/09/2020,1.522
25/09/2020,4.684
26/09/2020,50.738
27/09/2020,68.022
28/09/2020,45.687
29/09/2020,32.195
30/09/2020,24.14
01/10/2020,21.868
02/10/2020,19.65
03/10/2020,17.365
04/10/2020,14.78
05/10/2020,13.218
06/10/2020,12.298
07/10/2020,11.96
08/10/2020,10.864
09/10/2020,9.467
10/10/2020,7.464
11/10/2020,5.056
12/10/2020,3.268
13/10/2020,2.227
14/10/2020,1.831
15/10/2020,1.503
16/10/2020,1.369
17/10/2020,1.25
18/10/2020,1.131
19/10/2020,1.047
20/10/2020,1.018
21/10/2020,0.915
22/10/2020,0.846
23/10/2020,0.816
24/10/2020,0.75
25/10/2020,0.745
26/10/2020,0.747
27/10/2020,0.773
28/10/2020,0.787
29/10/2020,0.787
30/10/2020,0.787
31/10/2020,0.782
01/11/2020,0.853
02/11/2020,0.956
03/11/2020,0.853
04/11/2020,0.821
05/11/2020,0.797
06/11/2020,0.744
07/11/2020,0.68
08/11/2020,0.621
09/11/2020,0.604
10/11/2020,0.57
11/11/2020,0.549
12/11/2020,0.517
13/11/2020,0.506
14/11/2020,0.481
15/11/2020,0.431
16/11/2020,0.429
17/11/2020,0.429
18/11/2020,0.429
19/11/2020,0.429
20/11/2020,0.429
21/11/2020,0.429
22/11/2020,0.429
23/11/2020,0.429
24/11/2020,0.429
25/11/2020,0.429
26/11/2020,0.429
27/11/2020,0.429
28/11/2020,0.429
29/11/2020,0.439
30/11/2020,0.443
01/12/2020,0.43
02/12/2020,0.429
03/12/2020,0.429
04/12/2020,0.429
05/12/2020,0.427
06/12/2020,0.407
07/12/2020,0.389
08/12/2020,0.366
09/12/2020,0.364
10/12/2020,0.364
11/12/2020,0.364
12/12/2020,0.364
13/12/2020,0.364
14/12/2020,0.367
15/12/2020,0.4
16/12/2020,0.423
17/12/2020,0.451
18/12/2020,0.462
19/12/2020,0.453
20/12/2020,0.415
21/12/2020,0.402
22/12/2020,0.351
23/12/2020,0.335
24/12/2020,0.334
25/12/2020,0.312
26/12/2020,0.305
27/12/2020,0.305
28/12/2020,0.305
29/12/2020,0.305
30/12/2020,0.305
31/12/2020,0.305
01/01/2021,0.305
02/01/2021,0.301
03/01/2021,0.249
04/01/2021,0.236
05/01/2021,0.252
06/01/2021,0.27
07/01/2021,0.302
08/01/2021,0.305
09/01/2021,0.305
10/01/2021,0.325
11/01/2021,0.362
12/01/2021,0.371
13/01/2021,0.38
14/01/2021,0.41
15/01/2021,0.572
16/01/2021,0.735
17/01/2021,0.766
18/01/2021,0.87
19/01/2021,0.97
20/01/2021,0.961
21/01/2021,0.932
22/01/2021,0.784
23/01/2021,0.738
24/01/2021,0.639
25/01/2021,0.592
26/01/2021,0.595
27/01/2021,0.922
28/01/2021,1.058
29/01/2021,2.145
30/01/2021,13.942
31/01/2021,24.668
01/02/2021,23.887
02/02/2021,14.891
03/02/2021,15.884
04/02/2021,38.059
05/02/2021,95.888
06/02/2021,93.833
07/02/2021,73.804
08/02/2021,51.425
09/02/2021,28.96
10/02/2021,17.076
11/02/2021,19.712
12/02/2021,21.834
13/02/2021,23.684
14/02/2021,32.274
15/02/2021,40.195
16/02/2021,42.69
17/02/2021,39.797
18/02/2021,36.881
19/02/2021,22.786
20/02/2021,16.305
21/02/2021,12.514
22/02/2021,7.03
23/02/2021,5.597
24/02/2021,4.23
25/02/2021,2.903
26/02/2021,1.88
27/02/2021,1.639
28/02/2021,1.467
01/03/2021,1.284
02/03/2021,1.101
03/03/2021,1.023
04/03/2021,0.943
05/03/2021,0.851
06/03/2021,0.789
07/03/2021,0.74
08/03/2021,0.714
09/03/2021,0.663
10/03/2021,0.608
11/03/2021,0.564
12/03/2021,0.549
13/03/2021,0.525
14/03/2021,0.495
15/03/2021,0.47
16/03/2021,0.462
17/03/2021,0.462
18/03/2021,0.46
19/03/2021,0.429
20/03/2021,0.439
21/03/2021,0.604
22/03/2021,0.719
23/03/2021,0.675
24/03/2021,0.786
25/03/2021,0.895
26/03/2021,1.128
27/03/2021,1.57
28/03/2021,1.595
29/03/2021,1.619
30/03/2021,1.577
31/03/2021,1.517
01/04/2021,1.636
02/04/2021,1.54
03/04/2021,1.343
04/04/2021,1.161
05/04/2021,1.059
06/04/2021,1.032
07/04/2021,0.97
08/04/2021,0.883
09/04/2021,0.804
10/04/2021,14.724
11/04/2021,155.852
12/04/2021,88.641
13/04/2021,57.628
14/04/2021,36.821
15/04/2021,26.109
16/04/2021,19.343
17/04/2021,13.366
18/04/2021,8.552
19/04/2021,5.318
20/04/2021,4.317
21/04/2021,3.834
22/04/2021,3.383
23/04/2021,2.862
24/04/2021,2.329
25/04/2021,1.877
26/04/2021,1.517
27/04/2021,1.362
28/04/2021,1.133
29/04/2021,1.079
30/04/2021,1.032
01/05/2021,0.974
02/05/2021,0.906
03/05/2021,0.854
04/05/2021,0.888
05/05/2021,0.975
06/05/2021,1.049
07/05/2021,1.17
08/05/2021,1.177
09/05/2021,1.175
10/05/2021,1.152
11/05/2021,1.116
12/05/2021,1.078
13/05/2021,1.032
14/05/2021,0.987
15/05/2021,0.95
16/05/2021,0.898
17/05/2021,0.895
18/05/2021,0.853
19/05/2021,0.851
20/05/2021,0.851
21/05/2021,0.851
22/05/2021,0.851
23/05/2021,0.851
24/05/2021,0.808
25/05/2021,0.808
26/05/2021,0.766
27/05/2021,0.745
28/05/2021,0.684
29/05/2021,0.684
30/05/2021,0.684
31/05/2021,0.665
01/06/2021,0.646
02/06/2021,0.645
03/06/2021,0.645
04/06/2021,0.645
05/06/2021,3.266
06/06/2021,37.61
07/06/2021,40.731
08/06/2021,36.347
09/06/2021,33.24
10/06/2021,28.27
11/06/2021,19.042
12/06/2021,11.646
13/06/2021,7.573
14/06/2021,6.288
15/06/2021,5.229
16/06/2021,4.323
17/06/2021,3.107
18/06/2021,1.936
19/06/2021,1.825
20/06/2021,1.618
21/06/2021,1.399
22/06/2021,1.329
23/06/2021,1.369
24/06/2021,8.366
25/06/2021,66.367
26/06/2021,63.411
27/06/2021,54.126
28/06/2021,35.815
29/06/2021,30.297
30/06/2021,25.032
01/07/2021,21.814
02/07/2021,9.868
03/07/2021,7.529
04/07/2021,5.503
05/07/2021,5.018
06/07/2021,4.812
07/07/2021,3.739
08/07/2021,3.077
09/07/2021,2.376
10/07/2021,2.18
11/07/2021,1.812
12/07/2021,1.607
13/07/2021,1.501
14/07/2021,1.411
15/07/2021,3.047
16/07/2021,53.106
17/07/2021,91.499
18/07/2021,61.873
19/07/2021,25.284
20/07/2021,16.595
21/07/2021,11.48
22/07/2021,8.957
23/07/2021,6.199
24/07/2021,3.557
25/07/2021,2.288
26/07/2021,2.441
27/07/2021,4.044
28/07/2021,13.863
29/07/2021,15.708
30/07/2021,13.705
31/07/2021,13.117
01/08/2021,12.752
02/08/2021,9.563
03/08/2021,7.686
04/08/2021,5.826
05/08/2021,4.257
06/08/2021,2.832
07/08/2021,1.921
08/08/2021,1.729
09/08/2021,4.298
10/08/2021,30.235
11/08/2021,27.752
12/08/2021,21.743
13/08/2021,17.036
14/08/2021,12.736
15/08/2021,10.68
16/08/2021,7.775
17/08/2021,6.419
18/08/2021,5.131
19/08/2021,3.791
20/08/2021,2.985
21/08/2021,1.156
22/08/2021,1.066
23/08/2021,1.229
24/08/2021,2.921
25/08/2021,17.655
26/08/2021,16.961
27/08/2021,15.247
28/08/2021,11.374
29/08/2021,10.41
30/08/2021,10.065
31/08/2021,5.989
01/09/2021,4.332
02/09/2021,4.197
03/09/2021,4.306
04/09/2021,4.256
05/09/2021,4.015
06/09/2021,5.639
07/09/2021,39.06
08/09/2021,60.45
09/09/2021,61.798
10/09/2021,60.874
11/09/2021,54.943
12/09/2021,50.396
13/09/2021,137.114
14/09/2021,115.903
15/09/2021,98.98
16/09/2021,78.401
17/09/2021,60.401
18/09/2021,35.132
19/09/2021,33.293
20/09/2021,146.568
21/09/2021,74.847
22/09/2021,49.038
23/09/2021,35.563
24/09/2021,29.066
25/09/2021,21.877
26/09/2021,15.398
27/09/2021,10.673
28/09/2021,7.549
29/09/2021,5.073
30/09/2021,4.265
01/10/2021,5.047
02/10/2021,5.989
03/10/2021,5.609
04/10/2021,5.453
05/10/2021,5.175
06/10/2021,4.171
07/10/2021,3.455
08/10/2021,2.75
09/10/2021,1.921
10/10/2021,1.747
11/10/2021,1.667
12/10/2021,1.765
13/10/2021,1.853
14/10/2021,2.558
15/10/2021,3.898
16/10/2021,4.871
17/10/2021,4.976
18/10/2021,4.244
19/10/2021,3.382
20/10/2021,2.262
21/10/2021,1.694
22/10/2021,1.499
23/10/2021,1.362
24/10/2021,1.233
25/10/2021,1.167
26/10/2021,1.107
27/10/2021,1.015
28/10/2021,0.959
29/10/2021,0.929
30/10/2021,0.893
31/10/2021,0.873
01/11/2021,0.885
02/11/2021,1.073
03/11/2021,37.003
04/11/2021,36.997
05/11/2021,22.561
06/11/2021,16.739
07/11/2021,11.465
08/11/2021,6.59
09/11/2021,3.017
10/11/2021,2.014
11/11/2021,1.783
12/11/2021,1.399
13/11/2021,1.095
14/11/2021,0.987
15/11/2021,0.934
16/11/2021,0.831
17/11/2021,0.955
18/11/2021,1.195
19/11/2021,0.989
20/11/2021,0.859
21/11/2021,0.724
22/11/2021,0.649
23/11/2021,0.642
24/11/2021,0.609
25/11/2021,0.607
26/11/2021,0.605
27/11/2021,0.589
28/11/2021,0.599
29/11/2021,0.618
30/11/2021,0.624
01/12/2021,0.608
02/12/2021,0.607
03/12/2021,0.605
04/12/2021,0.569
05/12/2021,0.553
06/12/2021,0.551
07/12/2021,0.553
08/12/2021,0.589
09/12/2021,0.605
10/12/2021,0.588
11/12/2021,0.57
12/12/2021,0.569
13/12/2021,0.569
14/12/2021,0.568
15/12/2021,0.553
16/12/2021,0.535
17/12/2021,0.53
18/12/2021,0.48
19/12/2021,0.445
20/12/2021,0.427
21/12/2021,0.396
22/12/2021,0.38
23/12/2021,0.363
24/12/2021,0.346
25/12/2021,0.317
26/12/2021,0.303
27/12/2021,0.285
28/12/2021,0.262
29/12/2021,0.262
30/12/2021,0.262
31/12/2021,0.251
01/01/2022,0.244
02/01/2022,0.237
03/01/2022,0.248
04/01/2022,0.249
05/01/2022,0.248
06/01/2022,0.237
07/01/2022,0.23
08/01/2022,0.211
09/01/2022,0.202
10/01/2022,0.18
11/01/2022,0.174
12/01/2022,0.173
13/01/2022,0.164
14/01/2022,0.162
15/01/2022,0.152
16/01/2022,0.153
17/01/2022,0.173
18/01/2022,0.19
19/01/2022,0.2
20/01/2022,0.229
21/01/2022,0.239
22/01/2022,0.285
23/01/2022,0.382
24/01/2022,0.514
25/01/2022,0.611
26/01/2022,0.645
27/01/2022,0.665
28/01/2022,0.697
29/01/2022,0.723
30/01/2022,0.725
31/01/2022,0.709
01/02/2022,0.642
02/02/2022,0.604
03/02/2022,0.54
04/02/2022,0.543
05/02/2022,0.529
06/02/2022,0.506
07/02/2022,0.496
08/02/2022,0.477
09/02/2022,0.432
10/02/2022,0.419
11/02/2022,0.414
12/02/2022,0.445
13/02/2022,0.532
14/02/2022,0.533
15/02/2022,0.492
16/02/2022,0.465
17/02/2022,0.44
18/02/2022,0.389
19/02/2022,0.323
20/02/2022,0.305
21/02/2022,0.297
23/02/2022,0.276
24/02/2022,0.276
25/02/2022,0.276
26/02/2022,0.276
27/02/2022,0.396
28/02/2022,0.704
01/03/2022,0.666
02/03/2022,0.806
03/03/2022,0.853
04/03/2022,0.893
05/03/2022,0.928
06/03/2022,1.18
07/03/2022,1.576
08/03/2022,2.265
09/03/2022,5.269
10/03/2022,6.408
11/03/2022,5.781
12/03/2022,4.567
13/03/2022,3.607
14/03/2022,3.057
15/03/2022,2.594
16/03/2022,2.087
17/03/2022,1.711
18/03/2022,1.48
19/03/2022,1.211
20/03/2022,1.109
21/03/2022,1.013
22/03/2022,0.881
23/03/2022,0.803
24/03/2022,0.733
25/03/2022,0.649
26/03/2022,0.619
27/03/2022,0.594
28/03/2022,0.57
29/03/2022,0.558
30/03/2022,0.551
31/03/2022,0.551
02/04/2022,0.46
03/04/2022,0.423
04/04/2022,0.395
05/04/2022,0.373
06/04/2022,0.363
07/04/2022,0.35
08/04/2022,0.349
09/04/2022,0.347
10/04/2022,0.316
11/04/2022,0.305
12/04/2022,0.305
13/04/2022,0.305
14/04/2022,0.303
15/04/2022,0.291
16/04/2022,0.282
17/04/2022,0.276
18/04/2022,0.276
19/04/2022,0.276
20/04/2022,0.276
21/04/2022,0.276
22/04/2022,0.276
23/04/2022,0.276
24/04/2022,0.276
25/04/2022,0.283
26/04/2022,1.228
27/04/2022,13.036
28/04/2022,40.49
29/04/2022,40.492
30/04/2022,74.814
01/05/2022,28.497
02/05/2022,19.87
03/05/2022,17.811
04/05/2022,12.57
05/05/2022,10.013
06/05/2022,7.318
07/05/2022,4.621
08/05/2022,3.153
09/05/2022,2.645
10/05/2022,2.395
11/05/2022,1.802
12/05/2022,1.51
13/05/2022,1.253
14/05/2022,1.114
15/05/2022,0.977
16/05/2022,0.931
17/05/2022,0.886
18/05/2022,0.849
19/05/2022,0.827
20/05/2022,0.809
21/05/2022,0.808
22/05/2022,0.808
23/05/2022,0.764
24/05/2022,0.651
25/05/2022,0.366
26/05/2022,0.21
27/05/2022,6.838
28/05/2022,13.411
29/05/2022,13.936
30/05/2022,13.694
31/05/2022,13.392
01/06/2022,1.795
02/06/2022,1.161
03/06/2022,0.938
04/06/2022,0.558
05/06/2022,0.392
06/06/2022,0.275
07/06/2022,0.219
08/06/2022,2.064
09/06/2022,2.747
10/06/2022,1.888
11/06/2022,1.765
12/06/2022,1.639
13/06/2022,1.435
14/06/2022,1.333
15/06/2022,1.361
16/06/2022,1.992
17/06/2022,5.881
18/06/2022,11.365
19/06/2022,12.329
20/06/2022,9.349
21/06/2022,11.695
22/06/2022,9.99
23/06/2022,9.24
24/06/2022,9.687
25/06/2022,10.574
26/06/2022,13.097
27/06/2022,15.104
28/06/2022,20.929
29/06/2022,58.971
30/06/2022,63.309
01/07/2022,60.289
02/07/2022,51.957
03/07/2022,33.976
04/07/2022,28.022
05/07/2022,24.33
06/07/2022,23.226
07/07/2022,43.548
08/07/2022,50.702
09/07/2022,43.539
10/07/2022,71.255
11/07/2022,109.753
12/07/2022,157.543
13/07/2022,117.469
14/07/2022,107.752
15/07/2022,133.167
16/07/2022,267.561
17/07/2022,299.221
18/07/2022,243.637
19/07/2022,121.776
20/07/2022,59.992
21/07/2022,39.311
22/07/2022,27.595
23/07/2022,24.41
24/07/2022,22.116
25/07/2022,14.078
26/07/2022,15.249
27/07/2022,17.241
28/07/2022,20.077
29/07/2022,21.036
30/07/2022,24.648
31/07/2022,24.595
01/08/2022,23.577
02/08/2022,22.104
03/08/2022,60.969
04/08/2022,202.972
05/08/2022,379.531
06/08/2022,227.707
07/08/2022,103.071
08/08/2022,43.582
09/08/2022,29.886
10/08/2022,21.275
11/08/2022,15.275
12/08/2022,12.309
13/08/2022,10.816
14/08/2022,10.002
15/08/2022,9.315
16/08/2022,7.832
17/08/2022,6.681
18/08/2022,6.073
19/08/2022,5.573
20/08/2022,4.411
21/08/2022,3.726
22/08/2022,3.346
23/08/2022,3.028
24/08/2022,2.613
25/08/2022,2.205
26/08/2022,2.041
27/08/2022,4.054
28/08/2022,5.571
29/08/2022,6.778
30/08/2022,7.496
31/08/2022,7.496
01/09/2022,7.255
02/09/2022,10.548
03/09/2022,12.932
04/09/2022,15.339
05/09/2022,14.975
06/09/2022,13.925
07/09/2022,13.038
08/09/2022,10.406
09/09/2022,7.617
10/09/2022,6.071
11/09/2022,4.462
12/09/2022,3.896
13/09/2022,3.49
14/09/2022,3.192
15/09/2022,2.462
16/09/2022,1.932
17/09/2022,1.655
18/09/2022,1.559
19/09/2022,1.513
20/09/2022,1.45
21/09/2022,1.381
22/09/2022,1.333
23/09/2022,1.329
24/09/2022,1.317
25/09/2022,1.279
26/09/2022,1.277
27/09/2022,1.277
28/09/2022,1.277
29/09/2022,1.267
30/09/2022,1.25
01/10/2022,1.227
02/10/2022,1.203
03/10/2022,1.192
04/10/2022,1.177
05/10/2022,1.177
06/10/2022,1.177
07/10/2022,1.203
08/10/2022,1.489
09/10/2022,1.967
10/10/2022,2.255
11/10/2022,1.823
12/10/2022,1.589
13/10/2022,1.493
14/10/2022,1.249
15/10/2022,1.061
16/10/2022,0.975
17/10/2022,0.897
18/10/2022,0.83
19/10/2022,0.759
20/10/2022,0.723
21/10/2022,0.678
22/10/2022,0.646
23/10/2022,0.636
24/10/2022,0.599
25/10/2022,0.57
26/10/2022,0.569
27/10/2022,0.569
28/10/2022,0.569
29/10/2022,0.568
30/10/2022,0.552
31/10/2022,0.555
01/11/2022,0.613
02/11/2022,0.608
03/11/2022,0.607
04/11/2022,0.607
05/11/2022,0.607
06/11/2022,0.598
07/11/2022,0.563
08/11/2022,0.551
09/11/2022,0.551
10/11/2022,0.551
11/11/2022,0.551
12/11/2022,0.551
13/11/2022,0.548
14/11/2022,0.517
15/11/2022,0.501
16/11/2022,0.464
17/11/2022,0.438
18/11/2022,0.398
19/11/2022,0.395
20/11/2022,0.375
21/11/2022,0.364
22/11/2022,0.364
23/11/2022,0.364
24/11/2022,0.364
25/11/2022,0.364
26/11/2022,0.351
27/11/2022,0.314
28/11/2022,0.305
29/11/2022,0.305
30/11/2022,0.305
01/12/2022,0.305
02/12/2022,0.305
03/12/2022,0.305
04/12/2022,0.305
05/12/2022,0.305
06/12/2022,0.305
07/12/2022,0.305
08/12/2022,0.305
09/12/2022,0.303
10/12/2022,0.29
11/12/2022,0.272
12/12/2022,0.256
13/12/2022,0.237
14/12/2022,0.236
15/12/2022,0.236
16/12/2022,0.231
17/12/2022,0.223
18/12/2022,0.215
19/12/2022,0.21
20/12/2022,0.204
21/12/2022,0.176
22/12/2022,0.174
23/12/2022,0.173
24/12/2022,0.163
25/12/2022,0.152
26/12/2022,0.152
27/12/2022,0.152
28/12/2022,0.152
29/12/2022,0.152
30/12/2022,0.152
31/12/2022,0.163
01/01/2023,0.174
02/01/2023,0.185
03/01/2023,0.186
04/01/2023,0.178
05/01/2023,0.164
06/01/2023,0.163
07/01/2023,0.163
08/01/2023,0.163
09/01/2023,0.163
10/01/2023,0.158
11/01/2023,0.151
12/01/2023,0.142
13/01/2023,0.137
14/01/2023,0.124
15/01/2023,0.12
16/01/2023,0.116
17/01/2023,0.109
18/01/2023,0.093
19/01/2023,0.092
20/01/2023,0.091
21/01/2023,0.084
22/01/2023,0.083
23/01/2023,0.08
24/01/2023,0.075
25/01/2023,0.07
26/01/2023,0.067
27/01/2023,0.062
28/01/2023,0.05
29/01/2023,0.045
30/01/2023,0.045
31/01/2023,0.049
01/02/2023,0.053
02/02/2023,0.071
03/02/2023,0.1
04/02/2023,0.123
05/02/2023,0.132
06/02/2023,0.15
07/02/2023,0.141
08/02/2023,0.097
09/02/2023,0.083
10/02/2023,0.075
11/02/2023,0.075
12/02/2023,0.278
13/02/2023,2.662
14/02/2023,2.918
15/02/2023,3.171
16/02/2023,3.591
17/02/2023,4.3
18/02/2023,4.707
19/02/2023,5.009
20/02/2023,5.481
21/02/2023,5.197
22/02/2023,5.029
23/02/2023,5.545
24/02/2023,5.941
25/02/2023,6.371
26/02/2023,6.262
27/02/2023,6.147
28/02/2023,5.492
01/03/2023,0.778
02/03/2023,0.406
03/03/2023,0.419
04/03/2023,0.429
05/03/2023,0.426
06/03/2023,0.378
07/03/2023,0.309
08/03/2023,0.296
09/03/2023,0.29
10/03/2023,0.29
11/03/2023,0.285
12/03/2023,0.276
13/03/2023,0.276
14/03/2023,0.276
15/03/2023,0.276
16/03/2023,0.297
17/03/2023,0.448
18/03/2023,0.585
19/03/2023,0.686
20/03/2023,0.725
21/03/2023,0.726
22/03/2023,0.702
23/03/2023,0.639
24/03/2023,0.603
25/03/2023,0.562
26/03/2023,0.562
27/03/2023,0.569
28/03/2023,0.568
29/03/2023,0.549
30/03/2023,0.517
01/04/2023,0.511
02/04/2023,0.45
03/04/2023,0.392
04/04/2023,0.38
05/04/2023,0.38
06/04/2023,0.38
07/04/2023,0.38
08/04/2023,0.38
09/04/2023,0.38
10/04/2023,0.38
11/04/2023,0.38
12/04/2023,0.391
13/04/2023,0.403
14/04/2023,0.381
15/04/2023,0.378
16/04/2023,0.351
17/04/2023,0.338
18/04/2023,0.307
19/04/2023,0.305
20/04/2023,0.285
21/04/2023,0.246
22/04/2023,0.229
23/04/2023,0.227
24/04/2023,0.213
25/04/2023,0.175
26/04/2023,0.153
27/04/2023,0.142
28/04/2023,0.094
29/04/2023,0.14
30/04/2023,0.216
01/05/2023,0.24
02/05/2023,0.249
03/05/2023,0.249
04/05/2023,0.26
05/05/2023,0.278
06/05/2023,0.329
07/05/2023,0.389
08/05/2023,0.461
09/05/2023,0.542
10/05/2023,0.687
11/05/2023,0.733
12/05/2023,0.725
13/05/2023,0.717
14/05/2023,0.689
15/05/2023,0.648
16/05/2023,0.645
17/05/2023,0.628
18/05/2023,0.58
19/05/2023,0.528
20/05/2023,0.462
21/05/2023,0.432
22/05/2023,0.454
23/05/2023,0.462
24/05/2023,0.456
25/05/2023,0.438
26/05/2023,0.475
27/05/2023,0.516
28/05/2023,0.548
29/05/2023,0.553
30/05/2023,0.596
01/06/2023,0.596
02/06/2023,0.529
03/06/2023,0.451
04/06/2023,0.434
05/06/2023,0.494
06/06/2023,0.537
07/06/2023,0.683
08/06/2023,0.915
09/06/2023,0.955
10/06/2023,1.001
11/06/2023,1.043
12/06/2023,1.18
13/06/2023,1.546
14/06/2023,1.713
15/06/2023,1.507
16/06/2023,1.35
17/06/2023,1.179
18/06/2023,0.984
19/06/2023,0.858
20/06/2023,0.825
21/06/2023,0.761
22/06/2023,0.627
23/06/2023,0.614
24/06/2023,0.657
25/06/2023,0.768
26/06/2023,1.275
27/06/2023,5.807
28/06/2023,36.528
29/06/2023,28.688
30/06/2023,22.492
01/07/2023,16.325
02/07/2023,9.864
03/07/2023,7.488
04/07/2023,5.356
05/07/2023,14.994
06/07/2023,29.813
07/07/2023,58.196
08/07/2023,81.79
09/07/2023,61.084
10/07/2023,47.084
11/07/2023,39.121
12/07/2023,46.205
13/07/2023,95.906
14/07/2023,98.837
15/07/2023,96.238
16/07/2023,71.336
17/07/2023,43.263
18/07/2023,29.662
19/07/2023,24.488
20/07/2023,14.765
21/07/2023,8.859
22/07/2023,5.714
23/07/2023,3.813
24/07/2023,5.989
25/07/2023,49.876
26/07/2023,95.99
27/07/2023,144.188
28/07/2023,89.705
29/07/2023,46.428
30/07/2023,29.476
01/08/2023,18.153
02/08/2023,13.122
03/08/2023,8.946
04/08/2023,7.405
05/08/2023,5.879
06/08/2023,4.489
07/08/2023,3.146
08/08/2023,2.688
09/08/2023,2.444
10/08/2023,2.184
11/08/2023,1.903
12/08/2023,1.864
13/08/2023,1.826
14/08/2023,1.778
15/08/2023,1.819
16/08/2023,2.116
17/08/2023,12.996
18/08/2023,27.55
19/08/2023,30.311
20/08/2023,28.201
21/08/2023,26.758
22/08/2023,24.77
23/08/2023,15.602
24/08/2023,11.798
25/08/2023,6.467
26/08/2023,8.576
27/08/2023,11.829
28/08/2023,5.249
29/08/2023,2.483
30/08/2023,1.864
01/09/2023,18.153
02/09/2023,13.122
03/09/2023,8.946
04/09/2023,7.405
05/09/2023,5.879
06/09/2023,4.489
07/09/2023,3.146
08/09/2023,2.688
09/09/2023,2.444
10/09/2023,2.184
11/09/2023,1.903
12/09/2023,1.864
13/09/2023,1.826
14/09/2023,1.778
15/09/2023,1.819
16/09/2023,2.116
17/09/2023,12.996
18/09/2023,27.55
19/09/2023,30.311
20/09/2023,28.201
21/09/2023,26.758
22/09/2023,24.77
23/09/2023,15.602
24/09/2023,11.798
25/09/2023,6.467
26/09/2023,8.576
27/09/2023,11.829
28/09/2023,5.249
29/09/2023,2.483
30/09/2023,2.623
01/10/2023,10.777
02/10/2023,9.869
03/10/2023,7.592
04/10/2023,5.305
05/10/2023,4.107
06/10/2023,3.363
07/10/2023,2.506
08/10/2023,1.92
09/10/2023,1.887
10/10/2023,1.887
11/10/2023,1.845
12/10/2023,1.71
13/10/2023,1.471
14/10/2023,1.379
15/10/2023,1.299
16/10/2023,1.176
17/10/2023,1.147
18/10/2023,1.07
19/10/2023,0.982
20/10/2023,0.963
21/10/2023,0.946
22/10/2023,0.893
23/10/2023,1.009
24/10/2023,1.149
25/10/2023,1.227
26/10/2023,1.211
27/10/2023,1.207
28/10/2023,1.3
29/10/2023,1.417
30/10/2023,1.309
31/10/2023,1.245
01/12/2023,4.765
02/12/2023,6.173
03/12/2023,6.61
04/12/2023,7.191
05/12/2023,7.683
06/12/2023,10.686
07/12/2023,22.983
08/12/2023,34.131
09/12/2023,32.382
10/12/2023,20.805
11/12/2023,15.493
12/12/2023,11.319
13/12/2023,9.007
14/12/2023,80.871
15/12/2023,364.114
16/12/2023,414.446
17/12/2023,280.57
18/12/2023,150.899
19/12/2023,100.038
20/12/2023,23.654
21/12/2023,21.257
22/12/2023,23.691
23/12/2023,19.876
24/12/2023,18.226
25/12/2023,16.97
26/12/2023,11.853
27/12/2023,6.287
28/12/2023,4.932
29/12/2023,4.379
30/12/2023,3.453
31/12/2023,2.639
01/01/2024,2.008
02/01/2024,1.779
03/01/2024,1.549
04/01/2024,1.44
05/01/2024,1.334
06/01/2024,1.321
07/01/2024,1.234
08/01/2024,1.217
09/01/2024,1.2
10/01/2024,1.175
11/01/2024,1.12
12/01/2024,1.081
13/01/2024,1.079
14/01/2024,1.07
15/01/2024,1.061
16/01/2024,1.363
17/01/2024,3.349
18/01/2024,10.455
19/01/2024,13.126
20/01/2024,20.493
21/01/2024,21.946
22/01/2024,13.607
23/01/2024,11.871
24/01/2024,9.467
25/01/2024,6.281
26/01/2024,3.061
27/01/2024,1.911
28/01/2024,1.628
29/01/2024,1.381
30/01/2024,1.168
31/01/2024,1.083
01/02/2024,1.071
02/02/2024,0.948
03/02/2024,0.854
04/02/2024,0.811
05/02/2024,0.748
06/02/2024,0.745
07/02/2024,0.745
08/02/2024,0.733
09/02/2024,0.709
10/02/2024,0.669
11/02/2024,0.648
12/02/2024,0.691
13/02/2024,0.729
14/02/2024,0.812
15/02/2024,0.85
16/02/2024,0.85
17/02/2024,0.831
18/02/2024,0.826
19/02/2024,0.788
20/02/2024,0.767
21/02/2024,0.756
22/02/2024,0.726
23/02/2024,0.725
24/02/2024,0.725
25/02/2024,0.731
26/02/2024,0.877
27/02/2024,1.03
28/02/2024,1.076
29/02/2024,1.065
01/03/2024,0.982
02/03/2024,0.963
03/03/2024,0.963
04/03/2024,0.958
05/03/2024,0.856
06/03/2024,0.8
07/03/2024,0.785
08/03/2024,0.759
09/03/2024,0.745
10/03/2024,0.742
11/03/2024,0.69
12/03/2024,0.646
13/03/2024,0.645
14/03/2024,0.657
15/03/2024,0.869
16/03/2024,0.837
17/03/2024,0.766
18/03/2024,0.728
19/03/2024,0.712
20/03/2024,0.697
21/03/2024,0.934
22/03/2024,1.659
23/03/2024,2.102
24/03/2024,3.305
25/03/2024,2.183
26/03/2024,1.769
27/03/2024,1.512
28/03/2024,1.407
29/03/2024,1.261
30/03/2024,1.225
31/03/2024,2.355
01/04/2024,18.284
02/04/2024,29.696
03/04/2024,45.878
04/04/2024,73.876
05/04/2024,67.548
06/04/2024,54.002
07/04/2024,46.604
08/04/2024,35.876
09/04/2024,24.365
10/04/2024,16.842
11/04/2024,11.654
12/04/2024,7.936
13/04/2024,7.13
14/04/2024,7.642
15/04/2024,16.749
16/04/2024,22.695
17/04/2024,19.971
18/04/2024,18.351
19/04/2024,15.225
20/04/2024,12.285
21/04/2024,9.36
22/04/2024,7.469
23/04/2024,5.063
24/04/2024,2.917
25/04/2024,1.903
26/04/2024,9.897
27/04/2024,147.428
28/04/2024,348.904
29/04/2024,230.607
30/04/2024,171.583
01/05/2024,199.145
02/05/2024,199.406
03/05/2024,160.733
04/05/2024,124.361
05/05/2024,95.102
06/05/2024,106.733
07/05/2024,169.856
08/05/2024,458.682
09/05/2024,307.699
10/05/2024,85.065
11/05/2024,69.451
12/05/2024,77.494
13/05/2024,179.914
14/05/2024,177.08
15/05/2024,68.204
16/05/2024,47.662
17/05/2024,38.223
18/05/2024,29.107
19/05/2024,21.396
20/05/2024,15.458
21/05/2024,14.25
22/05/2024,27.175
23/05/2024,214.518
24/05/2024,291.924
25/05/2024,169.883
26/05/2024,91.233
27/05/2024,71.217
28/05/2024,63.16
29/05/2024,58.362
30/05/2024,50.844
31/05/2024,38.633
01/06/2024,33.35
02/06/2024,29.997
03/06/2024,22.65
04/06/2024,17.515
05/06/2024,14.893
06/06/2024,14.609
07/06/2024,13.122
08/06/2024,12.298
09/06/2024,11.874
10/06/2024,10.861
11/06/2024,9.39
12/06/2024,8.336
13/06/2024,7.69
14/06/2024,12.742
15/06/2024,26.677
16/06/2024,29.507
17/06/2024,26.057
18/06/2024,25.321
19/06/2024,24.601
20/06/2024,20.274
21/06/2024,10.572
22/06/2024,5.227
23/06/2024,3.338
24/06/2024,2.202
25/06/2024,1.825
26/06/2024,1.432
27/06/2024,1.328
28/06/2024,1.038
29/06/2024,0.744
30/06/2024,0.985
01/07/2024,6.082
02/07/2024,6.317
03/07/2024,5.07
04/07/2024,4.461
05/07/2024,3.75
06/07/2024,3.705
07/07/2024,3.644
08/07/2024,3.443
09/07/2024,3.193
10/07/2024,3.155
11/07/2024,2.988
12/07/2024,2.613
13/07/2024,2.095
14/07/2024,1.887
15/07/2024,1.887
16/07/2024,1.887
17/07/2024,1.885
18/07/2024,1.857
19/07/2024,1.83
20/07/2024,1.824
21/07/2024,1.774
22/07/2024,1.769
23/07/2024,1.752
24/07/2024,1.74
25/07/2024,1.74
26/07/2024,1.74
27/07/2024,1.74
28/07/2024,1.74
29/07/2024,1.74
30/07/2024,1.74
31/07/2024,1.74
01/08/2024,1.74
02/08/2024,1.74
03/08/2024,1.74
04/08/2024,1.747
05/08/2024,1.826
06/08/2024,25.577
07/08/2024,180.337
08/08/2024,164.213
09/08/2024,127.995
10/08/2024,74.398
11/08/2024,52.997
12/08/2024,47.377
13/08/2024,29.569
14/08/2024,22.186
15/08/2024,13.772
16/08/2024,9.549
17/08/2024,8.451
18/08/2024,8.141
19/08/2024,9.716
20/08/2024,22.646
21/08/2024,39.969
22/08/2024,108.345
23/08/2024,138.41
24/08/2024,118.807
25/08/2024,60.912
26/08/2024,10.575
27/08/2024,6.162
28/08/2024,15.627
29/08/2024,16.767
30/08/2024,13.08
31/08/2024,12.158
01/09/2024,10.691
02/09/2024,8.822
03/09/2024,8.486
04/09/2024,7.599
05/09/2024,6.74
06/09/2024,6.639
07/09/2024,8.294
08/09/2024,8.578
09/09/2024,9.073
10/09/2024,9.19
11/09/2024,8.336
12/09/2024,7.237
13/09/2024,6.504
14/09/2024,6.262
15/09/2024,6.141
16/09/2024,5.693
17/09/2024,5.393
18/09/2024,5.174
19/09/2024,11.181
20/09/2024,43.989
21/09/2024,31.841
22/09/2024,30.308
23/09/2024,75.872
24/09/2024,210.337
25/09/2024,382.032
26/09/2024,345.419
27/09/2024,222.723
28/09/2024,104.686
29/09/2024,65.37
30/09/2024,53.249
01/10/2024,80.906
02/10/2024,64.127
03/10/2024,49.399
04/10/2024,46.55
05/10/2024,43.428
06/10/2024,33.954
07/10/2024,21.445
08/10/2024,16.13
09/10/2024,10.553
10/10/2024,8.35
11/10/2024,7.605
12/10/2024,6.502
13/10/2024,5.877
14/10/2024,5.649
15/10/2024,4.67
16/10/2024,3.369
17/10/2024,6.642
18/10/2024,18.904
19/10/2024,23.017
20/10/2024,25.152
21/10/2024,25.321
22/10/2024,25.696
23/10/2024,32.615
24/10/2024,36.355
25/10/2024,55.987
26/10/2024,59.583
27/10/2024,50.794
28/10/2024,46.426
29/10/2024,34.225
30/10/2024,28.418
01/11/2024,10.923
02/11/2024,12.588
03/11/2024,10.647
04/11/2024,9.358
05/11/2024,8.478
06/11/2024,6.626
07/11/2024,4.816
08/11/2024,3.735
09/11/2024,3.079
10/11/2024,2.632
11/11/2024,2.419
12/11/2024,3.797
13/11/2024,21.194
14/11/2024,12.527
15/11/2024,6.321
16/11/2024,3.178
17/11/2024,1.674
18/11/2024,1.444
19/11/2024,1.153
20/11/2024,1.078
21/11/2024,1.043
22/11/2024,0.963
23/11/2024,0.9
24/11/2024,0.862
25/11/2024,0.76
26/11/2024,0.729
27/11/2024,0.692
28/11/2024,0.67
29/11/2024,0.682
30/11/2024,0.742
01/12/2024,0.745
02/12/2024,0.781
03/12/2024,1.017
04/12/2024,1.293
05/12/2024,1.631
06/12/2024,3.212
07/12/2024,6.891
08/12/2024,15.567
09/12/2024,22.633
10/12/2024,14.242
11/12/2024,11.211
12/12/2024,7.374
13/12/2024,4.027
14/12/2024,2.587
15/12/2024,1.932
16/12/2024,1.778
17/12/2024,1.372
18/12/2024,1.259
19/12/2024,1.168
20/12/2024,1.081
21/12/2024,1.015
22/12/2024,0.964
23/12/2024,0.943
24/12/2024,0.873
25/12/2024,0.755
26/12/2024,0.673
27/12/2024,0.645
28/12/2024,0.642
29/12/2024,0.607
30/12/2024,0.564
31/12/2024,0.551
01/01/2025,0.504
02/01/2025,0.462
03/01/2025,0.41
04/01/2025,0.381
05/01/2025,0.38
06/01/2025,0.38
07/01/2025,0.38
08/01/2025,0.374
09/01/2025,0.363
10/01/2025,0.341
11/01/2025,0.316
12/01/2025,0.305
13/01/2025,0.305
14/01/2025,0.305
15/01/2025,0.305
16/01/2025,0.305
17/01/2025,0.307
18/01/2025,0.401
19/01/2025,0.542
20/01/2025,0.572
21/01/2025,0.604
22/01/2025,0.604
23/01/2025,0.564
24/01/2025,0.551
25/01/2025,0.551
26/01/2025,0.532
27/01/2025,0.466
28/01/2025,0.462
29/01/2025,0.462
30/01/2025,0.451
31/01/2025,0.43
01/02/2025,0.429
02/02/2025,0.429
03/02/2025,0.429
04/02/2025,0.429
05/02/2025,0.431
06/02/2025,0.46
07/02/2025,0.462
08/02/2025,0.462
09/02/2025,0.492
10/02/2025,0.696
11/02/2025,0.781
12/02/2025,0.974
13/02/2025,1.211
14/02/2025,1.325
15/02/2025,1.36
16/02/2025,1.391
17/02/2025,1.409
18/02/2025,1.434
19/02/2025,1.392
20/02/2025,1.089
21/02/2025,0.83
22/02/2025,0.546
23/02/2025,0.462
24/02/2025,0.431
25/02/2025,0.425
26/02/2025,0.39
27/02/2025,0.541
28/02/2025,1.457
01/03/2025,8.644
02/03/2025,26.905
03/03/2025,32.138
04/03/2025,30.775
05/03/2025,27.604
06/03/2025,10.665
07/03/2025,6.448
08/03/2025,4.457
09/03/2025,2.987
10/03/2025,1.798
11/03/2025,1.609
12/03/2025,1.57
13/03/2025,1.433
14/03/2025,1.216
15/03/2025,0.943
16/03/2025,0.728
17/03/2025,0.673
18/03/2025,0.642
19/03/2025,0.593
20/03/2025,0.552
21/03/2025,0.551
22/03/2025,0.549
23/03/2025,0.534
24/03/2025,0.532
25/03/2025,0.532
26/03/2025,0.535
27/03/2025,0.665
28/03/2025,0.829
29/03/2025,0.961
30/03/2025,1.067
31/03/2025,1.251
01/04/2025,1.839
02/04/2025,1.864
03/04/2025,1.859
04/04/2025,2.748
05/04/2025,3.935
06/04/2025,5.806
07/04/2025,8.483
08/04/2025,10.688
09/04/2025,13.753
10/04/2025,14.842
11/04/2025,13.762
12/04/2025,13.394
13/04/2025,12.298
14/04/2025,12.235
15/04/2025,11.923
16/04/2025,9.671
17/04/2025,6.791
18/04/2025,4.123
19/04/2025,2.655
20/04/2025,1.839
21/04/2025,1.645
22/04/2025,1.569
23/04/2025,1.414
24/04/2025,1.21
25/04/2025,0.955
26/04/2025,0.87
27/04/2025,0.802
28/04/2025,0.738
29/04/2025,3.969
30/04/2025,6.199
01/05/2025,5.924
02/05/2025,5.709
03/05/2025,3.856
04/05/2025,5.429
05/05/2025,5.287
06/05/2025,5.173
07/05/2025,5.222
08/05/2025,5.935
09/05/2025,6.405
10/05/2025,6.68
11/05/2025,6.529
12/05/2025,6.291
13/05/2025,6.491
14/05/2025,6.484
15/05/2025,6.543
16/05/2025,6.562
17/05/2025,6.431
18/05/2025,6.883
19/05/2025,7.017
20/05/2025,7.703
21/05/2025,7.856
22/05/2025,7.865
23/05/2025,7.858
24/05/2025,7.858
25/05/2025,7.732
26/05/2025,8.123
27/05/2025,10.639
28/05/2025,45.398
29/05/2025,117.236
30/05/2025,129.685
31/05/2025,108.204
01/06/2025,119.686
02/06/2025,67.396
03/06/2025,57.84
04/06/2025,58.365
05/06/2025,46.054
06/06/2025,37.9
07/06/2025,31.738
08/06/2025,27.19
09/06/2025,23.274
10/06/2025,20.059
11/06/2025,18.087
12/06/2025,16.302
13/06/2025,14.964
14/06/2025,17.199
15/06/2025,78.31
16/06/2025,116.869
17/06/2025,134.728
18/06/2025,138.653
19/06/2025,125.046
20/06/2025,109.249
21/06/2025,100.087
22/06/2025,96.917
23/06/2025,89.749
24/06/2025,76.001
25/06/2025,63.027
26/06/2025,52.85
27/06/2025,44.517
28/06/2025,38.149
29/06/2025,33.506
30/06/2025,29.821
01/07/2025,26.82
02/07/2025,24.328
03/07/2025,22.211
04/07/2025,20.565
05/07/2025,19.276
06/07/2025,18.189
07/07/2025,17.347
08/07/2025,16.498
09/07/2025,15.768
10/07/2025,15.148
11/07/2025,14.583
12/07/2025,14.127
13/07/2025,13.723
14/07/2025,13.427
15/07/2025,13.173
16/07/2025,13.108
17/07/2025,16.196
18/07/2025,34.994
19/07/2025,44.088
20/07/2025,42.673
21/07/2025,37.865
22/07/2025,33.678
23/07/2025,30.002
24/07/2025,26.688
25/07/2025,23.853
26/07/2025,21.636
27/07/2025,32.263
28/07/2025,177.459
29/07/2025,212.059
30/07/2025,220.628
31/07/2025,202.133
01/08/2025,160.468
02/08/2025,126.637
03/08/2025,110.443
04/08/2025,102.125
05/08/2025,96.272
06/08/2025,89.126
07/08/2025,76.222
08/08/2025,65.6
09/08/2025,54.791
10/08/2025,45.522
11/08/2025,40.246
12/08/2025,35.59
13/08/2025,32.009
14/08/2025,28.938
15/08/2025,25.642
16/08/2025,23.898
17/08/2025,22.056
18/08/2025,20.531
19/08/2025,37.953
20/08/2025,167.199
21/08/2025,166.56
22/08/2025,192.592
23/08/2025,187.74
24/08/2025,174.935
25/08/2025,170.312
26/08/2025,144.07
27/08/2025,116.546
28/08/2025,92.567
29/08/2025,72.051
30/08/2025,57.822
31/08/2025,48.05
01/09/2025,41.513
02/09/2025,37.029
03/09/2025,52.697
04/09/2025,185.494
05/09/2025,261.351
06/09/2025,254.653
07/09/2025,189.443
08/09/2025,150.868
09/09/2025,167.848
10/09/2025,189.439
11/09/2025,207.058
12/09/2025,170.826
13/09/2025,131.279
14/09/2025,102.043
15/09/2025,78.329
16/09/2025,61.895
17/09/2025,51.031
18/09/2025,43.858
19/09/2025,38.373
20/09/2025,38.264
21/09/2025,71.987
22/09/2025,97.06
23/09/2025,105.067
24/09/2025,101.735
25/09/2025,82.591
26/09/2025,63.141
27/09/2025,50.49
28/09/2025,44.379
29/09/2025,40.357
30/09/2025,40.318
01/10/2025,44.723
02/10/2025,50.856
03/10/2025,49.561
04/10/2025,43.726
05/10/2025,44.866
06/10/2025,89.902
07/10/2025,85.606
08/10/2025,66.107
09/10/2025,49.174
10/10/2025,39.98
11/10/2025,33.494
12/10/2025,29.651
13/10/2025,30.663
14/10/2025,30.378
15/10/2025,28.269
16/10/2025,24.814
17/10/2025,21.411
18/10/2025,18.53
19/10/2025,16.127
20/10/2025,14.288
21/10/2025,12.901
22/10/2025,11.827
23/10/2025,10.908
24/10/2025,10.236
25/10/2025,11.802
26/10/2025,15.138
27/10/2025,16.291
28/10/2025,16.545
29/10/2025,16.077
30/10/2025,15.119
31/10/2025,14.2
01/11/2025,13.419
02/11/2025,12.751
03/11/2025,12.135
04/11/2025,11.494
05/11/2025,10.908
06/11/2025,9.298
07/11/2025,8.186
08/11/2025,9.243
09/11/2025,15.73
10/11/2025,31.48
11/11/2025,34.808
12/11/2025,31.655
13/11/2025,28.249
14/11/2025,24.737
15/11/2025,20.764
16/11/2025,17.602
17/11/2025,15.094
18/11/2025,13.036
19/11/2025,11.492
20/11/2025,10.374
21/11/2025,10.061
22/11/2025,9.838
23/11/2025,9.489
24/11/2025,9.021
25/11/2025,8.512
26/11/2025,7.95
27/11/2025,7.362
28/11/2025,6.925
29/11/2025,6.391
30/11/2025,5.941
01/12/2025,5.637
02/12/2025,5.399
03/12/2025,5.124
04/12/2025,4.855
05/12/2025,4.68
06/12/2025,4.489
07/12/2025,4.314
08/12/2025,4.177
09/12/2025,11.486
10/12/2025,123.911
11/12/2025,185.276
12/12/2025,161.278
13/12/2025,147.958
14/12/2025,133.633
15/12/2025,111.808
16/12/2025,83.501
17/12/2025,59.487
18/12/2025,43.732
19/12/2025,33.308
20/12/2025,25.717
21/12/2025,20.188
22/12/2025,16.35
23/12/2025,13.998
24/12/2025,12.941
25/12/2025,11.543
26/12/2025,10.321
27/12/2025,10.764
28/12/2025,21.701
29/12/2025,47.07
30/12/2025,76.134
31/12/2025,87.536
01/01/2026,82.487
02/01/2026,65.183
03/01/2026,48.891
04/01/2026,36.828
05/01/2026,28.407
06/01/2026,22.304
07/01/2026,18.139
08/01/2026,15.504
09/01/2026,14.179
10/01/2026,25.417
11/01/2026,78.446
12/01/2026,106.095
13/01/2026,102.847
14/01/2026,92.782
15/01/2026,73.068
16/01/2026,54.811
17/01/2026,41.453
18/01/2026,32.521
19/01/2026,26.043
20/01/2026,21.197
21/01/2026,17.788
22/01/2026,15.26
23/01/2026,13.338
24/01/2026,11.852
25/01/2026,10.681
26/01/2026,9.8
27/01/2026,9.149
28/01/2026,8.591
29/01/2026,8.068
30/01/2026,7.935
31/01/2026,10.24
01/02/2026,14.86
02/02/2026,17.786
03/02/2026,19.25
04/02/2026,18.685
05/02/2026,16.686
06/02/2026,14.418
07/02/2026,12.376
08/02/2026,10.76
09/02/2026,9.567
10/02/2026,8.694
11/02/2026,8.158
14/02/2026,9.632
15/02/2026,11.941
16/02/2026,16.557
17/02/2026,22.495
18/02/2026,25.934
19/02/2026,25.54
20/02/2026,23.644
21/02/2026,21.045
22/02/2026,18.607
23/02/2026,16.404
24/02/2026,14.516
25/02/2026,12.934
26/02/2026,11.616
27/02/2026,10.977
28/02/2026,10.354
01/03/2026,9.582
02/03/2026,8.91
05/03/2026,7.781
06/03/2026,7.838
07/03/2026,9.555
08/03/2026,14.205
09/03/2026,31.365
10/03/2026,38.893
11/03/2026,38.995
12/03/2026,34.931
13/03/2026,29.434
14/03/2026,24.436
15/03/2026,20.182
16/03/2026,16.876
17/03/2026,14.408
18/03/2026,15.886
19/03/2026,14.335
20/03/2026,13.248
21/03/2026,13.031
22/03/2026,13.297
23/03/2026,47.733
24/03/2026,143.908
25/03/2026,128.687
26/03/2026,110.847
27/03/2026,102.924
28/03/2026,93.008
29/03/2026,74.904
30/03/2026,60.02
03/04/2026,28.394
04/04/2026,25.03
05/04/2026,21.499
06/04/2026,19.305
07/04/2026,159.889
08/04/2026,299.469
09/04/2026,247.534
10/04/2026,214.988
11/04/2026,185.789
12/05/2026,152.52
13/05/2026,129.215
14/05/2026,103.824
15/05/2026,85.297
16/05/2026,72.369
17/05/2026,64.059
18/05/2026,58.671
19/05/2026,54.658
20/05/2026,51.75
21/05/2026,49.247
22/05/2026,47.292
23/05/2026,45.543
24/05/2026,44.175
25/05/2026,43.223
26/05/2026,42.395
27/05/2026,41.732
28/05/2026,41.041
29/05/2026,40.543
30/05/2026,40.266
31/05/2026,40.147
01/06/2026,39.607
02/06/2026,39.102
03/06/2026,39.44
04/06/2026,39.713
05/06/2026,39.593
06/06/2026,39.088
07/06/2026,38.922
08/06/2026,39.11
09/06/2026,42.33
10/06/2026,55.009
11/06/2026,66.643
12/06/2026,67.906
13/06/2026,69.809
14/06/2026,69.64
15/06/2026,66.538
16/06/2026,63.91
17/06/2026,62.52
18/06/2026,60.578
19/06/2026,58.047
20/06/2026,60.529
21/06/2026,63.488
22/06/2026,63.812
23/06/2026,61.616
24/06/2026,59.816
25/06/2026,58.132
26/06/2026,55.843
27/06/2026,52.96
28/06/2026,50.337
29/06/2026,47.885
30/06/2026,45.776
01/07/2026,44.198
02/07/2026,42.786
03/07/2026,41.401
04/07/2026,39.415
05/07/2026,39.351
06/07/2026,38.731
07/07/2026,38.036
08/07/2026,37.311
09/07/2026,36.754
10/07/2026,36.353
11/07/2026,35.788
12/07/2026,35.704
13/07/2026,35.223
14/07/2026,34.917
15/07/2026,34.493
16/07/2026,34.037
17/07/2026,33.919
18/07/2026,62.679
19/07/2026,216.026
20/07/2026,259.007
21/07/2026,323.318
22/07/2026,307.133
23/07/2026,249.235
24/07/2026,206.625
25/07/2026,162.783
26/07/2026,132.651
27/07/2026,116.978
28/07/2026,146.314
29/07/2026,152.985
30/07/2026,123.376
31/07/2026,116.258
01/08/2026,143.142
02/08/2026,188.33
03/08/2026,166.199
04/08/2026,230.916
05/08/2026,308.911
06/08/2026,389.994
07/08/2026,355.731
08/08/2026,263.97
09/08/2026,216.898
10/08/2026,177.059
11/08/2026,140.936
12/08/2026,114.349
13/08/2026,96.816
14/08/2026,86.208
15/08/2026,84.248
16/08/2026,124.519
17/08/2026,420.188
18/08/2026,849.659
19/08/2026,723.84
20/08/2026,686.121
21/08/2026,610.005
22/08/2026,398.384
23/08/2026,240.581
24/08/2026,175.125
25/08/2026,136.448
26/08/2026,111.64
27/08/2026,137.233
28/08/2026,224.986
29/08/2026,233.733
30/08/2026,228.723
31/08/2026,215.373
