Fecha,Q
01/01/1980,3.25
02/01/1980,3.22
03/01/1980,3.2
04/01/1980,3.24
05/01/1980,3.21
06/01/1980,3.2
07/01/1980,3.2
08/01/1980,3.2
09/01/1980,3.2
10/01/1980,3.18
11/01/1980,3.15
12/01/1980,3.11
13/01/1980,3.1
14/01/1980,3.14
15/01/1980,3.11
16/01/1980,3.1
17/01/1980,3.1
18/01/1980,3.06
19/01/1980,3.05
20/01/1980,3.01
11/04/1980,2.95
12/04/1980,3.0
13/04/1980,3.04
14/04/1980,3.05
15/04/1980,3.05
16/04/1980,3.05
17/04/1980,3.14
18/04/1980,3.2
19/04/1980,3.29
20/04/1980,3.35
21/04/1980,3.4
22/04/1980,3.45
23/04/1980,3.5
24/04/1980,3.54
25/04/1980,3.55
26/04/1980,3.6
27/04/1980,3.64
28/04/1980,3.61
29/04/1980,3.6
30/04/1980,3.75
01/05/1980,3.57
02/05/1980,3.55
03/05/1980,3.5
04/05/1980,3.46
05/05/1980,3.49
06/05/1980,3.5
07/05/1980,3.5
08/05/1980,3.5
09/05/1980,3.5
10/05/1980,3.5
11/05/1980,3.5
12/05/1980,3.5
13/05/1980,3.5
14/05/1980,3.5
15/05/1980,3.5
16/05/1980,3.5
17/05/1980,3.46
18/05/1980,3.45
19/05/1980,3.41
20/05/1980,3.4
21/05/1980,3.4
22/05/1980,3.4
23/05/1980,3.4
24/05/1980,3.4
25/05/1980,3.36
26/05/1980,3.35
27/05/1980,3.35
28/05/1980,3.35
29/05/1980,3.35
30/05/1980,3.35
31/05/1980,3.35
01/06/1980,3.35
02/06/1980,3.31
03/06/1980,3.3
04/06/1980,3.3
05/06/1980,3.3
06/06/1980,3.34
07/06/1980,3.35
08/06/1980,3.35
09/06/1980,3.35
10/06/1980,3.35
11/06/1980,3.39
12/06/1980,3.42
13/06/1980,3.45
14/06/1980,3.47
15/06/1980,3.5
16/06/1980,3.55
17/06/1980,3.6
18/06/1980,3.67
19/06/1980,3.79
20/06/1980,3.8
21/06/1980,3.8
22/06/1980,3.8
23/06/1980,3.8
24/06/1980,3.8
25/06/1980,3.75
26/06/1980,3.71
27/06/1980,3.7
28/06/1980,3.75
29/06/1980,3.79
30/06/1980,3.8
01/07/1980,3.85
02/07/1980,3.9
03/07/1980,3.94
04/07/1980,3.95
05/07/1980,3.99
06/07/1980,4.02
07/07/1980,4.09
08/07/1980,4.08
09/07/1980,4.1
10/07/1980,4.14
11/07/1980,4.15
12/07/1980,4.2
13/07/1980,4.24
14/07/1980,4.25
15/07/1980,4.25
16/07/1980,4.29
17/07/1980,4.3
18/07/1980,4.3
19/07/1980,4.3
20/07/1980,4.3
21/07/1980,4.3
22/07/1980,4.3
23/07/1980,4.34
24/07/1980,4.35
25/07/1980,4.35
26/07/1980,4.35
27/07/1980,4.35
28/07/1980,4.35
29/07/1980,4.35
30/07/1980,4.35
31/07/1980,4.35
01/08/1980,4.35
02/08/1980,4.35
03/08/1980,4.35
04/08/1980,4.35
05/08/1980,4.39
06/08/1980,4.4
07/08/1980,4.45
08/08/1980,4.5
09/08/1980,4.55
10/08/1980,4.59
11/08/1980,4.6
12/08/1980,4.64
13/08/1980,4.65
14/08/1980,4.65
15/08/1980,4.65
16/08/1980,4.65
17/08/1980,4.69
18/08/1980,4.7
19/08/1980,4.7
20/08/1980,4.7
21/08/1980,4.7
22/08/1980,4.66
23/08/1980,4.65
24/08/1980,4.61
25/08/1980,4.6
26/08/1980,4.6
27/08/1980,4.6
28/08/1980,4.6
29/08/1980,4.56
30/08/1980,4.55
31/08/1980,4.55
01/09/1980,4.55
02/09/1980,4.55
03/09/1980,4.5
04/09/1980,4.45
05/09/1980,4.41
06/09/1980,4.4
07/09/1980,4.4
08/09/1980,4.4
09/09/1980,4.4
10/09/1980,4.36
11/09/1980,4.35
12/09/1980,4.35
13/09/1980,4.35
14/09/1980,4.35
15/09/1980,4.31
16/09/1980,4.3
17/09/1980,4.26
18/09/1980,4.25
19/09/1980,4.21
20/09/1980,4.2
21/09/1980,4.16
22/09/1980,4.15
23/09/1980,4.11
24/09/1980,4.1
25/09/1980,4.1
26/09/1980,4.06
27/09/1980,4.05
28/09/1980,4.05
29/09/1980,4.01
30/09/1980,4.0
01/10/1980,4.0
02/10/1980,4.0
03/10/1980,4.05
04/10/1980,4.1
05/10/1980,4.15
06/10/1980,4.2
07/10/1980,4.25
08/10/1980,4.3
09/10/1980,4.35
10/10/1980,4.4
11/10/1980,4.44
12/10/1980,4.45
13/10/1980,4.49
14/10/1980,4.5
15/10/1980,4.5
16/10/1980,4.5
17/10/1980,4.5
18/10/1980,4.46
19/10/1980,4.45
20/10/1980,4.45
21/10/1980,4.41
22/10/1980,4.4
23/10/1980,4.4
24/10/1980,4.36
25/10/1980,4.35
26/10/1980,4.35
27/10/1980,4.31
28/10/1980,4.3
29/10/1980,4.3
30/10/1980,4.26
31/10/1980,4.25
01/11/1980,4.25
02/11/1980,4.25
03/11/1980,4.25
04/11/1980,4.25
05/11/1980,4.21
06/11/1980,4.2
07/11/1980,4.2
08/11/1980,4.16
09/11/1980,4.15
10/11/1980,4.11
11/11/1980,4.1
12/11/1980,4.1
13/11/1980,4.06
14/11/1980,4.05
15/11/1980,4.05
16/11/1980,4.01
17/11/1980,4.0
18/11/1980,4.0
19/11/1980,4.0
20/11/1980,3.96
21/11/1980,3.95
22/11/1980,3.95
23/11/1980,3.95
24/11/1980,3.91
25/11/1980,3.9
26/11/1980,3.86
27/11/1980,3.85
28/11/1980,3.85
29/11/1980,3.81
30/11/1980,3.8
01/12/1980,3.84
02/12/1980,3.85
03/12/1980,3.85
04/12/1980,3.81
05/12/1980,3.8
06/12/1980,3.76
07/12/1980,3.75
08/12/1980,3.71
09/12/1980,3.7
10/12/1980,3.66
11/12/1980,3.65
12/12/1980,3.65
13/12/1980,3.61
14/12/1980,3.6
15/12/1980,3.56
16/12/1980,3.53
17/12/1980,3.51
18/12/1980,3.61
19/12/1980,3.65
20/12/1980,3.61
21/12/1980,3.6
22/12/1980,3.6
23/12/1980,3.56
24/12/1980,3.55
25/12/1980,3.59
26/12/1980,3.6
27/12/1980,3.6
28/12/1980,3.6
29/12/1980,3.6
30/12/1980,3.56
31/12/1980,3.55
01/01/1981,3.59
02/01/1981,3.56
03/01/1981,3.55
04/01/1981,3.55
05/01/1981,3.51
06/01/1981,3.5
07/01/1981,3.45
08/01/1981,3.41
09/01/1981,3.4
10/01/1981,3.4
11/01/1981,3.36
12/01/1981,3.35
13/01/1981,3.35
14/01/1981,3.35
15/01/1981,3.35
16/01/1981,3.31
17/01/1981,3.3
18/01/1981,3.26
19/01/1981,3.25
20/01/1981,3.21
21/01/1981,3.2
22/01/1981,3.16
23/01/1981,3.15
24/01/1981,3.15
25/01/1981,3.15
26/01/1981,3.11
27/01/1981,3.1
28/01/1981,3.1
29/01/1981,3.06
30/01/1981,3.05
31/01/1981,3.05
01/02/1981,3.05
02/02/1981,3.01
03/02/1981,3.0
04/02/1981,3.0
05/02/1981,3.0
06/02/1981,3.0
07/02/1981,3.0
08/02/1981,3.0
09/02/1981,3.0
10/02/1981,3.0
11/02/1981,3.0
12/02/1981,3.0
13/02/1981,3.0
14/02/1981,3.0
15/02/1981,3.0
16/02/1981,3.0
17/02/1981,3.0
18/02/1981,3.0
19/02/1981,3.0
20/02/1981,3.0
21/02/1981,3.0
22/02/1981,3.0
23/02/1981,3.0
24/02/1981,2.96
25/02/1981,2.95
26/02/1981,2.95
27/02/1981,2.95
28/02/1981,2.95
01/03/1981,2.95
02/03/1981,2.95
03/03/1981,2.95
04/03/1981,2.99
05/03/1981,3.0
06/03/1981,3.0
07/03/1981,2.96
08/03/1981,2.95
09/03/1981,2.95
10/03/1981,2.9
11/03/1981,2.85
12/03/1981,2.81
13/03/1981,2.8
14/03/1981,2.8
15/03/1981,2.8
16/03/1981,2.8
17/03/1981,2.8
18/03/1981,2.76
19/03/1981,2.75
20/03/1981,2.75
21/03/1981,2.71
22/03/1981,2.7
23/03/1981,2.7
24/03/1981,2.7
25/03/1981,2.7
26/03/1981,2.7
27/03/1981,2.7
28/03/1981,2.7
29/03/1981,2.7
30/03/1981,2.7
31/03/1981,2.7
01/04/1981,2.7
02/04/1981,2.7
03/04/1981,2.7
04/04/1981,2.7
05/04/1981,2.66
06/04/1981,2.65
07/04/1981,2.65
08/04/1981,2.65
09/04/1981,2.69
10/04/1981,2.7
11/04/1981,2.7
12/04/1981,2.7
13/04/1981,2.7
14/04/1981,2.7
15/04/1981,2.7
16/04/1981,2.7
17/04/1981,2.7
18/04/1981,2.66
19/04/1981,2.65
20/04/1981,2.65
21/04/1981,2.61
22/04/1981,2.6
23/04/1981,2.6
24/04/1981,2.6
25/04/1981,2.64
26/04/1981,2.65
27/04/1981,2.65
28/04/1981,2.65
29/04/1981,2.65
30/04/1981,2.65
01/05/1981,2.65
02/05/1981,2.65
03/05/1981,2.65
04/05/1981,2.65
05/05/1981,2.65
06/05/1981,2.69
07/05/1981,2.7
08/05/1981,2.7
09/05/1981,2.74
10/05/1981,2.75
11/05/1981,2.79
12/05/1981,2.8
13/05/1981,2.8
14/05/1981,2.84
15/05/1981,2.85
16/05/1981,2.9
17/05/1981,2.94
18/05/1981,2.95
19/05/1981,2.95
20/05/1981,2.95
21/05/1981,2.95
22/05/1981,2.99
23/05/1981,3.0
24/05/1981,3.0
25/05/1981,3.05
26/05/1981,3.09
27/05/1981,3.1
28/05/1981,3.1
29/05/1981,3.1
30/05/1981,3.1
31/05/1981,3.1
01/06/1981,3.1
02/06/1981,3.1
03/06/1981,3.15
04/06/1981,3.22
05/06/1981,3.3
06/06/1981,3.39
07/06/1981,3.4
08/06/1981,3.4
09/06/1981,3.4
10/06/1981,3.4
11/06/1981,3.4
12/06/1981,3.4
13/06/1981,3.36
14/06/1981,3.35
15/06/1981,3.35
16/06/1981,3.35
17/06/1981,3.35
18/06/1981,3.35
19/06/1981,3.35
20/06/1981,3.35
21/06/1981,3.31
22/06/1981,3.3
23/06/1981,3.3
24/06/1981,3.3
25/06/1981,3.3
26/06/1981,3.3
27/06/1981,3.34
28/06/1981,3.35
29/06/1981,3.39
30/06/1981,3.4
01/07/1981,3.4
02/07/1981,3.44
03/07/1981,3.45
04/07/1981,3.45
05/07/1981,3.45
06/07/1981,3.45
07/07/1981,3.45
08/07/1981,3.45
09/07/1981,3.45
10/07/1981,3.45
11/07/1981,3.45
12/07/1981,3.41
13/07/1981,3.4
14/07/1981,3.4
15/07/1981,3.4
16/07/1981,3.45
17/07/1981,3.5
18/07/1981,3.57
19/07/1981,3.71
20/07/1981,3.8
21/07/1981,3.84
22/07/1981,3.87
23/07/1981,3.9
24/07/1981,3.9
25/07/1981,3.9
26/07/1981,3.9
27/07/1981,3.94
28/07/1981,3.95
29/07/1981,3.99
30/07/1981,4.0
31/07/1981,4.04
01/08/1981,4.05
02/08/1981,4.05
03/08/1981,4.05
04/08/1981,4.05
05/08/1981,4.05
06/08/1981,4.05
07/08/1981,4.05
08/08/1981,4.05
09/08/1981,4.05
10/08/1981,4.05
11/08/1981,4.09
12/08/1981,4.1
13/08/1981,4.1
14/08/1981,4.1
15/08/1981,4.14
16/08/1981,4.15
17/08/1981,4.19
18/08/1981,4.2
19/08/1981,4.2
20/08/1981,4.2
21/08/1981,4.16
22/08/1981,4.15
23/08/1981,4.15
24/08/1981,4.15
25/08/1981,4.11
26/08/1981,4.1
27/08/1981,4.1
28/08/1981,4.1
29/08/1981,4.1
30/08/1981,4.1
31/08/1981,4.06
01/09/1981,4.05
02/09/1981,4.05
03/09/1981,4.05
04/09/1981,4.05
05/09/1981,4.05
06/09/1981,4.05
07/09/1981,4.05
08/09/1981,4.05
09/09/1981,4.05
10/09/1981,4.05
11/09/1981,4.05
12/09/1981,4.1
13/09/1981,4.15
14/09/1981,4.2
15/09/1981,4.31
16/09/1981,4.42
17/09/1981,4.52
18/09/1981,4.62
19/09/1981,4.72
20/09/1981,4.75
21/09/1981,4.75
22/09/1981,4.75
23/09/1981,4.79
24/09/1981,4.8
25/09/1981,4.8
26/09/1981,4.8
27/09/1981,4.8
28/09/1981,4.8
29/09/1981,4.8
30/09/1981,4.76
01/10/1981,4.75
02/10/1981,4.75
03/10/1981,4.75
04/10/1981,4.75
05/10/1981,4.75
06/10/1981,4.71
07/10/1981,4.7
08/10/1981,4.7
09/10/1981,4.66
10/10/1981,4.65
11/10/1981,4.65
12/10/1981,4.65
13/10/1981,4.61
14/10/1981,4.6
15/10/1981,4.56
16/10/1981,4.55
17/10/1981,4.55
18/10/1981,4.55
19/10/1981,4.51
20/10/1981,4.5
21/10/1981,4.46
22/10/1981,4.45
23/10/1981,4.41
24/10/1981,4.4
25/10/1981,4.36
26/10/1981,4.35
27/10/1981,4.35
28/10/1981,4.35
29/10/1981,4.31
30/10/1981,4.3
31/10/1981,4.3
01/11/1981,4.26
02/11/1981,4.25
03/11/1981,4.25
04/11/1981,4.25
05/11/1981,4.25
06/11/1981,4.25
07/11/1981,4.21
08/11/1981,4.2
09/11/1981,4.2
10/11/1981,4.2
11/11/1981,4.2
12/11/1981,4.2
13/11/1981,4.16
14/11/1981,4.15
15/11/1981,4.15
16/11/1981,4.15
17/11/1981,4.11
18/11/1981,4.1
19/11/1981,4.08
20/11/1981,4.01
21/11/1981,4.0
22/11/1981,4.0
23/11/1981,4.0
24/11/1981,4.0
25/11/1981,3.96
26/11/1981,3.95
27/11/1981,3.95
28/11/1981,3.95
29/11/1981,3.95
30/11/1981,3.91
01/12/1981,3.9
02/12/1981,3.9
03/12/1981,3.86
04/12/1981,3.85
05/12/1981,3.85
06/12/1981,3.81
07/12/1981,3.8
08/12/1981,3.8
09/12/1981,3.8
10/12/1981,3.8
11/12/1981,3.75
12/12/1981,3.7
13/12/1981,3.65
14/12/1981,3.6
15/12/1981,3.56
16/12/1981,3.55
17/12/1981,3.51
18/12/1981,3.5
19/12/1981,3.5
20/12/1981,3.5
21/12/1981,3.5
22/12/1981,3.46
23/12/1981,3.45
24/12/1981,3.45
25/12/1981,3.45
26/12/1981,3.45
27/12/1981,3.45
28/12/1981,3.41
29/12/1981,3.4
30/12/1981,3.4
31/12/1981,3.36
01/01/1982,3.35
02/01/1982,3.3
03/01/1982,3.26
04/01/1982,3.25
05/01/1982,3.25
06/01/1982,3.21
07/01/1982,3.2
08/01/1982,3.2
09/01/1982,3.2
10/01/1982,3.15
11/01/1982,3.13
12/01/1982,3.13
13/01/1982,3.13
14/01/1982,3.13
15/01/1982,3.12
16/01/1982,3.01
17/01/1982,3.0
18/01/1982,3.0
19/01/1982,3.0
20/01/1982,2.96
21/01/1982,2.95
22/01/1982,2.95
23/01/1982,2.95
24/01/1982,2.95
25/01/1982,2.95
26/01/1982,2.95
27/01/1982,2.95
28/01/1982,2.95
29/01/1982,2.91
30/01/1982,2.9
31/01/1982,2.9
01/02/1982,2.9
02/02/1982,2.9
03/02/1982,2.9
04/02/1982,2.9
05/02/1982,2.9
06/02/1982,2.9
07/02/1982,2.86
08/02/1982,2.85
09/02/1982,2.85
10/02/1982,2.81
11/02/1982,2.8
12/02/1982,2.8
13/02/1982,2.8
14/02/1982,2.8
15/02/1982,2.8
16/02/1982,2.8
17/02/1982,2.84
18/02/1982,2.85
19/02/1982,2.89
20/02/1982,2.9
21/02/1982,2.86
22/02/1982,2.85
23/02/1982,2.81
24/02/1982,2.8
25/02/1982,2.8
26/02/1982,2.8
27/02/1982,2.8
28/02/1982,2.8
01/03/1982,2.8
02/03/1982,2.84
03/03/1982,2.85
04/03/1982,2.81
05/03/1982,2.8
06/03/1982,2.8
07/03/1982,2.8
08/03/1982,2.8
09/03/1982,2.8
10/03/1982,2.8
11/03/1982,2.76
12/03/1982,2.75
13/03/1982,2.75
14/03/1982,2.75
15/03/1982,2.71
16/03/1982,2.7
17/03/1982,2.7
18/03/1982,2.7
19/03/1982,2.7
20/03/1982,2.7
21/03/1982,2.7
22/03/1982,2.7
23/03/1982,2.66
24/03/1982,2.65
25/03/1982,2.65
26/03/1982,2.69
27/03/1982,2.7
28/03/1982,2.65
29/03/1982,2.61
30/03/1982,2.6
31/03/1982,2.6
01/04/1982,2.6
02/04/1982,2.6
03/04/1982,2.6
04/04/1982,2.6
05/04/1982,2.6
06/04/1982,2.6
07/04/1982,2.6
08/04/1982,2.6
09/04/1982,2.6
10/04/1982,2.56
11/04/1982,2.55
12/04/1982,2.55
13/04/1982,2.55
14/04/1982,2.55
15/04/1982,2.51
16/04/1982,2.5
17/04/1982,2.5
18/04/1982,2.5
19/04/1982,2.5
20/04/1982,2.5
21/04/1982,2.5
22/04/1982,2.5
23/04/1982,2.5
24/04/1982,2.5
25/04/1982,2.5
26/04/1982,2.5
27/04/1982,2.5
28/04/1982,2.5
29/04/1982,2.5
30/04/1982,2.5
01/05/1982,2.46
02/05/1982,2.45
03/05/1982,2.45
04/05/1982,2.45
05/05/1982,2.45
06/05/1982,2.47
07/05/1982,2.47
08/05/1982,2.45
09/05/1982,2.45
10/05/1982,2.45
11/05/1982,2.45
12/05/1982,2.45
13/05/1982,2.49
14/05/1982,2.5
15/05/1982,2.5
16/05/1982,2.51
17/05/1982,2.5
18/05/1982,2.5
19/05/1982,2.47
20/05/1982,2.45
21/05/1982,2.45
22/05/1982,2.46
23/05/1982,2.48
24/05/1982,2.48
25/05/1982,2.48
26/05/1982,2.48
27/05/1982,2.46
28/05/1982,2.46
29/05/1982,2.48
30/05/1982,2.5
31/05/1982,2.5
01/06/1982,2.48
02/06/1982,2.5
03/06/1982,2.5
04/06/1982,2.5
05/06/1982,2.5
06/06/1982,2.5
07/06/1982,2.48
08/06/1982,2.48
09/06/1982,2.5
10/06/1982,2.53
11/06/1982,2.5
12/06/1982,2.54
13/06/1982,2.59
14/06/1982,2.59
15/06/1982,2.54
16/06/1982,2.5
17/06/1982,2.51
18/06/1982,2.57
19/06/1982,2.67
20/06/1982,2.77
21/06/1982,2.87
22/06/1982,2.94
23/06/1982,2.95
24/06/1982,2.99
25/06/1982,3.0
26/06/1982,3.05
27/06/1982,3.09
28/06/1982,3.1
29/06/1982,3.14
30/06/1982,3.15
01/07/1982,3.2
02/07/1982,3.25
03/07/1982,3.3
04/07/1982,3.35
05/07/1982,3.4
06/07/1982,3.45
07/07/1982,3.5
08/07/1982,3.55
09/07/1982,3.59
10/07/1982,3.6
11/07/1982,3.64
12/07/1982,3.65
13/07/1982,3.69
14/07/1982,3.7
15/07/1982,3.7
16/07/1982,3.7
17/07/1982,3.75
18/07/1982,3.8
19/07/1982,3.85
20/07/1982,3.9
21/07/1982,3.95
22/07/1982,4.02
23/07/1982,4.16
24/07/1982,4.24
25/07/1982,4.25
26/07/1982,4.25
27/07/1982,4.29
28/07/1982,4.3
29/07/1982,4.35
30/07/1982,4.39
31/07/1982,4.4
01/08/1982,4.4
02/08/1982,4.44
03/08/1982,4.45
04/08/1982,4.45
05/08/1982,4.45
06/08/1982,4.45
07/08/1982,4.49
08/08/1982,4.5
09/08/1982,4.5
10/08/1982,4.5
11/08/1982,4.54
12/08/1982,4.55
13/08/1982,4.55
14/08/1982,4.59
15/08/1982,4.6
16/08/1982,4.6
17/08/1982,4.6
18/08/1982,4.6
19/08/1982,4.6
20/08/1982,4.6
21/08/1982,4.56
22/08/1982,4.55
23/08/1982,4.55
24/08/1982,4.55
25/08/1982,4.59
26/08/1982,4.6
27/08/1982,4.6
28/08/1982,4.6
29/08/1982,4.6
30/08/1982,4.6
31/08/1982,4.64
01/09/1982,4.65
02/09/1982,4.65
03/09/1982,4.65
04/09/1982,4.7
05/09/1982,4.74
06/09/1982,4.75
07/09/1982,4.75
08/09/1982,4.75
09/09/1982,4.75
10/09/1982,4.75
11/09/1982,4.75
12/09/1982,4.75
13/09/1982,4.71
14/09/1982,4.7
15/09/1982,4.7
16/09/1982,4.7
17/09/1982,4.74
18/09/1982,4.75
19/09/1982,4.79
20/09/1982,4.8
21/09/1982,4.8
22/09/1982,4.84
23/09/1982,4.85
24/09/1982,4.85
25/09/1982,4.85
26/09/1982,4.89
27/09/1982,4.9
28/09/1982,4.9
29/09/1982,4.9
30/09/1982,4.9
01/10/1982,4.9
02/10/1982,4.9
03/10/1982,4.9
04/10/1982,4.9
05/10/1982,4.9
06/10/1982,4.9
07/10/1982,4.9
08/10/1982,4.9
09/10/1982,4.9
10/10/1982,4.86
11/10/1982,4.85
12/10/1982,4.81
13/10/1982,4.8
14/10/1982,4.8
15/10/1982,4.76
16/10/1982,4.75
17/10/1982,4.75
18/10/1982,4.75
19/10/1982,4.71
20/10/1982,4.7
21/10/1982,4.7
22/10/1982,4.7
23/10/1982,4.7
24/10/1982,4.74
25/10/1982,4.75
26/10/1982,4.75
27/10/1982,4.75
28/10/1982,4.75
29/10/1982,4.75
30/10/1982,4.71
31/10/1982,4.7
01/11/1982,4.7
02/11/1982,4.74
03/11/1982,4.75
04/11/1982,4.75
05/11/1982,4.71
06/11/1982,4.7
07/11/1982,4.7
08/11/1982,4.7
09/11/1982,4.7
10/11/1982,4.7
11/11/1982,4.7
12/11/1982,4.7
13/11/1982,4.7
14/11/1982,4.7
15/11/1982,4.66
16/11/1982,4.65
17/11/1982,4.65
18/11/1982,4.65
19/11/1982,4.65
20/11/1982,4.65
21/11/1982,4.61
22/11/1982,4.6
23/11/1982,4.6
24/11/1982,4.6
25/11/1982,4.6
26/11/1982,4.56
27/11/1982,4.55
28/11/1982,4.55
29/11/1982,4.55
30/11/1982,4.55
01/12/1982,4.55
02/12/1982,4.51
03/12/1982,4.5
04/12/1982,4.5
05/12/1982,4.45
06/12/1982,4.38
07/12/1982,4.28
08/12/1982,4.21
09/12/1982,4.2
10/12/1982,4.2
11/12/1982,4.2
12/12/1982,4.16
13/12/1982,4.15
14/12/1982,4.15
15/12/1982,4.11
16/12/1982,4.1
17/12/1982,4.1
18/12/1982,4.06
19/12/1982,4.05
20/12/1982,4.05
21/12/1982,4.05
22/12/1982,4.01
23/12/1982,4.0
24/12/1982,4.0
25/12/1982,4.0
26/12/1982,3.96
27/12/1982,3.95
28/12/1982,3.95
29/12/1982,3.95
30/12/1982,3.91
31/12/1982,3.9
01/01/1983,3.9
02/01/1983,3.86
03/01/1983,3.85
04/01/1983,3.85
05/01/1983,3.81
06/01/1983,3.8
07/01/1983,3.76
08/01/1983,3.75
09/01/1983,3.71
10/01/1983,3.7
11/01/1983,3.66
12/01/1983,3.65
13/01/1983,3.61
14/01/1983,3.6
15/01/1983,3.56
16/01/1983,3.55
17/01/1983,3.51
18/01/1983,3.5
19/01/1983,3.46
20/01/1983,3.45
21/01/1983,3.45
22/01/1983,3.41
23/01/1983,3.4
24/01/1983,3.4
25/01/1983,3.36
26/01/1983,3.35
27/01/1983,3.35
28/01/1983,3.35
29/01/1983,3.35
30/01/1983,3.39
31/01/1983,3.4
01/02/1983,3.4
02/02/1983,3.4
03/02/1983,3.4
04/02/1983,3.36
05/02/1983,3.35
06/02/1983,3.35
07/02/1983,3.35
08/02/1983,3.35
09/02/1983,3.35
10/02/1983,3.31
11/02/1983,3.3
12/02/1983,3.3
13/02/1983,3.3
14/02/1983,3.3
15/02/1983,3.3
16/02/1983,3.3
17/02/1983,3.3
18/02/1983,3.3
19/02/1983,3.3
20/02/1983,3.3
21/02/1983,3.37
22/02/1983,3.44
23/02/1983,3.45
24/02/1983,3.45
25/02/1983,3.45
26/02/1983,3.49
27/02/1983,3.5
28/02/1983,3.5
01/03/1983,3.5
02/03/1983,3.5
03/03/1983,3.5
04/03/1983,3.5
05/03/1983,3.5
06/03/1983,3.5
07/03/1983,3.46
08/03/1983,3.45
09/03/1983,3.45
10/03/1983,3.45
11/03/1983,3.45
12/03/1983,3.41
13/03/1983,3.4
14/03/1983,3.4
15/03/1983,3.4
16/03/1983,3.36
17/03/1983,3.35
18/03/1983,3.31
19/03/1983,3.3
20/03/1983,3.26
21/03/1983,3.25
22/03/1983,3.25
23/03/1983,3.25
24/03/1983,3.25
25/03/1983,3.21
26/03/1983,3.2
27/03/1983,3.16
28/03/1983,3.15
29/03/1983,3.15
30/03/1983,3.15
31/03/1983,3.15
01/04/1983,3.15
02/04/1983,3.15
03/04/1983,3.15
04/04/1983,3.15
05/04/1983,3.15
06/04/1983,3.11
07/04/1983,3.1
08/04/1983,3.1
09/04/1983,3.14
10/04/1983,3.15
11/04/1983,3.11
12/04/1983,3.1
13/04/1983,3.1
14/04/1983,3.06
15/04/1983,3.05
16/04/1983,3.05
17/04/1983,3.05
18/04/1983,3.01
19/04/1983,3.0
20/04/1983,3.0
21/04/1983,3.0
22/04/1983,2.96
23/04/1983,2.95
24/04/1983,2.95
25/04/1983,2.95
26/04/1983,2.95
27/04/1983,2.91
28/04/1983,2.9
29/04/1983,2.9
30/04/1983,2.9
01/05/1983,2.9
02/05/1983,2.9
03/05/1983,2.9
04/05/1983,2.9
05/05/1983,2.9
06/05/1983,2.9
07/05/1983,2.9
08/05/1983,2.9
09/05/1983,2.86
10/05/1983,2.85
11/05/1983,2.85
12/05/1983,2.85
13/05/1983,2.85
14/05/1983,2.85
15/05/1983,2.85
16/05/1983,2.85
17/05/1983,2.83
18/05/1983,2.83
19/05/1983,2.83
20/05/1983,2.85
21/05/1983,2.85
22/05/1983,2.85
23/05/1983,2.85
24/05/1983,2.81
25/05/1983,2.8
26/05/1983,2.8
27/05/1983,2.8
28/05/1983,2.8
29/05/1983,2.8
30/05/1983,2.8
31/05/1983,2.8
01/06/1983,2.8
02/06/1983,2.8
03/06/1983,2.8
04/06/1983,2.8
05/06/1983,2.76
06/06/1983,2.75
07/06/1983,2.75
08/06/1983,2.75
09/06/1983,2.75
10/06/1983,2.75
11/06/1983,2.75
12/06/1983,2.79
13/06/1983,2.8
14/06/1983,2.75
15/06/1983,2.71
16/06/1983,2.75
17/06/1983,2.8
18/06/1983,2.84
19/06/1983,2.85
20/06/1983,2.85
21/06/1983,2.89
22/06/1983,2.9
23/06/1983,2.9
24/06/1983,2.9
25/06/1983,2.94
26/06/1983,2.95
27/06/1983,2.98
28/06/1983,2.99
29/06/1983,3.0
30/06/1983,3.0
01/07/1983,3.0
02/07/1983,3.07
03/07/1983,3.17
04/07/1983,3.24
05/07/1983,3.25
06/07/1983,3.29
07/07/1983,3.3
08/07/1983,3.3
09/07/1983,3.3
10/07/1983,3.3
11/07/1983,3.3
12/07/1983,3.34
13/07/1983,3.36
14/07/1983,3.42
15/07/1983,3.52
16/07/1983,3.61
17/07/1983,3.66
18/07/1983,3.7
19/07/1983,3.7
20/07/1983,3.74
21/07/1983,3.76
22/07/1983,3.8
23/07/1983,3.8
24/07/1983,3.8
25/07/1983,3.8
26/07/1983,3.8
27/07/1983,3.8
28/07/1983,3.8
29/07/1983,3.8
30/07/1983,3.8
31/07/1983,3.8
01/08/1983,3.8
02/08/1983,3.8
03/08/1983,3.76
04/08/1983,3.75
05/08/1983,3.75
06/08/1983,3.75
07/08/1983,3.75
08/08/1983,3.75
09/08/1983,3.71
10/08/1983,3.7
11/08/1983,3.7
12/08/1983,3.7
13/08/1983,3.75
14/08/1983,3.8
15/08/1983,3.84
16/08/1983,3.85
17/08/1983,3.89
18/08/1983,3.9
19/08/1983,3.9
20/08/1983,3.94
21/08/1983,3.95
22/08/1983,3.95
23/08/1983,3.95
24/08/1983,3.95
25/08/1983,3.95
26/08/1983,3.95
27/08/1983,3.96
28/08/1983,4.08
29/08/1983,4.1
30/08/1983,4.1
31/08/1983,4.1
01/09/1983,4.1
02/09/1983,4.14
03/09/1983,4.15
04/09/1983,4.15
05/09/1983,4.19
06/09/1983,4.2
07/09/1983,4.2
08/09/1983,4.2
09/09/1983,4.24
10/09/1983,4.25
11/09/1983,4.25
12/09/1983,4.21
13/09/1983,4.2
14/09/1983,4.2
15/09/1983,4.2
16/09/1983,4.2
17/09/1983,4.2
18/09/1983,4.16
19/09/1983,4.15
20/09/1983,4.11
21/09/1983,4.1
22/09/1983,4.09
23/09/1983,3.97
24/09/1983,3.95
25/09/1983,3.95
26/09/1983,3.95
27/09/1983,3.96
28/09/1983,4.08
29/09/1983,4.1
30/09/1983,4.1
01/10/1983,4.15
02/10/1983,4.2
03/10/1983,4.25
04/10/1983,4.3
05/10/1983,4.34
06/10/1983,4.35
07/10/1983,4.39
08/10/1983,4.4
09/10/1983,4.44
10/10/1983,4.45
11/10/1983,4.45
12/10/1983,4.45
13/10/1983,4.5
14/10/1983,4.54
15/10/1983,4.55
16/10/1983,4.55
17/10/1983,4.6
18/10/1983,4.64
19/10/1983,4.65
20/10/1983,4.69
21/10/1983,4.7
22/10/1983,4.7
23/10/1983,4.7
24/10/1983,4.7
25/10/1983,4.7
26/10/1983,4.7
27/10/1983,4.7
28/10/1983,4.7
29/10/1983,4.7
30/10/1983,4.7
31/10/1983,4.7
01/11/1983,4.7
02/11/1983,4.7
03/11/1983,4.7
04/11/1983,4.7
05/11/1983,4.66
06/11/1983,4.65
07/11/1983,4.65
08/11/1983,4.65
09/11/1983,4.65
10/11/1983,4.65
11/11/1983,4.65
12/11/1983,4.61
13/11/1983,4.65
14/11/1983,4.72
15/11/1983,4.8
16/11/1983,4.87
17/11/1983,4.97
18/11/1983,5.04
19/11/1983,5.07
20/11/1983,5.17
21/11/1983,5.24
22/11/1983,5.25
23/11/1983,5.25
24/11/1983,5.25
25/11/1983,5.25
26/11/1983,5.25
27/11/1983,5.25
28/11/1983,5.25
29/11/1983,5.25
30/11/1983,5.25
01/12/1983,5.25
02/12/1983,5.21
03/12/1983,5.2
04/12/1983,5.2
05/12/1983,5.2
06/12/1983,5.2
07/12/1983,5.16
08/12/1983,5.15
09/12/1983,5.11
10/12/1983,5.1
11/12/1983,5.06
12/12/1983,5.05
13/12/1983,5.05
14/12/1983,5.01
15/12/1983,5.0
16/12/1983,5.0
17/12/1983,5.0
18/12/1983,4.96
19/12/1983,4.95
20/12/1983,4.95
21/12/1983,4.91
22/12/1983,4.9
23/12/1983,4.85
24/12/1983,4.81
25/12/1983,4.8
26/12/1983,4.76
27/12/1983,4.75
28/12/1983,4.75
29/12/1983,4.71
30/12/1983,4.74
31/12/1983,4.75
01/01/1984,4.75
02/01/1984,4.7
03/01/1984,4.66
04/01/1984,4.65
05/01/1984,4.61
06/01/1984,4.6
07/01/1984,4.6
08/01/1984,4.6
09/01/1984,4.6
10/01/1984,4.65
11/01/1984,4.69
12/01/1984,4.7
13/01/1984,4.7
14/01/1984,4.75
15/01/1984,4.79
16/01/1984,4.8
17/01/1984,4.8
18/01/1984,4.8
19/01/1984,4.8
20/01/1984,4.8
21/01/1984,4.8
22/01/1984,4.8
23/01/1984,4.8
24/01/1984,4.8
25/01/1984,4.8
26/01/1984,4.8
27/01/1984,4.76
28/01/1984,4.75
29/01/1984,4.75
30/01/1984,4.71
31/01/1984,4.7
01/02/1984,4.7
02/02/1984,4.7
03/02/1984,4.65
04/02/1984,4.61
05/02/1984,4.6
06/02/1984,4.64
07/02/1984,4.61
08/02/1984,4.6
09/02/1984,4.6
10/02/1984,4.56
11/02/1984,4.55
12/02/1984,4.55
13/02/1984,4.55
14/02/1984,4.59
15/02/1984,4.6
16/02/1984,4.6
17/02/1984,4.6
18/02/1984,4.6
19/02/1984,4.6
20/02/1984,4.6
21/02/1984,4.6
22/02/1984,4.64
23/02/1984,4.65
24/02/1984,4.65
25/02/1984,4.65
26/02/1984,4.7
27/02/1984,4.74
28/02/1984,4.77
29/02/1984,4.8
01/03/1984,4.8
02/03/1984,4.84
03/03/1984,4.85
04/03/1984,4.88
05/03/1984,4.97
06/03/1984,5.0
07/03/1984,5.0
08/03/1984,5.0
09/03/1984,5.0
10/03/1984,5.02
11/03/1984,5.05
12/03/1984,5.05
13/03/1984,5.05
14/03/1984,5.0
15/03/1984,4.96
16/03/1984,4.95
17/03/1984,4.95
18/03/1984,4.95
19/03/1984,4.95
20/03/1984,4.95
21/03/1984,4.91
22/03/1984,4.9
23/03/1984,4.86
24/03/1984,4.85
25/03/1984,4.85
26/03/1984,4.85
27/03/1984,4.85
28/03/1984,4.85
29/03/1984,4.81
30/03/1984,4.8
31/03/1984,4.8
01/04/1984,4.77
02/04/1984,4.68
03/04/1984,4.58
04/04/1984,4.55
05/04/1984,4.55
06/04/1984,4.59
07/04/1984,4.6
08/04/1984,4.6
09/04/1984,4.6
10/04/1984,4.58
11/04/1984,4.55
12/04/1984,4.55
13/04/1984,4.51
14/04/1984,4.5
15/04/1984,4.5
16/04/1984,4.46
17/04/1984,4.45
18/04/1984,4.45
19/04/1984,4.45
20/04/1984,4.45
21/04/1984,4.49
22/04/1984,4.5
23/04/1984,4.5
24/04/1984,4.55
25/04/1984,4.59
26/04/1984,4.6
27/04/1984,4.6
28/04/1984,4.6
29/04/1984,4.64
30/04/1984,4.63
01/05/1984,4.64
02/05/1984,4.65
03/05/1984,4.65
04/05/1984,4.65
05/05/1984,4.65
06/05/1984,4.65
07/05/1984,4.65
08/05/1984,4.61
09/05/1984,4.6
10/05/1984,4.6
11/05/1984,4.56
12/05/1984,4.55
13/05/1984,4.55
14/05/1984,4.51
15/05/1984,4.5
16/05/1984,4.5
17/05/1984,4.46
18/05/1984,4.45
19/05/1984,4.45
20/05/1984,4.45
21/05/1984,4.45
22/05/1984,4.45
23/05/1984,4.45
24/05/1984,4.45
25/05/1984,4.45
26/05/1984,4.45
27/05/1984,4.45
28/05/1984,4.49
29/05/1984,4.43
30/05/1984,4.66
31/05/1984,4.88
01/06/1984,4.95
02/06/1984,5.02
03/06/1984,5.12
04/06/1984,5.19
05/06/1984,5.2
06/06/1984,5.2
07/06/1984,5.2
08/06/1984,5.25
09/06/1984,5.3
10/06/1984,5.35
11/06/1984,5.39
12/06/1984,5.4
13/06/1984,5.42
14/06/1984,5.47
15/06/1984,5.5
16/06/1984,5.5
17/06/1984,5.5
18/06/1984,5.5
19/06/1984,5.5
20/06/1984,5.5
21/06/1984,5.54
22/06/1984,5.55
23/06/1984,5.6
24/06/1984,5.63
25/06/1984,5.65
26/06/1984,5.61
27/06/1984,5.61
28/06/1984,5.71
29/06/1984,5.75
30/06/1984,5.75
01/07/1984,5.75
02/07/1984,5.82
03/07/1984,5.92
04/07/1984,5.95
05/07/1984,6.03
06/07/1984,6.17
07/07/1984,6.23
08/07/1984,6.28
09/07/1984,6.35
10/07/1984,6.45
11/07/1984,6.48
12/07/1984,6.51
13/07/1984,6.54
14/07/1984,6.63
15/07/1984,6.68
16/07/1984,6.71
17/07/1984,6.72
18/07/1984,6.72
19/07/1984,6.73
20/07/1984,6.69
21/07/1984,6.68
22/07/1984,6.61
23/07/1984,6.61
24/07/1984,6.62
25/07/1984,6.59
26/07/1984,6.58
27/07/1984,6.53
28/07/1984,6.48
29/07/1984,6.44
30/07/1984,6.43
31/07/1984,6.43
01/08/1984,6.39
02/08/1984,6.38
03/08/1984,6.38
04/08/1984,6.38
05/08/1984,6.34
06/08/1984,6.33
07/08/1984,6.33
08/08/1984,6.29
09/08/1984,6.28
10/08/1984,6.24
11/08/1984,6.23
12/08/1984,6.23
13/08/1984,6.19
14/08/1984,6.17
15/08/1984,6.06
16/08/1984,6.05
17/08/1984,6.05
18/08/1984,6.05
19/08/1984,6.01
20/08/1984,6.0
21/08/1984,6.0
22/08/1984,5.96
23/08/1984,5.95
24/08/1984,5.95
25/08/1984,5.91
26/08/1984,5.9
27/08/1984,5.9
28/08/1984,5.86
29/08/1984,5.85
30/08/1984,5.81
31/08/1984,5.8
01/09/1984,5.8
02/09/1984,5.8
03/09/1984,5.76
04/09/1984,5.75
05/09/1984,5.71
06/09/1984,5.7
07/09/1984,5.65
08/09/1984,5.61
09/09/1984,5.6
10/09/1984,5.6
11/09/1984,5.56
12/09/1984,5.55
13/09/1984,5.55
14/09/1984,5.55
15/09/1984,5.51
16/09/1984,5.5
17/09/1984,5.5
18/09/1984,5.46
19/09/1984,5.45
20/09/1984,5.41
21/09/1984,5.4
22/09/1984,5.35
23/09/1984,5.31
24/09/1984,5.3
25/09/1984,5.3
26/09/1984,5.34
27/09/1984,5.35
28/09/1984,5.39
29/09/1984,5.4
30/09/1984,5.4
01/10/1984,5.4
02/10/1984,5.4
03/10/1984,5.4
04/10/1984,5.4
05/10/1984,5.4
06/10/1984,5.4
07/10/1984,5.4
08/10/1984,5.4
09/10/1984,5.4
10/10/1984,5.4
11/10/1984,5.4
12/10/1984,5.36
13/10/1984,5.35
14/10/1984,5.35
15/10/1984,5.35
16/10/1984,5.35
17/10/1984,5.31
18/10/1984,5.3
19/10/1984,5.3
20/10/1984,5.3
21/10/1984,5.3
22/10/1984,5.26
23/10/1984,5.25
24/10/1984,5.25
25/10/1984,5.25
26/10/1984,5.25
27/10/1984,5.21
28/10/1984,5.2
29/10/1984,5.2
30/10/1984,5.16
31/10/1984,5.15
01/11/1984,5.15
02/11/1984,5.15
03/11/1984,5.15
04/11/1984,5.15
05/11/1984,5.15
06/11/1984,5.15
07/11/1984,5.15
08/11/1984,5.11
09/11/1984,5.1
10/11/1984,5.1
11/11/1984,5.1
12/11/1984,5.06
13/11/1984,5.05
14/11/1984,5.05
15/11/1984,5.01
16/11/1984,5.0
17/11/1984,5.0
18/11/1984,5.0
19/11/1984,4.96
20/11/1984,4.95
21/11/1984,4.95
22/11/1984,4.91
23/11/1984,4.9
24/11/1984,4.9
25/11/1984,4.86
26/11/1984,4.85
27/11/1984,4.81
28/11/1984,4.8
29/11/1984,4.8
30/11/1984,4.76
01/12/1984,4.75
02/12/1984,4.71
03/12/1984,4.7
04/12/1984,4.7
05/12/1984,4.7
06/12/1984,4.66
07/12/1984,4.65
08/12/1984,4.65
09/12/1984,4.61
10/12/1984,4.6
11/12/1984,4.56
12/12/1984,4.55
13/12/1984,4.51
14/12/1984,4.5
15/12/1984,4.5
16/12/1984,4.46
17/12/1984,4.45
18/12/1984,4.41
19/12/1984,4.4
20/12/1984,4.36
21/12/1984,4.35
22/12/1984,4.31
23/12/1984,4.3
24/12/1984,4.26
25/12/1984,4.25
26/12/1984,4.21
27/12/1984,4.2
28/12/1984,4.16
29/12/1984,4.15
30/12/1984,4.11
31/12/1984,4.1
01/01/1985,4.1
02/01/1985,4.1
03/01/1985,4.1
04/01/1985,4.1
05/01/1985,4.1
06/01/1985,4.1
07/01/1985,4.1
08/01/1985,4.1
09/01/1985,3.95
10/01/1985,3.95
11/01/1985,3.9
12/01/1985,3.9
13/01/1985,3.85
14/01/1985,3.85
15/01/1985,3.85
16/01/1985,3.8
17/01/1985,3.8
18/01/1985,3.75
19/01/1985,3.75
20/01/1985,3.7
21/01/1985,3.65
22/01/1985,3.65
23/01/1985,3.65
24/01/1985,3.61
25/01/1985,3.6
26/01/1985,3.6
27/01/1985,3.6
28/01/1985,3.56
29/01/1985,3.55
30/01/1985,3.51
31/01/1985,3.5
01/02/1985,3.5
02/02/1985,3.46
03/02/1985,3.45
04/02/1985,3.41
05/02/1985,3.4
06/02/1985,3.36
07/02/1985,3.35
08/02/1985,3.35
09/02/1985,3.31
10/02/1985,3.3
11/02/1985,3.3
12/02/1985,3.3
13/02/1985,3.3
14/02/1985,3.3
15/02/1985,3.26
16/02/1985,3.25
17/02/1985,3.21
18/02/1985,3.2
19/02/1985,3.16
20/02/1985,3.15
21/02/1985,3.11
22/02/1985,3.1
23/02/1985,3.1
24/02/1985,3.06
25/02/1985,3.05
26/02/1985,3.0
27/02/1985,2.96
28/02/1985,2.95
01/03/1985,2.95
02/03/1985,2.95
03/03/1985,2.95
04/03/1985,2.91
05/03/1985,2.9
06/03/1985,2.9
07/03/1985,2.86
08/03/1985,2.89
09/03/1985,2.9
10/03/1985,2.86
11/03/1985,2.85
12/03/1985,2.81
13/03/1985,2.8
14/03/1985,2.76
15/03/1985,2.75
16/03/1985,2.74
17/03/1985,2.73
18/03/1985,2.72
19/03/1985,2.72
20/03/1985,2.61
21/03/1985,2.64
22/03/1985,2.65
23/03/1985,2.67
24/03/1985,2.67
25/03/1985,2.67
26/03/1985,2.67
27/03/1985,2.67
28/03/1985,2.67
29/03/1985,2.72
30/03/1985,2.83
31/03/1985,2.84
01/04/1985,2.85
02/04/1985,2.89
03/04/1985,2.89
04/04/1985,2.89
05/04/1985,2.89
06/04/1985,2.89
07/04/1985,2.89
08/04/1985,2.89
09/04/1985,2.89
10/04/1985,2.89
11/04/1985,2.89
12/04/1985,2.9
13/04/1985,2.9
14/04/1985,2.9
15/04/1985,2.94
16/04/1985,2.9
17/04/1985,2.86
18/04/1985,2.85
19/04/1985,2.85
20/04/1985,2.85
21/04/1985,2.85
22/04/1985,2.85
23/04/1985,2.85
24/04/1985,2.85
25/04/1985,2.89
26/04/1985,2.81
27/04/1985,2.8
28/04/1985,2.8
29/04/1985,2.8
30/04/1985,2.76
01/05/1985,2.75
02/05/1985,2.71
03/05/1985,2.7
04/05/1985,2.7
05/05/1985,2.7
06/05/1985,2.7
07/05/1985,2.7
08/05/1985,2.66
09/05/1985,2.65
10/05/1985,2.65
11/05/1985,2.65
12/05/1985,2.65
13/05/1985,2.65
14/05/1985,2.65
15/05/1985,2.65
16/05/1985,2.65
17/05/1985,2.65
18/05/1985,2.65
19/05/1985,2.69
20/05/1985,2.7
21/05/1985,2.7
22/05/1985,2.7
23/05/1985,2.7
24/05/1985,2.7
25/05/1985,2.7
26/05/1985,2.7
27/05/1985,2.7
28/05/1985,2.7
29/05/1985,2.7
30/05/1985,2.7
31/05/1985,2.7
01/06/1985,2.7
02/06/1985,2.66
03/06/1985,2.65
04/06/1985,2.65
05/06/1985,2.69
06/06/1985,2.7
07/06/1985,2.7
08/06/1985,2.7
09/06/1985,2.7
10/06/1985,2.66
11/06/1985,2.65
12/06/1985,2.65
13/06/1985,2.65
14/06/1985,2.65
15/06/1985,2.69
16/06/1985,2.7
17/06/1985,2.74
18/06/1985,2.71
19/06/1985,2.7
20/06/1985,2.7
21/06/1985,2.7
22/06/1985,2.7
23/06/1985,2.7
24/06/1985,2.7
25/06/1985,2.74
26/06/1985,2.75
27/06/1985,2.75
28/06/1985,2.79
29/06/1985,2.8
30/06/1985,2.8
01/07/1985,2.8
02/07/1985,2.8
03/07/1985,2.85
04/07/1985,2.9
05/07/1985,2.97
06/07/1985,3.04
07/07/1985,3.05
08/07/1985,3.08
09/07/1985,3.14
10/07/1985,3.15
11/07/1985,3.19
12/07/1985,3.2
13/07/1985,3.24
14/07/1985,3.25
15/07/1985,3.25
16/07/1985,3.25
17/07/1985,3.25
18/07/1985,3.25
19/07/1985,3.25
20/07/1985,3.25
21/07/1985,3.25
22/07/1985,3.25
23/07/1985,3.25
24/07/1985,3.25
25/07/1985,3.25
26/07/1985,3.25
27/07/1985,3.25
28/07/1985,3.25
29/07/1985,3.29
30/07/1985,3.3
31/07/1985,3.3
01/08/1985,3.3
02/08/1985,3.3
03/08/1985,3.3
04/08/1985,3.3
05/08/1985,3.35
06/08/1985,3.4
07/08/1985,3.45
08/08/1985,3.52
09/08/1985,3.62
10/08/1985,3.69
11/08/1985,3.7
12/08/1985,3.7
13/08/1985,3.7
14/08/1985,3.73
15/08/1985,3.82
16/08/1985,3.89
17/08/1985,3.9
18/08/1985,3.94
19/08/1985,3.95
20/08/1985,3.95
21/08/1985,3.95
22/08/1985,3.95
23/08/1985,3.95
24/08/1985,4.0
25/08/1985,4.09
26/08/1985,4.15
27/08/1985,4.19
28/08/1985,4.2
29/08/1985,4.16
30/08/1985,4.15
31/08/1985,4.15
01/09/1985,4.15
02/09/1985,4.15
03/09/1985,4.15
04/09/1985,4.15
05/09/1985,4.15
06/09/1985,4.15
07/09/1985,4.15
08/09/1985,4.15
09/09/1985,4.15
10/09/1985,4.15
11/09/1985,4.15
12/09/1985,4.19
13/09/1985,4.2
14/09/1985,4.2
15/09/1985,4.25
16/09/1985,4.3
17/09/1985,4.35
18/09/1985,4.42
19/09/1985,4.52
20/09/1985,4.59
21/09/1985,4.6
22/09/1985,4.6
23/09/1985,4.6
24/09/1985,4.6
25/09/1985,4.6
26/09/1985,4.6
27/09/1985,4.6
28/09/1985,4.6
29/09/1985,4.6
30/09/1985,4.6
01/10/1985,4.6
02/10/1985,4.6
03/10/1985,4.6
04/10/1985,4.6
05/10/1985,4.6
06/10/1985,4.56
07/10/1985,4.55
08/10/1985,4.55
09/10/1985,4.55
10/10/1985,4.55
11/10/1985,4.55
12/10/1985,4.51
13/10/1985,4.5
14/10/1985,4.5
15/10/1985,4.5
16/10/1985,4.5
17/10/1985,4.5
18/10/1985,4.46
19/10/1985,4.45
20/10/1985,4.45
21/10/1985,4.45
22/10/1985,4.41
23/10/1985,4.4
24/10/1985,4.4
25/10/1985,4.4
26/10/1985,4.4
27/10/1985,4.4
28/10/1985,4.4
29/10/1985,4.4
30/10/1985,4.36
31/10/1985,4.35
01/11/1985,4.35
02/11/1985,4.31
03/11/1985,4.3
04/11/1985,4.3
05/11/1985,4.26
06/11/1985,4.25
07/11/1985,4.25
08/11/1985,4.25
09/11/1985,4.25
10/11/1985,4.21
11/11/1985,4.2
12/11/1985,4.2
13/11/1985,4.2
14/11/1985,4.2
15/11/1985,4.16
16/11/1985,4.15
17/11/1985,4.15
18/11/1985,4.15
19/11/1985,4.11
20/11/1985,4.1
21/11/1985,4.1
22/11/1985,4.1
23/11/1985,4.1
24/11/1985,4.06
25/11/1985,4.05
26/11/1985,4.01
27/11/1985,4.0
28/11/1985,3.96
29/11/1985,3.95
30/11/1985,3.91
01/12/1985,3.9
02/12/1985,3.86
03/12/1985,3.85
04/12/1985,3.81
05/12/1985,3.8
06/12/1985,3.8
07/12/1985,3.8
08/12/1985,3.76
09/12/1985,3.75
10/12/1985,3.75
11/12/1985,3.75
12/12/1985,3.75
13/12/1985,3.71
14/12/1985,3.7
15/12/1985,3.7
16/12/1985,3.7
17/12/1985,3.66
18/12/1985,3.62
19/12/1985,3.55
20/12/1985,3.51
21/12/1985,3.5
22/12/1985,3.46
23/12/1985,3.45
24/12/1985,3.41
25/12/1985,3.4
26/12/1985,3.36
27/12/1985,3.35
28/12/1985,3.31
29/12/1985,3.3
30/12/1985,3.3
31/12/1985,3.26
01/01/1986,3.25
02/01/1986,3.25
03/01/1986,3.25
04/01/1986,3.29
05/01/1986,3.25
06/01/1986,3.21
07/01/1986,3.2
08/01/1986,3.16
09/01/1986,3.15
10/01/1986,3.11
11/01/1986,3.1
12/01/1986,3.06
13/01/1986,3.05
14/01/1986,3.05
15/01/1986,3.01
16/01/1986,3.0
17/01/1986,3.0
18/01/1986,3.0
19/01/1986,3.0
20/01/1986,2.96
21/01/1986,2.95
22/01/1986,2.99
23/01/1986,3.0
24/01/1986,2.96
25/01/1986,2.95
26/01/1986,2.91
27/01/1986,2.9
28/01/1986,2.86
29/01/1986,2.85
30/01/1986,2.81
31/01/1986,2.8
01/02/1986,2.8
02/02/1986,2.8
03/02/1986,2.8
04/02/1986,2.8
05/02/1986,2.8
06/02/1986,2.8
07/02/1986,2.8
08/02/1986,2.76
09/02/1986,2.75
10/02/1986,2.75
11/02/1986,2.71
12/02/1986,2.7
13/02/1986,2.7
14/02/1986,2.7
15/02/1986,2.66
16/02/1986,2.65
17/02/1986,2.65
18/02/1986,2.65
19/02/1986,2.65
20/02/1986,2.65
21/02/1986,2.65
22/02/1986,2.65
23/02/1986,2.65
24/02/1986,2.65
25/02/1986,2.65
26/02/1986,2.65
27/02/1986,2.65
28/02/1986,2.65
01/03/1986,2.65
02/03/1986,2.61
03/03/1986,2.6
04/03/1986,2.6
05/03/1986,2.56
06/03/1986,2.55
07/03/1986,2.55
08/03/1986,2.51
09/03/1986,2.5
10/03/1986,2.5
11/03/1986,2.5
12/03/1986,2.5
13/03/1986,2.5
14/03/1986,2.54
15/03/1986,2.55
16/03/1986,2.55
17/03/1986,2.55
18/03/1986,2.59
19/03/1986,2.6
20/03/1986,2.6
21/03/1986,2.6
22/03/1986,2.6
23/03/1986,2.6
24/03/1986,2.6
25/03/1986,2.6
26/03/1986,2.6
27/03/1986,2.6
28/03/1986,2.6
29/03/1986,2.6
30/03/1986,2.6
31/03/1986,2.6
01/04/1986,2.6
02/04/1986,2.6
03/04/1986,2.6
04/04/1986,2.56
05/04/1986,2.55
06/04/1986,2.55
07/04/1986,2.59
08/04/1986,2.6
09/04/1986,2.6
10/04/1986,2.6
11/04/1986,2.6
12/04/1986,2.6
13/04/1986,2.65
14/04/1986,2.7
15/04/1986,2.74
16/04/1986,2.75
17/04/1986,2.79
18/04/1986,2.8
19/04/1986,2.8
20/04/1986,2.8
21/04/1986,2.8
22/04/1986,2.8
23/04/1986,2.8
24/04/1986,2.8
25/04/1986,2.8
26/04/1986,2.8
27/04/1986,2.8
28/04/1986,2.8
29/04/1986,2.8
30/04/1986,2.8
01/05/1986,2.8
02/05/1986,2.8
03/05/1986,2.8
04/05/1986,2.8
05/05/1986,2.8
06/05/1986,2.8
07/05/1986,2.8
08/05/1986,2.8
09/05/1986,2.76
10/05/1986,2.75
11/05/1986,2.71
12/05/1986,2.7
13/05/1986,2.7
14/05/1986,2.66
15/05/1986,2.65
16/05/1986,2.65
17/05/1986,2.7
18/05/1986,2.74
19/05/1986,2.75
20/05/1986,2.79
21/05/1986,2.83
22/05/1986,2.92
23/05/1986,3.02
24/05/1986,3.05
25/05/1986,3.05
26/05/1986,3.1
27/05/1986,3.14
28/05/1986,3.15
29/05/1986,3.19
30/05/1986,3.2
31/05/1986,3.2
01/06/1986,3.24
02/06/1986,3.25
03/06/1986,3.29
04/06/1986,3.3
05/06/1986,3.34
06/06/1986,3.35
07/06/1986,3.35
08/06/1986,3.35
09/06/1986,3.39
10/06/1986,3.4
11/06/1986,3.44
12/06/1986,3.45
13/06/1986,3.49
14/06/1986,3.5
15/06/1986,3.5
16/06/1986,3.5
17/06/1986,3.5
18/06/1986,3.55
19/06/1986,3.59
20/06/1986,3.6
21/06/1986,3.6
22/06/1986,3.6
23/06/1986,3.6
24/06/1986,3.64
25/06/1986,3.65
26/06/1986,3.69
27/06/1986,3.7
28/06/1986,3.7
29/06/1986,3.7
30/06/1986,3.7
01/07/1986,3.7
02/07/1986,3.7
03/07/1986,3.7
04/07/1986,3.7
05/07/1986,3.7
06/07/1986,3.66
07/07/1986,3.65
08/07/1986,3.65
09/07/1986,3.65
10/07/1986,3.65
11/07/1986,3.65
12/07/1986,3.65
13/07/1986,3.65
14/07/1986,3.65
15/07/1986,3.65
16/07/1986,3.61
17/07/1986,3.6
18/07/1986,3.6
19/07/1986,3.6
20/07/1986,3.56
21/07/1986,3.55
22/07/1986,3.51
23/07/1986,3.5
24/07/1986,3.46
25/07/1986,3.45
26/07/1986,3.45
27/07/1986,3.45
28/07/1986,3.45
29/07/1986,3.41
30/07/1986,3.4
31/07/1986,3.4
01/08/1986,3.36
02/08/1986,3.35
03/08/1986,3.35
04/08/1986,3.39
05/08/1986,3.4
06/08/1986,3.45
07/08/1986,3.5
08/08/1986,3.55
09/08/1986,3.6
10/08/1986,3.65
11/08/1986,3.69
12/08/1986,3.7
13/08/1986,3.75
14/08/1986,3.82
15/08/1986,3.9
16/08/1986,3.95
17/08/1986,4.0
18/08/1986,4.07
19/08/1986,4.17
20/08/1986,4.27
21/08/1986,4.34
22/08/1986,4.35
23/08/1986,4.35
24/08/1986,4.39
25/08/1986,4.4
26/08/1986,4.44
27/08/1986,4.45
28/08/1986,4.45
29/08/1986,4.45
30/08/1986,4.45
31/08/1986,4.45
01/09/1986,4.45
02/09/1986,4.45
03/09/1986,4.45
04/09/1986,4.41
05/09/1986,4.4
06/09/1986,4.4
07/09/1986,4.4
08/09/1986,4.4
09/09/1986,4.4
10/09/1986,4.4
11/09/1986,4.4
12/09/1986,4.4
13/09/1986,4.4
14/09/1986,4.42
15/09/1986,4.51
16/09/1986,4.51
17/09/1986,4.5
18/09/1986,4.43
19/09/1986,4.33
20/09/1986,4.3
21/09/1986,4.3
22/09/1986,4.3
23/09/1986,4.3
24/09/1986,4.3
25/09/1986,4.3
26/09/1986,4.3
27/09/1986,4.3
28/09/1986,4.3
29/09/1986,4.3
30/09/1986,4.3
01/10/1986,4.3
02/10/1986,4.3
03/10/1986,4.3
04/10/1986,4.3
05/10/1986,4.3
06/10/1986,4.3
07/10/1986,4.3
08/10/1986,4.3
09/10/1986,4.3
10/10/1986,4.3
11/10/1986,4.3
12/10/1986,4.3
13/10/1986,4.3
14/10/1986,4.3
15/10/1986,4.3
16/10/1986,4.3
17/10/1986,4.3
18/10/1986,4.3
19/10/1986,4.3
20/10/1986,4.26
21/10/1986,4.25
22/10/1986,4.25
23/10/1986,4.25
24/10/1986,4.25
25/10/1986,4.25
26/10/1986,4.25
27/10/1986,4.21
28/10/1986,4.2
29/10/1986,4.2
30/10/1986,4.2
31/10/1986,4.16
01/11/1986,4.15
02/11/1986,4.15
03/11/1986,4.15
04/11/1986,4.19
05/11/1986,4.2
06/11/1986,4.2
07/11/1986,4.24
08/11/1986,4.25
09/11/1986,4.29
10/11/1986,4.3
11/11/1986,4.3
12/11/1986,4.3
13/11/1986,4.3
14/11/1986,4.3
15/11/1986,4.3
16/11/1986,4.3
17/11/1986,4.3
18/11/1986,4.3
19/11/1986,4.3
20/11/1986,4.3
21/11/1986,4.3
22/11/1986,4.3
23/11/1986,4.3
24/11/1986,4.34
25/11/1986,4.35
26/11/1986,4.42
27/11/1986,4.52
28/11/1986,4.62
29/11/1986,4.68
30/11/1986,4.77
01/12/1986,4.8
02/12/1986,4.82
03/12/1986,4.82
04/12/1986,4.82
05/12/1986,4.85
06/12/1986,4.85
07/12/1986,4.85
08/12/1986,4.85
09/12/1986,4.81
10/12/1986,4.8
11/12/1986,4.8
12/12/1986,4.76
13/12/1986,4.75
14/12/1986,4.75
15/12/1986,4.71
16/12/1986,4.7
17/12/1986,4.7
18/12/1986,4.66
19/12/1986,4.65
20/12/1986,4.65
21/12/1986,4.61
22/12/1986,4.6
23/12/1986,4.6
24/12/1986,4.6
25/12/1986,4.56
26/12/1986,4.55
27/12/1986,4.55
28/12/1986,4.55
29/12/1986,4.51
30/12/1986,4.5
31/12/1986,4.5
01/01/1987,4.5
02/01/1987,4.5
03/01/1987,4.45
04/01/1987,4.41
05/01/1987,4.4
06/01/1987,4.36
07/01/1987,4.35
08/01/1987,4.35
09/01/1987,4.31
10/01/1987,4.3
11/01/1987,4.3
12/01/1987,4.26
13/01/1987,4.25
14/01/1987,4.21
15/01/1987,4.2
16/01/1987,4.2
17/01/1987,4.16
18/01/1987,4.15
19/01/1987,4.15
20/01/1987,4.11
21/01/1987,4.1
22/01/1987,4.1
23/01/1987,4.06
24/01/1987,4.05
25/01/1987,4.05
26/01/1987,4.0
27/01/1987,3.95
28/01/1987,3.9
29/01/1987,3.86
30/01/1987,3.85
31/01/1987,3.81
01/02/1987,3.8
02/02/1987,3.8
03/02/1987,3.8
04/02/1987,3.76
05/02/1987,3.75
06/02/1987,3.75
07/02/1987,3.75
08/02/1987,3.71
09/02/1987,3.7
10/02/1987,3.7
11/02/1987,3.66
12/02/1987,3.65
13/02/1987,3.61
14/02/1987,3.6
15/02/1987,3.56
16/02/1987,3.55
17/02/1987,3.51
18/02/1987,3.5
19/02/1987,3.46
20/02/1987,3.45
21/02/1987,3.45
22/02/1987,3.41
23/02/1987,3.4
24/02/1987,3.4
25/02/1987,3.4
26/02/1987,3.4
27/02/1987,3.4
28/02/1987,3.36
01/03/1987,3.35
02/03/1987,3.35
03/03/1987,3.31
04/03/1987,3.3
05/03/1987,3.26
06/03/1987,3.25
07/03/1987,3.21
08/03/1987,3.2
09/03/1987,3.16
10/03/1987,3.15
11/03/1987,3.11
12/03/1987,3.1
13/03/1987,3.1
14/03/1987,3.1
15/03/1987,3.1
16/03/1987,3.06
17/03/1987,3.05
18/03/1987,3.05
19/03/1987,3.05
20/03/1987,3.05
21/03/1987,3.05
22/03/1987,3.05
23/03/1987,3.05
24/03/1987,3.09
25/03/1987,3.1
26/03/1987,3.1
27/03/1987,3.1
28/03/1987,3.1
29/03/1987,3.14
30/03/1987,3.15
31/03/1987,3.15
01/04/1987,3.15
02/04/1987,3.15
03/04/1987,3.15
04/04/1987,3.15
05/04/1987,3.15
06/04/1987,3.15
07/04/1987,3.15
08/04/1987,3.15
09/04/1987,3.15
10/04/1987,3.15
11/04/1987,3.15
12/04/1987,3.15
13/04/1987,3.15
14/04/1987,3.15
15/04/1987,3.15
16/04/1987,3.19
17/04/1987,3.2
18/04/1987,3.2
19/04/1987,3.24
20/04/1987,3.25
21/04/1987,3.29
22/04/1987,3.3
23/04/1987,3.35
24/04/1987,3.4
25/04/1987,3.44
26/04/1987,3.45
27/04/1987,3.45
28/04/1987,3.45
29/04/1987,3.45
30/04/1987,3.45
01/05/1987,3.45
02/05/1987,3.45
03/05/1987,3.45
04/05/1987,3.41
05/05/1987,3.4
06/05/1987,3.4
07/05/1987,3.4
08/05/1987,3.36
09/05/1987,3.35
10/05/1987,3.35
11/05/1987,3.35
12/05/1987,3.35
13/05/1987,3.35
14/05/1987,3.35
15/05/1987,3.35
16/05/1987,3.35
17/05/1987,3.35
18/05/1987,3.35
19/05/1987,3.35
20/05/1987,3.35
21/05/1987,3.35
22/05/1987,3.35
23/05/1987,3.39
24/05/1987,3.4
25/05/1987,3.4
26/05/1987,3.4
27/05/1987,3.4
28/05/1987,3.44
29/05/1987,3.45
30/05/1987,3.45
31/05/1987,3.45
01/06/1987,3.45
02/06/1987,3.45
03/06/1987,3.45
04/06/1987,3.45
05/06/1987,3.45
06/06/1987,3.45
07/06/1987,3.45
08/06/1987,3.45
09/06/1987,3.45
10/06/1987,3.45
11/06/1987,3.45
12/06/1987,3.45
13/06/1987,3.45
14/06/1987,3.45
15/06/1987,3.41
16/06/1987,3.4
17/06/1987,3.4
18/06/1987,3.4
19/06/1987,3.4
20/06/1987,3.4
21/06/1987,3.4
22/06/1987,3.36
23/06/1987,3.35
24/06/1987,3.35
25/06/1987,3.35
26/06/1987,3.31
27/06/1987,3.3
28/06/1987,3.3
29/06/1987,3.3
30/06/1987,3.3
01/07/1987,3.3
02/07/1987,3.3
03/07/1987,3.26
04/07/1987,3.25
05/07/1987,3.25
06/07/1987,3.21
07/07/1987,3.2
08/07/1987,3.2
09/07/1987,3.2
10/07/1987,3.2
11/07/1987,3.24
12/07/1987,3.25
13/07/1987,3.25
14/07/1987,3.25
15/07/1987,3.29
16/07/1987,3.3
17/07/1987,3.35
18/07/1987,3.39
19/07/1987,3.4
20/07/1987,3.4
21/07/1987,3.4
22/07/1987,3.4
23/07/1987,3.4
24/07/1987,3.44
25/07/1987,3.45
26/07/1987,3.45
27/07/1987,3.49
28/07/1987,3.5
29/07/1987,3.5
30/07/1987,3.55
31/07/1987,3.6
01/08/1987,3.64
02/08/1987,3.65
03/08/1987,3.65
04/08/1987,3.69
05/08/1987,3.72
06/08/1987,3.75
07/08/1987,3.82
08/08/1987,3.92
09/08/1987,4.02
10/08/1987,4.12
11/08/1987,4.21
12/08/1987,4.25
13/08/1987,4.3
14/08/1987,4.35
15/08/1987,4.39
16/08/1987,4.4
17/08/1987,4.44
18/08/1987,4.45
19/08/1987,4.49
20/08/1987,4.5
21/08/1987,4.54
22/08/1987,4.55
23/08/1987,4.55
24/08/1987,4.55
25/08/1987,4.55
26/08/1987,4.59
27/08/1987,4.6
28/08/1987,4.6
29/08/1987,4.6
30/08/1987,4.6
31/08/1987,4.6
01/09/1987,4.62
02/09/1987,4.69
03/09/1987,4.7
04/09/1987,4.7
05/09/1987,4.7
06/09/1987,4.7
07/09/1987,4.7
08/09/1987,4.7
09/09/1987,4.74
10/09/1987,4.75
11/09/1987,4.75
12/09/1987,4.75
13/09/1987,4.75
14/09/1987,4.75
15/09/1987,4.75
16/09/1987,4.75
17/09/1987,4.75
18/09/1987,4.79
19/09/1987,4.8
20/09/1987,4.84
21/09/1987,4.85
22/09/1987,4.85
23/09/1987,4.81
24/09/1987,4.8
25/09/1987,4.8
26/09/1987,4.8
27/09/1987,4.8
28/09/1987,4.8
29/09/1987,4.8
30/09/1987,4.8
01/10/1987,4.76
02/10/1987,4.75
03/10/1987,4.75
04/10/1987,4.71
05/10/1987,4.7
06/10/1987,4.7
07/10/1987,4.7
08/10/1987,4.7
09/10/1987,4.66
10/10/1987,4.65
11/10/1987,4.65
12/10/1987,4.65
13/10/1987,4.65
14/10/1987,4.65
15/10/1987,4.69
16/10/1987,4.7
17/10/1987,4.7
18/10/1987,4.66
19/10/1987,4.65
20/10/1987,4.65
21/10/1987,4.65
22/10/1987,4.65
23/10/1987,4.65
24/10/1987,4.65
25/10/1987,4.65
26/10/1987,4.65
27/10/1987,4.65
28/10/1987,4.65
29/10/1987,4.65
30/10/1987,4.65
31/10/1987,4.65
01/11/1987,4.65
02/11/1987,4.65
03/11/1987,4.65
04/11/1987,4.61
05/11/1987,4.6
06/11/1987,4.55
07/11/1987,4.51
08/11/1987,4.5
09/11/1987,4.46
10/11/1987,4.45
11/11/1987,4.41
12/11/1987,4.4
13/11/1987,4.4
14/11/1987,4.36
15/11/1987,4.35
16/11/1987,4.35
17/11/1987,4.35
18/11/1987,4.35
19/11/1987,4.35
20/11/1987,4.35
21/11/1987,4.35
22/11/1987,4.31
23/11/1987,4.3
24/11/1987,4.3
25/11/1987,4.3
26/11/1987,4.3
27/11/1987,4.26
28/11/1987,4.25
29/11/1987,4.25
30/11/1987,4.21
01/12/1987,4.2
02/12/1987,4.2
03/12/1987,4.16
04/12/1987,4.15
05/12/1987,4.15
06/12/1987,4.11
07/12/1987,4.1
08/12/1987,4.1
09/12/1987,4.06
10/12/1987,4.05
11/12/1987,4.05
12/12/1987,4.05
13/12/1987,4.01
14/12/1987,4.0
15/12/1987,3.96
16/12/1987,3.95
17/12/1987,3.91
18/12/1987,3.9
19/12/1987,3.9
20/12/1987,3.9
21/12/1987,3.86
22/12/1987,3.85
23/12/1987,3.85
24/12/1987,3.85
25/12/1987,3.85
26/12/1987,3.85
27/12/1987,3.85
28/12/1987,3.85
29/12/1987,3.85
30/12/1987,3.85
31/12/1987,3.81
01/01/1988,3.8
02/01/1988,3.8
03/01/1988,3.8
04/01/1988,3.8
05/01/1988,3.84
06/01/1988,3.85
07/01/1988,3.85
08/01/1988,3.85
09/01/1988,3.85
10/01/1988,3.85
11/01/1988,3.89
12/01/1988,3.9
13/01/1988,3.9
14/01/1988,3.9
15/01/1988,3.9
16/01/1988,3.86
17/01/1988,3.85
18/01/1988,3.85
19/01/1988,3.85
20/01/1988,3.85
21/01/1988,3.89
22/01/1988,3.9
23/01/1988,3.9
24/01/1988,3.9
25/01/1988,3.9
26/01/1988,3.9
27/01/1988,3.9
28/01/1988,3.86
29/01/1988,3.85
30/01/1988,3.85
31/01/1988,3.85
01/02/1988,3.85
02/02/1988,3.85
03/02/1988,3.85
04/02/1988,3.85
05/02/1988,3.85
06/02/1988,3.85
07/02/1988,3.85
08/02/1988,3.85
09/02/1988,3.85
10/02/1988,3.85
11/02/1988,3.85
12/02/1988,3.85
13/02/1988,3.85
14/02/1988,3.85
15/02/1988,3.85
16/02/1988,3.85
17/02/1988,3.85
18/02/1988,3.85
19/02/1988,3.85
20/02/1988,3.85
21/02/1988,3.85
22/02/1988,3.85
23/02/1988,3.85
24/02/1988,3.85
25/02/1988,3.81
26/02/1988,3.8
27/02/1988,3.8
28/02/1988,3.8
29/02/1988,3.8
01/03/1988,3.8
02/03/1988,3.8
03/03/1988,3.76
04/03/1988,3.75
05/03/1988,3.75
06/03/1988,3.71
07/03/1988,3.7
08/03/1988,3.66
09/03/1988,3.65
10/03/1988,3.65
11/03/1988,3.61
12/03/1988,3.6
13/03/1988,3.7
14/03/1988,3.55
15/03/1988,3.51
16/03/1988,3.5
17/03/1988,3.46
18/03/1988,3.45
19/03/1988,3.41
20/03/1988,3.4
21/03/1988,3.4
22/03/1988,3.36
23/03/1988,3.35
24/03/1988,3.35
25/03/1988,3.31
26/03/1988,3.3
27/03/1988,3.26
28/03/1988,3.25
29/03/1988,3.25
30/03/1988,3.25
31/03/1988,3.21
01/04/1988,3.2
02/04/1988,3.2
03/04/1988,3.21
04/04/1988,3.28
05/04/1988,3.21
06/04/1988,3.2
07/04/1988,3.16
08/04/1988,3.15
09/04/1988,3.15
10/04/1988,3.15
11/04/1988,3.15
12/04/1988,3.11
13/04/1988,3.1
14/04/1988,3.1
15/04/1988,3.06
16/04/1988,3.05
17/04/1988,3.01
18/04/1988,3.0
19/04/1988,3.0
20/04/1988,3.0
21/04/1988,3.0
22/04/1988,3.0
23/04/1988,3.0
24/04/1988,3.0
25/04/1988,3.0
26/04/1988,3.0
27/04/1988,2.96
28/04/1988,2.95
29/04/1988,2.95
30/04/1988,2.95
01/05/1988,2.95
02/05/1988,2.95
03/05/1988,2.95
04/05/1988,2.95
05/05/1988,2.91
06/05/1988,2.9
07/05/1988,2.86
08/05/1988,2.85
09/05/1988,2.85
10/05/1988,2.81
11/05/1988,2.8
12/05/1988,2.8
13/05/1988,2.8
14/05/1988,2.8
15/05/1988,2.8
16/05/1988,2.8
17/05/1988,2.76
18/05/1988,2.75
19/05/1988,2.75
20/05/1988,2.75
21/05/1988,2.71
22/05/1988,2.7
23/05/1988,2.7
24/05/1988,2.7
25/05/1988,2.7
26/05/1988,2.7
27/05/1988,2.7
28/05/1988,2.7
29/05/1988,2.7
30/05/1988,2.7
31/05/1988,2.7
01/06/1988,2.76
02/06/1988,2.77
03/06/1988,2.77
04/06/1988,2.77
05/06/1988,2.77
06/06/1988,2.77
07/06/1988,2.77
08/06/1988,2.77
09/06/1988,2.77
10/06/1988,2.73
11/06/1988,2.72
12/06/1988,2.72
13/06/1988,2.72
14/06/1988,2.72
15/06/1988,2.72
16/06/1988,2.72
17/06/1988,2.68
18/06/1988,2.67
19/06/1988,2.67
20/06/1988,2.71
21/06/1988,2.72
22/06/1988,2.68
23/06/1988,2.67
24/06/1988,2.67
25/06/1988,2.63
26/06/1988,2.62
27/06/1988,2.62
28/06/1988,2.58
29/06/1988,2.57
30/06/1988,2.53
01/07/1988,2.52
02/07/1988,2.52
03/07/1988,2.56
04/07/1988,2.58
05/07/1988,2.66
06/07/1988,2.72
07/07/1988,2.77
08/07/1988,2.81
09/07/1988,2.82
10/07/1988,2.82
11/07/1988,2.82
12/07/1988,2.82
13/07/1988,2.82
14/07/1988,2.82
15/07/1988,2.82
16/07/1988,2.82
17/07/1988,2.86
18/07/1988,2.87
19/07/1988,2.87
20/07/1988,2.87
21/07/1988,2.87
22/07/1988,2.87
23/07/1988,2.87
24/07/1988,2.87
25/07/1988,2.91
26/07/1988,2.92
27/07/1988,2.92
28/07/1988,2.92
29/07/1988,2.92
30/07/1988,2.92
31/07/1988,2.92
01/08/1988,2.92
02/08/1988,2.92
03/08/1988,2.96
04/08/1988,2.97
05/08/1988,3.02
06/08/1988,3.06
07/08/1988,3.07
08/08/1988,3.05
09/08/1988,3.05
10/08/1988,3.05
11/08/1988,3.09
12/08/1988,3.1
13/08/1988,3.1
14/08/1988,3.1
15/08/1988,3.1
16/08/1988,3.1
17/08/1988,3.1
18/08/1988,3.1
19/08/1988,3.1
20/08/1988,3.1
21/08/1988,3.1
22/08/1988,3.06
23/08/1988,3.05
24/08/1988,3.05
25/08/1988,3.05
26/08/1988,3.05
27/08/1988,3.05
28/08/1988,3.07
29/08/1988,3.07
30/08/1988,3.07
31/08/1988,3.07
01/09/1988,3.07
02/09/1988,3.07
03/09/1988,3.03
04/09/1988,3.02
05/09/1988,3.02
06/09/1988,3.02
07/09/1988,3.02
08/09/1988,2.98
09/09/1988,2.97
10/09/1988,2.97
11/09/1988,2.97
12/09/1988,2.97
13/09/1988,2.93
14/09/1988,2.92
15/09/1988,2.92
16/09/1988,2.92
17/09/1988,2.92
18/09/1988,2.92
19/09/1988,2.92
20/09/1988,2.88
21/09/1988,2.87
22/09/1988,2.87
23/09/1988,2.87
24/09/1988,2.87
25/09/1988,2.87
26/09/1988,2.91
27/09/1988,2.92
28/09/1988,2.96
29/09/1988,2.97
30/09/1988,2.97
01/10/1988,2.97
02/10/1988,3.01
03/10/1988,3.02
04/10/1988,3.06
05/10/1988,3.07
06/10/1988,3.05
07/10/1988,3.05
08/10/1988,3.09
09/10/1988,3.1
10/10/1988,3.1
11/10/1988,3.1
12/10/1988,3.1
13/10/1988,3.1
14/10/1988,3.06
15/10/1988,3.05
16/10/1988,3.05
17/10/1988,3.05
18/10/1988,3.07
19/10/1988,3.07
20/10/1988,3.07
21/10/1988,3.07
22/10/1988,3.03
23/10/1988,3.02
24/10/1988,3.02
25/10/1988,3.02
26/10/1988,2.98
27/10/1988,2.97
28/10/1988,2.97
29/10/1988,2.97
30/10/1988,2.97
31/10/1988,2.93
01/11/1988,2.92
02/11/1988,2.88
03/11/1988,2.87
04/11/1988,2.87
05/11/1988,2.87
06/11/1988,2.87
07/11/1988,2.87
08/11/1988,2.87
09/11/1988,2.83
10/11/1988,2.82
11/11/1988,2.82
12/11/1988,2.82
13/11/1988,2.78
14/11/1988,2.77
15/11/1988,2.77
16/11/1988,2.77
17/11/1988,2.77
18/11/1988,2.77
19/11/1988,2.73
20/11/1988,2.72
21/11/1988,2.72
22/11/1988,2.72
23/11/1988,2.68
24/11/1988,2.67
25/11/1988,2.67
26/11/1988,2.67
27/11/1988,2.67
28/11/1988,2.67
29/11/1988,2.67
30/11/1988,2.67
01/12/1988,2.67
02/12/1988,2.67
03/12/1988,2.67
04/12/1988,2.67
05/12/1988,2.67
06/12/1988,2.67
07/12/1988,2.67
08/12/1988,2.63
09/12/1988,2.62
10/12/1988,2.62
11/12/1988,2.62
12/12/1988,2.62
13/12/1988,2.62
14/12/1988,2.58
15/12/1988,2.57
16/12/1988,2.57
17/12/1988,2.57
18/12/1988,2.57
19/12/1988,2.57
20/12/1988,2.53
21/12/1988,2.52
22/12/1988,2.52
23/12/1988,2.52
24/12/1988,2.52
25/12/1988,2.52
26/12/1988,2.48
27/12/1988,2.47
28/12/1988,2.47
29/12/1988,2.47
30/12/1988,2.47
31/12/1988,2.47
01/01/1989,2.47
02/01/1989,2.47
03/01/1989,2.47
04/01/1989,2.47
05/01/1989,2.47
06/01/1989,2.47
07/01/1989,2.43
08/01/1989,2.42
09/01/1989,2.42
10/01/1989,2.42
11/01/1989,2.42
12/01/1989,2.42
13/01/1989,2.42
14/01/1989,2.38
15/01/1989,2.37
16/01/1989,2.37
17/01/1989,2.37
18/01/1989,2.37
19/01/1989,2.37
20/01/1989,2.33
21/01/1989,2.32
22/01/1989,2.32
23/01/1989,2.32
24/01/1989,2.32
25/01/1989,2.28
26/01/1989,2.27
27/01/1989,2.27
28/01/1989,2.27
29/01/1989,2.27
30/01/1989,2.27
31/01/1989,2.27
01/02/1989,2.27
02/02/1989,2.27
03/02/1989,2.27
04/02/1989,2.27
05/02/1989,2.27
06/02/1989,2.27
07/02/1989,2.27
08/02/1989,2.27
09/02/1989,2.27
10/02/1989,2.23
11/02/1989,2.22
12/02/1989,2.22
13/02/1989,2.22
14/02/1989,2.22
15/02/1989,2.22
16/02/1989,2.22
17/02/1989,2.18
18/02/1989,2.17
19/02/1989,2.17
20/02/1989,2.17
21/02/1989,2.17
22/02/1989,2.17
23/02/1989,2.17
24/02/1989,2.17
25/02/1989,2.17
26/02/1989,2.17
27/02/1989,2.17
28/02/1989,2.17
01/03/1989,2.17
02/03/1989,2.13
03/03/1989,2.12
04/03/1989,2.12
05/03/1989,2.12
06/03/1989,2.08
07/03/1989,2.07
08/03/1989,2.08
09/03/1989,2.17
10/03/1989,2.14
11/03/1989,2.07
12/03/1989,2.15
13/03/1989,2.08
14/03/1989,2.1
15/03/1989,1.94
16/03/1989,1.91
17/03/1989,1.91
18/03/1989,1.91
19/03/1989,1.91
20/03/1989,1.91
21/03/1989,1.91
22/03/1989,1.91
23/03/1989,1.91
24/03/1989,1.91
25/03/1989,1.91
26/03/1989,1.91
27/03/1989,1.91
28/03/1989,1.91
29/03/1989,1.91
30/03/1989,1.91
31/03/1989,1.91
01/04/1989,1.91
02/04/1989,1.91
03/04/1989,1.91
04/04/1989,1.91
05/04/1989,1.91
06/04/1989,1.91
07/04/1989,1.91
08/04/1989,1.91
09/04/1989,1.91
10/04/1989,1.91
11/04/1989,1.91
12/04/1989,1.91
13/04/1989,1.91
14/04/1989,1.91
15/04/1989,1.91
16/04/1989,1.91
17/04/1989,1.91
18/04/1989,1.91
19/04/1989,1.91
20/04/1989,1.91
21/04/1989,1.91
22/04/1989,1.91
23/04/1989,1.91
24/04/1989,1.91
25/04/1989,1.91
26/04/1989,1.91
27/04/1989,1.91
28/04/1989,1.91
29/04/1989,1.91
30/04/1989,1.91
01/05/1989,1.86
02/05/1989,1.86
03/05/1989,1.86
04/05/1989,1.86
05/05/1989,1.86
06/05/1989,1.86
07/05/1989,1.86
08/05/1989,1.86
09/05/1989,1.86
10/05/1989,1.86
11/05/1989,1.86
12/05/1989,1.86
13/05/1989,1.86
14/05/1989,1.86
15/05/1989,1.86
16/05/1989,1.86
17/05/1989,1.86
18/05/1989,1.86
19/05/1989,1.86
20/05/1989,1.86
21/05/1989,1.86
22/05/1989,1.86
23/05/1989,1.86
24/05/1989,1.86
25/05/1989,1.86
26/05/1989,1.86
27/05/1989,1.86
28/05/1989,1.85
29/05/1989,1.83
30/05/1989,1.82
31/05/1989,1.82
01/06/1989,1.82
02/06/1989,1.78
03/06/1989,1.73
04/06/1989,1.76
05/06/1989,1.82
06/06/1989,1.83
07/06/1989,1.87
08/06/1989,1.84
09/06/1989,1.84
10/06/1989,1.79
11/06/1989,1.79
12/06/1989,1.82
13/06/1989,1.81
14/06/1989,1.82
15/06/1989,1.8
16/06/1989,1.8
17/06/1989,1.8
18/06/1989,1.8
19/06/1989,1.8
20/06/1989,1.8
21/06/1989,1.85
22/06/1989,1.82
23/06/1989,1.8
24/06/1989,1.8
25/06/1989,1.8
26/06/1989,1.82
27/06/1989,1.85
28/06/1989,1.82
29/06/1989,1.8
30/06/1989,1.8
01/07/1989,1.82
02/07/1989,1.79
03/07/1989,1.69
04/07/1989,1.62
05/07/1989,1.63
06/07/1989,1.76
07/07/1989,1.8
08/07/1989,1.8
09/07/1989,1.8
10/07/1989,1.83
11/07/1989,1.83
12/07/1989,1.83
13/07/1989,1.8
14/07/1989,1.8
15/07/1989,1.8
16/07/1989,1.82
17/07/1989,1.83
18/07/1989,1.83
19/07/1989,1.8
20/07/1989,1.8
21/07/1989,1.8
22/07/1989,1.8
23/07/1989,1.8
24/07/1989,1.82
25/07/1989,1.85
26/07/1989,1.88
27/07/1989,1.87
28/07/1989,1.98
29/07/1989,1.85
30/07/1989,1.79
31/07/1989,1.75
01/08/1989,1.75
02/08/1989,1.8
03/08/1989,1.8
04/08/1989,1.8
05/08/1989,1.85
06/08/1989,1.88
07/08/1989,1.91
08/08/1989,2.05
09/08/1989,2.07
10/08/1989,2.06
11/08/1989,1.99
12/08/1989,1.98
13/08/1989,1.98
14/08/1989,1.98
15/08/1989,1.98
16/08/1989,1.98
17/08/1989,1.98
18/08/1989,1.98
19/08/1989,1.99
20/08/1989,2.0
21/08/1989,1.98
22/08/1989,1.73
23/08/1989,1.71
24/08/1989,1.88
25/08/1989,1.9
26/08/1989,1.9
27/08/1989,1.91
28/08/1989,1.97
29/08/1989,1.98
30/08/1989,1.98
31/08/1989,1.98
01/09/1989,1.98
02/09/1989,1.99
03/09/1989,1.99
04/09/1989,1.98
05/09/1989,1.98
06/09/1989,2.0
07/09/1989,2.0
08/09/1989,1.98
09/09/1989,2.0
10/09/1989,2.0
11/09/1989,2.0
12/09/1989,2.0
13/09/1989,2.0
14/09/1989,2.0
15/09/1989,2.01
16/09/1989,2.08
17/09/1989,2.01
18/09/1989,2.04
19/09/1989,2.04
20/09/1989,2.0
21/09/1989,2.0
22/09/1989,2.05
23/09/1989,2.09
24/09/1989,2.01
25/09/1989,2.01
26/09/1989,2.03
27/09/1989,2.0
28/09/1989,1.99
29/09/1989,1.98
30/09/1989,1.99
01/10/1989,2.0
02/10/1989,2.0
03/10/1989,1.99
04/10/1989,1.99
05/10/1989,1.98
06/10/1989,1.98
07/10/1989,1.98
08/10/1989,2.0
09/10/1989,2.0
10/10/1989,2.0
11/10/1989,1.99
12/10/1989,1.98
13/10/1989,2.0
14/10/1989,2.0
15/10/1989,2.0
16/10/1989,2.0
17/10/1989,2.0
18/10/1989,1.98
19/10/1989,2.0
20/10/1989,2.0
21/10/1989,2.0
22/10/1989,1.98
23/10/1989,1.98
24/10/1989,2.0
25/10/1989,2.0
26/10/1989,1.88
27/10/1989,1.85
28/10/1989,1.97
29/10/1989,2.0
30/10/1989,1.95
31/10/1989,1.94
01/11/1989,1.98
02/11/1989,1.98
03/11/1989,1.98
04/11/1989,2.0
05/11/1989,2.0
06/11/1989,2.0
07/11/1989,2.0
08/11/1989,2.0
09/11/1989,2.0
10/11/1989,2.01
11/11/1989,2.09
12/11/1989,2.1
13/11/1989,2.1
14/11/1989,2.1
15/11/1989,2.1
16/11/1989,2.1
17/11/1989,2.1
18/11/1989,2.09
19/11/1989,2.01
20/11/1989,2.0
21/11/1989,2.0
22/11/1989,2.0
23/11/1989,1.98
24/11/1989,2.0
25/11/1989,2.0
26/11/1989,2.04
27/11/1989,2.0
28/11/1989,2.03
29/11/1989,2.29
30/11/1989,2.36
01/12/1989,2.4
02/12/1989,2.34
03/12/1989,2.3
04/12/1989,2.29
05/12/1989,2.21
06/12/1989,2.21
07/12/1989,2.3
08/12/1989,2.39
09/12/1989,2.4
10/12/1989,2.4
11/12/1989,2.34
12/12/1989,2.31
13/12/1989,2.39
14/12/1989,2.34
15/12/1989,2.3
16/12/1989,2.31
17/12/1989,2.39
18/12/1989,2.4
19/12/1989,2.36
20/12/1989,2.3
21/12/1989,2.29
22/12/1989,2.2
23/12/1989,2.15
24/12/1989,2.1
25/12/1989,2.09
26/12/1989,2.01
27/12/1989,2.0
28/12/1989,2.03
29/12/1989,2.05
30/12/1989,2.12
31/12/1989,2.11
01/01/1990,2.12
02/01/1990,2.1
03/01/1990,2.1
04/01/1990,2.06
05/01/1990,2.1
06/01/1990,2.1
07/01/1990,2.05
08/01/1990,1.96
09/01/1990,1.92
10/01/1990,1.95
11/01/1990,1.9
12/01/1990,1.85
13/01/1990,1.87
14/01/1990,1.9
15/01/1990,1.85
16/01/1990,1.8
17/01/1990,1.82
18/01/1990,1.8
19/01/1990,1.8
20/01/1990,1.81
21/01/1990,1.94
22/01/1990,1.9
23/01/1990,1.9
24/01/1990,1.85
25/01/1990,1.76
26/01/1990,1.8
27/01/1990,1.82
28/01/1990,1.82
29/01/1990,1.95
30/01/1990,2.07
31/01/1990,2.13
01/02/1990,1.83
02/02/1990,1.82
03/02/1990,1.85
04/02/1990,1.82
05/02/1990,1.8
06/02/1990,1.82
07/02/1990,1.9
08/02/1990,1.9
09/02/1990,1.95
10/02/1990,1.97
11/02/1990,2.0
12/02/1990,2.0
13/02/1990,2.05
14/02/1990,2.08
15/02/1990,2.1
16/02/1990,2.15
17/02/1990,2.18
18/02/1990,2.22
19/02/1990,2.37
20/02/1990,2.65
21/02/1990,2.8
22/02/1990,2.86
23/02/1990,2.92
24/02/1990,2.95
25/02/1990,2.97
26/02/1990,3.0
27/02/1990,3.0
28/02/1990,3.11
01/03/1990,3.15
02/03/1990,3.1
03/03/1990,3.22
04/03/1990,3.14
05/03/1990,3.11
06/03/1990,3.15
07/03/1990,3.18
08/03/1990,3.2
09/03/1990,3.26
10/03/1990,3.3
11/03/1990,3.36
12/03/1990,3.39
13/03/1990,3.45
14/03/1990,3.5
15/03/1990,3.55
16/03/1990,3.55
17/03/1990,3.56
18/03/1990,3.61
19/03/1990,3.65
20/03/1990,3.72
21/03/1990,3.74
22/03/1990,3.72
23/03/1990,3.7
24/03/1990,3.7
25/03/1990,3.68
26/03/1990,3.65
27/03/1990,3.65
28/03/1990,3.67
29/03/1990,3.7
30/03/1990,3.69
31/03/1990,3.7
01/04/1990,3.7
02/04/1990,3.75
03/04/1990,3.77
04/04/1990,3.78
05/04/1990,3.8
06/04/1990,3.78
07/04/1990,3.77
08/04/1990,3.79
09/04/1990,3.78
10/04/1990,3.8
11/04/1990,3.77
12/04/1990,3.77
13/04/1990,3.78
14/04/1990,3.81
15/04/1990,3.78
16/04/1990,3.77
17/04/1990,3.73
18/04/1990,3.68
19/04/1990,3.76
20/04/1990,3.76
21/04/1990,3.78
22/04/1990,3.76
23/04/1990,3.79
24/04/1990,3.77
25/04/1990,3.8
26/04/1990,3.81
27/04/1990,3.83
28/04/1990,3.92
29/04/1990,4.02
30/04/1990,4.07
01/05/1990,4.06
02/05/1990,4.11
03/05/1990,4.17
04/05/1990,4.22
05/05/1990,4.22
06/05/1990,4.26
07/05/1990,4.21
08/05/1990,4.17
09/05/1990,4.15
10/05/1990,4.14
11/05/1990,4.1
12/05/1990,4.12
13/05/1990,4.12
14/05/1990,4.11
15/05/1990,4.14
16/05/1990,4.18
17/05/1990,4.17
18/05/1990,4.07
19/05/1990,4.13
20/05/1990,4.08
21/05/1990,3.99
22/05/1990,3.99
23/05/1990,3.97
24/05/1990,3.97
25/05/1990,4.0
26/05/1990,4.0
27/05/1990,4.01
28/05/1990,3.93
29/05/1990,3.92
30/05/1990,3.82
31/05/1990,3.84
01/06/1990,3.87
02/06/1990,3.89
03/06/1990,3.9
04/06/1990,3.87
05/06/1990,3.87
06/06/1990,3.83
07/06/1990,3.84
08/06/1990,3.85
09/06/1990,3.82
10/06/1990,3.8
11/06/1990,3.77
12/06/1990,3.75
13/06/1990,3.77
14/06/1990,3.78
15/06/1990,3.76
16/06/1990,3.75
17/06/1990,3.77
18/06/1990,3.77
19/06/1990,3.79
20/06/1990,3.75
21/06/1990,3.73
22/06/1990,3.7
23/06/1990,3.67
24/06/1990,3.65
25/06/1990,3.64
26/06/1990,3.64
27/06/1990,3.62
28/06/1990,3.62
29/06/1990,3.62
30/06/1990,3.57
01/07/1990,3.56
02/07/1990,3.62
03/07/1990,3.61
04/07/1990,3.55
05/07/1990,3.52
06/07/1990,3.5
07/07/1990,3.49
08/07/1990,3.49
09/07/1990,3.45
10/07/1990,3.45
11/07/1990,3.42
12/07/1990,3.44
13/07/1990,3.44
14/07/1990,3.44
15/07/1990,3.4
16/07/1990,3.4
17/07/1990,3.36
18/07/1990,3.37
19/07/1990,3.32
20/07/1990,3.32
21/07/1990,3.3
22/07/1990,3.3
23/07/1990,3.24
24/07/1990,3.2
25/07/1990,3.24
26/07/1990,3.2
27/07/1990,3.16
28/07/1990,3.15
29/07/1990,3.18
30/07/1990,3.2
31/07/1990,3.17
01/08/1990,3.17
02/08/1990,3.18
03/08/1990,3.16
04/08/1990,3.17
05/08/1990,3.17
06/08/1990,3.18
07/08/1990,3.18
08/08/1990,3.13
09/08/1990,3.11
10/08/1990,3.09
11/08/1990,3.08
12/08/1990,3.06
13/08/1990,3.06
14/08/1990,3.05
15/08/1990,3.06
16/08/1990,3.04
17/08/1990,2.96
18/08/1990,2.97
19/08/1990,2.98
20/08/1990,2.98
21/08/1990,2.97
22/08/1990,3.01
23/08/1990,2.99
24/08/1990,2.99
25/08/1990,2.92
26/08/1990,3.05
27/08/1990,3.07
28/08/1990,3.05
29/08/1990,3.07
30/08/1990,2.93
31/08/1990,2.98
01/09/1990,2.96
02/09/1990,2.9
03/09/1990,2.87
04/09/1990,2.89
05/09/1990,2.87
06/09/1990,2.87
07/09/1990,2.86
08/09/1990,2.85
09/09/1990,2.89
10/09/1990,2.84
11/09/1990,2.88
12/09/1990,2.96
13/09/1990,2.92
14/09/1990,2.87
15/09/1990,2.87
16/09/1990,2.88
17/09/1990,2.88
18/09/1990,2.94
19/09/1990,2.96
20/09/1990,2.97
21/09/1990,2.96
22/09/1990,2.96
23/09/1990,2.96
24/09/1990,2.96
25/09/1990,2.97
26/09/1990,2.95
27/09/1990,2.96
28/09/1990,2.97
29/09/1990,3.0
30/09/1990,2.98
01/10/1990,3.0
02/10/1990,2.97
03/10/1990,3.0
04/10/1990,2.97
05/10/1990,2.98
06/10/1990,2.99
07/10/1990,2.95
08/10/1990,2.91
09/10/1990,2.97
10/10/1990,3.0
11/10/1990,2.97
12/10/1990,2.98
13/10/1990,2.96
14/10/1990,2.99
15/10/1990,2.96
16/10/1990,2.98
17/10/1990,3.0
18/10/1990,3.06
19/10/1990,3.08
20/10/1990,3.11
21/10/1990,3.1
22/10/1990,3.09
23/10/1990,3.12
24/10/1990,3.09
25/10/1990,3.08
26/10/1990,3.09
27/10/1990,3.1
28/10/1990,3.08
29/10/1990,3.06
30/10/1990,3.05
31/10/1990,3.04
01/11/1990,3.03
02/11/1990,3.0
03/11/1990,3.04
04/11/1990,3.0
05/11/1990,3.0
06/11/1990,3.02
07/11/1990,3.0
08/11/1990,3.0
09/11/1990,3.04
10/11/1990,3.05
11/11/1990,3.07
12/11/1990,3.04
13/11/1990,3.04
14/11/1990,3.03
15/11/1990,3.07
16/11/1990,3.1
17/11/1990,3.14
18/11/1990,3.1
19/11/1990,3.07
20/11/1990,3.15
21/11/1990,3.21
22/11/1990,3.35
23/11/1990,3.39
24/11/1990,3.38
25/11/1990,3.38
26/11/1990,3.39
27/11/1990,3.35
28/11/1990,3.35
29/11/1990,3.38
30/11/1990,3.4
01/12/1990,3.33
02/12/1990,3.33
03/12/1990,3.34
04/12/1990,3.31
05/12/1990,3.33
06/12/1990,3.35
07/12/1990,3.32
08/12/1990,3.27
09/12/1990,3.22
10/12/1990,3.28
11/12/1990,3.29
12/12/1990,3.33
13/12/1990,3.32
14/12/1990,3.28
15/12/1990,3.32
16/12/1990,3.35
17/12/1990,3.3
18/12/1990,3.2
19/12/1990,3.26
20/12/1990,3.28
21/12/1990,3.27
22/12/1990,3.26
23/12/1990,3.21
24/12/1990,3.23
25/12/1990,3.22
26/12/1990,3.2
27/12/1990,3.23
28/12/1990,3.18
29/12/1990,3.2
30/12/1990,3.22
31/12/1990,3.19
01/01/1991,3.19
02/01/1991,3.16
03/01/1991,3.2
04/01/1991,3.22
05/01/1991,3.04
06/01/1991,3.04
07/01/1991,2.93
08/01/1991,2.95
09/01/1991,2.94
10/01/1991,2.92
11/01/1991,2.93
12/01/1991,2.9
13/01/1991,2.89
14/01/1991,2.78
15/01/1991,2.79
16/01/1991,2.77
17/01/1991,2.77
18/01/1991,2.77
19/01/1991,2.77
20/01/1991,2.76
21/01/1991,2.79
22/01/1991,2.79
23/01/1991,2.77
24/01/1991,2.77
25/01/1991,2.72
26/01/1991,2.74
27/01/1991,2.67
28/01/1991,2.62
29/01/1991,2.66
30/01/1991,2.68
31/01/1991,2.41
01/02/1991,2.6
02/02/1991,2.53
03/02/1991,2.59
04/02/1991,2.6
05/02/1991,2.6
06/02/1991,2.54
07/02/1991,2.52
08/02/1991,2.55
09/02/1991,2.54
10/02/1991,2.57
11/02/1991,2.6
12/02/1991,2.6
13/02/1991,2.44
14/02/1991,2.33
15/02/1991,2.33
16/02/1991,2.37
17/02/1991,2.37
18/02/1991,2.38
19/02/1991,2.39
20/02/1991,2.37
21/02/1991,2.36
22/02/1991,2.33
23/02/1991,2.36
24/02/1991,2.32
25/02/1991,2.34
26/02/1991,2.32
27/02/1991,2.3
28/02/1991,2.27
01/03/1991,2.27
02/03/1991,2.35
03/03/1991,2.25
04/03/1991,2.3
05/03/1991,2.29
06/03/1991,2.3
07/03/1991,2.3
08/03/1991,2.33
09/03/1991,2.32
10/03/1991,2.35
11/03/1991,2.35
12/03/1991,2.32
13/03/1991,2.3
14/03/1991,2.33
15/03/1991,2.33
16/03/1991,2.32
17/03/1991,2.35
18/03/1991,2.35
19/03/1991,2.29
20/03/1991,2.28
21/03/1991,2.29
22/03/1991,2.28
23/03/1991,2.26
24/03/1991,2.31
25/03/1991,2.3
26/03/1991,2.34
27/03/1991,2.3
28/03/1991,2.32
29/03/1991,2.35
30/03/1991,2.29
31/03/1991,2.21
01/04/1991,2.25
02/04/1991,2.22
03/04/1991,2.2
04/04/1991,2.17
05/04/1991,2.15
06/04/1991,2.2
07/04/1991,2.23
08/04/1991,2.17
09/04/1991,2.1
10/04/1991,2.13
11/04/1991,2.15
12/04/1991,2.22
13/04/1991,2.23
14/04/1991,2.21
15/04/1991,2.28
16/04/1991,2.31
17/04/1991,2.24
18/04/1991,2.3
19/04/1991,2.32
20/04/1991,2.35
21/04/1991,2.4
22/04/1991,2.42
23/04/1991,2.42
24/04/1991,2.45
25/04/1991,2.43
26/04/1991,2.41
27/04/1991,2.44
28/04/1991,2.5
29/04/1991,2.48
30/04/1991,2.5
01/05/1991,2.48
02/05/1991,2.51
03/05/1991,2.49
04/05/1991,2.6
05/05/1991,2.46
06/05/1991,2.5
07/05/1991,2.5
08/05/1991,2.5
09/05/1991,2.49
10/05/1991,2.49
11/05/1991,2.52
12/05/1991,2.54
13/05/1991,2.52
14/05/1991,2.57
15/05/1991,2.57
16/05/1991,2.55
17/05/1991,2.51
18/05/1991,2.52
19/05/1991,2.5
20/05/1991,2.5
21/05/1991,2.52
22/05/1991,2.53
23/05/1991,2.52
24/05/1991,2.52
25/05/1991,2.57
26/05/1991,2.59
27/05/1991,2.59
28/05/1991,2.6
29/05/1991,2.6
30/05/1991,2.6
31/05/1991,2.66
01/06/1991,2.69
02/06/1991,2.7
03/06/1991,2.73
04/06/1991,2.73
05/06/1991,2.78
06/06/1991,2.84
07/06/1991,2.82
08/06/1991,2.8
09/06/1991,2.8
10/06/1991,2.84
11/06/1991,2.83
12/06/1991,2.85
13/06/1991,2.82
14/06/1991,2.85
15/06/1991,2.85
16/06/1991,2.87
17/06/1991,2.91
18/06/1991,2.91
19/06/1991,2.83
20/06/1991,2.87
21/06/1991,2.85
22/06/1991,2.85
23/06/1991,2.85
24/06/1991,2.85
25/06/1991,2.9
26/06/1991,2.95
27/06/1991,3.0
28/06/1991,3.04
29/06/1991,3.03
30/06/1991,3.14
01/07/1991,3.15
02/07/1991,3.14
03/07/1991,3.21
04/07/1991,3.25
05/07/1991,3.27
06/07/1991,3.27
07/07/1991,3.3
08/07/1991,3.3
09/07/1991,3.32
10/07/1991,3.32
11/07/1991,3.34
12/07/1991,3.35
13/07/1991,3.34
14/07/1991,3.35
15/07/1991,3.3
16/07/1991,3.32
17/07/1991,3.3
18/07/1991,3.27
19/07/1991,3.25
20/07/1991,3.31
21/07/1991,3.38
22/07/1991,3.42
23/07/1991,3.5
24/07/1991,3.62
25/07/1991,3.67
26/07/1991,3.75
27/07/1991,3.79
28/07/1991,3.91
29/07/1991,3.96
30/07/1991,4.05
31/07/1991,4.01
01/08/1991,3.95
02/08/1991,3.98
03/08/1991,4.02
04/08/1991,4.1
05/08/1991,4.16
06/08/1991,4.21
07/08/1991,4.29
08/08/1991,4.35
09/08/1991,4.34
10/08/1991,4.15
11/08/1991,4.01
12/08/1991,4.0
13/08/1991,4.0
14/08/1991,4.0
15/08/1991,4.03
16/08/1991,4.12
17/08/1991,4.02
18/08/1991,4.0
19/08/1991,4.0
20/08/1991,4.0
21/08/1991,3.98
22/08/1991,3.95
23/08/1991,3.99
24/08/1991,3.98
25/08/1991,4.0
26/08/1991,3.97
27/08/1991,3.95
28/08/1991,3.89
29/08/1991,3.94
30/08/1991,3.87
31/08/1991,3.78
01/09/1991,3.76
02/09/1991,3.69
03/09/1991,3.72
04/09/1991,3.71
05/09/1991,3.76
06/09/1991,3.75
07/09/1991,3.75
08/09/1991,3.75
09/09/1991,3.77
10/09/1991,3.75
11/09/1991,3.75
12/09/1991,3.75
13/09/1991,3.72
14/09/1991,3.72
15/09/1991,3.68
16/09/1991,3.76
17/09/1991,3.75
18/09/1991,3.66
19/09/1991,3.62
20/09/1991,3.69
21/09/1991,3.71
22/09/1991,3.72
23/09/1991,3.74
24/09/1991,3.71
25/09/1991,3.74
26/09/1991,3.73
27/09/1991,3.75
28/09/1991,3.75
29/09/1991,3.7
30/09/1991,3.7
01/10/1991,3.7
02/10/1991,3.72
03/10/1991,3.74
04/10/1991,3.77
05/10/1991,3.79
06/10/1991,3.83
07/10/1991,3.85
08/10/1991,3.81
09/10/1991,3.84
10/10/1991,3.8
11/10/1991,3.76
12/10/1991,3.6
13/10/1991,3.6
14/10/1991,3.65
15/10/1991,3.7
16/10/1991,3.72
17/10/1991,3.73
18/10/1991,3.75
19/10/1991,3.78
20/10/1991,3.8
21/10/1991,3.8
22/10/1991,3.77
23/10/1991,3.75
24/10/1991,3.8
25/10/1991,3.8
26/10/1991,3.78
27/10/1991,3.83
28/10/1991,3.91
29/10/1991,4.03
30/10/1991,4.0
31/10/1991,3.97
01/11/1991,4.0
02/11/1991,4.04
03/11/1991,4.02
04/11/1991,4.0
05/11/1991,3.97
06/11/1991,3.92
07/11/1991,3.96
08/11/1991,4.0
09/11/1991,3.95
10/11/1991,3.95
11/11/1991,3.99
12/11/1991,3.95
13/11/1991,3.95
14/11/1991,4.0
15/11/1991,4.0
16/11/1991,3.95
17/11/1991,3.9
18/11/1991,3.93
19/11/1991,3.91
20/11/1991,3.85
21/11/1991,3.85
22/11/1991,3.85
23/11/1991,3.9
24/11/1991,3.9
25/11/1991,3.81
26/11/1991,3.81
27/11/1991,3.8
28/11/1991,3.82
29/11/1991,3.75
30/11/1991,3.71
01/12/1991,3.75
02/12/1991,3.77
03/12/1991,3.8
04/12/1991,3.73
05/12/1991,3.74
06/12/1991,3.71
07/12/1991,3.75
08/12/1991,3.77
09/12/1991,3.8
10/12/1991,3.8
11/12/1991,3.8
12/12/1991,3.77
13/12/1991,3.74
14/12/1991,3.72
15/12/1991,3.79
16/12/1991,3.77
17/12/1991,3.7
18/12/1991,3.7
19/12/1991,3.7
20/12/1991,3.74
21/12/1991,3.71
22/12/1991,3.72
23/12/1991,3.67
24/12/1991,3.65
25/12/1991,3.67
26/12/1991,3.7
27/12/1991,3.73
28/12/1991,3.7
29/12/1991,3.7
30/12/1991,3.67
31/12/1991,3.7
01/01/1992,3.7
02/01/1992,3.66
03/01/1992,3.69
04/01/1992,3.65
05/01/1992,3.68
06/01/1992,3.7
07/01/1992,3.71
08/01/1992,3.6
09/01/1992,3.53
10/01/1992,3.5
11/01/1992,3.45
12/01/1992,3.47
13/01/1992,3.36
14/01/1992,3.27
15/01/1992,3.2
16/01/1992,3.15
17/01/1992,3.15
18/01/1992,3.12
19/01/1992,3.06
20/01/1992,3.09
21/01/1992,3.05
22/01/1992,3.0
23/01/1992,3.02
24/01/1992,3.05
25/01/1992,3.04
26/01/1992,3.05
27/01/1992,3.02
28/01/1992,3.0
29/01/1992,2.98
30/01/1992,2.97
31/01/1992,2.98
01/02/1992,3.02
02/02/1992,3.01
03/02/1992,3.12
04/02/1992,3.11
05/02/1992,3.1
06/02/1992,3.14
07/02/1992,3.19
08/02/1992,3.2
09/02/1992,3.18
10/02/1992,3.12
11/02/1992,3.12
12/02/1992,3.11
13/02/1992,3.1
14/02/1992,3.1
15/02/1992,3.12
16/02/1992,3.15
17/02/1992,3.13
18/02/1992,3.1
19/02/1992,3.1
20/02/1992,3.1
21/02/1992,3.1
22/02/1992,3.1
23/02/1992,3.1
24/02/1992,3.1
25/02/1992,3.1
26/02/1992,3.14
27/02/1992,3.15
28/02/1992,3.11
29/02/1992,3.23
01/03/1992,3.1
02/03/1992,3.1
03/03/1992,3.07
04/03/1992,3.07
05/03/1992,3.1
06/03/1992,3.05
07/03/1992,3.05
08/03/1992,3.05
09/03/1992,3.05
10/03/1992,3.02
11/03/1992,3.02
12/03/1992,3.05
13/03/1992,3.0
14/03/1992,3.0
15/03/1992,3.04
16/03/1992,3.0
17/03/1992,3.0
18/03/1992,3.0
19/03/1992,3.0
20/03/1992,3.05
21/03/1992,3.05
22/03/1992,3.05
23/03/1992,3.0
24/03/1992,3.0
25/03/1992,3.0
26/03/1992,3.0
27/03/1992,3.0
28/03/1992,3.0
29/03/1992,3.0
30/03/1992,3.0
31/03/1992,3.0
01/04/1992,2.95
02/04/1992,2.95
03/04/1992,2.97
04/04/1992,2.98
05/04/1992,2.95
06/04/1992,2.9
07/04/1992,2.9
08/04/1992,2.9
09/04/1992,2.95
10/04/1992,2.93
11/04/1992,2.95
12/04/1992,2.95
13/04/1992,2.98
14/04/1992,3.0
15/04/1992,3.01
16/04/1992,3.11
17/04/1992,3.22
18/04/1992,3.32
19/04/1992,3.37
20/04/1992,3.47
21/04/1992,3.5
22/04/1992,3.52
23/04/1992,3.52
24/04/1992,3.52
25/04/1992,3.55
26/04/1992,3.55
27/04/1992,3.62
28/04/1992,3.65
29/04/1992,3.67
30/04/1992,3.67
01/05/1992,3.67
02/05/1992,3.68
03/05/1992,3.68
04/05/1992,3.7
05/05/1992,3.7
06/05/1992,3.7
07/05/1992,3.73
08/05/1992,3.8
09/05/1992,3.8
10/05/1992,3.76
11/05/1992,3.81
12/05/1992,3.8
13/05/1992,3.8
14/05/1992,3.83
15/05/1992,3.83
16/05/1992,3.83
17/05/1992,3.8
18/05/1992,3.83
19/05/1992,3.81
20/05/1992,3.84
21/05/1992,3.83
22/05/1992,3.85
23/05/1992,3.85
24/05/1992,3.81
25/05/1992,3.85
26/05/1992,3.87
27/05/1992,3.9
28/05/1992,3.93
29/05/1992,3.95
30/05/1992,4.0
31/05/1992,4.0
01/06/1992,3.97
02/06/1992,3.99
03/06/1992,3.95
04/06/1992,3.95
05/06/1992,4.02
06/06/1992,4.08
07/06/1992,4.15
08/06/1992,4.22
09/06/1992,4.27
10/06/1992,4.3
11/06/1992,4.37
12/06/1992,4.47
13/06/1992,4.5
14/06/1992,4.5
15/06/1992,4.55
16/06/1992,4.55
17/06/1992,4.55
18/06/1992,4.55
19/06/1992,4.55
20/06/1992,4.55
21/06/1992,4.6
22/06/1992,4.6
23/06/1992,4.67
24/06/1992,4.7
25/06/1992,4.72
26/06/1992,4.77
27/06/1992,4.76
28/06/1992,4.77
29/06/1992,4.84
30/06/1992,4.87
01/07/1992,4.9
02/07/1992,4.92
03/07/1992,4.95
04/07/1992,4.97
05/07/1992,4.95
06/07/1992,4.9
07/07/1992,4.9
08/07/1992,4.92
09/07/1992,4.9
10/07/1992,4.9
11/07/1992,4.9
12/07/1992,4.9
13/07/1992,4.9
14/07/1992,4.97
15/07/1992,5.0
16/07/1992,4.93
17/07/1992,4.92
18/07/1992,4.99
19/07/1992,4.97
20/07/1992,4.95
21/07/1992,4.97
22/07/1992,4.95
23/07/1992,4.95
24/07/1992,4.97
25/07/1992,4.95
26/07/1992,4.95
27/07/1992,5.0
28/07/1992,5.0
29/07/1992,5.0
30/07/1992,5.0
31/07/1992,4.97
01/08/1992,4.95
02/08/1992,4.97
03/08/1992,4.95
04/08/1992,4.95
05/08/1992,5.0
06/08/1992,5.0
07/08/1992,4.97
08/08/1992,4.97
09/08/1992,4.95
10/08/1992,4.9
11/08/1992,4.9
12/08/1992,4.9
13/08/1992,4.94
14/08/1992,4.88
15/08/1992,4.89
16/08/1992,4.85
17/08/1992,4.85
18/08/1992,4.85
19/08/1992,4.8
20/08/1992,4.82
21/08/1992,4.85
22/08/1992,4.9
23/08/1992,4.9
24/08/1992,4.9
25/08/1992,4.9
26/08/1992,4.9
27/08/1992,4.95
28/08/1992,4.96
29/08/1992,4.94
30/08/1992,4.95
31/08/1992,4.94
01/09/1992,4.81
02/09/1992,4.78
03/09/1992,4.7
04/09/1992,4.7
05/09/1992,4.65
06/09/1992,4.65
07/09/1992,4.65
08/09/1992,4.65
09/09/1992,4.65
10/09/1992,4.65
11/09/1992,4.65
12/09/1992,4.65
13/09/1992,4.65
14/09/1992,4.65
15/09/1992,4.65
16/09/1992,4.6
17/09/1992,4.6
18/09/1992,4.6
19/09/1992,4.6
20/09/1992,4.6
21/09/1992,4.6
22/09/1992,4.6
23/09/1992,4.6
24/09/1992,4.6
25/09/1992,4.6
26/09/1992,4.6
27/09/1992,4.6
28/09/1992,4.6
29/09/1992,4.6
30/09/1992,4.6
01/10/1992,4.6
02/10/1992,4.6
03/10/1992,4.58
04/10/1992,4.55
05/10/1992,4.55
06/10/1992,4.55
07/10/1992,4.5
08/10/1992,4.43
09/10/1992,4.37
10/10/1992,4.41
11/10/1992,4.4
12/10/1992,4.39
13/10/1992,4.31
14/10/1992,4.3
15/10/1992,4.3
16/10/1992,4.32
17/10/1992,4.3
18/10/1992,4.21
19/10/1992,4.2
20/10/1992,4.2
21/10/1992,4.2
22/10/1992,4.2
23/10/1992,4.2
24/10/1992,4.2
25/10/1992,4.15
26/10/1992,4.12
27/10/1992,4.13
28/10/1992,4.1
29/10/1992,4.14
30/10/1992,4.11
31/10/1992,4.13
01/11/1992,4.1
02/11/1992,4.1
03/11/1992,4.1
04/11/1992,4.1
05/11/1992,4.05
06/11/1992,4.05
07/11/1992,4.05
08/11/1992,4.05
09/11/1992,4.0
10/11/1992,4.0
11/11/1992,3.99
12/11/1992,3.9
13/11/1992,3.84
14/11/1992,3.8
15/11/1992,3.8
16/11/1992,3.8
17/11/1992,3.75
18/11/1992,3.75
19/11/1992,3.73
20/11/1992,3.7
21/11/1992,3.7
22/11/1992,3.7
23/11/1992,3.7
24/11/1992,3.7
25/11/1992,3.65
26/11/1992,3.65
27/11/1992,3.6
28/11/1992,3.55
29/11/1992,3.5
30/11/1992,3.5
01/12/1992,3.5
02/12/1992,3.5
03/12/1992,3.5
04/12/1992,3.45
05/12/1992,3.48
06/12/1992,3.5
07/12/1992,3.5
08/12/1992,3.48
09/12/1992,3.45
10/12/1992,3.45
11/12/1992,3.43
12/12/1992,3.4
13/12/1992,3.4
14/12/1992,3.4
15/12/1992,3.35
16/12/1992,3.35
17/12/1992,3.28
18/12/1992,3.23
19/12/1992,3.19
20/12/1992,3.11
21/12/1992,3.05
22/12/1992,3.19
23/12/1992,3.04
24/12/1992,3.0
25/12/1992,3.0
26/12/1992,2.98
27/12/1992,2.95
28/12/1992,2.9
29/12/1992,2.89
30/12/1992,2.81
31/12/1992,2.8
01/01/1993,2.8
02/01/1993,2.8
03/01/1993,2.76
04/01/1993,2.93
05/01/1993,3.0
06/01/1993,2.93
07/01/1993,2.92
08/01/1993,2.89
09/01/1993,2.81
10/01/1993,2.8
11/01/1993,2.8
12/01/1993,2.8
13/01/1993,2.8
14/01/1993,2.75
15/01/1993,2.75
16/01/1993,2.72
17/01/1993,2.7
18/01/1993,2.7
19/01/1993,2.74
20/01/1993,2.61
21/01/1993,2.6
22/01/1993,2.55
23/01/1993,2.55
24/01/1993,2.58
25/01/1993,2.6
26/01/1993,2.55
27/01/1993,2.55
28/01/1993,2.53
29/01/1993,2.5
30/01/1993,2.5
31/01/1993,2.5
01/02/1993,2.57
02/02/1993,2.6
03/02/1993,2.62
04/02/1993,2.65
05/02/1993,2.69
06/02/1993,2.65
07/02/1993,2.6
08/02/1993,2.6
09/02/1993,2.6
10/02/1993,2.6
11/02/1993,2.55
12/02/1993,2.53
13/02/1993,2.5
14/02/1993,2.48
15/02/1993,2.48
16/02/1993,2.45
17/02/1993,2.47
18/02/1993,2.5
19/02/1993,2.47
20/02/1993,2.45
21/02/1993,2.45
22/02/1993,2.45
23/02/1993,2.4
24/02/1993,2.4
25/02/1993,2.4
26/02/1993,2.4
27/02/1993,2.47
28/02/1993,2.36
01/03/1993,2.47
02/03/1993,2.5
03/03/1993,2.5
04/03/1993,2.5
05/03/1993,2.5
06/03/1993,2.5
07/03/1993,2.5
08/03/1993,2.5
09/03/1993,2.5
10/03/1993,2.5
11/03/1993,2.5
12/03/1993,2.5
13/03/1993,2.5
14/03/1993,2.5
15/03/1993,2.5
16/03/1993,2.5
17/03/1993,2.5
18/03/1993,2.5
19/03/1993,2.5
20/03/1993,2.5
21/03/1993,2.5
22/03/1993,2.48
23/03/1993,2.45
24/03/1993,2.45
25/03/1993,2.45
26/03/1993,2.45
27/03/1993,2.45
28/03/1993,2.45
29/03/1993,2.45
30/03/1993,2.45
31/03/1993,2.45
01/04/1993,2.45
02/04/1993,2.45
03/04/1993,2.4
04/04/1993,2.4
05/04/1993,2.4
06/04/1993,2.4
07/04/1993,2.4
08/04/1993,2.4
09/04/1993,2.4
10/04/1993,2.4
11/04/1993,2.4
12/04/1993,2.4
13/04/1993,2.4
14/04/1993,2.4
15/04/1993,2.4
16/04/1993,2.45
17/04/1993,2.45
18/04/1993,2.45
19/04/1993,2.45
20/04/1993,2.45
21/04/1993,2.45
22/04/1993,2.45
23/04/1993,2.45
24/04/1993,2.45
25/04/1993,2.45
26/04/1993,2.45
27/04/1993,2.45
28/04/1993,2.45
29/04/1993,2.45
30/04/1993,2.45
01/05/1993,2.45
02/05/1993,2.45
03/05/1993,2.47
04/05/1993,2.51
05/05/1993,2.59
06/05/1993,2.65
07/05/1993,2.7
08/05/1993,2.75
09/05/1993,2.75
10/05/1993,2.75
11/05/1993,2.75
12/05/1993,2.79
13/05/1993,2.98
14/05/1993,3.0
15/05/1993,2.96
16/05/1993,3.0
17/05/1993,3.04
18/05/1993,3.0
19/05/1993,3.0
20/05/1993,3.05
21/05/1993,3.05
22/05/1993,3.0
23/05/1993,2.98
24/05/1993,2.96
25/05/1993,2.95
26/05/1993,3.0
27/05/1993,3.02
28/05/1993,3.05
29/05/1993,3.05
30/05/1993,3.05
31/05/1993,3.02
01/06/1993,3.0
02/06/1993,3.02
03/06/1993,3.05
04/06/1993,3.07
05/06/1993,3.1
06/06/1993,3.1
07/06/1993,3.17
08/06/1993,3.17
09/06/1993,3.2
10/06/1993,3.27
11/06/1993,3.3
12/06/1993,3.3
13/06/1993,3.3
14/06/1993,3.35
15/06/1993,3.35
16/06/1993,3.3
17/06/1993,3.3
18/06/1993,3.3
19/06/1993,3.3
20/06/1993,3.3
21/06/1993,3.35
22/06/1993,3.37
23/06/1993,3.4
24/06/1993,3.42
25/06/1993,3.5
26/06/1993,3.5
27/06/1993,3.54
28/06/1993,3.5
29/06/1993,3.5
30/06/1993,3.5
01/07/1993,3.5
02/07/1993,3.47
03/07/1993,3.45
04/07/1993,3.45
05/07/1993,3.47
06/07/1993,3.47
07/07/1993,3.4
08/07/1993,3.4
09/07/1993,3.45
10/07/1993,3.45
11/07/1993,3.45
12/07/1993,3.47
13/07/1993,3.5
14/07/1993,3.5
15/07/1993,3.47
16/07/1993,3.47
17/07/1993,3.45
18/07/1993,3.45
19/07/1993,3.5
20/07/1993,3.47
21/07/1993,3.5
22/07/1993,3.5
23/07/1993,3.5
24/07/1993,3.52
25/07/1993,3.55
26/07/1993,3.5
27/07/1993,3.45
28/07/1993,3.45
29/07/1993,3.4
30/07/1993,3.4
31/07/1993,3.4
01/08/1993,3.4
02/08/1993,3.4
03/08/1993,3.4
04/08/1993,3.4
05/08/1993,3.4
06/08/1993,3.37
07/08/1993,3.35
08/08/1993,3.35
09/08/1993,3.4
10/08/1993,3.4
11/08/1993,3.4
12/08/1993,3.4
13/08/1993,3.35
14/08/1993,3.35
15/08/1993,3.4
16/08/1993,3.4
17/08/1993,3.4
18/08/1993,3.4
19/08/1993,3.4
20/08/1993,3.38
21/08/1993,3.35
22/08/1993,3.35
23/08/1993,3.35
24/08/1993,3.4
25/08/1993,3.4
26/08/1993,3.4
27/08/1993,3.45
28/08/1993,3.45
29/08/1993,3.46
30/08/1993,3.61
31/08/1993,3.7
01/09/1993,3.75
02/09/1993,3.77
03/09/1993,3.8
04/09/1993,3.83
05/09/1993,3.85
06/09/1993,3.82
07/09/1993,3.8
08/09/1993,3.8
09/09/1993,3.81
10/09/1993,3.94
11/09/1993,4.0
12/09/1993,4.0
13/09/1993,4.04
14/09/1993,4.0
15/09/1993,4.0
16/09/1993,4.0
17/09/1993,4.02
18/09/1993,4.0
19/09/1993,4.02
20/09/1993,4.05
21/09/1993,4.05
22/09/1993,4.05
23/09/1993,4.0
24/09/1993,3.97
25/09/1993,3.94
26/09/1993,3.86
27/09/1993,3.85
28/09/1993,3.85
29/09/1993,3.85
30/09/1993,3.85
01/10/1993,3.8
02/10/1993,3.8
03/10/1993,3.8
04/10/1993,3.8
05/10/1993,3.8
06/10/1993,3.75
07/10/1993,3.73
08/10/1993,3.7
09/10/1993,3.7
10/10/1993,3.7
11/10/1993,3.7
12/10/1993,3.7
13/10/1993,3.7
14/10/1993,3.7
15/10/1993,3.7
16/10/1993,3.7
17/10/1993,3.65
18/10/1993,3.65
19/10/1993,3.65
20/10/1993,3.65
21/10/1993,3.65
22/10/1993,3.65
23/10/1993,3.65
24/10/1993,3.65
25/10/1993,3.6
26/10/1993,3.62
27/10/1993,3.6
28/10/1993,3.6
29/10/1993,3.6
30/10/1993,3.55
31/10/1993,3.55
01/11/1993,3.55
02/11/1993,3.55
03/11/1993,3.55
04/11/1993,3.55
05/11/1993,3.55
06/11/1993,3.53
07/11/1993,3.5
08/11/1993,3.52
09/11/1993,3.55
10/11/1993,3.5
11/11/1993,3.5
12/11/1993,3.45
13/11/1993,3.45
14/11/1993,3.48
15/11/1993,3.5
16/11/1993,3.5
17/11/1993,3.45
18/11/1993,3.45
19/11/1993,3.5
20/11/1993,3.5
21/11/1993,3.5
22/11/1993,3.5
23/11/1993,3.5
24/11/1993,3.5
25/11/1993,3.51
26/11/1993,3.59
27/11/1993,3.6
28/11/1993,3.6
29/11/1993,3.6
30/11/1993,3.6
01/12/1993,3.6
02/12/1993,3.55
03/12/1993,3.55
04/12/1993,3.6
05/12/1993,3.6
06/12/1993,3.6
07/12/1993,3.6
08/12/1993,3.6
09/12/1993,3.65
10/12/1993,3.63
11/12/1993,3.6
12/12/1993,3.6
13/12/1993,3.55
14/12/1993,3.55
15/12/1993,3.5
16/12/1993,3.5
17/12/1993,3.5
18/12/1993,3.45
19/12/1993,3.45
20/12/1993,3.45
21/12/1993,3.48
22/12/1993,3.5
23/12/1993,3.48
24/12/1993,3.45
25/12/1993,3.4
26/12/1993,3.4
27/12/1993,3.4
28/12/1993,3.45
29/12/1993,3.45
30/12/1993,3.45
31/12/1993,3.45
01/01/1994,3.46
02/01/1994,3.4
03/01/1994,3.4
04/01/1994,3.4
05/01/1994,3.4
06/01/1994,3.35
07/01/1994,3.35
08/01/1994,3.35
09/01/1994,3.35
10/01/1994,3.35
11/01/1994,3.37
12/01/1994,3.37
13/01/1994,3.3
14/01/1994,3.3
15/01/1994,3.3
16/01/1994,3.3
17/01/1994,3.3
18/01/1994,3.3
19/01/1994,3.3
20/01/1994,3.3
21/01/1994,3.25
22/01/1994,3.25
23/01/1994,3.25
24/01/1994,3.3
25/01/1994,3.3
26/01/1994,3.25
27/01/1994,3.25
28/01/1994,3.2
29/01/1994,3.19
30/01/1994,3.11
31/01/1994,3.1
01/02/1994,3.1
02/02/1994,3.1
03/02/1994,3.1
04/02/1994,3.05
05/02/1994,3.03
06/02/1994,3.0
07/02/1994,3.0
08/02/1994,3.05
09/02/1994,3.05
10/02/1994,3.05
11/02/1994,3.05
12/02/1994,3.05
13/02/1994,3.05
14/02/1994,3.0
15/02/1994,3.0
16/02/1994,2.98
17/02/1994,2.95
18/02/1994,2.95
19/02/1994,2.95
20/02/1994,2.9
21/02/1994,2.9
22/02/1994,2.9
23/02/1994,2.9
24/02/1994,2.9
25/02/1994,2.85
26/02/1994,2.82
27/02/1994,2.8
28/02/1994,2.8
01/03/1994,2.75
02/03/1994,2.75
03/03/1994,2.73
04/03/1994,2.7
05/03/1994,2.7
06/03/1994,2.7
07/03/1994,2.72
08/03/1994,2.75
09/03/1994,2.7
10/03/1994,2.7
11/03/1994,2.7
12/03/1994,2.65
13/03/1994,2.63
14/03/1994,2.6
15/03/1994,2.6
16/03/1994,2.65
17/03/1994,2.65
18/03/1994,2.7
19/03/1994,2.7
20/03/1994,2.7
21/03/1994,2.72
22/03/1994,2.75
23/03/1994,2.75
24/03/1994,2.77
25/03/1994,2.8
26/03/1994,2.85
27/03/1994,2.85
28/03/1994,2.9
29/03/1994,2.92
30/03/1994,2.95
31/03/1994,2.95
01/04/1994,2.9
02/04/1994,2.9
03/04/1994,2.9
04/04/1994,2.85
05/04/1994,2.8
06/04/1994,2.8
07/04/1994,2.8
08/04/1994,2.8
09/04/1994,2.75
10/04/1994,2.75
11/04/1994,2.75
12/04/1994,2.75
13/04/1994,2.75
14/04/1994,2.8
15/04/1994,2.8
16/04/1994,2.8
17/04/1994,2.8
18/04/1994,2.8
19/04/1994,2.8
20/04/1994,2.8
21/04/1994,2.8
22/04/1994,2.85
23/04/1994,2.85
24/04/1994,2.85
25/04/1994,2.87
26/04/1994,2.9
27/04/1994,2.9
28/04/1994,2.85
29/04/1994,2.85
30/04/1994,2.85
01/05/1994,2.85
02/05/1994,2.9
03/05/1994,2.9
04/05/1994,2.9
05/05/1994,2.9
06/05/1994,2.96
07/05/1994,3.0
08/05/1994,2.95
09/05/1994,2.9
10/05/1994,2.85
11/05/1994,2.85
12/05/1994,2.85
13/05/1994,2.85
14/05/1994,2.85
15/05/1994,2.85
16/05/1994,2.85
17/05/1994,2.85
18/05/1994,2.85
19/05/1994,2.85
20/05/1994,2.85
21/05/1994,2.8
22/05/1994,2.8
23/05/1994,2.8
24/05/1994,2.8
25/05/1994,2.8
26/05/1994,2.85
27/05/1994,2.85
28/05/1994,2.85
29/05/1994,2.85
30/05/1994,2.85
31/05/1994,2.85
01/06/1994,2.85
02/06/1994,2.85
03/06/1994,2.85
04/06/1994,2.85
05/06/1994,2.85
06/06/1994,2.85
07/06/1994,2.85
08/06/1994,2.85
09/06/1994,2.85
10/06/1994,2.8
11/06/1994,2.8
12/06/1994,2.8
13/06/1994,2.85
14/06/1994,2.85
15/06/1994,2.85
16/06/1994,2.85
17/06/1994,2.9
18/06/1994,2.9
19/06/1994,2.92
20/06/1994,2.95
21/06/1994,2.9
22/06/1994,2.9
23/06/1994,2.95
24/06/1994,3.0
25/06/1994,3.0
26/06/1994,3.05
27/06/1994,3.05
28/06/1994,3.09
29/06/1994,3.05
30/06/1994,3.0
01/07/1994,3.0
02/07/1994,3.0
03/07/1994,3.0
04/07/1994,3.0
05/07/1994,3.05
06/07/1994,3.05
07/07/1994,3.05
08/07/1994,3.05
09/07/1994,3.1
10/07/1994,3.1
11/07/1994,3.1
12/07/1994,3.1
13/07/1994,3.15
14/07/1994,3.15
15/07/1994,3.2
16/07/1994,3.2
17/07/1994,3.25
18/07/1994,3.25
19/07/1994,3.3
20/07/1994,3.3
21/07/1994,3.3
22/07/1994,3.3
23/07/1994,3.35
24/07/1994,3.35
25/07/1994,3.35
26/07/1994,3.4
27/07/1994,3.4
28/07/1994,3.48
29/07/1994,3.55
30/07/1994,3.61
31/07/1994,3.7
01/08/1994,3.77
02/08/1994,3.87
03/08/1994,3.96
04/08/1994,4.0
05/08/1994,4.05
06/08/1994,4.1
07/08/1994,4.15
08/08/1994,4.19
09/08/1994,4.11
10/08/1994,4.1
11/08/1994,4.1
12/08/1994,4.1
13/08/1994,4.15
14/08/1994,4.15
15/08/1994,4.15
16/08/1994,4.15
17/08/1994,4.17
18/08/1994,4.2
19/08/1994,4.2
20/08/1994,4.2
21/08/1994,4.2
22/08/1994,4.15
23/08/1994,4.15
24/08/1994,4.15
25/08/1994,4.15
26/08/1994,4.15
27/08/1994,4.1
28/08/1994,4.1
29/08/1994,4.1
30/08/1994,4.1
31/08/1994,4.1
01/09/1994,4.1
02/09/1994,4.09
03/09/1994,4.01
04/09/1994,4.0
05/09/1994,4.0
06/09/1994,4.0
07/09/1994,3.98
08/09/1994,3.95
09/09/1994,3.95
10/09/1994,3.95
11/09/1994,3.95
12/09/1994,3.95
13/09/1994,4.0
14/09/1994,4.0
15/09/1994,4.0
16/09/1994,4.05
17/09/1994,4.05
18/09/1994,4.05
19/09/1994,4.1
20/09/1994,4.1
21/09/1994,4.15
22/09/1994,4.15
23/09/1994,4.15
24/09/1994,4.15
25/09/1994,4.15
26/09/1994,4.15
27/09/1994,4.15
28/09/1994,4.2
29/09/1994,4.2
30/09/1994,4.2
01/10/1994,4.2
02/10/1994,4.2
03/10/1994,4.2
04/10/1994,4.2
05/10/1994,4.2
06/10/1994,4.2
07/10/1994,4.2
08/10/1994,4.2
09/10/1994,4.2
10/10/1994,4.25
11/10/1994,4.25
12/10/1994,4.25
13/10/1994,4.25
14/10/1994,4.2
15/10/1994,4.2
16/10/1994,4.2
17/10/1994,4.2
18/10/1994,4.2
19/10/1994,4.2
20/10/1994,4.2
21/10/1994,4.25
22/10/1994,4.25
23/10/1994,4.25
24/10/1994,4.25
25/10/1994,4.25
26/10/1994,4.25
27/10/1994,4.25
28/10/1994,4.25
29/10/1994,4.25
30/10/1994,4.3
31/10/1994,4.36
01/11/1994,4.4
02/11/1994,4.4
03/11/1994,4.4
04/11/1994,4.4
05/11/1994,4.35
06/11/1994,4.35
07/11/1994,4.35
08/11/1994,4.3
09/11/1994,4.3
10/11/1994,4.3
11/11/1994,4.3
12/11/1994,4.3
13/11/1994,4.3
14/11/1994,4.3
15/11/1994,4.3
16/11/1994,4.3
17/11/1994,4.3
18/11/1994,4.3
19/11/1994,4.3
20/11/1994,4.3
21/11/1994,4.3
22/11/1994,4.3
23/11/1994,4.3
24/11/1994,4.3
25/11/1994,4.3
26/11/1994,4.3
27/11/1994,4.28
28/11/1994,4.02
29/11/1994,4.0
30/11/1994,3.95
01/12/1994,3.95
02/12/1994,4.0
03/12/1994,4.0
04/12/1994,4.0
05/12/1994,3.95
06/12/1994,3.81
07/12/1994,3.8
08/12/1994,3.8
09/12/1994,3.75
10/12/1994,3.7
11/12/1994,3.68
12/12/1994,3.63
13/12/1994,3.6
14/12/1994,3.56
15/12/1994,3.56
16/12/1994,3.5
17/12/1994,3.5
18/12/1994,3.5
19/12/1994,3.5
20/12/1994,3.5
21/12/1994,3.5
22/12/1994,3.45
23/12/1994,3.45
24/12/1994,3.45
25/12/1994,3.45
26/12/1994,3.45
27/12/1994,3.45
28/12/1994,3.4
29/12/1994,3.4
30/12/1994,3.38
31/12/1994,3.35
01/01/1995,3.41
02/01/1995,3.41
03/01/1995,3.44
04/01/1995,3.44
05/01/1995,3.69
06/01/1995,3.53
07/01/1995,3.43
08/01/1995,3.35
09/01/1995,3.32
10/01/1995,3.29
11/01/1995,3.27
12/01/1995,3.28
13/01/1995,3.31
14/01/1995,3.23
15/01/1995,3.2
16/01/1995,3.2
17/01/1995,3.31
18/01/1995,3.29
19/01/1995,3.27
20/01/1995,3.23
21/01/1995,3.19
22/01/1995,3.16
23/01/1995,3.08
24/01/1995,3.06
25/01/1995,3.03
26/01/1995,3.02
27/01/1995,3.02
28/01/1995,3.01
29/01/1995,2.99
30/01/1995,2.95
31/01/1995,2.94
01/02/1995,2.89
02/02/1995,2.85
03/02/1995,2.83
04/02/1995,2.82
05/02/1995,2.82
06/02/1995,2.82
07/02/1995,2.81
08/02/1995,2.82
09/02/1995,2.82
10/02/1995,2.81
11/02/1995,2.8
12/02/1995,2.79
13/02/1995,2.79
14/02/1995,2.93
15/02/1995,2.99
16/02/1995,2.9
17/02/1995,2.84
18/02/1995,2.81
19/02/1995,2.77
20/02/1995,2.76
21/02/1995,2.76
22/02/1995,2.8
23/02/1995,2.79
24/02/1995,2.82
25/02/1995,2.82
26/02/1995,2.8
27/02/1995,2.78
28/02/1995,2.76
01/03/1995,2.74
02/03/1995,2.72
03/03/1995,2.69
04/03/1995,2.68
05/03/1995,2.67
06/03/1995,2.66
07/03/1995,2.71
08/03/1995,2.99
09/03/1995,2.87
10/03/1995,2.74
11/03/1995,2.69
12/03/1995,2.67
13/03/1995,2.66
14/03/1995,2.66
15/03/1995,2.66
16/03/1995,2.65
17/03/1995,2.64
18/03/1995,2.64
19/03/1995,2.64
20/03/1995,2.64
21/03/1995,2.64
22/03/1995,2.63
23/03/1995,2.63
24/03/1995,2.63
25/03/1995,2.62
26/03/1995,2.62
27/03/1995,2.62
28/03/1995,2.61
29/03/1995,2.61
30/03/1995,2.61
31/03/1995,2.6
01/04/1995,2.6
02/04/1995,2.6
03/04/1995,2.6
04/04/1995,2.6
05/04/1995,2.6
06/04/1995,2.6
07/04/1995,2.6
08/04/1995,2.65
09/04/1995,2.65
10/04/1995,2.65
11/04/1995,2.65
12/04/1995,2.65
13/04/1995,2.6
14/04/1995,2.6
15/04/1995,2.55
16/04/1995,2.5
17/04/1995,2.5
18/04/1995,2.5
19/04/1995,2.5
20/04/1995,2.5
21/04/1995,2.5
22/04/1995,2.5
23/04/1995,2.5
24/04/1995,2.55
25/04/1995,2.55
26/04/1995,2.55
27/04/1995,2.55
28/04/1995,2.55
29/04/1995,2.55
30/04/1995,2.55
01/05/1995,2.6
02/05/1995,2.65
03/05/1995,2.65
04/05/1995,2.65
05/05/1995,2.65
06/05/1995,2.65
07/05/1995,2.65
08/05/1995,2.65
09/05/1995,2.65
10/05/1995,2.65
11/05/1995,2.65
12/05/1995,2.65
13/05/1995,2.65
14/05/1995,2.65
15/05/1995,2.65
16/05/1995,2.6
17/05/1995,2.6
18/05/1995,2.6
19/05/1995,2.6
20/05/1995,2.6
21/05/1995,2.6
22/05/1995,2.6
23/05/1995,2.6
24/05/1995,2.6
25/05/1995,2.6
26/05/1995,2.6
27/05/1995,2.6
28/05/1995,2.6
29/05/1995,2.65
30/05/1995,2.65
31/05/1995,2.65
01/06/1995,2.65
02/06/1995,2.65
03/06/1995,2.62
04/06/1995,2.6
05/06/1995,2.64
06/06/1995,2.6
07/06/1995,2.6
08/06/1995,2.62
09/06/1995,2.65
10/06/1995,2.62
11/06/1995,2.6
12/06/1995,2.6
13/06/1995,2.55
14/06/1995,2.55
15/06/1995,2.6
16/06/1995,2.6
17/06/1995,2.65
18/06/1995,2.62
19/06/1995,2.6
20/06/1995,2.55
21/06/1995,2.5
22/06/1995,2.5
23/06/1995,2.55
24/06/1995,2.57
25/06/1995,2.6
26/06/1995,2.62
27/06/1995,2.65
28/06/1995,2.65
29/06/1995,2.7
30/06/1995,2.77
01/07/1995,2.8
02/07/1995,2.85
03/07/1995,2.85
04/07/1995,2.85
05/07/1995,2.85
06/07/1995,2.85
07/07/1995,2.87
08/07/1995,2.9
09/07/1995,2.9
10/07/1995,2.9
11/07/1995,2.95
12/07/1995,3.0
13/07/1995,3.1
14/07/1995,3.25
15/07/1995,3.47
16/07/1995,3.67
17/07/1995,3.88
18/07/1995,4.05
19/07/1995,4.24
20/07/1995,4.35
21/07/1995,4.43
22/07/1995,4.63
23/07/1995,4.65
24/07/1995,4.65
25/07/1995,4.65
26/07/1995,4.65
27/07/1995,4.65
28/07/1995,4.67
29/07/1995,4.7
30/07/1995,4.7
31/07/1995,4.7
01/08/1995,4.72
02/08/1995,4.72
03/08/1995,4.74
04/08/1995,4.71
05/08/1995,4.72
06/08/1995,4.75
07/08/1995,4.76
08/08/1995,4.77
09/08/1995,4.76
10/08/1995,4.74
11/08/1995,4.75
12/08/1995,4.74
13/08/1995,4.73
14/08/1995,4.72
15/08/1995,4.69
16/08/1995,4.64
17/08/1995,4.63
18/08/1995,4.64
19/08/1995,4.63
20/08/1995,4.64
21/08/1995,4.64
22/08/1995,4.63
23/08/1995,4.61
24/08/1995,4.58
25/08/1995,4.56
26/08/1995,4.56
27/08/1995,4.54
28/08/1995,4.52
29/08/1995,4.52
30/08/1995,4.51
31/08/1995,4.5
01/09/1995,4.49
02/09/1995,4.47
03/09/1995,4.45
04/09/1995,4.43
05/09/1995,4.41
06/09/1995,4.39
07/09/1995,4.37
08/09/1995,4.36
09/09/1995,4.4
10/09/1995,4.37
11/09/1995,4.36
12/09/1995,4.35
13/09/1995,4.32
14/09/1995,4.31
15/09/1995,4.28
16/09/1995,4.28
17/09/1995,4.29
18/09/1995,4.29
19/09/1995,4.27
20/09/1995,4.23
21/09/1995,4.24
22/09/1995,4.24
23/09/1995,4.21
24/09/1995,4.21
25/09/1995,4.21
26/09/1995,4.26
27/09/1995,4.24
28/09/1995,4.25
29/09/1995,4.25
30/09/1995,4.22
01/10/1995,4.17
02/10/1995,4.16
03/10/1995,4.17
04/10/1995,4.21
05/10/1995,4.17
06/10/1995,4.17
07/10/1995,4.19
08/10/1995,4.15
09/10/1995,4.12
10/10/1995,4.12
11/10/1995,4.14
12/10/1995,4.15
13/10/1995,4.13
14/10/1995,4.01
15/10/1995,4.04
16/10/1995,4.12
17/10/1995,4.12
18/10/1995,4.11
19/10/1995,4.08
20/10/1995,4.08
21/10/1995,4.02
22/10/1995,3.99
23/10/1995,3.98
24/10/1995,3.97
25/10/1995,3.98
26/10/1995,4.04
27/10/1995,4.02
28/10/1995,3.97
29/10/1995,3.89
30/10/1995,3.86
31/10/1995,3.85
01/11/1995,3.83
02/11/1995,3.81
03/11/1995,3.78
04/11/1995,3.76
05/11/1995,3.75
06/11/1995,3.71
07/11/1995,3.71
08/11/1995,3.78
09/11/1995,3.9
10/11/1995,3.78
11/11/1995,3.76
12/11/1995,3.77
13/11/1995,3.78
14/11/1995,3.78
15/11/1995,3.75
16/11/1995,3.73
17/11/1995,3.75
18/11/1995,3.74
19/11/1995,3.72
20/11/1995,3.72
21/11/1995,3.72
22/11/1995,3.69
23/11/1995,3.68
24/11/1995,3.67
25/11/1995,3.66
26/11/1995,3.63
27/11/1995,3.63
28/11/1995,3.57
29/11/1995,3.55
30/11/1995,3.57
01/12/1995,3.55
02/12/1995,3.56
03/12/1995,3.56
04/12/1995,3.56
05/12/1995,3.56
06/12/1995,3.56
07/12/1995,3.56
08/12/1995,3.56
09/12/1995,3.56
10/12/1995,3.56
11/12/1995,3.56
12/12/1995,3.54
13/12/1995,3.54
14/12/1995,3.52
15/12/1995,3.5
16/12/1995,3.5
17/12/1995,3.5
18/12/1995,3.5
19/12/1995,3.45
20/12/1995,3.4
21/12/1995,3.36
22/12/1995,3.3
23/12/1995,3.28
24/12/1995,3.25
25/12/1995,3.2
26/12/1995,3.15
27/12/1995,3.1
28/12/1995,3.0
29/12/1995,2.9
30/12/1995,2.85
31/12/1995,2.85
01/01/1996,2.9
02/01/1996,2.9
03/01/1996,2.9
04/01/1996,2.9
05/01/1996,2.9
06/01/1996,2.9
07/01/1996,2.9
08/01/1996,2.9
09/01/1996,2.9
10/01/1996,2.9
11/01/1996,2.85
12/01/1996,2.85
13/01/1996,2.8
14/01/1996,2.8
15/01/1996,2.8
16/01/1996,2.8
17/01/1996,2.78
18/01/1996,2.71
19/01/1996,2.75
20/01/1996,2.75
21/01/1996,2.75
22/01/1996,2.7
23/01/1996,2.7
24/01/1996,2.7
25/01/1996,2.7
26/01/1996,2.7
27/01/1996,2.65
28/01/1996,2.6
29/01/1996,2.6
30/01/1996,2.6
31/01/1996,2.6
01/02/1996,2.6
02/02/1996,2.6
03/02/1996,2.6
04/02/1996,2.6
05/02/1996,2.6
06/02/1996,2.6
07/02/1996,2.6
08/02/1996,2.6
09/02/1996,2.6
10/02/1996,2.6
11/02/1996,2.6
12/02/1996,2.6
13/02/1996,2.58
14/02/1996,2.58
15/02/1996,2.58
16/02/1996,2.58
17/02/1996,2.58
18/02/1996,2.58
19/02/1996,2.6
20/02/1996,2.6
21/02/1996,2.55
22/02/1996,2.55
23/02/1996,2.55
24/02/1996,2.55
25/02/1996,2.55
26/02/1996,2.54
27/02/1996,2.55
28/02/1996,2.55
29/02/1996,2.55
01/03/1996,2.52
02/03/1996,2.54
03/03/1996,2.54
04/03/1996,2.52
05/03/1996,2.5
06/03/1996,2.5
07/03/1996,2.5
08/03/1996,2.5
09/03/1996,2.45
10/03/1996,2.45
11/03/1996,2.45
12/03/1996,2.45
13/03/1996,2.48
14/03/1996,2.5
15/03/1996,2.45
16/03/1996,2.45
17/03/1996,2.45
18/03/1996,2.4
19/03/1996,2.4
20/03/1996,2.4
21/03/1996,2.35
22/03/1996,2.35
23/03/1996,2.39
24/03/1996,2.35
25/03/1996,2.35
26/03/1996,2.4
27/03/1996,2.4
28/03/1996,2.4
29/03/1996,2.41
30/03/1996,2.49
31/03/1996,2.52
01/04/1996,2.41
02/04/1996,2.4
03/04/1996,2.41
04/04/1996,2.49
05/04/1996,2.53
06/04/1996,2.53
07/04/1996,2.57
08/04/1996,2.65
09/04/1996,2.7
10/04/1996,2.72
11/04/1996,2.75
12/04/1996,2.75
13/04/1996,2.8
14/04/1996,2.85
15/04/1996,2.9
16/04/1996,2.9
17/04/1996,2.93
18/04/1996,2.93
19/04/1996,2.9
20/04/1996,2.92
21/04/1996,2.93
22/04/1996,2.9
23/04/1996,2.9
24/04/1996,2.93
25/04/1996,2.95
26/04/1996,2.97
27/04/1996,3.0
28/04/1996,3.0
29/04/1996,3.05
30/04/1996,3.1
01/05/1996,3.1
02/05/1996,3.1
03/05/1996,3.1
04/05/1996,3.1
05/05/1996,3.1
06/05/1996,3.1
07/05/1996,3.1
08/05/1996,3.1
09/05/1996,3.1
10/05/1996,3.1
11/05/1996,3.1
12/05/1996,3.1
13/05/1996,3.1
14/05/1996,3.1
15/05/1996,3.1
16/05/1996,3.1
17/05/1996,3.15
18/05/1996,3.15
19/05/1996,3.15
20/05/1996,3.14
21/05/1996,3.06
22/05/1996,3.05
23/05/1996,3.0
24/05/1996,3.0
25/05/1996,2.97
26/05/1996,2.95
27/05/1996,2.95
28/05/1996,2.95
29/05/1996,2.9
30/05/1996,2.85
31/05/1996,2.85
01/06/1996,2.87
02/06/1996,2.87
03/06/1996,2.85
04/06/1996,2.85
05/06/1996,2.84
06/06/1996,2.83
07/06/1996,2.83
08/06/1996,2.8
09/06/1996,2.8
10/06/1996,2.8
11/06/1996,2.8
12/06/1996,2.78
13/06/1996,2.77
14/06/1996,2.77
15/06/1996,2.75
16/06/1996,2.7
17/06/1996,2.7
18/06/1996,2.67
19/06/1996,2.67
20/06/1996,2.65
21/06/1996,2.65
22/06/1996,2.63
23/06/1996,2.6
24/06/1996,2.58
25/06/1996,2.56
26/06/1996,2.56
27/06/1996,2.55
28/06/1996,2.55
29/06/1996,2.53
30/06/1996,2.53
01/07/1996,2.58
02/07/1996,2.58
03/07/1996,2.58
04/07/1996,2.58
05/07/1996,2.56
06/07/1996,2.56
07/07/1996,2.56
08/07/1996,2.56
09/07/1996,2.55
10/07/1996,2.55
11/07/1996,2.55
12/07/1996,2.55
13/07/1996,2.57
14/07/1996,2.57
15/07/1996,2.57
16/07/1996,2.56
17/07/1996,2.55
18/07/1996,2.55
19/07/1996,2.53
20/07/1996,2.53
21/07/1996,2.5
22/07/1996,2.5
23/07/1996,2.5
24/07/1996,2.5
25/07/1996,2.5
26/07/1996,2.5
27/07/1996,2.5
28/07/1996,2.5
29/07/1996,2.5
30/07/1996,2.5
31/07/1996,2.49
01/08/1996,2.41
02/08/1996,2.4
03/08/1996,2.4
04/08/1996,2.4
05/08/1996,2.4
06/08/1996,2.45
07/08/1996,2.45
08/08/1996,2.5
09/08/1996,2.5
10/08/1996,2.5
11/08/1996,2.5
12/08/1996,2.5
13/08/1996,2.5
14/08/1996,2.55
15/08/1996,2.55
16/08/1996,2.55
17/08/1996,2.55
18/08/1996,2.5
19/08/1996,2.5
20/08/1996,2.5
21/08/1996,2.5
22/08/1996,2.5
23/08/1996,2.5
24/08/1996,2.5
25/08/1996,2.5
26/08/1996,2.5
27/08/1996,2.5
28/08/1996,2.5
29/08/1996,2.5
30/08/1996,2.5
31/08/1996,2.5
01/09/1996,2.48
02/09/1996,2.45
03/09/1996,2.45
04/09/1996,2.45
05/09/1996,2.45
06/09/1996,2.45
07/09/1996,2.45
08/09/1996,2.45
09/09/1996,2.4
10/09/1996,2.4
11/09/1996,2.4
12/09/1996,2.4
13/09/1996,2.4
14/09/1996,2.4
15/09/1996,2.4
16/09/1996,2.4
17/09/1996,2.45
18/09/1996,2.45
19/09/1996,2.5
20/09/1996,2.6
21/09/1996,2.7
22/09/1996,2.87
23/09/1996,2.95
24/09/1996,3.0
25/09/1996,3.05
26/09/1996,3.05
27/09/1996,3.05
28/09/1996,3.05
29/09/1996,3.05
30/09/1996,3.05
01/10/1996,3.11
02/10/1996,3.13
03/10/1996,3.14
04/10/1996,3.15
05/10/1996,3.16
06/10/1996,3.17
07/10/1996,3.18
08/10/1996,3.23
09/10/1996,3.23
10/10/1996,3.23
11/10/1996,3.21
12/10/1996,3.22
13/10/1996,3.23
14/10/1996,3.24
15/10/1996,3.24
16/10/1996,3.24
17/10/1996,3.24
18/10/1996,3.25
19/10/1996,3.26
20/10/1996,3.27
21/10/1996,3.29
22/10/1996,3.29
23/10/1996,3.27
24/10/1996,3.27
25/10/1996,3.27
26/10/1996,3.26
27/10/1996,3.26
28/10/1996,3.26
29/10/1996,3.26
30/10/1996,3.26
31/10/1996,3.26
01/11/1996,3.25
02/11/1996,3.25
03/11/1996,3.25
04/11/1996,3.25
05/11/1996,3.25
06/11/1996,3.25
07/11/1996,3.25
08/11/1996,3.25
09/11/1996,3.25
10/11/1996,3.25
11/11/1996,3.25
12/11/1996,3.24
13/11/1996,3.15
14/11/1996,3.15
15/11/1996,3.15
16/11/1996,3.15
17/11/1996,3.15
18/11/1996,3.1
19/11/1996,3.1
20/11/1996,3.1
21/11/1996,3.01
22/11/1996,3.0
23/11/1996,2.91
24/11/1996,2.9
25/11/1996,2.9
26/11/1996,2.85
27/11/1996,2.8
28/11/1996,2.8
29/11/1996,2.85
30/11/1996,2.85
01/12/1996,2.91
02/12/1996,2.92
03/12/1996,2.9
04/12/1996,2.9
05/12/1996,2.86
06/12/1996,2.85
07/12/1996,2.85
08/12/1996,2.82
09/12/1996,2.82
10/12/1996,2.79
11/12/1996,2.75
12/12/1996,2.73
13/12/1996,2.7
14/12/1996,2.65
15/12/1996,2.63
16/12/1996,2.6
17/12/1996,2.58
18/12/1996,2.55
19/12/1996,2.52
20/12/1996,2.5
21/12/1996,2.45
22/12/1996,2.43
23/12/1996,2.43
24/12/1996,2.42
25/12/1996,2.4
26/12/1996,2.39
27/12/1996,2.39
28/12/1996,2.37
29/12/1996,2.34
30/12/1996,2.3
31/12/1996,2.3
01/01/1997,2.3
02/01/1997,2.3
03/01/1997,2.3
04/01/1997,2.29
05/01/1997,2.28
06/01/1997,2.26
07/01/1997,2.3
08/01/1997,2.3
09/01/1997,2.28
10/01/1997,2.26
11/01/1997,2.27
12/01/1997,2.27
13/01/1997,2.25
14/01/1997,2.23
15/01/1997,2.23
16/01/1997,2.23
17/01/1997,2.25
18/01/1997,2.25
19/01/1997,2.25
20/01/1997,2.25
21/01/1997,2.27
22/01/1997,2.25
23/01/1997,2.25
24/01/1997,2.23
25/01/1997,2.23
26/01/1997,2.23
27/01/1997,2.21
28/01/1997,2.21
29/01/1997,2.21
30/01/1997,2.2
31/01/1997,2.2
01/02/1997,2.21
02/02/1997,2.18
03/02/1997,2.18
04/02/1997,2.19
05/02/1997,2.25
06/02/1997,2.27
07/02/1997,2.27
08/02/1997,2.27
09/02/1997,2.27
10/02/1997,2.27
11/02/1997,2.27
12/02/1997,2.27
13/02/1997,2.27
14/02/1997,2.26
15/02/1997,2.26
16/02/1997,2.26
17/02/1997,2.28
18/02/1997,2.3
19/02/1997,2.32
20/02/1997,2.34
21/02/1997,2.36
22/02/1997,2.38
23/02/1997,2.38
24/02/1997,2.4
25/02/1997,2.4
26/02/1997,2.42
27/02/1997,2.46
28/02/1997,2.48
01/03/1997,2.48
02/03/1997,2.48
03/03/1997,2.5
04/03/1997,2.5
05/03/1997,2.5
06/03/1997,2.5
07/03/1997,2.52
08/03/1997,2.52
09/03/1997,2.53
10/03/1997,2.53
11/03/1997,2.53
12/03/1997,2.53
13/03/1997,2.55
14/03/1997,2.55
15/03/1997,2.55
16/03/1997,2.55
17/03/1997,2.55
18/03/1997,2.55
19/03/1997,2.55
20/03/1997,2.52
21/03/1997,2.52
22/03/1997,2.52
23/03/1997,2.48
24/03/1997,2.46
25/03/1997,2.43
26/03/1997,2.4
27/03/1997,2.4
28/03/1997,2.4
29/03/1997,2.38
30/03/1997,2.38
31/03/1997,2.38
01/04/1997,2.38
02/04/1997,2.38
03/04/1997,2.38
04/04/1997,2.38
05/04/1997,2.38
06/04/1997,2.38
07/04/1997,2.38
08/04/1997,2.38
09/04/1997,2.38
10/04/1997,2.36
11/04/1997,2.36
12/04/1997,2.36
13/04/1997,2.34
14/04/1997,2.34
15/04/1997,2.35
16/04/1997,2.3
17/04/1997,2.3
18/04/1997,2.3
19/04/1997,2.3
20/04/1997,2.3
21/04/1997,2.3
22/04/1997,2.28
23/04/1997,2.28
24/04/1997,2.28
25/04/1997,2.25
26/04/1997,2.25
27/04/1997,2.25
28/04/1997,2.25
29/04/1997,2.25
30/04/1997,2.25
01/05/1997,2.25
02/05/1997,2.23
03/05/1997,2.23
04/05/1997,2.23
05/05/1997,2.21
06/05/1997,2.21
07/05/1997,2.21
08/05/1997,2.21
09/05/1997,2.16
10/05/1997,2.15
11/05/1997,2.15
12/05/1997,2.15
13/05/1997,2.15
14/05/1997,2.15
15/05/1997,2.15
16/05/1997,2.2
17/05/1997,2.2
18/05/1997,2.22
19/05/1997,2.22
20/05/1997,2.24
21/05/1997,2.3
22/05/1997,2.32
23/05/1997,2.32
24/05/1997,2.3
25/05/1997,2.3
26/05/1997,2.3
27/05/1997,2.3
28/05/1997,2.28
29/05/1997,2.3
30/05/1997,2.3
31/05/1997,2.28
01/06/1997,2.28
02/06/1997,2.28
03/06/1997,2.28
04/06/1997,2.28
05/06/1997,2.3
06/06/1997,2.3
07/06/1997,2.3
08/06/1997,2.32
09/06/1997,2.34
10/06/1997,2.38
11/06/1997,2.4
12/06/1997,2.4
13/06/1997,2.42
14/06/1997,2.44
15/06/1997,2.5
16/06/1997,2.56
17/06/1997,2.6
18/06/1997,2.62
19/06/1997,2.64
20/06/1997,2.64
21/06/1997,2.68
22/06/1997,2.68
23/06/1997,2.7
24/06/1997,2.7
25/06/1997,2.72
26/06/1997,2.74
27/06/1997,2.74
28/06/1997,2.74
29/06/1997,2.75
30/06/1997,2.78
01/07/1997,2.78
02/07/1997,2.78
03/07/1997,2.78
04/07/1997,2.79
05/07/1997,2.79
06/07/1997,2.79
07/07/1997,2.79
08/07/1997,2.8
09/07/1997,2.8
10/07/1997,2.8
11/07/1997,2.82
12/07/1997,2.82
13/07/1997,2.85
14/07/1997,2.85
15/07/1997,2.85
16/07/1997,2.86
17/07/1997,2.86
18/07/1997,2.84
19/07/1997,2.84
20/07/1997,2.84
21/07/1997,2.83
22/07/1997,2.84
23/07/1997,2.84
24/07/1997,2.84
25/07/1997,2.84
26/07/1997,2.83
27/07/1997,2.83
28/07/1997,2.84
29/07/1997,2.83
30/07/1997,2.83
31/07/1997,2.83
01/08/1997,2.87
02/08/1997,2.87
03/08/1997,2.87
04/08/1997,2.89
05/08/1997,2.89
06/08/1997,2.9
07/08/1997,2.9
08/08/1997,2.91
09/08/1997,2.91
10/08/1997,2.91
11/08/1997,2.91
12/08/1997,2.91
13/08/1997,2.93
14/08/1997,2.93
15/08/1997,2.9
16/08/1997,2.87
17/08/1997,2.85
18/08/1997,2.9
19/08/1997,2.9
20/08/1997,2.9
21/08/1997,2.95
22/08/1997,2.96
23/08/1997,2.98
24/08/1997,3.05
25/08/1997,3.1
26/08/1997,3.21
27/08/1997,3.25
28/08/1997,3.25
29/08/1997,3.3
30/08/1997,3.35
31/08/1997,3.35
01/09/1997,3.35
02/09/1997,3.35
03/09/1997,3.37
04/09/1997,3.37
05/09/1997,3.37
06/09/1997,3.4
07/09/1997,3.4
08/09/1997,3.42
09/09/1997,3.42
10/09/1997,3.45
11/09/1997,3.48
12/09/1997,3.5
13/09/1997,3.55
14/09/1997,3.55
15/09/1997,3.55
16/09/1997,3.56
17/09/1997,3.56
18/09/1997,3.56
19/09/1997,3.6
20/09/1997,3.6
21/09/1997,3.62
22/09/1997,3.6
23/09/1997,3.6
24/09/1997,3.6
25/09/1997,3.58
26/09/1997,3.58
27/09/1997,3.55
28/09/1997,3.55
29/09/1997,3.52
30/09/1997,3.52
01/10/1997,3.53
02/10/1997,3.55
03/10/1997,3.55
04/10/1997,3.55
05/10/1997,3.56
06/10/1997,3.56
07/10/1997,3.57
08/10/1997,3.57
09/10/1997,3.57
10/10/1997,3.58
11/10/1997,3.58
12/10/1997,3.56
13/10/1997,3.56
14/10/1997,3.57
15/10/1997,3.53
16/10/1997,3.53
17/10/1997,3.5
18/10/1997,3.5
19/10/1997,3.5
20/10/1997,3.5
21/10/1997,3.55
22/10/1997,3.55
23/10/1997,3.52
24/10/1997,3.52
25/10/1997,3.52
26/10/1997,3.52
27/10/1997,3.55
28/10/1997,3.56
29/10/1997,3.59
30/10/1997,3.59
31/10/1997,3.58
01/11/1997,3.6
02/11/1997,3.6
03/11/1997,3.61
04/11/1997,3.65
05/11/1997,3.7
06/11/1997,3.71
07/11/1997,3.73
08/11/1997,3.7
09/11/1997,3.66
10/11/1997,3.69
11/11/1997,3.69
12/11/1997,3.72
13/11/1997,3.72
14/11/1997,3.72
15/11/1997,3.73
16/11/1997,3.73
17/11/1997,3.76
18/11/1997,3.8
19/11/1997,3.81
20/11/1997,3.8
21/11/1997,3.8
22/11/1997,3.86
23/11/1997,3.88
24/11/1997,3.88
25/11/1997,3.88
26/11/1997,3.89
27/11/1997,3.89
28/11/1997,3.88
29/11/1997,3.89
30/11/1997,3.92
01/12/1997,3.92
02/12/1997,3.93
03/12/1997,3.91
04/12/1997,3.9
05/12/1997,3.85
06/12/1997,3.8
07/12/1997,3.75
08/12/1997,3.7
09/12/1997,3.65
10/12/1997,3.63
11/12/1997,3.69
12/12/1997,3.61
13/12/1997,3.57
14/12/1997,3.6
15/12/1997,3.6
16/12/1997,3.58
17/12/1997,3.55
18/12/1997,3.56
19/12/1997,3.54
20/12/1997,3.55
21/12/1997,3.52
22/12/1997,3.59
23/12/1997,3.63
24/12/1997,3.62
25/12/1997,3.64
26/12/1997,3.64
27/12/1997,3.72
28/12/1997,3.75
29/12/1997,3.85
30/12/1997,3.86
31/12/1997,3.99
01/01/1998,4.28
02/01/1998,4.44
03/01/1998,4.47
04/01/1998,4.5
05/01/1998,4.53
06/01/1998,4.51
07/01/1998,4.55
08/01/1998,4.55
09/01/1998,4.55
10/01/1998,4.6
11/01/1998,4.6
12/01/1998,4.6
13/01/1998,4.63
14/01/1998,4.65
15/01/1998,4.69
16/01/1998,4.66
17/01/1998,4.68
18/01/1998,4.7
19/01/1998,4.69
20/01/1998,4.66
21/01/1998,4.72
22/01/1998,4.73
23/01/1998,4.72
24/01/1998,4.7
25/01/1998,4.72
26/01/1998,4.72
27/01/1998,4.7
28/01/1998,4.72
29/01/1998,4.74
30/01/1998,4.74
31/01/1998,4.75
01/02/1998,4.6
02/02/1998,4.6
03/02/1998,4.66
04/02/1998,4.61
05/02/1998,4.74
06/02/1998,4.7
07/02/1998,4.66
08/02/1998,4.68
09/02/1998,4.65
10/02/1998,4.6
11/02/1998,4.6
12/02/1998,4.6
13/02/1998,4.62
14/02/1998,4.62
15/02/1998,4.65
16/02/1998,4.67
17/02/1998,4.68
18/02/1998,4.65
19/02/1998,4.65
20/02/1998,4.61
21/02/1998,4.63
22/02/1998,4.6
23/02/1998,4.6
24/02/1998,4.57
25/02/1998,4.19
26/02/1998,4.2
27/02/1998,4.29
28/02/1998,4.26
01/03/1998,4.29
02/03/1998,4.25
03/03/1998,4.24
04/03/1998,4.29
05/03/1998,4.3
06/03/1998,4.29
07/03/1998,4.16
08/03/1998,4.2
09/03/1998,4.2
10/03/1998,4.25
11/03/1998,4.29
12/03/1998,4.21
13/03/1998,4.21
14/03/1998,4.29
15/03/1998,4.29
16/03/1998,4.16
17/03/1998,4.11
18/03/1998,4.2
19/03/1998,4.27
20/03/1998,4.03
21/03/1998,4.09
22/03/1998,4.1
23/03/1998,4.09
24/03/1998,4.01
25/03/1998,4.0
26/03/1998,3.96
27/03/1998,4.0
28/03/1998,4.04
29/03/1998,4.01
30/03/1998,4.05
31/03/1998,4.05
01/04/1998,4.0
02/04/1998,4.0
03/04/1998,4.0
04/04/1998,4.0
05/04/1998,4.05
06/04/1998,4.05
07/04/1998,4.0
08/04/1998,4.0
09/04/1998,3.96
10/04/1998,4.05
11/04/1998,4.13
12/04/1998,4.01
13/04/1998,3.96
14/04/1998,4.0
15/04/1998,4.0
16/04/1998,4.0
17/04/1998,4.05
18/04/1998,4.15
19/04/1998,4.2
20/04/1998,4.2
21/04/1998,4.2
22/04/1998,4.27
23/04/1998,4.37
24/04/1998,4.63
25/04/1998,4.65
26/04/1998,4.68
27/04/1998,4.7
28/04/1998,4.69
01/05/1998,4.8
02/05/1998,4.8
03/05/1998,4.85
04/05/1998,4.85
05/05/1998,4.85
06/05/1998,4.85
07/05/1998,4.8
08/05/1998,4.79
09/05/1998,4.75
10/05/1998,4.75
11/05/1998,4.75
12/05/1998,4.75
13/05/1998,4.75
14/05/1998,4.75
15/05/1998,4.75
16/05/1998,4.75
17/05/1998,4.75
18/05/1998,4.75
19/05/1998,4.8
20/05/1998,4.8
21/05/1998,4.8
22/05/1998,4.8
23/05/1998,4.75
24/05/1998,4.75
25/05/1998,4.8
26/05/1998,4.85
27/05/1998,4.87
28/05/1998,4.87
29/05/1998,4.9
30/05/1998,4.9
31/05/1998,4.9
01/06/1998,4.85
02/06/1998,4.85
03/06/1998,4.85
04/06/1998,4.85
05/06/1998,4.9
06/06/1998,4.9
07/06/1998,4.95
08/06/1998,4.95
09/06/1998,4.95
10/06/1998,4.97
11/06/1998,4.95
12/06/1998,4.95
13/06/1998,4.98
14/06/1998,4.98
15/06/1998,5.0
16/06/1998,4.98
17/06/1998,5.0
18/06/1998,5.0
19/06/1998,5.0
20/06/1998,5.0
21/06/1998,5.01
22/06/1998,4.59
23/06/1998,5.05
24/06/1998,5.15
25/06/1998,5.15
26/06/1998,5.15
27/06/1998,5.15
28/06/1998,5.15
29/06/1998,5.11
30/06/1998,5.16
01/07/1998,5.29
02/07/1998,5.34
03/07/1998,5.22
04/07/1998,5.29
05/07/1998,5.3
06/07/1998,5.3
07/07/1998,5.26
08/07/1998,5.3
09/07/1998,5.3
10/07/1998,5.3
11/07/1998,5.3
12/07/1998,5.3
13/07/1998,5.35
14/07/1998,5.38
15/07/1998,5.35
16/07/1998,5.35
17/07/1998,5.35
18/07/1998,5.35
19/07/1998,5.31
20/07/1998,5.35
21/07/1998,5.39
22/07/1998,5.36
23/07/1998,5.4
24/07/1998,5.49
25/07/1998,5.53
26/07/1998,5.37
27/07/1998,5.35
28/07/1998,5.4
29/07/1998,5.44
30/07/1998,5.39
31/07/1998,5.45
01/08/1998,5.55
02/08/1998,5.65
03/08/1998,5.6
04/08/1998,5.56
05/08/1998,5.6
06/08/1998,5.67
07/08/1998,5.65
08/08/1998,5.65
09/08/1998,5.65
10/08/1998,5.65
11/08/1998,5.65
12/08/1998,5.69
13/08/1998,5.65
14/08/1998,5.6
15/08/1998,5.55
16/08/1998,5.55
17/08/1998,5.5
18/08/1998,5.5
19/08/1998,5.5
20/08/1998,5.51
21/08/1998,5.59
22/08/1998,5.61
23/08/1998,5.69
24/08/1998,5.66
25/08/1998,5.7
26/08/1998,5.75
27/08/1998,5.84
28/08/1998,5.76
29/08/1998,5.7
30/08/1998,5.7
31/08/1998,5.75
01/09/1998,5.75
02/09/1998,5.8
03/09/1998,5.8
04/09/1998,5.85
05/09/1998,5.84
06/09/1998,5.76
07/09/1998,5.8
08/09/1998,5.8
09/09/1998,5.8
10/09/1998,5.76
11/09/1998,5.8
12/09/1998,5.8
13/09/1998,5.8
14/09/1998,5.8
15/09/1998,5.8
16/09/1998,5.8
17/09/1998,5.8
18/09/1998,5.76
19/09/1998,5.8
20/09/1998,5.8
21/09/1998,5.75
22/09/1998,5.75
23/09/1998,5.8
24/09/1998,5.8
25/09/1998,5.77
26/09/1998,5.8
27/09/1998,5.8
28/09/1998,5.75
29/09/1998,5.75
30/09/1998,5.74
01/10/1998,5.61
02/10/1998,5.6
03/10/1998,5.6
04/10/1998,5.55
05/10/1998,5.55
06/10/1998,5.55
07/10/1998,5.55
08/10/1998,5.55
09/10/1998,5.5
10/10/1998,5.45
11/10/1998,5.45
12/10/1998,5.45
13/10/1998,5.45
14/10/1998,5.45
15/10/1998,5.45
16/10/1998,5.45
17/10/1998,5.45
18/10/1998,5.4
19/10/1998,5.4
20/10/1998,5.4
21/10/1998,5.4
22/10/1998,5.4
23/10/1998,5.35
24/10/1998,5.35
25/10/1998,5.3
26/10/1998,5.29
27/10/1998,5.2
28/10/1998,5.15
29/10/1998,5.1
30/10/1998,5.1
31/10/1998,5.05
01/11/1998,4.91
02/11/1998,4.9
03/11/1998,4.94
04/11/1998,4.9
05/11/1998,4.89
06/11/1998,4.9
07/11/1998,4.84
08/11/1998,4.7
09/11/1998,4.66
10/11/1998,4.6
11/11/1998,4.6
12/11/1998,4.6
13/11/1998,4.55
14/11/1998,4.5
15/11/1998,4.5
16/11/1998,4.46
17/11/1998,4.5
18/11/1998,4.5
19/11/1998,4.45
20/11/1998,4.45
21/11/1998,4.41
22/11/1998,4.45
23/11/1998,4.45
24/11/1998,4.45
25/11/1998,4.4
26/11/1998,4.3
27/11/1998,4.25
28/11/1998,4.2
29/11/1998,4.2
30/11/1998,4.2
01/12/1998,4.2
02/12/1998,4.2
03/12/1998,4.2
04/12/1998,4.2
05/12/1998,4.2
06/12/1998,4.15
07/12/1998,4.15
08/12/1998,4.14
09/12/1998,4.06
10/12/1998,4.05
11/12/1998,4.05
12/12/1998,4.05
13/12/1998,4.05
14/12/1998,4.05
15/12/1998,4.0
16/12/1998,4.0
17/12/1998,4.0
18/12/1998,4.0
19/12/1998,4.0
20/12/1998,3.98
21/12/1998,3.98
22/12/1998,3.95
23/12/1998,3.89
24/12/1998,3.81
25/12/1998,3.8
26/12/1998,3.78
27/12/1998,3.75
28/12/1998,3.7
29/12/1998,3.7
30/12/1998,3.7
31/12/1998,3.7
01/01/1999,3.7
02/01/1999,3.65
03/01/1999,3.65
04/01/1999,3.65
05/01/1999,3.65
06/01/1999,3.65
07/01/1999,3.6
08/01/1999,3.6
09/01/1999,3.6
10/01/1999,3.55
11/01/1999,3.55
12/01/1999,3.5
13/01/1999,3.5
14/01/1999,3.5
15/01/1999,3.5
16/01/1999,3.45
17/01/1999,3.4
18/01/1999,3.35
19/01/1999,3.3
20/01/1999,3.3
21/01/1999,3.25
22/01/1999,3.25
23/01/1999,3.3
24/01/1999,3.3
25/01/1999,3.3
26/01/1999,3.25
27/01/1999,3.2
28/01/1999,3.16
29/01/1999,3.19
30/01/1999,3.15
31/01/1999,3.1
01/02/1999,3.1
02/02/1999,3.1
03/02/1999,3.1
04/02/1999,3.1
05/02/1999,3.08
06/02/1999,3.05
07/02/1999,3.05
08/02/1999,3.05
09/02/1999,3.05
10/02/1999,3.05
11/02/1999,3.1
12/02/1999,3.1
13/02/1999,3.06
14/02/1999,3.07
15/02/1999,3.1
16/02/1999,3.1
17/02/1999,3.05
18/02/1999,3.05
19/02/1999,3.1
20/02/1999,3.1
21/02/1999,3.1
22/02/1999,3.1
23/02/1999,3.15
24/02/1999,3.15
25/02/1999,3.15
26/02/1999,3.15
27/02/1999,3.11
28/02/1999,3.15
01/03/1999,3.15
02/03/1999,3.15
03/03/1999,3.13
04/03/1999,3.15
05/03/1999,3.13
06/03/1999,3.13
07/03/1999,3.15
08/03/1999,3.1
09/03/1999,3.1
10/03/1999,3.1
11/03/1999,3.05
12/03/1999,3.05
13/03/1999,3.0
14/03/1999,3.0
15/03/1999,3.0
16/03/1999,2.95
17/03/1999,2.89
18/03/1999,2.88
19/03/1999,2.88
20/03/1999,2.85
21/03/1999,2.85
22/03/1999,2.88
23/03/1999,2.9
24/03/1999,2.9
25/03/1999,2.9
26/03/1999,2.87
27/03/1999,2.8
28/03/1999,2.77
29/03/1999,2.75
30/03/1999,2.75
31/03/1999,2.75
01/04/1999,2.75
02/04/1999,2.75
03/04/1999,2.75
04/04/1999,2.75
05/04/1999,2.75
06/04/1999,2.75
07/04/1999,2.73
08/04/1999,2.73
09/04/1999,2.73
10/04/1999,2.73
11/04/1999,2.75
12/04/1999,2.75
13/04/1999,2.75
14/04/1999,2.75
15/04/1999,2.72
16/04/1999,2.72
17/04/1999,2.72
18/04/1999,2.72
19/04/1999,2.7
20/04/1999,2.7
21/04/1999,2.7
22/04/1999,2.73
23/04/1999,2.73
24/04/1999,2.73
25/04/1999,2.73
26/04/1999,2.7
27/04/1999,2.7
28/04/1999,2.69
29/04/1999,2.69
30/04/1999,2.7
01/05/1999,2.73
02/05/1999,2.7
03/05/1999,2.7
04/05/1999,2.69
05/05/1999,2.68
06/05/1999,2.68
07/05/1999,2.68
08/05/1999,2.68
09/05/1999,2.68
10/05/1999,2.7
11/05/1999,2.7
12/05/1999,2.7
13/05/1999,2.7
14/05/1999,2.68
15/05/1999,2.7
16/05/1999,2.72
17/05/1999,2.72
18/05/1999,2.7
19/05/1999,2.7
20/05/1999,2.72
21/05/1999,2.72
22/05/1999,2.7
23/05/1999,2.7
24/05/1999,2.7
25/05/1999,2.7
26/05/1999,2.7
27/05/1999,2.7
28/05/1999,2.69
29/05/1999,2.7
30/05/1999,2.7
31/05/1999,2.7
01/06/1999,2.68
02/06/1999,2.68
03/06/1999,2.68
04/06/1999,2.66
05/06/1999,2.68
06/06/1999,2.68
07/06/1999,2.68
08/06/1999,2.67
09/06/1999,2.67
10/06/1999,2.65
11/06/1999,2.67
12/06/1999,2.65
13/06/1999,2.68
14/06/1999,2.68
15/06/1999,2.65
16/06/1999,2.67
17/06/1999,2.67
18/06/1999,2.67
19/06/1999,2.65
20/06/1999,2.68
21/06/1999,2.66
22/06/1999,2.69
23/06/1999,2.7
24/06/1999,2.69
25/06/1999,2.7
26/06/1999,2.7
27/06/1999,2.7
28/06/1999,2.75
29/06/1999,3.3
30/06/1999,2.9
01/07/1999,2.84
02/07/1999,2.86
03/07/1999,3.26
04/07/1999,3.36
05/07/1999,3.38
06/07/1999,3.37
07/07/1999,3.54
08/07/1999,3.6
09/07/1999,3.61
10/07/1999,3.69
11/07/1999,3.75
12/07/1999,3.77
13/07/1999,3.77
14/07/1999,3.77
15/07/1999,3.74
16/07/1999,3.74
17/07/1999,3.73
18/07/1999,3.74
19/07/1999,3.75
20/07/1999,3.75
21/07/1999,3.75
22/07/1999,3.73
23/07/1999,3.76
24/07/1999,3.75
25/07/1999,3.66
26/07/1999,3.65
27/07/1999,3.69
28/07/1999,3.75
29/07/1999,3.71
30/07/1999,3.7
31/07/1999,3.75
01/08/1999,3.75
02/08/1999,3.75
03/08/1999,3.75
04/08/1999,3.71
05/08/1999,3.77
06/08/1999,3.78
07/08/1999,3.78
08/08/1999,3.78
09/08/1999,3.78
10/08/1999,3.8
11/08/1999,3.8
12/08/1999,3.8
13/08/1999,3.8
14/08/1999,3.75
15/08/1999,3.74
16/08/1999,3.74
17/08/1999,3.75
18/08/1999,3.75
19/08/1999,3.75
20/08/1999,3.75
21/08/1999,3.77
22/08/1999,3.78
23/08/1999,3.76
24/08/1999,3.77
25/08/1999,3.76
26/08/1999,3.77
27/08/1999,3.76
28/08/1999,3.76
29/08/1999,3.75
30/08/1999,3.75
31/08/1999,3.77
01/09/1999,3.76
02/09/1999,3.77
03/09/1999,3.76
04/09/1999,3.77
05/09/1999,3.78
06/09/1999,3.8
07/09/1999,3.8
08/09/1999,3.8
09/09/1999,3.8
10/09/1999,3.8
11/09/1999,3.84
12/09/1999,3.84
13/09/1999,3.85
14/09/1999,3.85
15/09/1999,3.85
16/09/1999,3.85
17/09/1999,3.84
18/09/1999,3.84
19/09/1999,3.84
20/09/1999,3.85
21/09/1999,3.85
22/09/1999,3.85
23/09/1999,3.85
24/09/1999,3.85
25/09/1999,3.84
26/09/1999,3.84
27/09/1999,3.84
28/09/1999,3.85
29/09/1999,3.86
30/09/1999,3.86
01/10/1999,3.85
02/10/1999,3.85
03/10/1999,3.85
04/10/1999,3.85
05/10/1999,3.86
06/10/1999,3.86
07/10/1999,3.86
08/10/1999,3.87
09/10/1999,3.87
10/10/1999,3.86
11/10/1999,3.86
12/10/1999,3.85
13/10/1999,3.85
14/10/1999,3.85
15/10/1999,3.79
16/10/1999,3.76
17/10/1999,3.7
18/10/1999,3.7
19/10/1999,3.68
20/10/1999,3.68
21/10/1999,3.7
22/10/1999,3.7
23/10/1999,3.66
24/10/1999,3.66
25/10/1999,3.68
26/10/1999,3.65
27/10/1999,3.65
28/10/1999,3.65
29/10/1999,3.65
30/10/1999,3.65
31/10/1999,3.65
01/11/1999,3.65
02/11/1999,3.65
03/11/1999,3.65
04/11/1999,3.64
05/11/1999,3.64
06/11/1999,3.63
07/11/1999,3.6
08/11/1999,3.6
09/11/1999,3.59
10/11/1999,3.59
11/11/1999,3.57
12/11/1999,3.52
13/11/1999,3.45
14/11/1999,3.4
15/11/1999,3.35
16/11/1999,3.3
17/11/1999,3.27
18/11/1999,3.23
19/11/1999,3.2
20/11/1999,3.17
21/11/1999,3.13
22/11/1999,3.1
23/11/1999,3.08
24/11/1999,3.05
25/11/1999,3.02
26/11/1999,3.02
27/11/1999,2.98
28/11/1999,2.96
29/11/1999,2.94
30/11/1999,2.9
01/12/1999,2.92
02/12/1999,2.92
03/12/1999,2.91
04/12/1999,2.9
05/12/1999,2.88
06/12/1999,2.86
07/12/1999,2.85
08/12/1999,2.85
09/12/1999,2.83
10/12/1999,2.81
11/12/1999,2.81
12/12/1999,2.81
13/12/1999,2.76
14/12/1999,2.73
15/12/1999,2.7
16/12/1999,2.69
17/12/1999,2.69
18/12/1999,2.69
19/12/1999,2.69
20/12/1999,2.66
21/12/1999,2.66
22/12/1999,2.65
23/12/1999,2.62
24/12/1999,2.6
25/12/1999,2.6
26/12/1999,2.58
27/12/1999,2.56
28/12/1999,2.5
29/12/1999,2.48
30/12/1999,2.41
31/12/1999,2.38
01/01/2000,2.38
02/01/2000,2.37
03/01/2000,2.35
04/01/2000,2.35
05/01/2000,2.35
06/01/2000,2.35
07/01/2000,2.34
08/01/2000,2.33
09/01/2000,2.31
10/01/2000,2.31
11/01/2000,2.3
12/01/2000,2.3
13/01/2000,2.3
14/01/2000,2.28
15/01/2000,2.27
16/01/2000,2.26
17/01/2000,2.26
18/01/2000,2.21
19/01/2000,2.2
20/01/2000,2.2
21/01/2000,2.23
22/01/2000,2.25
23/01/2000,2.28
24/01/2000,2.29
25/01/2000,2.27
26/01/2000,2.27
27/01/2000,2.22
28/01/2000,2.27
29/01/2000,2.25
30/01/2000,2.25
31/01/2000,2.24
01/02/2000,2.12
02/02/2000,2.1
03/02/2000,2.1
04/02/2000,2.1
05/02/2000,2.1
06/02/2000,2.08
07/02/2000,2.08
08/02/2000,2.08
09/02/2000,2.08
10/02/2000,2.05
11/02/2000,2.05
12/02/2000,2.05
13/02/2000,2.03
14/02/2000,2.03
15/02/2000,2.03
16/02/2000,2.03
17/02/2000,2.0
18/02/2000,2.0
19/02/2000,2.0
20/02/2000,2.0
21/02/2000,2.0
22/02/2000,2.0
23/02/2000,2.0
24/02/2000,1.99
25/02/2000,1.94
26/02/2000,1.95
27/02/2000,1.93
28/02/2000,1.93
29/02/2000,1.95
01/03/2000,2.02
02/03/2000,1.96
03/03/2000,1.92
04/03/2000,1.91
05/03/2000,1.93
06/03/2000,1.97
07/03/2000,1.95
08/03/2000,1.95
09/03/2000,1.95
10/03/2000,1.92
11/03/2000,1.9
12/03/2000,1.91
13/03/2000,1.92
14/03/2000,1.89
15/03/2000,1.89
16/03/2000,1.87
17/03/2000,1.92
18/03/2000,1.86
19/03/2000,1.87
20/03/2000,1.91
21/03/2000,1.89
22/03/2000,1.89
23/03/2000,1.88
24/03/2000,1.87
25/03/2000,1.87
26/03/2000,1.89
27/03/2000,1.86
28/03/2000,1.83
29/03/2000,1.86
30/03/2000,1.88
31/03/2000,1.87
01/04/2000,1.87
02/04/2000,1.87
03/04/2000,1.89
04/04/2000,1.89
05/04/2000,1.85
06/04/2000,1.9
07/04/2000,1.92
08/04/2000,1.94
09/04/2000,1.94
10/04/2000,1.95
11/04/2000,2.0
12/04/2000,2.0
13/04/2000,1.96
14/04/2000,1.95
15/04/2000,1.95
16/04/2000,1.98
17/04/2000,2.07
18/04/2000,2.19
19/04/2000,2.08
20/04/2000,2.14
21/04/2000,2.14
22/04/2000,2.2
23/04/2000,2.21
24/04/2000,2.25
25/04/2000,2.31
26/04/2000,2.33
27/04/2000,2.36
28/04/2000,2.39
29/04/2000,2.4
30/04/2000,2.43
01/05/2000,2.47
02/05/2000,2.55
03/05/2000,2.69
04/05/2000,2.83
05/05/2000,2.84
06/05/2000,2.81
07/05/2000,3.02
08/05/2000,3.15
09/05/2000,3.21
10/05/2000,3.28
11/05/2000,3.32
12/05/2000,3.35
13/05/2000,3.37
14/05/2000,3.41
15/05/2000,3.47
16/05/2000,3.66
17/05/2000,3.64
18/05/2000,3.66
19/05/2000,3.72
20/05/2000,3.78
21/05/2000,3.82
22/05/2000,3.88
23/05/2000,3.92
24/05/2000,3.96
25/05/2000,4.01
26/05/2000,4.0
27/05/2000,4.03
28/05/2000,4.06
29/05/2000,4.11
30/05/2000,4.12
31/05/2000,4.15
01/06/2000,4.16
02/06/2000,4.18
03/06/2000,4.19
04/06/2000,4.19
05/06/2000,4.2
06/06/2000,4.2
07/06/2000,4.26
08/06/2000,4.24
09/06/2000,4.25
10/06/2000,4.26
11/06/2000,4.28
12/06/2000,4.33
13/06/2000,4.36
14/06/2000,4.39
15/06/2000,4.42
16/06/2000,4.46
17/06/2000,4.47
18/06/2000,4.48
19/06/2000,4.43
20/06/2000,4.39
21/06/2000,4.39
22/06/2000,4.43
23/06/2000,4.43
24/06/2000,4.41
25/06/2000,4.38
26/06/2000,4.42
27/06/2000,4.41
28/06/2000,4.45
29/06/2000,4.5
30/06/2000,4.52
01/07/2000,4.57
02/07/2000,4.62
03/07/2000,4.65
04/07/2000,4.74
05/07/2000,4.8
06/07/2000,4.83
07/07/2000,4.86
08/07/2000,4.89
09/07/2000,4.94
10/07/2000,5.02
11/07/2000,5.0
12/07/2000,4.97
13/07/2000,5.03
14/07/2000,5.07
15/07/2000,5.08
16/07/2000,5.05
17/07/2000,5.11
18/07/2000,5.13
19/07/2000,5.1
20/07/2000,5.13
21/07/2000,5.15
22/07/2000,5.14
23/07/2000,5.09
24/07/2000,5.1
25/07/2000,5.1
26/07/2000,5.1
27/07/2000,5.09
28/07/2000,5.08
29/07/2000,5.06
30/07/2000,5.04
31/07/2000,5.03
01/08/2000,5.02
02/08/2000,5.01
03/08/2000,4.98
04/08/2000,4.96
05/08/2000,4.94
06/08/2000,4.92
07/08/2000,4.9
08/08/2000,4.9
09/08/2000,4.91
10/08/2000,4.87
11/08/2000,4.85
12/08/2000,4.83
13/08/2000,4.81
14/08/2000,4.8
15/08/2000,4.78
16/08/2000,4.75
17/08/2000,4.74
18/08/2000,4.72
19/08/2000,4.71
20/08/2000,4.7
21/08/2000,4.69
22/08/2000,4.67
23/08/2000,4.67
24/08/2000,4.68
25/08/2000,4.73
26/08/2000,4.73
27/08/2000,4.74
28/08/2000,4.72
29/08/2000,4.71
30/08/2000,4.74
31/08/2000,4.72
01/09/2000,4.71
02/09/2000,4.72
03/09/2000,4.71
04/09/2000,4.7
05/09/2000,4.69
06/09/2000,4.67
07/09/2000,4.66
08/09/2000,4.64
09/09/2000,4.63
10/09/2000,4.61
11/09/2000,4.62
12/09/2000,4.63
13/09/2000,4.66
14/09/2000,4.68
15/09/2000,4.59
16/09/2000,4.57
17/09/2000,4.58
18/09/2000,4.59
19/09/2000,4.62
20/09/2000,4.69
21/09/2000,4.75
22/09/2000,4.83
23/09/2000,4.88
24/09/2000,4.95
25/09/2000,4.96
26/09/2000,5.02
27/09/2000,5.04
28/09/2000,5.06
29/09/2000,5.07
30/09/2000,5.08
01/10/2000,5.09
02/10/2000,5.09
03/10/2000,5.12
04/10/2000,5.09
05/10/2000,5.04
06/10/2000,5.04
07/10/2000,5.03
08/10/2000,5.03
09/10/2000,5.03
10/10/2000,5.01
11/10/2000,5.01
12/10/2000,5.01
13/10/2000,5.01
14/10/2000,5.02
15/10/2000,5.0
16/10/2000,4.95
17/10/2000,4.92
18/10/2000,4.91
19/10/2000,4.89
20/10/2000,4.87
21/10/2000,4.86
22/10/2000,4.85
23/10/2000,4.87
24/10/2000,4.85
25/10/2000,4.82
26/10/2000,4.82
27/10/2000,4.82
28/10/2000,4.83
29/10/2000,4.8
30/10/2000,4.78
31/10/2000,4.79
01/11/2000,4.78
02/11/2000,4.78
03/11/2000,4.74
04/11/2000,4.72
05/11/2000,4.71
06/11/2000,4.69
07/11/2000,4.72
08/11/2000,4.67
09/11/2000,4.66
10/11/2000,4.63
11/11/2000,4.63
12/11/2000,4.6
13/11/2000,4.58
14/11/2000,4.54
15/11/2000,4.5
16/11/2000,4.49
17/11/2000,4.47
18/11/2000,4.45
19/11/2000,4.46
20/11/2000,4.43
21/11/2000,4.4
22/11/2000,4.37
23/11/2000,4.37
24/11/2000,4.37
25/11/2000,4.32
26/11/2000,4.28
27/11/2000,4.27
28/11/2000,4.26
29/11/2000,4.33
30/11/2000,4.24
01/12/2000,4.2
02/12/2000,4.18
03/12/2000,4.15
04/12/2000,4.16
05/12/2000,4.11
06/12/2000,4.07
07/12/2000,4.05
08/12/2000,4.03
09/12/2000,4.04
10/12/2000,4.0
11/12/2000,3.96
12/12/2000,3.94
13/12/2000,3.96
14/12/2000,3.96
15/12/2000,3.98
16/12/2000,3.94
17/12/2000,3.87
18/12/2000,3.86
19/12/2000,3.84
20/12/2000,3.84
21/12/2000,3.81
22/12/2000,3.77
23/12/2000,3.79
24/12/2000,3.75
25/12/2000,3.72
26/12/2000,3.68
27/12/2000,3.7
28/12/2000,3.68
29/12/2000,3.67
30/12/2000,3.67
31/12/2000,3.63
01/01/2001,3.6
02/01/2001,3.59
03/01/2001,3.58
04/01/2001,3.56
05/01/2001,3.53
06/01/2001,3.5
07/01/2001,3.48
08/01/2001,3.49
09/01/2001,3.48
10/01/2001,3.46
11/01/2001,3.43
12/01/2001,3.4
13/01/2001,3.39
14/01/2001,3.39
15/01/2001,3.39
16/01/2001,3.36
17/01/2001,3.36
18/01/2001,3.34
19/01/2001,3.39
20/01/2001,3.37
21/01/2001,3.35
22/01/2001,3.32
23/01/2001,3.3
24/01/2001,3.28
25/01/2001,3.27
26/01/2001,3.25
27/01/2001,3.24
28/01/2001,3.23
29/01/2001,3.25
30/01/2001,3.23
31/01/2001,3.23
01/02/2001,3.21
02/02/2001,3.2
03/02/2001,3.2
04/02/2001,3.15
05/02/2001,3.13
06/02/2001,3.11
07/02/2001,3.09
08/02/2001,3.11
09/02/2001,3.08
10/02/2001,3.06
11/02/2001,3.07
12/02/2001,3.11
13/02/2001,3.05
14/02/2001,3.04
15/02/2001,3.02
16/02/2001,3.0
17/02/2001,2.98
18/02/2001,2.98
19/02/2001,2.95
20/02/2001,2.94
21/02/2001,2.92
22/02/2001,2.91
23/02/2001,2.89
24/02/2001,2.94
25/02/2001,3.01
26/02/2001,3.04
27/02/2001,3.0
28/02/2001,2.95
01/03/2001,2.93
02/03/2001,2.92
03/03/2001,2.95
04/03/2001,2.96
05/03/2001,2.97
06/03/2001,3.02
07/03/2001,3.02
08/03/2001,3.01
09/03/2001,3.02
10/03/2001,3.02
11/03/2001,3.02
12/03/2001,3.04
13/03/2001,3.02
14/03/2001,3.0
15/03/2001,2.99
16/03/2001,3.01
17/03/2001,2.99
18/03/2001,2.97
19/03/2001,3.01
20/03/2001,2.99
21/03/2001,2.99
22/03/2001,2.97
23/03/2001,3.0
24/03/2001,3.07
25/03/2001,3.09
26/03/2001,3.11
27/03/2001,3.14
28/03/2001,3.19
29/03/2001,3.21
30/03/2001,3.22
31/03/2001,3.25
01/04/2001,3.27
02/04/2001,3.25
03/04/2001,3.27
04/04/2001,3.28
05/04/2001,3.29
06/04/2001,3.29
07/04/2001,3.27
08/04/2001,3.27
09/04/2001,3.32
10/04/2001,3.25
11/04/2001,3.27
12/04/2001,3.28
13/04/2001,3.29
14/04/2001,3.29
15/04/2001,3.32
16/04/2001,3.32
17/04/2001,3.3
18/04/2001,3.27
19/04/2001,3.24
20/04/2001,3.21
21/04/2001,3.19
22/04/2001,3.2
23/04/2001,3.24
24/04/2001,3.23
25/04/2001,3.22
26/04/2001,3.21
27/04/2001,3.22
28/04/2001,3.27
29/04/2001,3.28
30/04/2001,3.28
01/05/2001,3.33
02/05/2001,3.35
03/05/2001,3.47
04/05/2001,3.54
05/05/2001,3.6
06/05/2001,3.65
07/05/2001,3.68
08/05/2001,3.71
09/05/2001,3.71
10/05/2001,3.7
11/05/2001,3.67
12/05/2001,3.7
13/05/2001,3.68
14/05/2001,3.68
15/05/2001,3.71
16/05/2001,3.71
17/05/2001,3.69
18/05/2001,3.68
19/05/2001,3.68
20/05/2001,3.69
21/05/2001,3.69
22/05/2001,3.68
23/05/2001,3.68
24/05/2001,3.68
25/05/2001,3.67
26/05/2001,3.66
27/05/2001,3.66
28/05/2001,3.64
29/05/2001,3.64
30/05/2001,3.63
31/05/2001,3.64
01/06/2001,3.67
02/06/2001,3.69
03/06/2001,3.72
04/06/2001,3.79
05/06/2001,3.83
06/06/2001,3.89
07/06/2001,3.93
08/06/2001,3.97
09/06/2001,4.02
10/06/2001,4.06
11/06/2001,4.08
12/06/2001,4.11
13/06/2001,4.13
14/06/2001,4.13
15/06/2001,4.19
16/06/2001,4.15
17/06/2001,4.12
18/06/2001,4.17
19/06/2001,4.2
20/06/2001,4.18
21/06/2001,4.17
22/06/2001,4.19
23/06/2001,4.21
24/06/2001,4.23
25/06/2001,4.25
26/06/2001,4.23
27/06/2001,4.22
28/06/2001,4.22
29/06/2001,4.22
30/06/2001,4.21
01/07/2001,4.21
02/07/2001,4.22
03/07/2001,4.2
04/07/2001,4.21
05/07/2001,4.2
06/07/2001,4.21
07/07/2001,4.2
08/07/2001,4.21
09/07/2001,4.21
10/07/2001,4.27
11/07/2001,4.27
12/07/2001,4.27
13/07/2001,4.31
14/07/2001,4.33
15/07/2001,4.35
16/07/2001,4.37
17/07/2001,4.39
18/07/2001,4.41
19/07/2001,4.42
20/07/2001,4.44
21/07/2001,4.45
22/07/2001,4.48
23/07/2001,4.49
24/07/2001,4.51
25/07/2001,4.52
26/07/2001,4.5
27/07/2001,4.48
28/07/2001,4.49
29/07/2001,4.51
30/07/2001,4.51
31/07/2001,4.51
01/08/2001,4.51
02/08/2001,4.5
03/08/2001,4.49
04/08/2001,4.48
05/08/2001,4.48
06/08/2001,4.47
07/08/2001,4.44
08/08/2001,4.45
09/08/2001,4.44
10/08/2001,4.43
11/08/2001,4.41
12/08/2001,4.41
13/08/2001,4.39
14/08/2001,4.38
15/08/2001,4.36
16/08/2001,4.35
17/08/2001,4.34
18/08/2001,4.32
19/08/2001,4.28
20/08/2001,4.31
21/08/2001,4.31
22/08/2001,4.3
23/08/2001,4.3
24/08/2001,4.28
25/08/2001,4.27
26/08/2001,4.26
27/08/2001,4.25
28/08/2001,4.24
29/08/2001,4.26
30/08/2001,4.23
31/08/2001,4.23
01/09/2001,4.23
02/09/2001,4.32
03/09/2001,4.42
04/09/2001,4.52
05/09/2001,4.6
06/09/2001,4.66
07/09/2001,4.71
08/09/2001,4.79
09/09/2001,4.82
10/09/2001,4.85
11/09/2001,4.87
12/09/2001,4.91
13/09/2001,4.93
14/09/2001,4.93
15/09/2001,4.88
16/09/2001,4.89
17/09/2001,4.9
18/09/2001,4.89
19/09/2001,4.88
20/09/2001,4.87
21/09/2001,4.86
22/09/2001,4.85
23/09/2001,4.85
24/09/2001,4.83
25/09/2001,4.85
26/09/2001,4.83
27/09/2001,4.8
28/09/2001,4.79
29/09/2001,4.78
30/09/2001,4.8
01/10/2001,4.78
02/10/2001,4.8
03/10/2001,4.81
04/10/2001,4.84
05/10/2001,4.86
06/10/2001,4.86
07/10/2001,4.93
08/10/2001,4.92
09/10/2001,4.85
10/10/2001,4.88
11/10/2001,4.9
12/10/2001,4.88
13/10/2001,4.87
14/10/2001,4.86
15/10/2001,4.89
16/10/2001,4.95
17/10/2001,4.92
18/10/2001,4.93
19/10/2001,4.93
20/10/2001,4.95
21/10/2001,4.99
22/10/2001,4.97
23/10/2001,5.01
24/10/2001,5.05
25/10/2001,5.06
26/10/2001,5.08
27/10/2001,5.09
28/10/2001,5.09
29/10/2001,5.09
30/10/2001,5.08
31/10/2001,5.07
01/11/2001,5.08
02/11/2001,5.09
03/11/2001,5.07
04/11/2001,5.06
05/11/2001,5.05
06/11/2001,5.06
07/11/2001,5.1
08/11/2001,5.08
09/11/2001,5.08
10/11/2001,5.08
11/11/2001,5.06
12/11/2001,5.1
13/11/2001,5.14
14/11/2001,5.14
15/11/2001,5.12
16/11/2001,5.13
17/11/2001,5.1
18/11/2001,5.08
19/11/2001,5.08
20/11/2001,5.07
21/11/2001,5.05
22/11/2001,5.04
23/11/2001,5.03
24/11/2001,5.07
25/11/2001,5.04
26/11/2001,5.02
27/11/2001,5.0
28/11/2001,4.98
29/11/2001,4.97
30/11/2001,4.98
01/12/2001,4.95
02/12/2001,4.95
03/12/2001,4.93
04/12/2001,4.93
05/12/2001,4.99
06/12/2001,5.0
07/12/2001,4.95
08/12/2001,4.95
09/12/2001,4.93
10/12/2001,4.93
11/12/2001,4.92
12/12/2001,4.9
13/12/2001,4.9
14/12/2001,4.88
15/12/2001,4.86
16/12/2001,4.81
17/12/2001,4.78
18/12/2001,4.74
19/12/2001,4.73
20/12/2001,4.73
21/12/2001,4.71
22/12/2001,4.7
23/12/2001,4.65
24/12/2001,4.63
25/12/2001,4.62
26/12/2001,4.59
27/12/2001,4.56
28/12/2001,4.56
29/12/2001,4.54
30/12/2001,4.51
31/12/2001,4.48
01/01/2002,4.46
02/01/2002,4.44
03/01/2002,4.42
04/01/2002,4.4
05/01/2002,4.44
06/01/2002,4.38
07/01/2002,4.37
08/01/2002,4.36
09/01/2002,4.37
10/01/2002,4.36
11/01/2002,4.34
12/01/2002,4.3
13/01/2002,4.28
14/01/2002,4.33
15/01/2002,4.25
16/01/2002,4.21
17/01/2002,4.2
18/01/2002,4.17
19/01/2002,4.14
20/01/2002,4.12
21/01/2002,4.1
22/01/2002,4.07
23/01/2002,4.05
24/01/2002,4.04
25/01/2002,4.04
26/01/2002,4.03
27/01/2002,4.01
28/01/2002,3.98
29/01/2002,3.97
30/01/2002,3.99
31/01/2002,3.99
01/02/2002,3.94
02/02/2002,3.93
03/02/2002,3.93
04/02/2002,3.91
05/02/2002,3.89
06/02/2002,3.89
07/02/2002,3.91
08/02/2002,3.91
09/02/2002,3.87
10/02/2002,3.87
11/02/2002,3.87
12/02/2002,3.86
13/02/2002,3.85
14/02/2002,3.82
15/02/2002,3.85
16/02/2002,3.82
17/02/2002,3.8
18/02/2002,3.81
19/02/2002,3.78
20/02/2002,3.76
21/02/2002,3.75
22/02/2002,3.76
23/02/2002,3.77
24/02/2002,3.74
25/02/2002,3.72
26/02/2002,3.72
27/02/2002,3.72
28/02/2002,3.71
01/03/2002,3.78
02/03/2002,3.75
03/03/2002,3.75
04/03/2002,3.73
05/03/2002,3.76
06/03/2002,3.73
07/03/2002,3.72
08/03/2002,3.72
09/03/2002,3.72
10/03/2002,3.74
11/03/2002,3.79
12/03/2002,3.83
13/03/2002,3.85
14/03/2002,3.86
15/03/2002,3.89
16/03/2002,3.96
17/03/2002,4.01
18/03/2002,4.09
19/03/2002,4.17
20/03/2002,4.2
21/03/2002,4.28
22/03/2002,4.32
23/03/2002,4.38
24/03/2002,4.43
25/03/2002,4.5
26/03/2002,4.58
27/03/2002,4.62
28/03/2002,4.63
29/03/2002,4.65
30/03/2002,4.69
31/03/2002,4.72
01/04/2002,4.66
02/04/2002,4.72
03/04/2002,4.77
04/04/2002,4.81
05/04/2002,4.85
06/04/2002,4.88
07/04/2002,4.9
08/04/2002,4.93
09/04/2002,4.94
10/04/2002,4.96
11/04/2002,4.98
12/04/2002,5.01
13/04/2002,4.98
14/04/2002,4.97
15/04/2002,4.96
16/04/2002,4.96
17/04/2002,4.97
18/04/2002,5.02
19/04/2002,5.04
20/04/2002,5.08
21/04/2002,5.11
22/04/2002,5.17
23/04/2002,5.26
24/04/2002,5.39
25/04/2002,5.54
26/04/2002,5.68
27/04/2002,5.78
28/04/2002,5.89
29/04/2002,5.99
30/04/2002,6.03
01/05/2002,6.06
02/05/2002,6.08
03/05/2002,6.07
04/05/2002,6.08
05/05/2002,6.09
06/05/2002,6.07
07/05/2002,6.05
08/05/2002,6.05
09/05/2002,6.01
10/05/2002,5.99
11/05/2002,5.98
12/05/2002,5.96
13/05/2002,5.96
14/05/2002,5.94
15/05/2002,5.94
16/05/2002,5.95
17/05/2002,5.95
18/05/2002,5.94
19/05/2002,5.91
20/05/2002,5.94
21/05/2002,5.91
22/05/2002,5.89
23/05/2002,5.88
24/05/2002,5.87
25/05/2002,5.85
26/05/2002,5.84
27/05/2002,5.84
28/05/2002,5.84
29/05/2002,5.9
30/05/2002,5.89
31/05/2002,5.9
01/06/2002,5.89
02/06/2002,5.92
03/06/2002,5.98
04/06/2002,6.03
05/06/2002,6.08
06/06/2002,6.12
07/06/2002,6.17
08/06/2002,6.17
09/06/2002,6.18
10/06/2002,6.13
11/06/2002,6.16
12/06/2002,6.14
13/06/2002,6.12
14/06/2002,6.1
15/06/2002,6.1
16/06/2002,6.09
17/06/2002,6.08
18/06/2002,6.04
19/06/2002,6.04
20/06/2002,6.03
21/06/2002,6.03
22/06/2002,5.98
23/06/2002,5.97
24/06/2002,5.94
25/06/2002,5.91
26/06/2002,5.91
27/06/2002,5.88
28/06/2002,5.87
29/06/2002,5.85
30/06/2002,5.83
01/07/2002,5.81
02/07/2002,5.78
03/07/2002,5.78
04/07/2002,5.76
05/07/2002,5.73
06/07/2002,5.76
07/07/2002,5.73
08/07/2002,5.72
09/07/2002,5.71
10/07/2002,5.71
11/07/2002,5.69
12/07/2002,5.67
13/07/2002,5.66
14/07/2002,5.64
15/07/2002,5.63
16/07/2002,5.62
17/07/2002,5.61
18/07/2002,5.59
19/07/2002,5.57
20/07/2002,5.55
21/07/2002,5.54
22/07/2002,5.56
23/07/2002,5.54
24/07/2002,5.57
25/07/2002,5.61
26/07/2002,5.65
27/07/2002,5.66
28/07/2002,5.66
29/07/2002,5.69
30/07/2002,5.69
31/07/2002,5.7
01/08/2002,5.67
02/08/2002,5.66
03/08/2002,5.65
04/08/2002,5.63
05/08/2002,5.62
06/08/2002,5.61
07/08/2002,5.6
08/08/2002,5.62
09/08/2002,5.63
10/08/2002,5.65
11/08/2002,5.69
12/08/2002,5.71
13/08/2002,5.73
14/08/2002,5.73
15/08/2002,5.74
16/08/2002,5.74
17/08/2002,5.74
18/08/2002,5.74
19/08/2002,5.75
20/08/2002,5.82
21/08/2002,5.85
22/08/2002,5.89
23/08/2002,5.93
24/08/2002,5.95
25/08/2002,5.98
26/08/2002,5.99
27/08/2002,5.99
28/08/2002,5.99
29/08/2002,5.99
30/08/2002,5.92
31/08/2002,5.87
01/09/2002,5.86
02/09/2002,5.84
03/09/2002,5.83
04/09/2002,5.83
05/09/2002,5.82
06/09/2002,5.82
07/09/2002,5.76
08/09/2002,5.76
09/09/2002,5.75
10/09/2002,5.73
11/09/2002,5.72
12/09/2002,5.71
13/09/2002,5.68
14/09/2002,5.68
15/09/2002,5.68
16/09/2002,5.69
17/09/2002,5.7
18/09/2002,5.68
19/09/2002,5.7
20/09/2002,5.67
21/09/2002,5.67
22/09/2002,5.67
23/09/2002,5.67
24/09/2002,5.65
25/09/2002,5.64
26/09/2002,5.64
27/09/2002,5.63
28/09/2002,5.61
29/09/2002,5.6
30/09/2002,5.59
01/10/2002,5.56
02/10/2002,5.56
03/10/2002,5.57
04/10/2002,5.55
05/10/2002,5.54
06/10/2002,5.52
07/10/2002,5.6
08/10/2002,5.63
09/10/2002,5.65
10/10/2002,5.68
11/10/2002,5.71
12/10/2002,5.71
13/10/2002,5.71
14/10/2002,5.71
15/10/2002,5.7
16/10/2002,5.7
17/10/2002,5.66
18/10/2002,5.63
19/10/2002,5.63
20/10/2002,5.61
21/10/2002,5.52
22/10/2002,5.52
23/10/2002,5.53
24/10/2002,5.56
25/10/2002,5.54
26/10/2002,5.53
27/10/2002,5.52
28/10/2002,5.5
29/10/2002,5.51
30/10/2002,5.47
31/10/2002,5.43
01/11/2002,5.41
02/11/2002,5.39
03/11/2002,5.37
04/11/2002,5.37
05/11/2002,5.32
06/11/2002,5.3
07/11/2002,5.27
08/11/2002,5.25
09/11/2002,5.22
10/11/2002,5.13
11/11/2002,5.01
12/11/2002,5.1
13/11/2002,5.1
14/11/2002,5.1
15/11/2002,5.1
16/11/2002,5.06
17/11/2002,5.05
18/11/2002,5.05
19/11/2002,5.03
20/11/2002,5.01
21/11/2002,5.01
22/11/2002,4.97
23/11/2002,4.94
24/11/2002,4.92
25/11/2002,4.92
26/11/2002,4.89
27/11/2002,4.93
28/11/2002,4.93
29/11/2002,4.9
30/11/2002,4.86
01/12/2002,4.96
02/12/2002,4.92
03/12/2002,4.94
04/12/2002,4.95
05/12/2002,4.98
06/12/2002,5.0
07/12/2002,5.05
08/12/2002,5.05
09/12/2002,5.09
10/12/2002,5.09
11/12/2002,5.1
12/12/2002,5.09
13/12/2002,5.07
14/12/2002,5.05
15/12/2002,5.06
16/12/2002,5.03
17/12/2002,5.03
18/12/2002,4.99
19/12/2002,4.97
20/12/2002,4.98
21/12/2002,4.95
22/12/2002,4.96
23/12/2002,5.03
24/12/2002,5.01
25/12/2002,5.02
26/12/2002,5.04
27/12/2002,5.06
28/12/2002,5.09
29/12/2002,5.1
30/12/2002,5.13
31/12/2002,5.11
01/01/2003,5.08
02/01/2003,5.06
03/01/2003,5.04
04/01/2003,5.03
05/01/2003,5.0
06/01/2003,4.98
07/01/2003,4.96
08/01/2003,4.93
09/01/2003,4.92
10/01/2003,4.91
11/01/2003,4.9
12/01/2003,4.86
13/01/2003,4.83
14/01/2003,4.81
15/01/2003,4.8
16/01/2003,4.77
17/01/2003,4.74
18/01/2003,4.75
19/01/2003,4.69
20/01/2003,4.68
21/01/2003,4.67
22/01/2003,4.66
23/01/2003,4.66
24/01/2003,4.6
25/01/2003,4.58
26/01/2003,4.58
27/01/2003,4.57
28/01/2003,4.54
29/01/2003,4.51
30/01/2003,4.48
31/01/2003,4.46
01/02/2003,4.44
02/02/2003,4.41
03/02/2003,4.41
04/02/2003,4.4
05/02/2003,4.41
06/02/2003,4.41
07/02/2003,4.44
08/02/2003,4.43
09/02/2003,4.41
10/02/2003,4.4
11/02/2003,4.43
12/02/2003,4.4
13/02/2003,4.43
14/02/2003,4.43
15/02/2003,4.41
16/02/2003,4.42
17/02/2003,4.35
18/02/2003,4.37
19/02/2003,4.39
20/02/2003,4.39
21/02/2003,4.37
22/02/2003,4.38
23/02/2003,4.41
24/02/2003,4.42
25/02/2003,4.43
26/02/2003,4.45
27/02/2003,4.46
28/02/2003,4.5
01/03/2003,4.51
02/03/2003,4.53
03/03/2003,4.53
04/03/2003,4.53
05/03/2003,4.53
06/03/2003,4.53
07/03/2003,4.53
08/03/2003,4.54
09/03/2003,4.54
10/03/2003,4.52
11/03/2003,4.54
12/03/2003,4.54
13/03/2003,4.52
14/03/2003,4.51
15/03/2003,4.5
16/03/2003,4.51
17/03/2003,4.47
18/03/2003,4.46
19/03/2003,4.45
20/03/2003,4.47
21/03/2003,4.44
22/03/2003,4.41
23/03/2003,4.41
24/03/2003,4.42
25/03/2003,4.41
26/03/2003,4.4
27/03/2003,4.39
28/03/2003,4.35
29/03/2003,4.35
30/03/2003,4.37
31/03/2003,4.34
01/04/2003,4.31
02/04/2003,4.29
03/04/2003,4.3
04/04/2003,4.29
05/04/2003,4.3
06/04/2003,4.27
07/04/2003,4.26
08/04/2003,4.25
09/04/2003,4.25
10/04/2003,4.2
11/04/2003,4.12
12/04/2003,4.11
13/04/2003,4.14
14/04/2003,4.13
15/04/2003,4.12
16/04/2003,4.1
17/04/2003,4.09
18/04/2003,4.08
19/04/2003,4.0
20/04/2003,4.03
21/04/2003,4.03
22/04/2003,4.02
23/04/2003,4.01
24/04/2003,3.99
25/04/2003,3.98
26/04/2003,3.97
27/04/2003,3.99
28/04/2003,3.97
29/04/2003,4.0
30/04/2003,4.03
01/05/2003,4.04
02/05/2003,4.04
03/05/2003,4.05
04/05/2003,4.07
05/05/2003,4.07
06/05/2003,4.06
07/05/2003,4.02
08/05/2003,4.01
09/05/2003,4.01
10/05/2003,4.01
11/05/2003,4.0
12/05/2003,3.99
13/05/2003,3.98
14/05/2003,3.96
15/05/2003,3.95
16/05/2003,3.95
17/05/2003,4.01
18/05/2003,4.09
19/05/2003,4.11
20/05/2003,4.13
21/05/2003,4.19
22/05/2003,4.3
23/05/2003,4.33
24/05/2003,4.35
25/05/2003,4.46
26/05/2003,4.57
27/05/2003,4.64
28/05/2003,4.7
29/05/2003,4.75
30/05/2003,4.77
31/05/2003,4.8
01/06/2003,4.82
02/06/2003,4.89
03/06/2003,4.93
04/06/2003,4.9
05/06/2003,4.92
06/06/2003,4.92
07/06/2003,4.93
08/06/2003,4.93
09/06/2003,4.95
10/06/2003,4.95
11/06/2003,4.96
12/06/2003,4.97
13/06/2003,4.98
14/06/2003,4.98
15/06/2003,4.97
16/06/2003,4.98
17/06/2003,4.98
18/06/2003,4.98
19/06/2003,4.98
20/06/2003,4.97
21/06/2003,4.97
22/06/2003,4.95
23/06/2003,4.96
24/06/2003,4.96
25/06/2003,4.97
26/06/2003,4.99
27/06/2003,4.99
28/06/2003,4.99
29/06/2003,4.99
30/06/2003,4.99
01/07/2003,5.0
02/07/2003,4.99
03/07/2003,4.99
04/07/2003,5.01
05/07/2003,5.0
06/07/2003,5.01
07/07/2003,5.01
08/07/2003,5.01
09/07/2003,4.94
10/07/2003,4.95
11/07/2003,4.94
12/07/2003,4.94
13/07/2003,4.94
14/07/2003,4.93
15/07/2003,4.93
16/07/2003,4.89
17/07/2003,4.89
18/07/2003,4.88
19/07/2003,4.87
20/07/2003,4.85
21/07/2003,4.84
22/07/2003,4.84
23/07/2003,4.83
24/07/2003,4.82
25/07/2003,4.81
26/07/2003,4.79
27/07/2003,4.77
28/07/2003,4.75
29/07/2003,4.72
30/07/2003,4.7
31/07/2003,4.71
01/08/2003,4.69
02/08/2003,4.68
03/08/2003,4.67
04/08/2003,4.66
05/08/2003,4.64
06/08/2003,4.51
07/08/2003,4.57
08/08/2003,4.61
09/08/2003,4.59
10/08/2003,4.62
11/08/2003,4.63
12/08/2003,4.64
13/08/2003,4.64
14/08/2003,4.65
15/08/2003,4.65
16/08/2003,4.62
17/08/2003,4.59
18/08/2003,4.59
19/08/2003,4.6
20/08/2003,4.64
21/08/2003,4.63
22/08/2003,4.66
23/08/2003,4.72
24/08/2003,4.69
25/08/2003,4.68
26/08/2003,4.69
27/08/2003,4.72
28/08/2003,4.75
29/08/2003,4.74
30/08/2003,4.73
31/08/2003,4.71
01/09/2003,4.7
02/09/2003,4.69
03/09/2003,4.68
04/09/2003,4.67
05/09/2003,4.65
06/09/2003,4.63
07/09/2003,4.63
08/09/2003,4.69
09/09/2003,4.63
10/09/2003,4.59
11/09/2003,4.58
12/09/2003,4.59
13/09/2003,4.6
14/09/2003,4.59
15/09/2003,4.6
16/09/2003,4.6
17/09/2003,4.58
18/09/2003,4.57
19/09/2003,4.57
20/09/2003,4.55
21/09/2003,4.56
22/09/2003,4.56
23/09/2003,4.7
24/09/2003,4.8
25/09/2003,4.85
26/09/2003,4.9
27/09/2003,4.93
28/09/2003,5.01
29/09/2003,5.0
30/09/2003,5.01
01/10/2003,5.01
02/10/2003,5.03
03/10/2003,5.02
04/10/2003,5.01
05/10/2003,5.0
06/10/2003,5.0
07/10/2003,4.98
08/10/2003,4.97
09/10/2003,4.96
10/10/2003,4.95
11/10/2003,4.93
12/10/2003,4.9
13/10/2003,4.88
14/10/2003,4.86
15/10/2003,4.84
16/10/2003,4.82
17/10/2003,4.81
18/10/2003,4.8
19/10/2003,4.79
20/10/2003,4.75
21/10/2003,4.74
22/10/2003,4.71
23/10/2003,4.67
24/10/2003,4.67
25/10/2003,4.69
26/10/2003,4.7
27/10/2003,4.66
28/10/2003,4.64
29/10/2003,4.62
30/10/2003,4.6
31/10/2003,4.65
01/11/2003,4.62
02/11/2003,4.54
03/11/2003,4.51
04/11/2003,4.5
05/11/2003,4.49
06/11/2003,4.47
07/11/2003,4.44
08/11/2003,4.42
09/11/2003,4.4
10/11/2003,4.39
11/11/2003,4.4
12/11/2003,4.33
13/11/2003,4.41
14/11/2003,4.33
15/11/2003,4.3
16/11/2003,4.3
17/11/2003,4.32
18/11/2003,4.34
19/11/2003,4.31
20/11/2003,4.36
21/11/2003,4.41
22/11/2003,4.42
23/11/2003,4.44
24/11/2003,4.49
25/11/2003,4.43
26/11/2003,4.43
27/11/2003,4.45
28/11/2003,4.45
29/11/2003,4.45
30/11/2003,4.43
01/12/2003,4.42
02/12/2003,4.4
03/12/2003,4.41
04/12/2003,4.41
05/12/2003,4.32
06/12/2003,4.36
07/12/2003,4.38
08/12/2003,4.36
09/12/2003,4.28
10/12/2003,4.31
11/12/2003,4.33
12/12/2003,4.29
13/12/2003,4.28
14/12/2003,4.28
15/12/2003,4.27
16/12/2003,4.25
17/12/2003,4.27
18/12/2003,4.27
19/12/2003,4.24
20/12/2003,4.23
21/12/2003,4.21
22/12/2003,4.2
23/12/2003,4.15
24/12/2003,4.16
25/12/2003,4.16
26/12/2003,4.14
27/12/2003,4.1
28/12/2003,4.06
29/12/2003,4.0
15/01/2004,3.55
16/01/2004,3.51
17/01/2004,3.48
18/01/2004,3.46
19/01/2004,3.45
20/01/2004,3.43
21/01/2004,3.39
22/01/2004,3.38
23/01/2004,3.38
24/01/2004,3.35
25/01/2004,3.33
26/01/2004,3.31
27/01/2004,3.32
28/01/2004,3.32
29/01/2004,3.34
30/01/2004,3.35
31/01/2004,3.36
01/02/2004,3.32
02/02/2004,3.33
03/02/2004,3.31
04/02/2004,3.28
05/02/2004,3.27
06/02/2004,3.24
07/02/2004,3.23
08/02/2004,3.21
09/02/2004,3.19
10/02/2004,3.15
11/02/2004,3.13
12/02/2004,3.1
13/02/2004,3.09
14/02/2004,3.16
15/02/2004,3.08
16/02/2004,3.07
17/02/2004,3.06
18/02/2004,3.04
19/02/2004,3.05
20/02/2004,2.99
21/02/2004,2.96
22/02/2004,2.97
23/02/2004,2.97
24/02/2004,2.94
25/02/2004,2.94
26/02/2004,2.92
27/02/2004,2.89
28/02/2004,2.93
29/02/2004,2.89
01/03/2004,2.86
02/03/2004,2.83
03/03/2004,2.79
04/03/2004,2.79
05/03/2004,2.81
06/03/2004,2.79
07/03/2004,2.76
08/03/2004,2.75
09/03/2004,2.76
10/03/2004,2.75
11/03/2004,2.74
12/03/2004,2.75
13/03/2004,2.77
14/03/2004,2.81
15/03/2004,2.75
16/03/2004,2.75
17/03/2004,2.75
18/03/2004,2.72
19/03/2004,2.7
20/03/2004,2.69
21/03/2004,2.67
22/03/2004,2.65
23/03/2004,2.65
24/03/2004,2.64
25/03/2004,2.62
26/03/2004,2.62
27/03/2004,2.62
28/03/2004,2.61
29/03/2004,2.64
30/03/2004,2.63
31/03/2004,2.62
01/04/2004,2.6
02/04/2004,2.58
03/04/2004,2.58
04/04/2004,2.59
05/04/2004,2.61
06/04/2004,2.57
07/04/2004,2.55
08/04/2004,2.55
09/04/2004,2.65
10/04/2004,2.6
11/04/2004,2.56
12/04/2004,2.52
13/04/2004,2.51
14/04/2004,2.53
15/04/2004,2.54
16/04/2004,2.51
17/04/2004,2.52
18/04/2004,2.51
19/04/2004,2.49
20/04/2004,2.45
21/04/2004,2.5
22/04/2004,2.52
23/04/2004,2.53
24/04/2004,2.56
25/04/2004,2.54
26/04/2004,2.54
27/04/2004,2.55
28/04/2004,2.56
29/04/2004,2.57
30/04/2004,2.59
01/05/2004,2.58
02/05/2004,2.59
03/05/2004,2.67
04/05/2004,2.65
05/05/2004,2.65
06/05/2004,2.67
07/05/2004,2.68
08/05/2004,2.68
09/05/2004,2.71
10/05/2004,2.74
11/05/2004,2.76
12/05/2004,2.78
13/05/2004,2.87
14/05/2004,2.84
15/05/2004,2.81
16/05/2004,2.8
17/05/2004,2.83
18/05/2004,2.83
19/05/2004,2.85
20/05/2004,2.86
21/05/2004,2.87
22/05/2004,2.88
23/05/2004,2.92
24/05/2004,2.92
25/05/2004,2.91
26/05/2004,2.9
27/05/2004,2.98
28/05/2004,3.08
29/05/2004,3.14
30/05/2004,3.18
31/05/2004,3.23
01/06/2004,3.27
02/06/2004,3.29
03/06/2004,3.32
04/06/2004,3.32
05/06/2004,3.33
06/06/2004,3.34
07/06/2004,3.33
08/06/2004,3.34
09/06/2004,3.33
10/06/2004,3.35
11/06/2004,3.31
12/06/2004,3.27
13/06/2004,3.27
14/06/2004,3.31
15/06/2004,3.31
16/06/2004,3.31
17/06/2004,3.3
18/06/2004,3.3
19/06/2004,3.3
20/06/2004,3.28
21/06/2004,3.28
22/06/2004,3.27
23/06/2004,3.28
24/06/2004,3.27
25/06/2004,3.27
26/06/2004,3.29
27/06/2004,3.3
28/06/2004,3.31
29/06/2004,3.33
30/06/2004,3.34
01/07/2004,3.38
02/07/2004,3.41
03/07/2004,3.44
04/07/2004,3.45
05/07/2004,3.48
06/07/2004,3.5
07/07/2004,3.54
08/07/2004,3.55
09/07/2004,3.55
10/07/2004,3.5
11/07/2004,3.53
12/07/2004,3.58
13/07/2004,3.59
14/07/2004,3.6
15/07/2004,3.61
16/07/2004,3.59
17/07/2004,3.58
18/07/2004,3.57
19/07/2004,3.58
20/07/2004,3.57
21/07/2004,3.56
22/07/2004,3.54
23/07/2004,3.52
24/07/2004,3.52
25/07/2004,3.5
26/07/2004,3.49
27/07/2004,3.48
28/07/2004,3.47
29/07/2004,3.47
30/07/2004,3.46
31/07/2004,3.48
01/08/2004,3.44
02/08/2004,3.44
03/08/2004,3.43
04/08/2004,3.43
05/08/2004,3.42
06/08/2004,3.44
07/08/2004,3.38
08/08/2004,3.35
09/08/2004,3.37
10/08/2004,3.37
11/08/2004,3.37
12/08/2004,3.36
13/08/2004,3.35
14/08/2004,3.34
15/08/2004,3.34
16/08/2004,3.33
17/08/2004,3.33
18/08/2004,3.35
19/08/2004,3.4
20/08/2004,3.33
21/08/2004,3.25
22/08/2004,3.29
23/08/2004,3.31
24/08/2004,3.28
25/08/2004,3.31
26/08/2004,3.31
27/08/2004,3.3
28/08/2004,3.29
29/08/2004,3.26
30/08/2004,3.27
31/08/2004,3.27
01/09/2004,3.28
02/09/2004,3.26
03/09/2004,3.26
04/09/2004,3.24
05/09/2004,3.24
06/09/2004,3.2
07/09/2004,3.25
08/09/2004,3.36
09/09/2004,3.34
10/09/2004,3.33
11/09/2004,3.35
12/09/2004,3.35
13/09/2004,3.36
14/09/2004,3.36
15/09/2004,3.35
16/09/2004,3.32
17/09/2004,3.34
18/09/2004,3.33
19/09/2004,3.38
20/09/2004,3.36
21/09/2004,3.35
22/09/2004,3.32
23/09/2004,3.3
24/09/2004,3.31
25/09/2004,3.31
26/09/2004,3.3
27/09/2004,3.35
28/09/2004,3.31
29/09/2004,3.29
30/09/2004,3.27
01/10/2004,3.25
02/10/2004,3.26
03/10/2004,3.23
04/10/2004,3.24
05/10/2004,3.23
06/10/2004,3.21
07/10/2004,3.2
08/10/2004,3.2
09/10/2004,3.16
10/10/2004,3.12
11/10/2004,3.13
12/10/2004,3.23
13/10/2004,3.17
14/10/2004,3.13
15/10/2004,3.17
16/10/2004,3.15
17/10/2004,3.15
18/10/2004,3.17
19/10/2004,3.16
20/10/2004,3.13
21/10/2004,3.15
22/10/2004,3.14
23/10/2004,3.15
24/10/2004,3.14
25/10/2004,3.11
26/10/2004,3.09
27/10/2004,3.09
28/10/2004,3.08
29/10/2004,3.1
30/10/2004,3.1
31/10/2004,3.09
01/11/2004,3.07
02/11/2004,3.07
03/11/2004,3.1
04/11/2004,3.13
05/11/2004,3.1
06/11/2004,3.03
07/11/2004,3.08
08/11/2004,3.11
09/11/2004,3.11
10/11/2004,3.09
11/11/2004,3.18
12/11/2004,3.12
13/11/2004,3.09
14/11/2004,3.14
15/11/2004,3.17
16/11/2004,3.13
17/11/2004,3.08
18/11/2004,3.07
19/11/2004,3.08
20/11/2004,3.08
21/11/2004,3.05
22/11/2004,3.06
23/11/2004,3.04
24/11/2004,3.03
25/11/2004,3.04
26/11/2004,3.02
27/11/2004,3.0
28/11/2004,3.0
29/11/2004,2.97
30/11/2004,2.95
01/12/2004,2.98
02/12/2004,2.94
03/12/2004,2.91
04/12/2004,2.91
05/12/2004,2.89
06/12/2004,2.88
07/12/2004,2.9
08/12/2004,2.89
09/12/2004,2.85
10/12/2004,2.85
11/12/2004,2.8
12/12/2004,2.77
13/12/2004,2.72
14/12/2004,2.73
15/12/2004,2.73
16/12/2004,2.73
17/12/2004,2.69
18/12/2004,2.69
19/12/2004,2.65
20/12/2004,2.69
21/12/2004,2.63
22/12/2004,2.61
23/12/2004,2.61
24/12/2004,2.57
25/12/2004,2.55
26/12/2004,2.51
27/12/2004,2.52
28/12/2004,2.52
29/12/2004,2.52
30/12/2004,2.52
31/12/2004,2.49
01/01/2005,2.49
02/01/2005,2.53
03/01/2005,2.49
04/01/2005,2.46
05/01/2005,2.45
06/01/2005,2.43
07/01/2005,2.43
08/01/2005,2.43
09/01/2005,2.41
10/01/2005,2.46
11/01/2005,2.41
12/01/2005,2.39
13/01/2005,2.41
14/01/2005,2.37
15/01/2005,2.4
16/01/2005,2.3
17/01/2005,2.29
18/01/2005,2.34
19/01/2005,2.3
20/01/2005,2.32
21/01/2005,2.24
22/01/2005,2.24
23/01/2005,2.24
24/01/2005,2.28
25/01/2005,2.26
26/01/2005,2.18
27/01/2005,2.2
28/01/2005,2.2
29/01/2005,2.17
30/01/2005,2.18
31/01/2005,2.16
01/02/2005,2.21
02/02/2005,2.15
03/02/2005,2.13
04/02/2005,2.14
05/02/2005,2.16
06/02/2005,2.14
07/02/2005,2.11
08/02/2005,2.11
09/02/2005,2.05
10/02/2005,2.07
11/02/2005,2.09
12/02/2005,2.12
13/02/2005,2.16
14/02/2005,2.1
15/02/2005,2.07
16/02/2005,2.05
17/02/2005,2.04
18/02/2005,2.05
19/02/2005,2.05
20/02/2005,2.03
21/02/2005,2.01
22/02/2005,2.0
23/02/2005,1.99
24/02/2005,1.98
25/02/2005,1.97
26/02/2005,1.96
27/02/2005,1.99
28/02/2005,2.01
01/03/2005,1.97
02/03/2005,1.96
03/03/2005,1.97
04/03/2005,1.99
05/03/2005,1.96
06/03/2005,1.94
07/03/2005,1.93
08/03/2005,1.93
09/03/2005,1.9
10/03/2005,1.86
11/03/2005,1.85
12/03/2005,1.91
13/03/2005,2.1
14/03/2005,2.03
15/03/2005,1.97
16/03/2005,1.92
17/03/2005,1.93
18/03/2005,1.94
19/03/2005,1.9
20/03/2005,1.92
21/03/2005,1.92
22/03/2005,1.92
23/03/2005,1.93
24/03/2005,1.92
25/03/2005,1.92
26/03/2005,1.94
27/03/2005,1.99
28/03/2005,1.91
29/03/2005,1.9
30/03/2005,1.94
31/03/2005,1.93
01/04/2005,1.93
02/04/2005,1.93
03/04/2005,1.83
04/04/2005,1.85
05/04/2005,1.89
06/04/2005,1.9
07/04/2005,1.81
08/04/2005,1.94
09/04/2005,1.94
10/04/2005,1.96
11/04/2005,2.12
12/04/2005,2.24
13/04/2005,2.3
14/04/2005,2.38
15/04/2005,2.44
16/04/2005,2.56
17/04/2005,2.66
18/04/2005,2.73
19/04/2005,2.77
20/04/2005,2.84
21/04/2005,2.86
22/04/2005,2.87
23/04/2005,2.88
24/04/2005,2.96
25/04/2005,2.91
26/04/2005,2.89
27/04/2005,2.89
28/04/2005,2.88
29/04/2005,2.87
30/04/2005,2.86
01/05/2005,2.86
02/05/2005,2.86
03/05/2005,2.85
04/05/2005,2.85
05/05/2005,2.85
06/05/2005,2.92
07/05/2005,2.89
08/05/2005,2.88
09/05/2005,2.89
10/05/2005,2.89
11/05/2005,2.91
12/05/2005,2.94
13/05/2005,2.98
14/05/2005,3.13
15/05/2005,3.27
16/05/2005,3.39
17/05/2005,3.49
18/05/2005,3.61
19/05/2005,3.71
20/05/2005,3.83
21/05/2005,3.77
22/05/2005,3.84
23/05/2005,3.92
24/05/2005,3.95
25/05/2005,3.95
26/05/2005,3.96
27/05/2005,3.96
28/05/2005,3.97
29/05/2005,3.96
30/05/2005,3.97
31/05/2005,3.96
01/06/2005,3.94
02/06/2005,3.93
03/06/2005,3.93
04/06/2005,3.94
05/06/2005,3.96
06/06/2005,3.99
07/06/2005,4.0
08/06/2005,4.05
09/06/2005,4.11
10/06/2005,4.15
11/06/2005,4.22
12/06/2005,4.29
13/06/2005,4.34
14/06/2005,4.41
15/06/2005,4.47
16/06/2005,4.49
17/06/2005,4.53
18/06/2005,4.54
19/06/2005,4.56
20/06/2005,4.58
21/06/2005,4.59
22/06/2005,4.62
23/06/2005,4.62
24/06/2005,4.63
25/06/2005,4.64
26/06/2005,4.64
27/06/2005,4.63
28/06/2005,4.63
29/06/2005,4.62
30/06/2005,4.61
01/07/2005,4.51
02/07/2005,4.59
03/07/2005,4.6
04/07/2005,4.63
05/07/2005,4.55
06/07/2005,4.53
07/07/2005,4.55
08/07/2005,4.54
09/07/2005,4.53
10/07/2005,4.52
11/07/2005,4.52
12/07/2005,4.52
13/07/2005,4.5
14/07/2005,4.5
15/07/2005,4.48
16/07/2005,4.5
17/07/2005,4.45
18/07/2005,4.41
19/07/2005,4.4
20/07/2005,4.42
21/07/2005,4.42
22/07/2005,4.39
23/07/2005,4.37
24/07/2005,4.34
25/07/2005,4.33
26/07/2005,4.33
27/07/2005,4.32
28/07/2005,4.3
29/07/2005,4.29
30/07/2005,4.27
31/07/2005,4.26
01/08/2005,4.25
02/08/2005,4.23
03/08/2005,4.22
04/08/2005,4.2
05/08/2005,4.17
06/08/2005,4.17
07/08/2005,4.16
08/08/2005,4.15
09/08/2005,4.14
10/08/2005,4.11
11/08/2005,4.08
12/08/2005,4.06
13/08/2005,4.05
14/08/2005,4.04
15/08/2005,4.04
16/08/2005,4.0
17/08/2005,4.0
18/08/2005,3.98
19/08/2005,3.96
20/08/2005,3.96
21/08/2005,3.95
22/08/2005,3.91
23/08/2005,3.85
24/08/2005,3.75
25/08/2005,3.82
26/08/2005,3.83
27/08/2005,3.82
28/08/2005,3.83
29/08/2005,3.87
30/08/2005,3.84
31/08/2005,3.83
01/09/2005,3.79
02/09/2005,3.76
03/09/2005,3.77
04/09/2005,3.8
05/09/2005,3.79
06/09/2005,3.77
07/09/2005,3.77
08/09/2005,3.77
09/09/2005,3.77
10/09/2005,3.86
11/09/2005,3.96
12/09/2005,4.02
13/09/2005,4.11
14/09/2005,4.21
15/09/2005,4.21
16/09/2005,4.26
17/09/2005,4.29
18/09/2005,4.35
19/09/2005,4.37
20/09/2005,4.35
21/09/2005,4.37
22/09/2005,4.38
23/09/2005,4.39
24/09/2005,4.41
25/09/2005,4.4
26/09/2005,4.37
27/09/2005,4.38
28/09/2005,4.37
29/09/2005,4.35
30/09/2005,4.35
01/10/2005,4.33
02/10/2005,4.33
03/10/2005,4.33
04/10/2005,4.39
05/10/2005,4.31
06/10/2005,4.31
07/10/2005,4.34
08/10/2005,4.35
09/10/2005,4.15
10/10/2005,4.33
11/10/2005,4.32
12/10/2005,4.31
13/10/2005,4.31
14/10/2005,4.35
15/10/2005,4.31
16/10/2005,4.34
17/10/2005,4.32
18/10/2005,4.26
19/10/2005,4.24
20/10/2005,4.24
21/10/2005,4.24
22/10/2005,4.25
23/10/2005,4.22
24/10/2005,4.28
25/10/2005,4.21
26/10/2005,4.21
27/10/2005,4.23
28/10/2005,4.24
29/10/2005,4.19
30/10/2005,4.18
31/10/2005,4.16
01/11/2005,4.13
02/11/2005,4.13
03/11/2005,4.13
04/11/2005,4.12
05/11/2005,4.09
06/11/2005,4.1
07/11/2005,4.07
08/11/2005,4.05
09/11/2005,4.05
10/11/2005,4.03
11/11/2005,4.01
12/11/2005,3.97
13/11/2005,3.94
14/11/2005,3.93
15/11/2005,3.89
16/11/2005,3.88
17/11/2005,3.87
18/11/2005,3.84
19/11/2005,3.81
20/11/2005,3.8
21/11/2005,3.77
22/11/2005,3.75
23/11/2005,3.73
24/11/2005,3.74
25/11/2005,3.68
26/11/2005,3.66
27/11/2005,3.63
28/11/2005,3.62
29/11/2005,3.61
30/11/2005,3.62
01/12/2005,3.6
02/12/2005,3.53
03/12/2005,3.49
04/12/2005,3.47
05/12/2005,3.47
06/12/2005,3.46
07/12/2005,3.4
08/12/2005,3.38
09/12/2005,3.34
10/12/2005,3.38
11/12/2005,3.33
12/12/2005,3.33
13/12/2005,3.34
14/12/2005,3.32
15/12/2005,3.28
16/12/2005,3.23
17/12/2005,3.21
18/12/2005,3.18
19/12/2005,3.2
20/12/2005,3.16
21/12/2005,3.11
22/12/2005,3.12
23/12/2005,3.12
24/12/2005,3.09
25/12/2005,3.04
26/12/2005,3.02
27/12/2005,3.01
28/12/2005,3.02
29/12/2005,2.98
30/12/2005,2.96
31/12/2005,2.95
01/01/2006,2.89
02/01/2006,2.92
03/01/2006,2.9
04/01/2006,2.88
05/01/2006,2.84
06/01/2006,2.81
07/01/2006,2.8
08/01/2006,2.81
09/01/2006,2.77
10/01/2006,2.79
11/01/2006,2.81
12/01/2006,2.8
13/01/2006,2.8
14/01/2006,2.78
15/01/2006,2.74
16/01/2006,2.81
17/01/2006,2.81
18/01/2006,2.78
19/01/2006,2.77
20/01/2006,2.72
21/01/2006,2.76
22/01/2006,2.76
23/01/2006,2.76
24/01/2006,2.75
25/01/2006,2.74
26/01/2006,2.71
27/01/2006,2.69
28/01/2006,2.68
29/01/2006,2.66
30/01/2006,2.69
31/01/2006,2.64
01/02/2006,2.63
02/02/2006,2.63
03/02/2006,2.6
04/02/2006,2.6
05/02/2006,2.56
06/02/2006,2.58
07/02/2006,2.54
08/02/2006,2.53
09/02/2006,2.51
10/02/2006,2.51
11/02/2006,2.52
12/02/2006,2.5
13/02/2006,2.46
14/02/2006,2.44
15/02/2006,2.43
16/02/2006,2.43
17/02/2006,2.41
18/02/2006,2.41
19/02/2006,2.45
20/02/2006,2.44
21/02/2006,2.4
22/02/2006,2.39
23/02/2006,2.38
24/02/2006,2.45
25/02/2006,2.53
26/02/2006,2.45
27/02/2006,2.43
28/02/2006,2.46
01/03/2006,2.49
02/03/2006,2.5
03/03/2006,2.54
04/03/2006,2.44
05/03/2006,2.45
06/03/2006,2.46
07/03/2006,2.46
08/03/2006,2.46
09/03/2006,2.47
10/03/2006,2.47
11/03/2006,2.46
12/03/2006,2.56
13/03/2006,2.44
14/03/2006,2.47
15/03/2006,2.45
16/03/2006,2.45
17/03/2006,2.46
18/03/2006,2.49
19/03/2006,2.44
20/03/2006,2.43
21/03/2006,2.46
22/03/2006,2.46
23/03/2006,2.47
24/03/2006,2.44
25/03/2006,2.51
26/03/2006,2.46
27/03/2006,2.45
28/03/2006,2.49
29/03/2006,2.45
30/03/2006,2.42
31/03/2006,2.44
01/04/2006,2.46
02/04/2006,2.48
03/04/2006,2.49
04/04/2006,2.46
05/04/2006,2.46
06/04/2006,2.47
07/04/2006,2.47
08/04/2006,2.47
09/04/2006,2.48
10/04/2006,2.46
11/04/2006,2.41
12/04/2006,2.41
13/04/2006,2.4
14/04/2006,2.41
15/04/2006,2.43
16/04/2006,2.38
17/04/2006,2.35
18/04/2006,2.36
19/04/2006,2.36
20/04/2006,2.35
21/04/2006,2.39
22/04/2006,2.31
23/04/2006,2.33
24/04/2006,2.34
25/04/2006,2.36
26/04/2006,2.37
27/04/2006,2.35
28/04/2006,2.37
29/04/2006,2.37
30/04/2006,2.33
01/05/2006,2.26
02/05/2006,2.28
03/05/2006,2.3
04/05/2006,2.31
05/05/2006,2.3
06/05/2006,2.31
07/05/2006,2.32
08/05/2006,2.34
09/05/2006,2.33
10/05/2006,2.32
11/05/2006,2.31
12/05/2006,2.31
13/05/2006,2.3
14/05/2006,2.3
15/05/2006,2.3
16/05/2006,2.3
17/05/2006,2.29
18/05/2006,2.31
19/05/2006,2.35
20/05/2006,2.3
21/05/2006,2.26
22/05/2006,2.26
23/05/2006,2.26
24/05/2006,2.28
25/05/2006,2.29
26/05/2006,2.27
27/05/2006,2.26
28/05/2006,2.26
29/05/2006,2.28
30/05/2006,2.3
31/05/2006,2.3
01/06/2006,2.3
02/06/2006,2.33
03/06/2006,2.33
04/06/2006,2.31
05/06/2006,2.3
06/06/2006,2.32
07/06/2006,2.33
08/06/2006,2.32
09/06/2006,2.4
10/06/2006,2.41
11/06/2006,2.37
12/06/2006,2.39
13/06/2006,2.41
14/06/2006,2.43
15/06/2006,2.45
16/06/2006,2.47
17/06/2006,2.47
18/06/2006,2.47
19/06/2006,2.47
20/06/2006,2.48
21/06/2006,2.49
22/06/2006,2.49
23/06/2006,2.5
24/06/2006,2.53
25/06/2006,2.5
26/06/2006,2.46
27/06/2006,2.53
28/06/2006,2.56
29/06/2006,2.58
30/06/2006,2.59
01/07/2006,2.59
02/07/2006,2.6
03/07/2006,2.6
04/07/2006,2.61
05/07/2006,2.65
06/07/2006,2.65
07/07/2006,2.65
08/07/2006,2.66
09/07/2006,2.62
10/07/2006,2.64
11/07/2006,2.66
12/07/2006,2.65
13/07/2006,2.72
14/07/2006,2.74
15/07/2006,2.73
16/07/2006,2.73
17/07/2006,2.71
18/07/2006,2.7
19/07/2006,2.71
20/07/2006,2.71
21/07/2006,2.72
22/07/2006,2.72
23/07/2006,2.76
24/07/2006,2.76
25/07/2006,2.76
26/07/2006,2.74
27/07/2006,2.75
28/07/2006,2.63
29/07/2006,2.63
30/07/2006,2.63
31/07/2006,2.66
01/08/2006,2.66
02/08/2006,2.66
03/08/2006,2.66
04/08/2006,2.66
05/08/2006,2.66
06/08/2006,2.65
07/08/2006,2.65
08/08/2006,2.66
09/08/2006,2.7
10/08/2006,2.69
11/08/2006,2.79
12/08/2006,2.84
13/08/2006,2.95
14/08/2006,3.03
15/08/2006,3.09
16/08/2006,3.17
17/08/2006,3.22
18/08/2006,3.28
19/08/2006,3.29
20/08/2006,3.34
21/08/2006,3.31
22/08/2006,3.34
23/08/2006,3.35
24/08/2006,3.37
25/08/2006,3.38
26/08/2006,3.39
27/08/2006,3.37
28/08/2006,3.34
29/08/2006,3.35
30/08/2006,3.36
31/08/2006,3.35
01/09/2006,3.34
02/09/2006,3.35
03/09/2006,3.25
04/09/2006,3.28
05/09/2006,3.31
06/09/2006,3.34
07/09/2006,3.35
08/09/2006,3.34
09/09/2006,3.33
10/09/2006,3.32
11/09/2006,3.3
12/09/2006,3.33
13/09/2006,3.34
14/09/2006,3.35
15/09/2006,3.32
16/09/2006,3.32
17/09/2006,3.32
18/09/2006,3.31
19/09/2006,3.32
20/09/2006,3.33
21/09/2006,3.3
22/09/2006,3.28
23/09/2006,3.27
24/09/2006,3.24
25/09/2006,3.23
26/09/2006,3.24
27/09/2006,3.24
28/09/2006,3.24
29/09/2006,3.21
30/09/2006,3.22
01/10/2006,3.06
02/10/2006,3.17
03/10/2006,3.16
04/10/2006,3.15
05/10/2006,3.17
06/10/2006,3.14
07/10/2006,3.13
08/10/2006,3.1
09/10/2006,3.09
10/10/2006,3.08
11/10/2006,3.09
12/10/2006,3.1
13/10/2006,3.08
14/10/2006,3.08
15/10/2006,3.09
16/10/2006,3.05
17/10/2006,3.03
18/10/2006,3.04
19/10/2006,3.03
20/10/2006,2.99
21/10/2006,2.95
22/10/2006,2.96
23/10/2006,2.93
24/10/2006,2.92
25/10/2006,2.91
26/10/2006,2.98
27/10/2006,2.91
28/10/2006,2.9
29/10/2006,2.9
30/10/2006,2.89
31/10/2006,2.88
01/11/2006,2.87
02/11/2006,2.83
03/11/2006,2.84
04/11/2006,2.83
05/11/2006,2.84
06/11/2006,2.87
07/11/2006,2.82
08/11/2006,2.78
09/11/2006,2.75
10/11/2006,2.76
11/11/2006,2.77
12/11/2006,2.77
13/11/2006,2.75
14/11/2006,2.74
15/11/2006,2.71
16/11/2006,2.75
17/11/2006,2.81
18/11/2006,2.78
19/11/2006,2.75
20/11/2006,2.7
21/11/2006,2.68
22/11/2006,2.66
23/11/2006,2.64
24/11/2006,2.63
25/11/2006,2.64
26/11/2006,2.66
27/11/2006,2.67
28/11/2006,2.63
29/11/2006,2.59
30/11/2006,2.58
01/12/2006,2.57
02/12/2006,2.54
03/12/2006,2.51
04/12/2006,2.53
05/12/2006,2.52
06/12/2006,2.51
07/12/2006,2.48
08/12/2006,2.48
09/12/2006,2.44
10/12/2006,2.42
11/12/2006,2.43
12/12/2006,2.47
13/12/2006,2.41
14/12/2006,2.41
15/12/2006,2.42
16/12/2006,2.41
17/12/2006,2.4
18/12/2006,2.41
19/12/2006,2.39
20/12/2006,2.41
21/12/2006,2.37
22/12/2006,2.37
23/12/2006,2.38
24/12/2006,2.39
25/12/2006,2.42
26/12/2006,2.38
27/12/2006,2.37
28/12/2006,2.39
29/12/2006,2.38
30/12/2006,2.4
31/12/2006,2.38
01/01/2007,2.37
02/01/2007,2.36
03/01/2007,2.36
04/01/2007,2.35
05/01/2007,2.38
06/01/2007,2.35
07/01/2007,2.33
08/01/2007,2.33
09/01/2007,2.32
10/01/2007,2.29
11/01/2007,2.29
12/01/2007,2.27
13/01/2007,2.27
14/01/2007,2.23
15/01/2007,2.22
16/01/2007,2.18
17/01/2007,2.15
18/01/2007,2.16
19/01/2007,2.23
20/01/2007,2.21
21/01/2007,2.18
22/01/2007,2.21
23/01/2007,2.16
24/01/2007,2.14
25/01/2007,2.16
26/01/2007,2.17
27/01/2007,2.15
28/01/2007,2.16
29/01/2007,2.15
30/01/2007,2.12
31/01/2007,2.08
01/02/2007,2.07
02/02/2007,2.06
03/02/2007,2.04
04/02/2007,2.05
05/02/2007,2.06
06/02/2007,2.05
07/02/2007,2.1
08/02/2007,2.09
09/02/2007,2.12
10/02/2007,2.12
11/02/2007,2.12
12/02/2007,2.08
13/02/2007,2.1
14/02/2007,2.08
15/02/2007,2.06
16/02/2007,2.04
17/02/2007,2.07
18/02/2007,2.03
19/02/2007,2.06
20/02/2007,2.09
21/02/2007,2.12
22/02/2007,2.06
23/02/2007,2.05
24/02/2007,2.05
25/02/2007,2.05
26/02/2007,2.05
27/02/2007,2.04
28/02/2007,2.07
01/03/2007,2.08
02/03/2007,2.14
03/03/2007,2.2
04/03/2007,2.13
05/03/2007,2.09
06/03/2007,2.11
07/03/2007,2.15
08/03/2007,2.14
09/03/2007,2.08
10/03/2007,2.12
11/03/2007,2.22
12/03/2007,2.16
13/03/2007,2.19
14/03/2007,2.21
15/03/2007,2.21
16/03/2007,2.26
17/03/2007,2.29
18/03/2007,2.3
19/03/2007,2.28
20/03/2007,2.27
21/03/2007,2.27
22/03/2007,2.29
23/03/2007,2.3
24/03/2007,2.32
25/03/2007,2.32
26/03/2007,2.29
27/03/2007,2.33
28/03/2007,2.38
29/03/2007,2.4
30/03/2007,2.4
31/03/2007,2.44
01/04/2007,2.48
02/04/2007,2.47
03/04/2007,2.49
04/04/2007,2.54
05/04/2007,2.56
06/04/2007,2.63
07/04/2007,2.64
08/04/2007,2.7
09/04/2007,2.69
10/04/2007,2.7
11/04/2007,2.69
12/04/2007,2.69
13/04/2007,2.72
14/04/2007,2.74
15/04/2007,2.75
16/04/2007,2.76
17/04/2007,2.76
18/04/2007,2.76
19/04/2007,2.75
20/04/2007,2.76
21/04/2007,2.82
22/04/2007,2.76
23/04/2007,2.75
24/04/2007,2.77
25/04/2007,2.81
26/04/2007,2.73
27/04/2007,2.72
28/04/2007,2.76
29/04/2007,2.79
30/04/2007,2.81
01/05/2007,2.84
02/05/2007,2.88
03/05/2007,2.91
04/05/2007,2.96
05/05/2007,3.07
06/05/2007,3.31
07/05/2007,3.51
08/05/2007,3.68
09/05/2007,3.84
10/05/2007,4.03
11/05/2007,4.15
12/05/2007,4.24
13/05/2007,4.29
14/05/2007,4.33
15/05/2007,4.36
16/05/2007,4.37
17/05/2007,4.37
18/05/2007,4.37
19/05/2007,4.37
20/05/2007,4.37
21/05/2007,4.36
22/05/2007,4.35
23/05/2007,4.32
24/05/2007,4.28
25/05/2007,4.28
26/05/2007,4.27
27/05/2007,4.27
28/05/2007,4.21
29/05/2007,4.16
30/05/2007,4.19
31/05/2007,4.19
01/06/2007,4.17
02/06/2007,4.12
03/06/2007,4.09
04/06/2007,4.11
05/06/2007,4.1
06/06/2007,4.09
07/06/2007,4.08
08/06/2007,4.08
09/06/2007,4.07
10/06/2007,4.05
11/06/2007,4.05
12/06/2007,4.03
13/06/2007,4.04
14/06/2007,4.05
15/06/2007,4.1
16/06/2007,4.03
17/06/2007,4.11
18/06/2007,4.13
19/06/2007,4.16
20/06/2007,4.17
21/06/2007,4.2
22/06/2007,4.22
23/06/2007,4.22
24/06/2007,4.18
25/06/2007,4.21
26/06/2007,4.23
27/06/2007,4.24
28/06/2007,4.24
29/06/2007,4.23
30/06/2007,4.24
01/07/2007,4.24
02/07/2007,4.25
03/07/2007,4.24
04/07/2007,4.24
05/07/2007,4.23
06/07/2007,4.22
07/07/2007,4.23
08/07/2007,4.24
09/07/2007,4.24
10/07/2007,4.22
11/07/2007,4.16
12/07/2007,4.19
13/07/2007,4.22
14/07/2007,4.18
15/07/2007,4.15
16/07/2007,4.18
17/07/2007,4.18
18/07/2007,4.16
19/07/2007,4.13
20/07/2007,4.13
21/07/2007,4.14
22/07/2007,4.12
23/07/2007,4.01
24/07/2007,4.07
25/07/2007,4.06
26/07/2007,4.03
27/07/2007,4.04
28/07/2007,4.01
29/07/2007,4.01
30/07/2007,4.0
31/07/2007,3.98
01/08/2007,3.97
02/08/2007,3.98
03/08/2007,3.99
04/08/2007,3.9
05/08/2007,3.94
06/08/2007,3.93
07/08/2007,3.89
08/08/2007,3.9
09/08/2007,3.91
10/08/2007,3.88
11/08/2007,3.88
12/08/2007,3.93
13/08/2007,3.93
14/08/2007,3.93
15/08/2007,3.95
16/08/2007,3.99
17/08/2007,3.98
18/08/2007,3.99
19/08/2007,4.04
20/08/2007,4.02
21/08/2007,4.09
22/08/2007,4.15
23/08/2007,4.18
24/08/2007,4.23
25/08/2007,4.27
26/08/2007,4.32
27/08/2007,4.29
28/08/2007,4.29
29/08/2007,4.34
30/08/2007,4.33
31/08/2007,4.34
01/09/2007,4.33
02/09/2007,4.33
03/09/2007,4.33
04/09/2007,4.31
05/09/2007,4.31
06/09/2007,4.3
07/09/2007,4.29
08/09/2007,4.28
09/09/2007,4.27
10/09/2007,4.25
11/09/2007,4.25
12/09/2007,4.26
13/09/2007,4.25
14/09/2007,4.24
15/09/2007,4.24
16/09/2007,4.29
17/09/2007,4.27
18/09/2007,4.22
19/09/2007,4.18
20/09/2007,4.22
21/09/2007,4.23
22/09/2007,4.22
23/09/2007,4.25
24/09/2007,4.14
25/09/2007,4.19
26/09/2007,4.24
27/09/2007,4.25
28/09/2007,4.24
29/09/2007,4.25
30/09/2007,4.26
01/10/2007,4.26
02/10/2007,4.24
03/10/2007,4.24
04/10/2007,4.24
05/10/2007,4.23
06/10/2007,4.28
07/10/2007,4.12
08/10/2007,4.34
09/10/2007,4.32
10/10/2007,4.35
11/10/2007,4.42
12/10/2007,4.51
13/10/2007,4.47
14/10/2007,4.53
15/10/2007,4.61
16/10/2007,4.59
17/10/2007,4.62
18/10/2007,4.65
19/10/2007,4.66
20/10/2007,4.67
21/10/2007,4.68
22/10/2007,4.67
23/10/2007,4.67
24/10/2007,4.68
25/10/2007,4.64
26/10/2007,4.65
27/10/2007,4.65
28/10/2007,4.63
29/10/2007,4.61
30/10/2007,4.61
31/10/2007,4.59
01/11/2007,4.57
02/11/2007,4.54
03/11/2007,4.5
04/11/2007,4.48
05/11/2007,4.46
06/11/2007,4.45
07/11/2007,4.43
08/11/2007,4.44
09/11/2007,4.46
10/11/2007,4.41
11/11/2007,4.36
12/11/2007,4.36
13/11/2007,4.36
14/11/2007,4.34
15/11/2007,4.28
16/11/2007,4.3
17/11/2007,4.27
18/11/2007,4.3
19/11/2007,4.28
20/11/2007,4.29
21/11/2007,4.29
22/11/2007,4.25
23/11/2007,4.24
24/11/2007,4.22
25/11/2007,4.2
26/11/2007,4.18
27/11/2007,4.16
28/11/2007,4.14
29/11/2007,4.11
30/11/2007,4.11
01/12/2007,4.08
02/12/2007,4.05
03/12/2007,4.02
04/12/2007,4.01
05/12/2007,4.01
06/12/2007,3.94
07/12/2007,3.9
08/12/2007,3.89
09/12/2007,3.86
10/12/2007,3.84
11/12/2007,3.83
12/12/2007,3.79
13/12/2007,3.77
14/12/2007,3.74
15/12/2007,3.77
16/12/2007,3.7
17/12/2007,3.67
18/12/2007,3.63
19/12/2007,3.62
20/12/2007,3.53
21/12/2007,3.51
22/12/2007,3.53
23/12/2007,3.49
24/12/2007,3.47
25/12/2007,3.53
26/12/2007,3.48
27/12/2007,3.47
28/12/2007,3.49
29/12/2007,3.47
30/12/2007,3.46
31/12/2007,3.46
01/01/2008,3.47
02/01/2008,3.43
03/01/2008,3.42
04/01/2008,3.43
05/01/2008,3.38
06/01/2008,3.35
07/01/2008,3.31
08/01/2008,3.28
09/01/2008,3.28
10/01/2008,3.27
11/01/2008,3.31
12/01/2008,3.25
13/01/2008,3.25
14/01/2008,3.23
15/01/2008,3.18
16/01/2008,3.18
17/01/2008,3.15
18/01/2008,3.13
19/01/2008,3.16
20/01/2008,3.08
21/01/2008,3.07
22/01/2008,3.08
23/01/2008,3.08
24/01/2008,3.05
25/01/2008,3.04
26/01/2008,3.02
27/01/2008,3.0
28/01/2008,2.98
29/01/2008,2.94
30/01/2008,2.93
31/01/2008,2.93
01/02/2008,2.9
02/02/2008,2.86
03/02/2008,2.87
04/02/2008,2.81
05/02/2008,2.81
06/02/2008,2.82
07/02/2008,2.79
08/02/2008,2.81
09/02/2008,2.77
10/02/2008,2.8
11/02/2008,2.79
12/02/2008,2.82
13/02/2008,2.77
14/02/2008,2.74
15/02/2008,2.72
16/02/2008,2.74
17/02/2008,2.74
18/02/2008,2.74
19/02/2008,2.74
20/02/2008,2.68
21/02/2008,2.65
22/02/2008,2.65
23/02/2008,2.65
24/02/2008,2.67
25/02/2008,2.67
26/02/2008,2.68
27/02/2008,2.67
28/02/2008,2.66
29/02/2008,2.71
01/03/2008,2.65
02/03/2008,2.65
03/03/2008,2.62
04/03/2008,2.62
05/03/2008,2.63
06/03/2008,2.62
07/03/2008,2.64
08/03/2008,2.67
09/03/2008,2.79
10/03/2008,2.75
11/03/2008,2.71
12/03/2008,2.7
13/03/2008,2.71
14/03/2008,2.71
15/03/2008,2.71
16/03/2008,2.7
17/03/2008,2.68
18/03/2008,2.67
19/03/2008,2.68
20/03/2008,2.65
21/03/2008,2.65
22/03/2008,2.69
23/03/2008,2.65
24/03/2008,2.61
25/03/2008,2.64
26/03/2008,2.64
27/03/2008,2.66
28/03/2008,2.67
29/03/2008,2.65
30/03/2008,2.63
31/03/2008,2.63
01/04/2008,2.61
02/04/2008,2.58
03/04/2008,2.57
04/04/2008,2.54
05/04/2008,2.52
06/04/2008,2.51
07/04/2008,2.52
08/04/2008,2.51
09/04/2008,2.51
10/04/2008,2.5
11/04/2008,2.49
12/04/2008,2.55
13/04/2008,2.5
14/04/2008,2.43
15/04/2008,2.44
16/04/2008,2.45
17/04/2008,2.44
18/04/2008,2.44
19/04/2008,2.44
20/04/2008,2.46
21/04/2008,2.46
22/04/2008,2.46
23/04/2008,2.44
24/04/2008,2.44
25/04/2008,2.45
26/04/2008,2.46
27/04/2008,2.44
28/04/2008,2.45
29/04/2008,2.4
30/04/2008,2.37
01/05/2008,2.43
02/05/2008,2.47
03/05/2008,2.5
04/05/2008,2.45
05/05/2008,2.42
06/05/2008,2.4
07/05/2008,2.42
08/05/2008,2.42
09/05/2008,2.41
10/05/2008,2.41
11/05/2008,2.43
12/05/2008,2.43
13/05/2008,2.42
14/05/2008,2.42
15/05/2008,2.39
16/05/2008,2.41
17/05/2008,2.41
18/05/2008,2.41
19/05/2008,2.42
20/05/2008,2.43
21/05/2008,2.43
22/05/2008,2.46
23/05/2008,2.47
24/05/2008,2.4
25/05/2008,2.43
26/05/2008,2.46
27/05/2008,2.49
28/05/2008,2.63
29/05/2008,2.57
30/05/2008,2.56
31/05/2008,2.62
01/06/2008,2.66
02/06/2008,2.69
03/06/2008,2.7
04/06/2008,2.7
05/06/2008,2.69
06/06/2008,2.68
07/06/2008,2.69
08/06/2008,2.71
09/06/2008,2.72
10/06/2008,2.62
11/06/2008,2.67
12/06/2008,2.7
13/06/2008,2.7
14/06/2008,2.68
15/06/2008,2.64
16/06/2008,2.66
17/06/2008,2.7
18/06/2008,2.71
19/06/2008,2.75
20/06/2008,2.67
21/06/2008,2.72
22/06/2008,2.76
23/06/2008,2.79
24/06/2008,2.81
25/06/2008,2.82
26/06/2008,2.83
27/06/2008,2.83
28/06/2008,2.83
29/06/2008,2.83
30/06/2008,2.83
01/07/2008,2.84
02/07/2008,2.84
03/07/2008,2.84
04/07/2008,2.83
05/07/2008,2.82
06/07/2008,2.82
07/07/2008,2.83
08/07/2008,2.81
09/07/2008,2.83
10/07/2008,2.83
11/07/2008,2.81
12/07/2008,2.81
13/07/2008,2.8
14/07/2008,2.79
15/07/2008,2.78
16/07/2008,2.77
17/07/2008,2.74
18/07/2008,2.76
19/07/2008,2.77
20/07/2008,2.78
21/07/2008,2.8
22/07/2008,2.77
23/07/2008,2.8
24/07/2008,2.82
25/07/2008,2.82
26/07/2008,2.9
27/07/2008,2.91
28/07/2008,2.92
29/07/2008,2.96
30/07/2008,2.97
31/07/2008,2.97
01/08/2008,2.99
02/08/2008,3.01
03/08/2008,2.98
04/08/2008,2.97
05/08/2008,2.99
06/08/2008,2.99
07/08/2008,2.99
08/08/2008,2.98
09/08/2008,2.98
10/08/2008,2.97
11/08/2008,2.97
12/08/2008,3.02
13/08/2008,3.02
14/08/2008,3.05
15/08/2008,3.06
16/08/2008,3.06
17/08/2008,3.12
18/08/2008,3.14
19/08/2008,3.16
20/08/2008,3.17
21/08/2008,3.19
22/08/2008,3.19
23/08/2008,3.24
24/08/2008,3.3
25/08/2008,3.32
26/08/2008,3.36
27/08/2008,3.38
28/08/2008,3.42
29/08/2008,3.36
30/08/2008,3.42
31/08/2008,3.44
01/09/2008,3.44
02/09/2008,3.45
03/09/2008,3.52
04/09/2008,3.47
05/09/2008,3.49
06/09/2008,3.49
07/09/2008,3.51
08/09/2008,3.55
09/09/2008,3.61
10/09/2008,3.62
11/09/2008,3.64
12/09/2008,3.66
13/09/2008,3.63
14/09/2008,3.65
15/09/2008,3.68
16/09/2008,3.69
17/09/2008,3.69
18/09/2008,3.7
19/09/2008,3.7
20/09/2008,3.68
21/09/2008,3.63
22/09/2008,3.66
23/09/2008,3.64
24/09/2008,3.64
25/09/2008,3.64
26/09/2008,3.63
27/09/2008,3.62
28/09/2008,3.6
29/09/2008,3.58
30/09/2008,3.57
01/10/2008,3.55
02/10/2008,3.51
03/10/2008,3.5
04/10/2008,3.52
05/10/2008,3.32
06/10/2008,3.41
07/10/2008,3.46
08/10/2008,3.42
09/10/2008,3.43
10/10/2008,3.4
11/10/2008,3.37
12/10/2008,3.36
13/10/2008,3.34
14/10/2008,3.34
15/10/2008,3.36
16/10/2008,3.33
17/10/2008,3.31
18/10/2008,3.27
19/10/2008,3.26
20/10/2008,3.24
21/10/2008,3.23
22/10/2008,3.24
23/10/2008,3.23
24/10/2008,3.19
25/10/2008,3.2
26/10/2008,3.22
27/10/2008,3.17
28/10/2008,3.17
29/10/2008,3.16
30/10/2008,3.1
31/10/2008,3.09
01/11/2008,3.09
02/11/2008,3.1
03/11/2008,3.06
04/11/2008,3.04
05/11/2008,3.03
06/11/2008,3.04
07/11/2008,3.02
08/11/2008,3.01
09/11/2008,3.01
10/11/2008,2.99
11/11/2008,2.98
12/11/2008,2.95
13/11/2008,2.94
14/11/2008,2.92
15/11/2008,2.95
16/11/2008,2.85
17/11/2008,2.83
18/11/2008,2.84
19/11/2008,2.83
20/11/2008,2.84
21/11/2008,2.83
22/11/2008,2.82
23/11/2008,2.81
24/11/2008,2.76
25/11/2008,2.75
26/11/2008,2.76
27/11/2008,2.77
28/11/2008,2.76
29/11/2008,2.75
30/11/2008,2.75
01/12/2008,2.81
02/12/2008,2.76
03/12/2008,2.7
04/12/2008,2.66
05/12/2008,2.63
06/12/2008,2.6
07/12/2008,2.61
08/12/2008,2.6
09/12/2008,2.58
10/12/2008,2.61
11/12/2008,2.66
12/12/2008,2.61
13/12/2008,2.58
14/12/2008,2.56
15/12/2008,2.55
16/12/2008,2.54
17/12/2008,2.51
18/12/2008,2.5
19/12/2008,2.5
20/12/2008,2.51
21/12/2008,2.48
22/12/2008,2.46
23/12/2008,2.47
24/12/2008,2.45
25/12/2008,2.41
26/12/2008,2.44
27/12/2008,2.42
28/12/2008,2.37
29/12/2008,2.44
30/12/2008,2.34
31/12/2008,2.35
01/01/2009,2.37
02/01/2009,2.37
03/01/2009,2.35
04/01/2009,2.27
05/01/2009,2.25
06/01/2009,2.25
07/01/2009,2.26
08/01/2009,2.26
09/01/2009,2.27
10/01/2009,2.32
11/01/2009,2.25
12/01/2009,2.23
13/01/2009,2.25
14/01/2009,2.28
15/01/2009,2.24
16/01/2009,2.23
17/01/2009,2.23
18/01/2009,2.29
19/01/2009,2.26
20/01/2009,2.19
21/01/2009,2.19
22/01/2009,2.21
23/01/2009,2.23
24/01/2009,2.19
25/01/2009,2.16
26/01/2009,2.16
27/01/2009,2.18
28/01/2009,2.29
29/01/2009,2.29
30/01/2009,2.22
31/01/2009,2.28
01/02/2009,2.26
02/02/2009,2.29
03/02/2009,2.29
04/02/2009,2.3
05/02/2009,2.3
06/02/2009,2.28
07/02/2009,2.27
08/02/2009,2.26
09/02/2009,2.24
10/02/2009,2.24
11/02/2009,2.27
12/02/2009,2.22
13/02/2009,2.24
14/02/2009,2.25
15/02/2009,2.28
16/02/2009,2.25
17/02/2009,2.22
18/02/2009,2.24
19/02/2009,2.21
20/02/2009,2.22
21/02/2009,2.27
22/02/2009,2.26
23/02/2009,2.3
24/02/2009,2.29
25/02/2009,2.32
26/02/2009,2.37
27/02/2009,2.36
28/02/2009,2.35
01/03/2009,2.35
02/03/2009,2.36
03/03/2009,2.37
04/03/2009,2.39
05/03/2009,2.52
06/03/2009,2.41
07/03/2009,2.41
08/03/2009,2.55
09/03/2009,2.51
10/03/2009,2.56
11/03/2009,2.51
12/03/2009,2.44
13/03/2009,2.42
14/03/2009,2.43
15/03/2009,2.48
16/03/2009,2.47
17/03/2009,2.52
18/03/2009,2.53
19/03/2009,2.59
20/03/2009,2.62
21/03/2009,2.62
22/03/2009,2.63
23/03/2009,2.64
24/03/2009,2.66
25/03/2009,2.67
26/03/2009,2.65
27/03/2009,2.65
28/03/2009,2.63
29/03/2009,2.63
30/03/2009,2.63
31/03/2009,2.66
01/04/2009,2.64
02/04/2009,2.63
03/04/2009,2.61
04/04/2009,2.61
05/04/2009,2.59
06/04/2009,2.56
07/04/2009,2.57
08/04/2009,2.6
09/04/2009,2.55
10/04/2009,2.49
11/04/2009,2.49
12/04/2009,2.52
13/04/2009,2.52
14/04/2009,2.55
15/04/2009,2.51
16/04/2009,2.5
17/04/2009,2.49
18/04/2009,2.49
19/04/2009,2.49
20/04/2009,2.46
21/04/2009,2.5
22/04/2009,2.5
23/04/2009,2.48
24/04/2009,2.46
25/04/2009,2.47
26/04/2009,2.48
27/04/2009,2.44
28/04/2009,2.42
29/04/2009,2.44
30/04/2009,2.46
01/05/2009,2.44
02/05/2009,2.44
03/05/2009,2.43
04/05/2009,2.42
05/05/2009,2.41
06/05/2009,2.37
07/05/2009,2.39
08/05/2009,2.4
09/05/2009,2.4
10/05/2009,2.4
11/05/2009,2.41
12/05/2009,2.47
13/05/2009,2.44
14/05/2009,2.43
15/05/2009,2.38
16/05/2009,2.39
17/05/2009,2.4
18/05/2009,2.41
19/05/2009,2.41
20/05/2009,2.41
21/05/2009,2.39
22/05/2009,2.4
23/05/2009,2.41
24/05/2009,2.41
25/05/2009,2.42
26/05/2009,2.42
27/05/2009,2.4
28/05/2009,2.37
29/05/2009,2.39
30/05/2009,2.43
31/05/2009,2.35
01/06/2009,2.29
02/06/2009,2.3
03/06/2009,2.31
04/06/2009,2.33
05/06/2009,2.33
06/06/2009,2.35
07/06/2009,2.35
08/06/2009,2.36
09/06/2009,2.35
10/06/2009,2.34
11/06/2009,2.35
12/06/2009,2.34
13/06/2009,2.35
14/06/2009,2.36
15/06/2009,2.36
16/06/2009,2.36
17/06/2009,2.34
18/06/2009,2.35
19/06/2009,2.34
20/06/2009,2.35
21/06/2009,2.35
22/06/2009,2.39
23/06/2009,2.41
24/06/2009,2.37
25/06/2009,2.36
26/06/2009,2.36
27/06/2009,2.37
28/06/2009,2.39
29/06/2009,2.44
30/06/2009,2.27
01/07/2009,2.4
02/07/2009,2.45
03/07/2009,2.45
04/07/2009,2.49
05/07/2009,2.5
06/07/2009,2.52
07/07/2009,2.54
08/07/2009,2.58
09/07/2009,2.55
10/07/2009,2.57
11/07/2009,2.56
12/07/2009,2.54
13/07/2009,2.58
14/07/2009,2.57
15/07/2009,2.61
16/07/2009,2.6
17/07/2009,2.58
18/07/2009,2.6
19/07/2009,2.62
20/07/2009,2.63
21/07/2009,2.62
22/07/2009,2.57
23/07/2009,2.54
24/07/2009,2.52
25/07/2009,2.54
26/07/2009,2.56
27/07/2009,2.56
28/07/2009,2.59
29/07/2009,2.56
30/07/2009,2.57
31/07/2009,2.59
01/08/2009,2.61
02/08/2009,2.68
03/08/2009,2.6
04/08/2009,2.61
05/08/2009,2.64
06/08/2009,2.65
07/08/2009,2.68
08/08/2009,2.71
09/08/2009,2.72
10/08/2009,2.67
11/08/2009,2.66
12/08/2009,2.69
13/08/2009,2.71
14/08/2009,2.71
15/08/2009,2.71
16/08/2009,2.72
17/08/2009,2.75
18/08/2009,2.77
19/08/2009,2.84
20/08/2009,2.94
21/08/2009,2.85
22/08/2009,2.89
23/08/2009,2.93
24/08/2009,2.96
25/08/2009,2.98
26/08/2009,2.99
27/08/2009,2.98
28/08/2009,3.01
29/08/2009,3.0
30/08/2009,2.99
31/08/2009,3.02
01/09/2009,3.03
02/09/2009,3.04
03/09/2009,3.06
04/09/2009,3.1
05/09/2009,3.04
06/09/2009,3.06
07/09/2009,3.13
08/09/2009,3.1
09/09/2009,3.14
10/09/2009,3.19
11/09/2009,3.24
12/09/2009,3.24
13/09/2009,3.22
14/09/2009,3.21
15/09/2009,3.23
16/09/2009,3.23
17/09/2009,3.26
18/09/2009,3.2
19/09/2009,3.17
20/09/2009,3.22
21/09/2009,3.27
22/09/2009,3.31
23/09/2009,3.38
24/09/2009,3.31
25/09/2009,3.32
26/09/2009,3.32
27/09/2009,3.36
28/09/2009,3.35
29/09/2009,3.27
30/09/2009,3.3
01/10/2009,3.31
02/10/2009,3.26
03/10/2009,3.27
04/10/2009,3.15
05/10/2009,3.36
06/10/2009,3.39
07/10/2009,3.4
08/10/2009,3.43
09/10/2009,3.46
10/10/2009,3.49
11/10/2009,3.54
12/10/2009,3.53
13/10/2009,3.54
14/10/2009,3.61
15/10/2009,3.58
16/10/2009,3.55
17/10/2009,3.56
18/10/2009,3.56
19/10/2009,3.57
20/10/2009,3.53
21/10/2009,3.54
22/10/2009,3.52
23/10/2009,3.49
24/10/2009,3.56
25/10/2009,3.48
26/10/2009,3.49
27/10/2009,3.45
28/10/2009,3.45
29/10/2009,3.41
30/10/2009,3.42
31/10/2009,3.41
01/11/2009,3.39
02/11/2009,3.39
03/11/2009,3.43
04/11/2009,3.42
05/11/2009,3.46
06/11/2009,3.48
07/11/2009,3.57
08/11/2009,3.56
09/11/2009,3.63
10/11/2009,3.7
11/11/2009,3.72
12/11/2009,3.73
13/11/2009,3.75
14/11/2009,3.77
15/11/2009,3.78
16/11/2009,3.78
17/11/2009,3.76
18/11/2009,3.8
19/11/2009,3.92
20/11/2009,4.01
21/11/2009,4.14
22/11/2009,4.25
23/11/2009,4.32
24/11/2009,4.41
25/11/2009,4.46
26/11/2009,4.52
27/11/2009,4.56
28/11/2009,4.58
29/11/2009,4.58
30/11/2009,4.62
01/12/2009,4.6
02/12/2009,4.62
03/12/2009,4.63
04/12/2009,4.59
05/12/2009,4.61
06/12/2009,4.61
07/12/2009,4.6
08/12/2009,4.58
09/12/2009,4.57
10/12/2009,4.55
11/12/2009,4.55
12/12/2009,4.62
13/12/2009,4.53
14/12/2009,4.51
15/12/2009,4.5
16/12/2009,4.51
17/12/2009,4.51
18/12/2009,4.49
19/12/2009,4.45
20/12/2009,4.45
21/12/2009,4.44
22/12/2009,4.43
23/12/2009,4.41
24/12/2009,4.38
25/12/2009,4.37
26/12/2009,4.36
27/12/2009,4.36
28/12/2009,4.33
29/12/2009,4.32
30/12/2009,4.33
31/12/2009,4.31
01/01/2010,4.29
02/01/2010,4.25
03/01/2010,4.25
04/01/2010,4.23
05/01/2010,4.21
06/01/2010,4.23
07/01/2010,4.18
08/01/2010,4.16
09/01/2010,4.12
10/01/2010,4.12
11/01/2010,4.11
12/01/2010,4.08
13/01/2010,4.06
14/01/2010,4.03
15/01/2010,4.01
16/01/2010,4.0
17/01/2010,3.97
18/01/2010,3.97
19/01/2010,3.95
20/01/2010,3.93
21/01/2010,3.91
22/01/2010,3.89
23/01/2010,3.88
24/01/2010,3.88
25/01/2010,3.85
26/01/2010,3.83
27/01/2010,3.81
28/01/2010,3.79
29/01/2010,3.76
30/01/2010,3.74
31/01/2010,3.73
01/02/2010,3.69
02/02/2010,3.7
03/02/2010,3.72
04/02/2010,3.8
05/02/2010,3.79
06/02/2010,3.83
07/02/2010,3.87
08/02/2010,3.92
09/02/2010,3.97
10/02/2010,4.04
11/02/2010,4.11
12/02/2010,4.18
13/02/2010,4.22
14/02/2010,4.32
15/02/2010,4.4
16/02/2010,4.44
17/02/2010,4.44
18/02/2010,4.47
19/02/2010,4.48
20/02/2010,4.5
21/02/2010,4.55
22/02/2010,4.59
23/02/2010,4.61
24/02/2010,4.61
25/02/2010,4.61
26/02/2010,4.62
27/02/2010,4.62
28/02/2010,4.62
01/03/2010,4.62
02/03/2010,4.61
03/03/2010,4.61
04/03/2010,4.59
05/03/2010,4.58
06/03/2010,4.57
07/03/2010,4.57
08/03/2010,4.57
09/03/2010,4.55
10/03/2010,4.51
11/03/2010,4.49
12/03/2010,4.46
13/03/2010,4.42
14/03/2010,4.57
15/03/2010,4.38
16/03/2010,4.37
17/03/2010,4.35
18/03/2010,4.33
19/03/2010,4.32
20/03/2010,4.32
21/03/2010,4.29
22/03/2010,4.28
23/03/2010,4.27
24/03/2010,4.28
25/03/2010,4.28
26/03/2010,4.27
27/03/2010,4.25
28/03/2010,4.23
29/03/2010,4.2
30/03/2010,4.17
31/03/2010,4.16
01/04/2010,4.14
02/04/2010,4.14
03/04/2010,4.16
04/04/2010,4.14
05/04/2010,4.1
06/04/2010,4.07
07/04/2010,4.05
08/04/2010,4.03
09/04/2010,4.0
10/04/2010,3.98
11/04/2010,3.96
12/04/2010,3.95
13/04/2010,3.92
14/04/2010,3.92
15/04/2010,3.82
16/04/2010,3.83
17/04/2010,3.85
18/04/2010,3.83
19/04/2010,3.86
20/04/2010,3.85
21/04/2010,3.85
22/04/2010,3.84
23/04/2010,3.82
24/04/2010,3.8
25/04/2010,3.78
26/04/2010,3.77
27/04/2010,3.71
28/04/2010,3.71
29/04/2010,3.69
30/04/2010,3.67
01/05/2010,3.64
02/05/2010,3.64
03/05/2010,3.64
04/05/2010,3.64
05/05/2010,3.62
06/05/2010,3.62
07/05/2010,3.61
08/05/2010,3.6
09/05/2010,3.56
10/05/2010,3.55
11/05/2010,3.54
12/05/2010,3.51
13/05/2010,3.49
14/05/2010,3.48
15/05/2010,3.48
16/05/2010,3.46
17/05/2010,3.44
18/05/2010,3.49
19/05/2010,3.47
20/05/2010,3.43
21/05/2010,3.43
22/05/2010,3.41
23/05/2010,3.41
24/05/2010,3.4
25/05/2010,3.38
26/05/2010,3.39
27/05/2010,3.43
28/05/2010,3.39
29/05/2010,3.37
30/05/2010,3.37
31/05/2010,3.32
01/06/2010,3.33
02/06/2010,3.33
03/06/2010,3.32
04/06/2010,3.3
05/06/2010,3.26
06/06/2010,3.24
07/06/2010,3.25
08/06/2010,3.27
09/06/2010,3.25
10/06/2010,3.28
11/06/2010,3.24
12/06/2010,3.22
13/06/2010,3.21
14/06/2010,3.19
15/06/2010,3.22
16/06/2010,3.25
17/06/2010,3.23
18/06/2010,3.23
19/06/2010,3.22
20/06/2010,3.17
21/06/2010,3.18
22/06/2010,3.18
23/06/2010,3.19
24/06/2010,3.21
25/06/2010,3.2
26/06/2010,3.21
27/06/2010,3.2
28/06/2010,3.17
29/06/2010,3.18
30/06/2010,3.18
01/07/2010,3.19
02/07/2010,3.19
03/07/2010,3.18
04/07/2010,3.17
05/07/2010,3.18
06/07/2010,3.18
07/07/2010,3.18
08/07/2010,3.15
09/07/2010,3.18
10/07/2010,3.17
11/07/2010,3.17
12/07/2010,3.18
13/07/2010,3.12
14/07/2010,3.17
15/07/2010,3.21
16/07/2010,3.23
17/07/2010,3.27
18/07/2010,3.31
19/07/2010,3.3
20/07/2010,3.31
21/07/2010,3.45
22/07/2010,3.5
23/07/2010,3.54
24/07/2010,3.65
25/07/2010,3.71
26/07/2010,3.76
27/07/2010,3.86
28/07/2010,3.95
29/07/2010,4.0
30/07/2010,4.05
31/07/2010,4.09
01/08/2010,4.1
02/08/2010,4.13
03/08/2010,4.14
04/08/2010,4.15
05/08/2010,4.15
06/08/2010,4.15
07/08/2010,4.15
08/08/2010,4.15
09/08/2010,4.13
10/08/2010,4.14
11/08/2010,4.14
12/08/2010,4.14
13/08/2010,4.18
14/08/2010,4.13
15/08/2010,4.14
16/08/2010,4.13
17/08/2010,4.14
18/08/2010,4.13
19/08/2010,4.13
20/08/2010,4.11
21/08/2010,4.11
22/08/2010,4.11
23/08/2010,4.1
24/08/2010,4.11
25/08/2010,4.11
26/08/2010,4.08
27/08/2010,4.07
28/08/2010,4.06
29/08/2010,4.08
30/08/2010,4.06
31/08/2010,4.06
01/09/2010,4.07
02/09/2010,4.16
03/09/2010,4.13
04/09/2010,4.07
05/09/2010,4.16
06/09/2010,4.21
07/09/2010,4.23
08/09/2010,4.27
09/09/2010,4.31
10/09/2010,4.33
11/09/2010,4.36
12/09/2010,4.39
13/09/2010,4.44
14/09/2010,4.36
15/09/2010,4.43
16/09/2010,4.49
17/09/2010,4.54
18/09/2010,4.54
19/09/2010,4.58
20/09/2010,4.58
21/09/2010,4.58
22/09/2010,4.57
23/09/2010,4.59
24/09/2010,4.57
25/09/2010,4.55
26/09/2010,4.55
27/09/2010,4.56
28/09/2010,4.53
29/09/2010,4.46
30/09/2010,4.44
01/10/2010,4.44
02/10/2010,4.42
03/10/2010,4.22
04/10/2010,4.39
05/10/2010,4.38
06/10/2010,4.36
07/10/2010,4.39
08/10/2010,4.36
09/10/2010,4.34
10/10/2010,4.33
11/10/2010,4.31
12/10/2010,4.3
13/10/2010,4.27
14/10/2010,4.25
15/10/2010,4.23
16/10/2010,4.21
17/10/2010,4.19
18/10/2010,4.16
19/10/2010,4.15
20/10/2010,4.14
21/10/2010,4.14
22/10/2010,4.14
23/10/2010,4.08
24/10/2010,4.05
25/10/2010,4.03
26/10/2010,4.0
27/10/2010,3.98
28/10/2010,3.95
29/10/2010,3.95
30/10/2010,3.89
31/10/2010,3.79
01/11/2010,3.82
02/11/2010,3.82
03/11/2010,3.8
04/11/2010,3.81
05/11/2010,3.77
06/11/2010,3.76
07/11/2010,3.73
08/11/2010,3.76
09/11/2010,3.78
10/11/2010,3.67
11/11/2010,3.66
12/11/2010,3.66
13/11/2010,3.65
14/11/2010,3.67
15/11/2010,3.66
16/11/2010,3.72
17/11/2010,3.62
18/11/2010,3.63
19/11/2010,3.62
20/11/2010,3.62
21/11/2010,3.61
22/11/2010,3.6
23/11/2010,3.59
24/11/2010,3.57
25/11/2010,3.54
26/11/2010,3.51
27/11/2010,3.49
28/11/2010,3.51
29/11/2010,3.44
30/11/2010,3.41
01/12/2010,3.38
02/12/2010,3.38
03/12/2010,3.4
04/12/2010,3.34
05/12/2010,3.33
06/12/2010,3.29
07/12/2010,3.26
08/12/2010,3.25
09/12/2010,3.19
10/12/2010,3.22
11/12/2010,3.17
12/12/2010,3.25
13/12/2010,3.08
14/12/2010,3.07
15/12/2010,3.08
16/12/2010,3.12
17/12/2010,3.08
18/12/2010,3.06
19/12/2010,3.06
20/12/2010,3.03
21/12/2010,2.99
22/12/2010,2.99
23/12/2010,2.99
24/12/2010,2.94
25/12/2010,2.92
26/12/2010,2.91
27/12/2010,2.9
28/12/2010,2.9
29/12/2010,2.89
30/12/2010,2.9
31/12/2010,2.87
01/01/2011,2.85
02/01/2011,2.85
03/01/2011,2.86
04/01/2011,2.8
05/01/2011,2.72
06/01/2011,2.72
07/01/2011,2.69
08/01/2011,2.7
09/01/2011,2.7
10/01/2011,2.7
11/01/2011,2.72
12/01/2011,2.7
13/01/2011,2.64
14/01/2011,2.61
15/01/2011,2.6
16/01/2011,2.59
17/01/2011,2.6
18/01/2011,2.58
19/01/2011,2.56
20/01/2011,2.57
21/01/2011,2.54
22/01/2011,2.53
23/01/2011,2.5
24/01/2011,2.48
25/01/2011,2.45
26/01/2011,2.43
27/01/2011,2.41
28/01/2011,2.43
29/01/2011,2.45
30/01/2011,2.42
31/01/2011,2.39
01/02/2011,2.41
02/02/2011,2.38
03/02/2011,2.38
04/02/2011,2.37
05/02/2011,2.37
06/02/2011,2.39
07/02/2011,2.39
08/02/2011,2.48
09/02/2011,2.43
10/02/2011,2.37
11/02/2011,2.34
12/02/2011,2.34
13/02/2011,2.3
14/02/2011,2.32
15/02/2011,2.3
16/02/2011,2.32
17/02/2011,2.33
18/02/2011,2.31
19/02/2011,2.31
20/02/2011,2.31
21/02/2011,2.3
22/02/2011,2.29
23/02/2011,2.33
24/02/2011,2.28
25/02/2011,2.25
26/02/2011,2.26
27/02/2011,2.25
28/02/2011,2.25
01/03/2011,2.29
02/03/2011,2.28
03/03/2011,2.25
04/03/2011,2.23
05/03/2011,2.24
06/03/2011,2.23
07/03/2011,2.22
08/03/2011,2.21
09/03/2011,2.23
10/03/2011,2.27
11/03/2011,2.24
12/03/2011,2.25
13/03/2011,2.33
14/03/2011,2.21
15/03/2011,2.23
16/03/2011,2.23
17/03/2011,2.22
18/03/2011,2.2
19/03/2011,2.2
20/03/2011,2.2
21/03/2011,2.21
22/03/2011,2.19
23/03/2011,2.22
24/03/2011,2.29
25/03/2011,2.32
26/03/2011,2.28
27/03/2011,2.27
28/03/2011,2.27
29/03/2011,2.24
30/03/2011,2.25
31/03/2011,2.23
01/04/2011,2.23
02/04/2011,2.23
03/04/2011,2.23
04/04/2011,2.26
05/04/2011,2.22
06/04/2011,2.23
07/04/2011,2.23
08/04/2011,2.25
09/04/2011,2.26
10/04/2011,2.25
11/04/2011,2.23
12/04/2011,2.23
13/04/2011,2.22
14/04/2011,2.26
15/04/2011,2.3
16/04/2011,2.3
17/04/2011,2.29
18/04/2011,2.25
19/04/2011,2.27
20/04/2011,2.31
21/04/2011,2.28
22/04/2011,2.3
23/04/2011,2.31
24/04/2011,2.3
25/04/2011,2.33
26/04/2011,2.35
27/04/2011,2.36
28/04/2011,2.36
29/04/2011,2.38
30/04/2011,2.38
01/05/2011,2.37
02/05/2011,2.5
03/05/2011,2.4
04/05/2011,2.4
05/05/2011,2.37
06/05/2011,2.42
07/05/2011,2.42
08/05/2011,2.46
09/05/2011,2.44
10/05/2011,2.44
11/05/2011,2.43
12/05/2011,2.44
13/05/2011,2.46
14/05/2011,2.49
15/05/2011,2.48
16/05/2011,2.46
17/05/2011,2.46
18/05/2011,2.47
19/05/2011,2.45
20/05/2011,2.46
21/05/2011,2.46
22/05/2011,2.45
23/05/2011,2.47
24/05/2011,2.48
25/05/2011,2.56
26/05/2011,2.56
27/05/2011,2.62
28/05/2011,2.64
29/05/2011,2.65
30/05/2011,2.67
31/05/2011,2.68
01/06/2011,2.68
02/06/2011,2.68
03/06/2011,2.7
04/06/2011,2.65
05/06/2011,2.68
06/06/2011,2.69
07/06/2011,2.69
08/06/2011,2.64
09/06/2011,2.63
10/06/2011,2.62
11/06/2011,2.63
12/06/2011,2.64
13/06/2011,2.62
14/06/2011,2.62
15/06/2011,2.63
16/06/2011,2.62
17/06/2011,2.65
18/06/2011,2.64
19/06/2011,2.71
20/06/2011,2.77
21/06/2011,2.83
22/06/2011,2.89
23/06/2011,2.9
24/06/2011,2.95
25/06/2011,3.02
26/06/2011,2.96
27/06/2011,2.91
28/06/2011,2.99
29/06/2011,3.09
30/06/2011,3.11
01/07/2011,3.12
02/07/2011,3.13
03/07/2011,3.08
04/07/2011,3.08
05/07/2011,3.1
06/07/2011,3.11
07/07/2011,3.11
08/07/2011,3.11
09/07/2011,3.11
10/07/2011,3.11
11/07/2011,3.11
12/07/2011,3.11
13/07/2011,3.09
14/07/2011,3.11
15/07/2011,3.1
16/07/2011,3.12
17/07/2011,3.14
18/07/2011,3.18
19/07/2011,3.16
20/07/2011,3.17
21/07/2011,3.21
22/07/2011,3.22
23/07/2011,3.26
24/07/2011,3.29
25/07/2011,3.31
26/07/2011,3.31
27/07/2011,3.34
28/07/2011,3.36
29/07/2011,3.41
30/07/2011,3.38
31/07/2011,3.41
01/08/2011,3.42
02/08/2011,3.46
03/08/2011,3.34
04/08/2011,3.38
05/08/2011,3.47
06/08/2011,3.49
07/08/2011,3.54
08/08/2011,3.61
09/08/2011,3.59
10/08/2011,3.57
11/08/2011,3.57
12/08/2011,3.57
13/08/2011,3.61
14/08/2011,3.6
15/08/2011,3.61
16/08/2011,3.59
17/08/2011,3.6
18/08/2011,3.65
19/08/2011,3.68
20/08/2011,3.59
21/08/2011,3.66
22/08/2011,3.72
23/08/2011,3.75
24/08/2011,3.76
25/08/2011,3.78
26/08/2011,3.77
27/08/2011,3.83
28/08/2011,3.84
29/08/2011,3.86
30/08/2011,3.86
31/08/2011,3.85
01/09/2011,3.86
02/09/2011,3.88
03/09/2011,3.9
04/09/2011,3.89
05/09/2011,3.9
06/09/2011,3.88
07/09/2011,3.9
08/09/2011,3.9
09/09/2011,3.89
10/09/2011,3.88
11/09/2011,3.85
12/09/2011,3.83
13/09/2011,3.86
14/09/2011,3.85
15/09/2011,3.85
16/09/2011,3.83
17/09/2011,3.82
18/09/2011,3.82
19/09/2011,3.81
20/09/2011,3.79
21/09/2011,3.77
22/09/2011,3.79
23/09/2011,3.83
24/09/2011,3.77
25/09/2011,3.74
26/09/2011,3.72
27/09/2011,3.73
28/09/2011,3.71
29/09/2011,3.69
30/09/2011,3.69
01/10/2011,3.74
02/10/2011,3.5
03/10/2011,3.64
04/10/2011,3.65
05/10/2011,3.63
06/10/2011,3.62
07/10/2011,3.69
08/10/2011,3.66
09/10/2011,3.63
10/10/2011,3.6
11/10/2011,3.64
12/10/2011,3.65
13/10/2011,3.69
14/10/2011,3.64
15/10/2011,3.64
16/10/2011,3.66
17/10/2011,3.69
18/10/2011,3.69
19/10/2011,3.7
20/10/2011,3.69
21/10/2011,3.67
22/10/2011,3.65
23/10/2011,3.64
24/10/2011,3.64
25/10/2011,3.69
26/10/2011,3.61
27/10/2011,3.54
28/10/2011,3.56
29/10/2011,3.59
30/10/2011,3.58
31/10/2011,3.57
01/11/2011,3.57
02/11/2011,3.57
03/11/2011,3.54
04/11/2011,3.51
05/11/2011,3.47
06/11/2011,3.48
07/11/2011,3.46
08/11/2011,3.45
09/11/2011,3.41
10/11/2011,3.4
11/11/2011,3.39
12/11/2011,3.37
13/11/2011,3.39
14/11/2011,3.38
15/11/2011,3.33
16/11/2011,3.29
17/11/2011,3.3
18/11/2011,3.29
19/11/2011,3.26
20/11/2011,3.23
21/11/2011,3.2
22/11/2011,3.24
23/11/2011,3.16
24/11/2011,3.13
25/11/2011,3.11
26/11/2011,3.11
27/11/2011,3.11
28/11/2011,3.07
29/11/2011,3.05
30/11/2011,3.04
01/12/2011,2.96
02/12/2011,2.98
03/12/2011,2.97
04/12/2011,3.01
05/12/2011,3.0
06/12/2011,2.93
07/12/2011,2.92
08/12/2011,2.9
09/12/2011,2.89
10/12/2011,2.88
11/12/2011,2.83
12/12/2011,2.83
13/12/2011,2.78
14/12/2011,2.79
15/12/2011,2.77
16/12/2011,2.76
17/12/2011,2.72
18/12/2011,2.72
19/12/2011,2.72
20/12/2011,2.72
21/12/2011,2.69
22/12/2011,2.69
23/12/2011,2.74
24/12/2011,2.71
25/12/2011,2.66
26/12/2011,2.66
27/12/2011,2.66
28/12/2011,2.64
29/12/2011,2.63
30/12/2011,2.65
31/12/2011,2.68
01/01/2012,2.64
02/01/2012,2.56
03/01/2012,2.56
04/01/2012,2.54
05/01/2012,2.51
06/01/2012,2.51
07/01/2012,2.53
08/01/2012,2.53
09/01/2012,2.5
10/01/2012,2.48
11/01/2012,2.45
12/01/2012,2.48
13/01/2012,2.46
14/01/2012,2.44
15/01/2012,2.38
16/01/2012,2.35
17/01/2012,2.37
18/01/2012,2.39
19/01/2012,2.36
20/01/2012,2.32
21/01/2012,2.33
22/01/2012,2.33
23/01/2012,2.3
24/01/2012,2.31
25/01/2012,2.33
26/01/2012,2.32
27/01/2012,2.31
28/01/2012,2.29
29/01/2012,2.27
30/01/2012,2.23
31/01/2012,2.21
01/02/2012,2.22
02/02/2012,2.22
03/02/2012,2.2
04/02/2012,2.19
05/02/2012,2.23
06/02/2012,2.27
07/02/2012,2.27
08/02/2012,2.31
09/02/2012,2.32
10/02/2012,2.3
11/02/2012,2.22
12/02/2012,2.21
13/02/2012,2.24
14/02/2012,2.25
15/02/2012,2.22
16/02/2012,2.21
17/02/2012,2.2
18/02/2012,2.2
19/02/2012,2.2
20/02/2012,2.22
21/02/2012,2.25
22/02/2012,2.27
23/02/2012,2.23
24/02/2012,2.25
25/02/2012,2.28
26/02/2012,2.22
27/02/2012,2.2
28/02/2012,2.21
29/02/2012,2.29
01/03/2012,2.3
02/03/2012,2.28
03/03/2012,2.3
04/03/2012,2.31
05/03/2012,2.32
06/03/2012,2.34
07/03/2012,2.35
08/03/2012,2.35
09/03/2012,2.37
10/03/2012,2.32
11/03/2012,2.43
12/03/2012,2.32
13/03/2012,2.3
14/03/2012,2.34
15/03/2012,2.3
16/03/2012,2.31
17/03/2012,2.33
18/03/2012,2.32
19/03/2012,2.3
20/03/2012,2.32
21/03/2012,2.31
22/03/2012,2.33
23/03/2012,2.35
24/03/2012,2.33
25/03/2012,2.31
26/03/2012,2.32
27/03/2012,2.22
28/03/2012,2.19
29/03/2012,2.26
30/03/2012,2.28
31/03/2012,2.29
01/04/2012,2.31
02/04/2012,2.3
03/04/2012,2.29
04/04/2012,2.28
05/04/2012,2.33
06/04/2012,2.27
07/04/2012,2.26
08/04/2012,2.3
09/04/2012,2.32
10/04/2012,2.34
11/04/2012,2.32
12/04/2012,2.31
13/04/2012,2.32
14/04/2012,2.33
15/04/2012,2.33
16/04/2012,2.34
17/04/2012,2.35
18/04/2012,2.35
19/04/2012,2.34
20/04/2012,2.33
21/04/2012,2.4
22/04/2012,2.32
23/04/2012,2.34
24/04/2012,2.31
25/04/2012,2.32
26/04/2012,2.32
27/04/2012,2.28
28/04/2012,2.35
29/04/2012,2.31
30/04/2012,2.27
01/05/2012,2.28
02/05/2012,2.29
03/05/2012,2.3
04/05/2012,2.3
05/05/2012,2.3
06/05/2012,2.31
07/05/2012,2.31
08/05/2012,2.3
09/05/2012,2.29
10/05/2012,2.25
11/05/2012,2.26
12/05/2012,2.23
13/05/2012,2.23
14/05/2012,2.26
15/05/2012,2.27
16/05/2012,2.28
17/05/2012,2.29
18/05/2012,2.27
19/05/2012,2.26
20/05/2012,2.26
21/05/2012,2.27
22/05/2012,2.26
23/05/2012,2.27
24/05/2012,2.28
25/05/2012,2.28
26/05/2012,2.27
27/05/2012,2.28
28/05/2012,2.27
29/05/2012,2.27
30/05/2012,2.25
31/05/2012,2.24
01/06/2012,2.23
02/06/2012,2.24
03/06/2012,2.16
04/06/2012,2.19
05/06/2012,2.19
06/06/2012,2.14
07/06/2012,2.13
08/06/2012,2.17
09/06/2012,2.19
10/06/2012,2.2
11/06/2012,2.19
12/06/2012,2.2
13/06/2012,2.2
14/06/2012,2.21
15/06/2012,2.22
16/06/2012,2.27
17/06/2012,2.24
18/06/2012,2.27
19/06/2012,2.24
20/06/2012,2.26
21/06/2012,2.27
22/06/2012,2.26
23/06/2012,2.24
24/06/2012,2.27
25/06/2012,2.3
26/06/2012,2.29
27/06/2012,2.29
28/06/2012,2.28
29/06/2012,2.33
30/06/2012,2.36
01/07/2012,2.36
02/07/2012,2.46
03/07/2012,2.49
04/07/2012,2.48
05/07/2012,2.53
06/07/2012,2.64
07/07/2012,2.6
08/07/2012,2.64
09/07/2012,2.69
10/07/2012,2.72
11/07/2012,2.71
12/07/2012,2.73
13/07/2012,2.73
14/07/2012,2.76
15/07/2012,2.77
16/07/2012,2.77
17/07/2012,2.76
18/07/2012,2.75
19/07/2012,2.73
20/07/2012,2.73
21/07/2012,2.73
22/07/2012,2.74
23/07/2012,2.74
24/07/2012,2.74
25/07/2012,2.7
26/07/2012,2.71
27/07/2012,2.7
28/07/2012,2.69
29/07/2012,2.7
30/07/2012,2.7
31/07/2012,2.74
01/08/2012,2.74
02/08/2012,2.72
03/08/2012,2.74
04/08/2012,2.75
05/08/2012,2.72
06/08/2012,2.73
07/08/2012,2.74
08/08/2012,2.74
09/08/2012,2.7
10/08/2012,2.73
11/08/2012,2.73
12/08/2012,2.72
13/08/2012,2.74
14/08/2012,2.74
15/08/2012,2.73
16/08/2012,2.73
17/08/2012,2.73
18/08/2012,2.73
19/08/2012,2.75
20/08/2012,2.76
21/08/2012,2.71
22/08/2012,2.78
23/08/2012,2.78
24/08/2012,2.79
25/08/2012,2.82
26/08/2012,2.88
27/08/2012,2.88
28/08/2012,2.9
29/08/2012,2.91
30/08/2012,2.91
31/08/2012,2.91
01/09/2012,2.92
02/09/2012,2.94
03/09/2012,2.96
04/09/2012,2.96
05/09/2012,2.93
06/09/2012,2.93
07/09/2012,2.9
08/09/2012,2.91
09/09/2012,2.93
10/09/2012,2.94
11/09/2012,2.89
12/09/2012,2.86
13/09/2012,2.85
14/09/2012,2.86
15/09/2012,2.84
16/09/2012,2.87
17/09/2012,2.86
18/09/2012,2.89
19/09/2012,2.67
20/09/2012,2.76
21/09/2012,2.83
22/09/2012,2.86
23/09/2012,2.87
24/09/2012,2.93
25/09/2012,2.88
26/09/2012,2.83
27/09/2012,2.87
28/09/2012,2.89
29/09/2012,2.89
30/09/2012,2.87
01/10/2012,2.88
02/10/2012,2.89
03/10/2012,2.86
04/10/2012,2.87
05/10/2012,2.87
06/10/2012,2.85
07/10/2012,2.75
08/10/2012,2.85
09/10/2012,2.88
10/10/2012,2.96
11/10/2012,2.94
12/10/2012,2.96
13/10/2012,2.99
14/10/2012,3.04
15/10/2012,3.07
16/10/2012,3.06
17/10/2012,3.02
18/10/2012,3.08
19/10/2012,3.11
20/10/2012,3.1
21/10/2012,3.1
22/10/2012,3.09
23/10/2012,2.9
24/10/2012,2.99
25/10/2012,3.05
26/10/2012,3.06
27/10/2012,3.05
28/10/2012,3.04
29/10/2012,3.05
30/10/2012,3.02
31/10/2012,3.04
01/11/2012,3.02
02/11/2012,3.01
03/11/2012,3.0
04/11/2012,3.01
05/11/2012,2.99
06/11/2012,2.97
07/11/2012,2.98
08/11/2012,2.99
09/11/2012,2.98
10/11/2012,3.07
11/11/2012,3.08
12/11/2012,3.03
13/11/2012,2.99
14/11/2012,2.98
15/11/2012,2.98
16/11/2012,2.95
17/11/2012,2.94
18/11/2012,2.93
19/11/2012,2.88
20/11/2012,2.87
21/11/2012,2.86
22/11/2012,2.86
23/11/2012,2.85
24/11/2012,2.8
25/11/2012,2.8
26/11/2012,2.77
27/11/2012,2.74
28/11/2012,2.73
29/11/2012,2.77
30/11/2012,2.77
01/12/2012,2.7
02/12/2012,2.67
03/12/2012,2.66
04/12/2012,2.66
05/12/2012,2.65
06/12/2012,2.6
07/12/2012,2.62
08/12/2012,2.59
09/12/2012,2.6
10/12/2012,2.63
11/12/2012,2.64
12/12/2012,2.6
13/12/2012,2.62
14/12/2012,2.61
15/12/2012,2.59
16/12/2012,2.58
17/12/2012,2.57
18/12/2012,2.58
19/12/2012,2.59
20/12/2012,2.56
21/12/2012,2.56
22/12/2012,2.55
23/12/2012,2.54
24/12/2012,2.51
25/12/2012,2.5
26/12/2012,2.57
27/12/2012,2.57
28/12/2012,2.56
29/12/2012,2.52
30/12/2012,2.53
31/12/2012,2.55
01/01/2013,2.6
02/01/2013,2.55
03/01/2013,2.57
04/01/2013,2.57
05/01/2013,2.54
06/01/2013,2.51
07/01/2013,2.53
08/01/2013,2.56
09/01/2013,2.56
10/01/2013,2.56
11/01/2013,2.54
12/01/2013,2.53
13/01/2013,2.53
14/01/2013,2.53
15/01/2013,2.52
16/01/2013,2.5
17/01/2013,2.49
18/01/2013,2.49
19/01/2013,2.5
20/01/2013,2.5
21/01/2013,2.48
22/01/2013,2.46
23/01/2013,2.41
24/01/2013,2.38
25/01/2013,2.42
26/01/2013,2.32
27/01/2013,2.35
28/01/2013,2.35
29/01/2013,2.35
30/01/2013,2.36
31/01/2013,2.35
01/02/2013,2.35
02/02/2013,2.4
03/02/2013,2.41
04/02/2013,2.36
05/02/2013,2.37
06/02/2013,2.4
07/02/2013,2.37
08/02/2013,2.35
09/02/2013,2.35
10/02/2013,2.33
11/02/2013,2.3
12/02/2013,2.3
13/02/2013,2.3
14/02/2013,2.33
15/02/2013,2.38
16/02/2013,2.37
17/02/2013,2.35
18/02/2013,2.41
19/02/2013,2.41
20/02/2013,2.49
21/02/2013,2.51
22/02/2013,2.49
23/02/2013,2.5
24/02/2013,2.49
25/02/2013,2.51
26/02/2013,2.46
27/02/2013,2.47
28/02/2013,2.51
01/03/2013,2.52
02/03/2013,2.49
03/03/2013,2.49
04/03/2013,2.48
05/03/2013,2.46
06/03/2013,2.45
07/03/2013,2.46
08/03/2013,2.47
09/03/2013,2.47
10/03/2013,2.56
11/03/2013,2.46
12/03/2013,2.5
13/03/2013,2.47
14/03/2013,2.46
15/03/2013,2.46
16/03/2013,2.47
17/03/2013,2.45
18/03/2013,2.47
19/03/2013,2.46
20/03/2013,2.5
21/03/2013,2.43
22/03/2013,2.4
23/03/2013,2.4
24/03/2013,2.42
25/03/2013,2.42
26/03/2013,2.43
27/03/2013,2.44
28/03/2013,2.4
29/03/2013,2.4
30/03/2013,2.4
31/03/2013,2.39
01/04/2013,2.42
02/04/2013,2.49
03/04/2013,2.44
04/04/2013,2.42
05/04/2013,2.37
06/04/2013,2.42
07/04/2013,2.43
08/04/2013,2.45
09/04/2013,2.48
10/04/2013,2.51
11/04/2013,2.5
12/04/2013,2.55
13/04/2013,2.47
14/04/2013,2.43
15/04/2013,2.44
16/04/2013,2.44
17/04/2013,2.47
18/04/2013,2.47
19/04/2013,2.47
20/04/2013,2.48
21/04/2013,2.49
22/04/2013,2.5
23/04/2013,2.5
24/04/2013,2.51
25/04/2013,2.49
26/04/2013,2.49
27/04/2013,2.51
28/04/2013,2.51
29/04/2013,2.5
30/04/2013,2.49
01/05/2013,2.5
02/05/2013,2.5
03/05/2013,2.54
04/05/2013,2.53
05/05/2013,2.52
06/05/2013,2.5
07/05/2013,2.51
08/05/2013,2.49
09/05/2013,2.53
10/05/2013,2.57
11/05/2013,2.59
12/05/2013,2.59
13/05/2013,2.59
14/05/2013,2.6
15/05/2013,2.61
16/05/2013,2.53
17/05/2013,2.57
18/05/2013,2.59
19/05/2013,2.59
20/05/2013,2.6
21/05/2013,2.57
22/05/2013,2.6
17/07/2013,3.03
18/07/2013,3.1
19/07/2013,3.06
20/07/2013,3.08
21/07/2013,3.04
22/07/2013,2.96
23/07/2013,2.98
24/07/2013,3.02
25/07/2013,3.03
26/07/2013,3.04
27/07/2013,3.04
28/07/2013,3.03
29/07/2013,3.02
30/07/2013,3.03
31/07/2013,3.01
01/08/2013,3.02
02/08/2013,3.08
03/08/2013,3.06
04/08/2013,3.09
05/08/2013,3.11
06/08/2013,3.13
07/08/2013,3.16
08/08/2013,3.21
09/08/2013,3.25
10/08/2013,3.24
11/08/2013,3.21
12/08/2013,3.23
13/08/2013,3.28
14/08/2013,3.23
15/08/2013,3.24
16/08/2013,3.25
17/08/2013,3.25
18/08/2013,3.25
19/08/2013,3.25
20/08/2013,3.24
21/08/2013,3.25
22/08/2013,3.25
23/08/2013,3.25
24/08/2013,3.32
25/08/2013,3.3
26/08/2013,3.25
27/08/2013,3.21
28/08/2013,3.18
29/08/2013,3.19
30/08/2013,3.21
31/08/2013,3.21
01/09/2013,3.21
02/09/2013,3.22
03/09/2013,3.23
04/09/2013,3.2
05/09/2013,3.19
06/09/2013,3.19
07/09/2013,3.18
08/09/2013,3.18
09/09/2013,3.17
10/09/2013,3.16
11/09/2013,3.15
12/09/2013,3.13
13/09/2013,3.19
14/09/2013,3.29
15/09/2013,3.45
16/09/2013,3.56
17/09/2013,3.62
18/09/2013,3.75
19/09/2013,3.92
20/09/2013,4.06
21/09/2013,4.11
22/09/2013,4.19
23/09/2013,4.26
24/09/2013,4.28
25/09/2013,4.27
26/09/2013,4.3
27/09/2013,4.34
28/09/2013,4.37
29/09/2013,4.36
30/09/2013,4.33
01/10/2013,4.32
02/10/2013,4.32
03/10/2013,4.33
04/10/2013,4.33
05/10/2013,4.29
06/10/2013,4.09
07/10/2013,4.26
08/10/2013,4.25
09/10/2013,4.23
10/10/2013,4.21
11/10/2013,4.21
12/10/2013,4.19
13/10/2013,4.2
14/10/2013,4.16
15/10/2013,4.15
16/10/2013,4.15
17/10/2013,4.15
18/10/2013,4.12
19/10/2013,4.1
20/10/2013,4.08
21/10/2013,4.11
22/10/2013,4.06
23/10/2013,4.05
24/10/2013,4.07
25/10/2013,4.03
26/10/2013,4.08
27/10/2013,4.06
28/10/2013,4.04
29/10/2013,4.08
30/10/2013,4.12
31/10/2013,4.13
01/11/2013,4.12
02/11/2013,4.12
03/11/2013,4.14
04/11/2013,4.12
05/11/2013,4.11
06/11/2013,4.11
07/11/2013,4.07
08/11/2013,4.06
09/11/2013,4.06
10/11/2013,4.06
11/11/2013,4.06
12/11/2013,4.03
13/11/2013,4.07
14/11/2013,4.07
15/11/2013,4.1
16/11/2013,4.11
17/11/2013,4.13
18/11/2013,4.14
19/11/2013,4.15
20/11/2013,4.14
21/11/2013,4.19
22/11/2013,4.15
23/11/2013,4.15
24/11/2013,4.13
25/11/2013,4.12
26/11/2013,4.11
27/11/2013,4.08
28/11/2013,4.04
29/11/2013,4.06
30/11/2013,4.06
01/12/2013,4.05
02/12/2013,4.01
03/12/2013,4.0
04/12/2013,3.95
05/12/2013,3.98
06/12/2013,3.92
07/12/2013,3.88
08/12/2013,3.88
09/12/2013,3.89
10/12/2013,3.88
11/12/2013,3.82
12/12/2013,3.8
13/12/2013,3.77
14/12/2013,3.74
15/12/2013,3.71
16/12/2013,3.69
17/12/2013,3.67
18/12/2013,3.67
19/12/2013,3.67
20/12/2013,3.64
21/12/2013,3.6
22/12/2013,3.57
23/12/2013,3.53
24/12/2013,3.5
25/12/2013,3.47
26/12/2013,3.44
27/12/2013,3.44
28/12/2013,3.39
29/12/2013,3.37
30/12/2013,3.36
31/12/2013,3.41
01/01/2014,3.38
02/01/2014,3.37
03/01/2014,3.36
04/01/2014,3.31
05/01/2014,3.28
06/01/2014,3.27
07/01/2014,3.28
08/01/2014,3.27
09/01/2014,3.26
10/01/2014,3.27
11/01/2014,3.29
12/01/2014,3.29
13/01/2014,3.29
14/01/2014,3.24
15/01/2014,3.2
16/01/2014,3.18
17/01/2014,3.18
18/01/2014,3.18
19/01/2014,3.18
20/01/2014,3.17
21/01/2014,3.15
22/01/2014,3.14
23/01/2014,3.14
24/01/2014,3.19
25/01/2014,3.15
26/01/2014,3.11
27/01/2014,3.09
28/01/2014,3.07
29/01/2014,3.08
30/01/2014,3.1
31/01/2014,3.08
01/02/2014,3.12
02/02/2014,3.15
03/02/2014,3.2
04/02/2014,3.22
05/02/2014,3.25
06/02/2014,3.33
07/02/2014,3.33
08/02/2014,3.36
09/02/2014,3.43
10/02/2014,3.45
11/02/2014,3.5
12/02/2014,3.54
13/02/2014,3.62
14/02/2014,3.65
15/02/2014,3.67
16/02/2014,3.65
17/02/2014,3.66
18/02/2014,3.67
19/02/2014,3.68
20/02/2014,3.68
21/02/2014,3.67
22/02/2014,3.69
23/02/2014,3.7
24/02/2014,3.69
25/02/2014,3.7
26/02/2014,3.71
27/02/2014,3.71
28/02/2014,3.71
01/03/2014,3.7
02/03/2014,3.72
03/03/2014,3.75
04/03/2014,3.73
05/03/2014,3.72
06/03/2014,3.72
07/03/2014,3.73
08/03/2014,3.71
09/03/2014,3.85
10/03/2014,3.69
11/03/2014,3.67
12/03/2014,3.66
13/03/2014,3.67
14/03/2014,3.64
15/03/2014,3.58
16/03/2014,3.62
17/03/2014,3.65
18/03/2014,3.67
19/03/2014,3.73
20/03/2014,3.68
21/03/2014,3.68
22/03/2014,3.65
23/03/2014,3.67
24/03/2014,3.68
25/03/2014,3.69
26/03/2014,3.7
27/03/2014,3.69
28/03/2014,3.66
29/03/2014,3.67
30/03/2014,3.66
31/03/2014,3.69
01/04/2014,3.68
02/04/2014,3.68
03/04/2014,3.66
04/04/2014,3.63
05/04/2014,3.61
06/04/2014,3.61
07/04/2014,3.61
08/04/2014,3.58
09/04/2014,3.54
10/04/2014,3.57
11/04/2014,3.63
12/04/2014,3.56
13/04/2014,3.48
14/04/2014,3.57
15/04/2014,3.6
16/04/2014,3.61
17/04/2014,3.61
18/04/2014,3.63
19/04/2014,3.61
20/04/2014,3.6
21/04/2014,3.61
22/04/2014,3.6
23/04/2014,3.58
24/04/2014,3.57
25/04/2014,3.57
26/04/2014,3.56
27/04/2014,3.57
28/04/2014,3.53
29/04/2014,3.51
30/04/2014,3.5
01/05/2014,3.48
02/05/2014,3.46
03/05/2014,3.47
04/05/2014,3.47
05/05/2014,3.47
06/05/2014,3.47
07/05/2014,3.46
08/05/2014,3.45
09/05/2014,3.45
10/05/2014,3.46
11/05/2014,3.43
12/05/2014,3.41
13/05/2014,3.39
14/05/2014,3.38
15/05/2014,3.38
16/05/2014,3.37
17/05/2014,3.35
18/05/2014,3.31
19/05/2014,3.32
20/05/2014,3.32
21/05/2014,3.32
22/05/2014,3.28
23/05/2014,3.24
24/05/2014,3.22
25/05/2014,3.23
26/05/2014,3.22
27/05/2014,3.22
28/05/2014,3.21
29/05/2014,3.2
30/05/2014,3.19
31/05/2014,3.19
01/06/2014,3.17
02/06/2014,3.15
03/06/2014,3.15
04/06/2014,3.16
05/06/2014,3.17
06/06/2014,3.17
07/06/2014,3.17
08/06/2014,3.12
09/06/2014,3.11
10/06/2014,3.12
11/06/2014,3.13
12/06/2014,3.12
13/06/2014,3.17
14/06/2014,3.15
15/06/2014,3.13
16/06/2014,3.11
17/06/2014,3.1
18/06/2014,3.08
19/06/2014,3.1
26/06/2014,3.12
27/06/2014,3.13
28/06/2014,3.14
29/06/2014,3.25
30/06/2014,3.15
01/07/2014,3.16
02/07/2014,3.24
03/07/2014,3.28
04/07/2014,3.3
05/07/2014,3.35
06/07/2014,3.35
07/07/2014,3.38
08/07/2014,3.48
09/07/2014,3.51
10/07/2014,3.56
11/07/2014,3.6
12/07/2014,3.62
13/07/2014,3.66
14/07/2014,3.68
15/07/2014,3.68
16/07/2014,3.71
17/07/2014,3.74
18/07/2014,3.72
19/07/2014,3.72
20/07/2014,3.75
21/07/2014,3.78
22/07/2014,3.82
23/07/2014,3.93
24/07/2014,3.96
25/07/2014,3.96
26/07/2014,4.03
27/07/2014,4.08
28/07/2014,4.12
29/07/2014,4.14
30/07/2014,4.16
31/07/2014,4.17
01/08/2014,4.17
02/08/2014,4.18
03/08/2014,4.21
04/08/2014,4.23
05/08/2014,4.23
06/08/2014,4.26
07/08/2014,4.27
08/08/2014,4.28
09/08/2014,4.28
10/08/2014,4.29
11/08/2014,4.3
12/08/2014,4.28
13/08/2014,4.22
14/08/2014,4.23
15/08/2014,4.24
16/08/2014,4.24
17/08/2014,4.22
18/08/2014,4.2
19/08/2014,4.19
20/08/2014,4.19
21/08/2014,4.18
22/08/2014,4.16
23/08/2014,4.16
24/08/2014,4.14
25/08/2014,4.05
26/08/2014,3.95
27/08/2014,4.02
28/08/2014,4.05
29/08/2014,4.04
30/08/2014,4.03
31/08/2014,4.01
01/09/2014,4.0
02/09/2014,4.02
03/09/2014,4.0
04/09/2014,4.01
05/09/2014,3.97
06/09/2014,3.96
07/09/2014,3.93
08/09/2014,3.93
09/09/2014,3.94
10/09/2014,3.97
11/09/2014,3.97
12/09/2014,4.03
13/09/2014,4.05
14/09/2014,4.09
15/09/2014,4.13
16/09/2014,4.14
17/09/2014,4.19
18/09/2014,4.24
19/09/2014,4.26
20/09/2014,4.3
21/09/2014,4.34
22/09/2014,4.37
23/09/2014,4.39
24/09/2014,4.42
25/09/2014,4.43
26/09/2014,4.47
27/09/2014,4.46
28/09/2014,4.45
29/09/2014,4.46
30/09/2014,4.47
01/10/2014,4.46
02/10/2014,4.44
03/10/2014,4.45
04/10/2014,4.46
05/10/2014,4.23
06/10/2014,4.39
07/10/2014,4.38
08/10/2014,4.38
09/10/2014,4.39
10/10/2014,4.5
11/10/2014,4.53
12/10/2014,4.56
13/10/2014,4.58
14/10/2014,4.61
15/10/2014,4.65
16/10/2014,4.72
17/10/2014,4.78
18/10/2014,4.81
19/10/2014,4.85
20/10/2014,4.87
21/10/2014,4.88
22/10/2014,4.89
23/10/2014,4.89
24/10/2014,4.9
25/10/2014,4.89
26/10/2014,4.87
27/10/2014,4.85
28/10/2014,4.86
29/10/2014,4.85
30/10/2014,4.86
31/10/2014,4.87
01/11/2014,4.92
02/11/2014,4.93
03/11/2014,4.9
04/11/2014,4.86
05/11/2014,4.89
06/11/2014,4.94
07/11/2014,4.93
08/11/2014,4.95
09/11/2014,4.96
10/11/2014,4.96
11/11/2014,4.96
12/11/2014,4.96
13/11/2014,4.94
14/11/2014,4.9
15/11/2014,4.87
16/11/2014,4.88
17/11/2014,4.86
18/11/2014,4.84
19/11/2014,4.82
20/11/2014,4.82
21/11/2014,4.79
22/11/2014,4.72
23/11/2014,4.71
24/11/2014,4.7
25/11/2014,4.7
26/11/2014,4.68
27/11/2014,4.65
28/11/2014,4.62
29/11/2014,4.6
30/11/2014,4.58
01/12/2014,4.58
02/12/2014,4.58
03/12/2014,4.54
04/12/2014,4.55
05/12/2014,4.55
06/12/2014,4.53
07/12/2014,4.53
08/12/2014,4.55
09/12/2014,4.56
10/12/2014,4.61
11/12/2014,4.61
12/12/2014,4.59
13/12/2014,4.58
14/12/2014,4.59
15/12/2014,4.57
16/12/2014,4.55
17/12/2014,4.53
18/12/2014,4.52
19/12/2014,4.49
20/12/2014,4.47
21/12/2014,4.48
22/12/2014,4.42
23/12/2014,4.4
24/12/2014,4.38
25/12/2014,4.36
26/12/2014,4.33
27/12/2014,4.33
28/12/2014,4.32
29/12/2014,4.29
30/12/2014,4.27
31/12/2014,4.26
01/01/2015,4.24
02/01/2015,4.22
03/01/2015,4.2
04/01/2015,4.2
05/01/2015,4.19
06/01/2015,4.16
07/01/2015,4.17
08/01/2015,4.16
09/01/2015,4.14
10/01/2015,4.12
11/01/2015,4.12
12/01/2015,4.09
13/01/2015,4.09
14/01/2015,4.13
15/01/2015,4.13
16/01/2015,4.1
17/01/2015,4.09
18/01/2015,4.07
19/01/2015,4.06
20/01/2015,4.11
21/01/2015,4.07
22/01/2015,4.06
23/01/2015,4.03
24/01/2015,3.99
25/01/2015,3.96
26/01/2015,3.94
27/01/2015,3.93
28/01/2015,3.93
29/01/2015,3.99
30/01/2015,3.92
31/01/2015,3.92
01/02/2015,3.92
02/02/2015,3.89
03/02/2015,3.89
04/02/2015,3.88
05/02/2015,3.84
06/02/2015,3.81
07/02/2015,3.78
08/02/2015,3.75
09/02/2015,3.72
10/02/2015,3.71
11/02/2015,3.71
12/02/2015,3.67
13/02/2015,3.7
14/02/2015,3.65
15/02/2015,3.66
16/02/2015,3.63
17/02/2015,3.59
18/02/2015,3.57
19/02/2015,3.57
20/02/2015,3.53
21/02/2015,3.51
22/02/2015,3.5
23/02/2015,3.48
24/02/2015,3.46
25/02/2015,3.44
26/02/2015,3.42
27/02/2015,3.42
28/02/2015,3.39
01/03/2015,3.36
02/03/2015,3.34
03/03/2015,3.33
04/03/2015,3.31
05/03/2015,3.32
06/03/2015,3.29
07/03/2015,3.28
08/03/2015,3.41
09/03/2015,3.26
10/03/2015,3.24
11/03/2015,3.21
12/03/2015,3.18
13/03/2015,3.16
14/03/2015,3.15
15/03/2015,3.13
16/03/2015,3.11
17/03/2015,3.1
18/03/2015,3.09
19/03/2015,3.08
20/03/2015,3.04
21/03/2015,3.06
22/03/2015,2.99
23/03/2015,2.98
24/03/2015,2.96
25/03/2015,2.98
26/03/2015,2.94
27/03/2015,2.9
28/03/2015,2.9
29/03/2015,2.9
30/03/2015,2.92
31/03/2015,2.88
01/04/2015,2.87
02/04/2015,2.85
03/04/2015,2.84
04/04/2015,2.83
05/04/2015,2.88
06/04/2015,2.83
07/04/2015,2.8
08/04/2015,2.79
09/04/2015,2.77
10/04/2015,2.75
11/04/2015,2.76
12/04/2015,2.74
13/04/2015,2.72
14/04/2015,2.73
15/04/2015,2.73
16/04/2015,2.76
17/04/2015,2.71
18/04/2015,2.65
19/04/2015,2.66
20/04/2015,2.67
21/04/2015,2.66
22/04/2015,2.64
23/04/2015,2.62
24/04/2015,2.61
25/04/2015,2.58
26/04/2015,2.59
27/04/2015,2.58
28/04/2015,2.6
29/04/2015,2.62
30/04/2015,2.58
01/05/2015,2.57
02/05/2015,2.56
03/05/2015,2.54
04/05/2015,2.51
05/05/2015,2.51
06/05/2015,2.54
07/05/2015,2.49
08/05/2015,2.5
09/05/2015,2.49
10/05/2015,2.51
11/05/2015,2.54
12/05/2015,2.51
13/05/2015,2.51
14/05/2015,2.49
15/05/2015,2.49
16/05/2015,2.48
17/05/2015,2.48
18/05/2015,2.47
19/05/2015,2.48
20/05/2015,2.47
21/05/2015,2.46
22/05/2015,2.46
23/05/2015,2.47
24/05/2015,2.5
25/05/2015,2.47
26/05/2015,2.48
27/05/2015,2.52
28/05/2015,2.49
29/05/2015,2.46
30/05/2015,2.44
31/05/2015,2.45
01/06/2015,2.43
02/06/2015,2.44
03/06/2015,2.44
04/06/2015,2.45
05/06/2015,2.45
06/06/2015,2.44
07/06/2015,2.48
08/06/2015,2.48
09/06/2015,2.5
10/06/2015,2.51
11/06/2015,2.49
12/06/2015,2.46
13/06/2015,2.52
14/06/2015,2.52
15/06/2015,2.47
16/06/2015,2.5
17/06/2015,2.56
18/06/2015,2.57
19/06/2015,2.53
20/06/2015,2.55
21/06/2015,2.55
22/06/2015,2.56
23/06/2015,2.56
24/06/2015,2.54
25/06/2015,2.53
26/06/2015,2.53
27/06/2015,2.53
28/06/2015,2.53
29/06/2015,2.52
30/06/2015,2.55
01/07/2015,2.56
02/07/2015,2.56
03/07/2015,2.56
04/07/2015,2.48
05/07/2015,2.54
06/07/2015,2.55
07/07/2015,2.56
08/07/2015,2.56
09/07/2015,2.54
10/07/2015,2.54
11/07/2015,2.55
12/07/2015,2.55
13/07/2015,2.59
14/07/2015,2.57
15/07/2015,2.58
16/07/2015,2.59
17/07/2015,2.6
18/07/2015,2.6
19/07/2015,2.64
20/07/2015,2.72
21/07/2015,2.66
22/07/2015,2.69
23/07/2015,2.73
24/07/2015,2.75
25/07/2015,2.78
26/07/2015,2.78
27/07/2015,2.8
28/07/2015,2.81
29/07/2015,2.81
30/07/2015,2.82
31/07/2015,2.83
01/08/2015,2.83
02/08/2015,2.86
03/08/2015,2.88
04/08/2015,2.91
05/08/2015,2.93
06/08/2015,2.92
07/08/2015,2.93
08/08/2015,2.93
09/08/2015,2.94
10/08/2015,2.94
11/08/2015,2.98
12/08/2015,3.02
13/08/2015,3.05
14/08/2015,3.1
15/08/2015,3.16
16/08/2015,3.25
17/08/2015,3.32
18/08/2015,3.41
19/08/2015,3.52
20/08/2015,3.62
21/08/2015,3.69
22/08/2015,3.74
23/08/2015,3.77
24/08/2015,3.82
25/08/2015,3.88
26/08/2015,3.91
27/08/2015,3.88
28/08/2015,3.89
29/08/2015,3.9
30/08/2015,3.91
31/08/2015,3.94
01/09/2015,3.94
02/09/2015,3.91
03/09/2015,3.91
04/09/2015,3.9
05/09/2015,3.88
06/09/2015,3.88
07/09/2015,3.85
08/09/2015,3.83
09/09/2015,3.83
10/09/2015,3.85
11/09/2015,3.75
12/09/2015,3.74
13/09/2015,3.74
14/09/2015,3.71
15/09/2015,3.71
16/09/2015,3.75
17/09/2015,3.72
18/09/2015,3.7
19/09/2015,3.7
20/09/2015,3.69
21/09/2015,3.73
22/09/2015,3.7
23/09/2015,3.71
24/09/2015,3.81
25/09/2015,3.89
26/09/2015,3.97
27/09/2015,4.04
28/09/2015,4.07
29/09/2015,4.14
30/09/2015,4.17
01/10/2015,4.19
02/10/2015,4.21
03/10/2015,4.17
04/10/2015,4.01
05/10/2015,4.2
06/10/2015,4.2
07/10/2015,4.22
08/10/2015,4.29
09/10/2015,4.3
10/10/2015,4.29
11/10/2015,4.32
12/10/2015,4.32
13/10/2015,4.36
14/10/2015,4.4
15/10/2015,4.48
16/10/2015,4.5
17/10/2015,4.56
18/10/2015,4.58
19/10/2015,4.61
20/10/2015,4.68
21/10/2015,4.7
22/10/2015,4.73
23/10/2015,4.74
24/10/2015,4.74
25/10/2015,4.76
26/10/2015,4.75
27/10/2015,4.75
28/10/2015,4.75
29/10/2015,4.75
30/10/2015,4.76
31/10/2015,4.78
01/11/2015,4.76
02/11/2015,4.75
03/11/2015,4.73
04/11/2015,4.72
05/11/2015,4.69
06/11/2015,4.67
07/11/2015,4.65
08/11/2015,4.64
09/11/2015,4.62
10/11/2015,4.6
11/11/2015,4.6
12/11/2015,4.59
13/11/2015,4.57
14/11/2015,4.56
15/11/2015,4.58
16/11/2015,4.6
17/11/2015,4.61
18/11/2015,4.57
19/11/2015,4.58
20/11/2015,4.63
21/11/2015,4.56
22/11/2015,4.55
23/11/2015,4.55
24/11/2015,4.56
25/11/2015,4.54
26/11/2015,4.51
27/11/2015,4.47
28/11/2015,4.45
29/11/2015,4.45
30/11/2015,4.42
01/12/2015,4.4
02/12/2015,4.4
03/12/2015,4.39
04/12/2015,4.37
05/12/2015,4.35
06/12/2015,4.32
07/12/2015,4.28
08/12/2015,4.27
09/12/2015,4.27
10/12/2015,4.27
11/12/2015,4.23
12/12/2015,4.22
13/12/2015,4.21
14/12/2015,4.21
15/12/2015,4.23
16/12/2015,4.19
17/12/2015,4.16
18/12/2015,4.19
19/12/2015,4.19
20/12/2015,4.19
21/12/2015,4.18
22/12/2015,4.16
23/12/2015,4.15
24/12/2015,4.17
25/12/2015,4.15
26/12/2015,4.13
27/12/2015,4.1
28/12/2015,4.08
29/12/2015,4.09
30/12/2015,4.1
31/12/2015,4.09
01/01/2016,4.07
02/01/2016,4.07
03/01/2016,4.06
04/01/2016,4.03
05/01/2016,4.03
06/01/2016,4.07
07/01/2016,4.06
08/01/2016,4.04
09/01/2016,4.03
10/01/2016,4.04
11/01/2016,4.02
12/01/2016,3.99
13/01/2016,4.02
14/01/2016,3.96
15/01/2016,3.92
16/01/2016,3.9
17/01/2016,3.88
18/01/2016,3.86
19/01/2016,3.85
20/01/2016,3.82
21/01/2016,3.8
22/01/2016,3.76
23/01/2016,3.74
24/01/2016,3.71
25/01/2016,3.66
26/01/2016,3.66
27/01/2016,3.63
28/01/2016,3.61
29/01/2016,3.59
30/01/2016,3.57
31/01/2016,3.55
01/02/2016,3.51
02/02/2016,3.49
03/02/2016,3.49
04/02/2016,3.47
05/02/2016,3.42
06/02/2016,3.41
07/02/2016,3.4
08/02/2016,3.36
09/02/2016,3.36
10/02/2016,3.37
11/02/2016,3.35
12/02/2016,3.32
13/02/2016,3.31
14/02/2016,3.3
15/02/2016,3.28
16/02/2016,3.28
17/02/2016,3.26
18/02/2016,3.23
19/02/2016,3.23
20/02/2016,3.23
21/02/2016,3.21
22/02/2016,3.2
23/02/2016,3.15
24/02/2016,3.13
25/02/2016,3.13
26/02/2016,3.1
27/02/2016,3.1
28/02/2016,3.08
29/02/2016,3.06
01/03/2016,3.08
02/03/2016,3.11
03/03/2016,3.09
04/03/2016,3.0
05/03/2016,2.96
06/03/2016,2.94
07/03/2016,2.93
08/03/2016,2.92
09/03/2016,2.93
10/03/2016,2.93
11/03/2016,3.0
12/03/2016,2.93
13/03/2016,3.04
14/03/2016,2.9
15/03/2016,2.91
16/03/2016,2.89
17/03/2016,2.88
18/03/2016,2.87
19/03/2016,2.93
20/03/2016,2.89
21/03/2016,2.91
22/03/2016,2.88
23/03/2016,2.86
24/03/2016,2.87
25/03/2016,2.92
26/03/2016,3.04
27/03/2016,2.9
28/03/2016,2.89
29/03/2016,2.91
30/03/2016,2.94
31/03/2016,2.94
01/04/2016,2.96
02/04/2016,2.96
03/04/2016,2.95
04/04/2016,2.98
05/04/2016,2.96
06/04/2016,2.99
07/04/2016,3.01
08/04/2016,3.02
09/04/2016,3.04
10/04/2016,3.07
11/04/2016,3.1
12/04/2016,3.12
13/04/2016,3.12
14/04/2016,3.13
15/04/2016,3.18
16/04/2016,3.22
17/04/2016,3.29
18/04/2016,3.39
19/04/2016,3.44
20/04/2016,3.6
21/04/2016,3.79
22/04/2016,3.94
23/04/2016,4.09
24/04/2016,4.27
25/04/2016,4.5
26/04/2016,4.54
27/04/2016,4.62
28/04/2016,4.71
29/04/2016,4.81
30/04/2016,4.85
01/05/2016,4.88
02/05/2016,4.91
03/05/2016,4.93
04/05/2016,4.91
05/05/2016,4.91
06/05/2016,4.92
07/05/2016,4.9
08/05/2016,4.89
09/05/2016,4.88
10/05/2016,4.88
11/05/2016,4.86
12/05/2016,4.83
13/05/2016,4.81
14/05/2016,4.79
15/05/2016,4.8
16/05/2016,4.75
17/05/2016,4.72
18/05/2016,4.73
19/05/2016,4.74
20/05/2016,4.75
21/05/2016,4.73
22/05/2016,4.71
23/05/2016,4.68
24/05/2016,4.68
25/05/2016,4.67
26/05/2016,4.66
27/05/2016,4.67
28/05/2016,4.67
29/05/2016,4.64
30/05/2016,4.61
31/05/2016,4.58
01/06/2016,4.57
02/06/2016,4.56
03/06/2016,4.56
04/06/2016,4.58
05/06/2016,4.57
06/06/2016,4.55
07/06/2016,4.51
08/06/2016,4.49
09/06/2016,4.5
10/06/2016,4.47
11/06/2016,4.44
12/06/2016,4.45
13/06/2016,4.46
14/06/2016,4.45
15/06/2016,4.45
16/06/2016,4.43
17/06/2016,4.4
18/06/2016,4.39
19/06/2016,4.38
20/06/2016,4.37
21/06/2016,4.35
22/06/2016,4.34
23/06/2016,4.32
24/06/2016,4.31
25/06/2016,4.28
26/06/2016,4.28
27/06/2016,4.27
28/06/2016,4.25
29/06/2016,4.24
30/06/2016,4.23
01/07/2016,4.22
02/07/2016,4.21
03/07/2016,4.19
04/07/2016,4.19
05/07/2016,4.21
06/07/2016,4.17
07/07/2016,4.19
08/07/2016,4.23
09/07/2016,4.26
10/07/2016,4.27
11/07/2016,4.31
12/07/2016,4.32
13/07/2016,4.35
14/07/2016,4.4
15/07/2016,4.39
16/07/2016,4.37
17/07/2016,4.35
18/07/2016,4.41
19/07/2016,4.41
20/07/2016,4.39
21/07/2016,4.39
22/07/2016,4.39
23/07/2016,4.38
24/07/2016,4.38
25/07/2016,4.38
26/07/2016,4.32
27/07/2016,4.32
28/07/2016,4.35
29/07/2016,4.36
30/07/2016,4.36
31/07/2016,4.34
01/08/2016,4.35
02/08/2016,4.35
03/08/2016,4.35
04/08/2016,4.34
05/08/2016,4.33
06/08/2016,4.34
07/08/2016,4.34
08/08/2016,4.33
09/08/2016,4.33
10/08/2016,4.31
11/08/2016,4.3
12/08/2016,4.29
13/08/2016,4.27
14/08/2016,4.27
15/08/2016,4.25
16/08/2016,4.25
17/08/2016,4.24
18/08/2016,4.21
19/08/2016,4.24
20/08/2016,4.27
21/08/2016,4.2
22/08/2016,4.16
23/08/2016,4.16
24/08/2016,4.16
25/08/2016,4.15
26/08/2016,4.14
27/08/2016,4.14
28/08/2016,4.18
29/08/2016,4.17
30/08/2016,4.16
31/08/2016,4.14
01/09/2016,4.19
02/09/2016,4.23
03/09/2016,4.22
04/09/2016,4.24
05/09/2016,4.23
06/09/2016,4.19
07/09/2016,4.24
08/09/2016,4.28
09/09/2016,4.31
10/09/2016,4.35
11/09/2016,4.37
12/09/2016,4.38
13/09/2016,4.37
14/09/2016,4.32
15/09/2016,4.42
16/09/2016,4.48
17/09/2016,4.51
18/09/2016,4.52
19/09/2016,4.51
20/09/2016,4.51
21/09/2016,4.51
22/09/2016,4.5
23/09/2016,4.53
24/09/2016,4.48
25/09/2016,4.46
26/09/2016,4.45
27/09/2016,4.45
28/09/2016,4.43
29/09/2016,4.42
30/09/2016,4.4
01/10/2016,4.39
02/10/2016,4.2
03/10/2016,4.38
04/10/2016,4.36
05/10/2016,4.35
06/10/2016,4.3
07/10/2016,4.27
08/10/2016,4.22
09/10/2016,4.21
10/10/2016,4.2
11/10/2016,4.2
12/10/2016,4.17
13/10/2016,4.16
14/10/2016,4.15
15/10/2016,4.13
16/10/2016,4.11
17/10/2016,4.12
18/10/2016,4.12
19/10/2016,4.16
20/10/2016,4.15
21/10/2016,4.12
22/10/2016,4.12
23/10/2016,4.12
24/10/2016,4.15
25/10/2016,4.18
26/10/2016,4.11
27/10/2016,4.01
28/10/2016,3.98
29/10/2016,4.03
30/10/2016,4.03
31/10/2016,4.02
01/11/2016,4.03
02/11/2016,3.99
03/11/2016,4.02
04/11/2016,4.06
05/11/2016,4.09
06/11/2016,4.11
07/11/2016,4.12
08/11/2016,4.14
09/11/2016,4.13
10/11/2016,4.11
11/11/2016,4.13
12/11/2016,4.07
13/11/2016,4.05
14/11/2016,4.04
15/11/2016,4.04
16/11/2016,4.05
17/11/2016,4.04
18/11/2016,3.97
19/11/2016,3.94
20/11/2016,3.93
21/11/2016,3.93
22/11/2016,3.88
23/11/2016,3.84
24/11/2016,3.84
25/11/2016,3.84
26/11/2016,3.82
27/11/2016,3.8
28/11/2016,3.8
29/11/2016,3.77
30/11/2016,3.74
01/12/2016,3.74
02/12/2016,3.69
03/12/2016,3.68
04/12/2016,3.68
05/12/2016,3.64
06/12/2016,3.62
07/12/2016,3.6
08/12/2016,3.61
09/12/2016,3.54
10/12/2016,3.51
11/12/2016,3.5
12/12/2016,3.45
13/12/2016,3.46
14/12/2016,3.41
15/12/2016,3.38
16/12/2016,3.38
17/12/2016,3.36
18/12/2016,3.33
19/12/2016,3.34
20/12/2016,3.33
21/12/2016,3.32
22/12/2016,3.29
23/12/2016,3.28
24/12/2016,3.27
25/12/2016,3.27
26/12/2016,3.3
27/12/2016,3.31
28/12/2016,3.3
29/12/2016,3.3
30/12/2016,3.3
31/12/2016,3.28
01/01/2017,3.27
02/01/2017,3.28
03/01/2017,3.25
04/01/2017,3.24
05/01/2017,3.28
06/01/2017,3.25
07/01/2017,3.23
08/01/2017,3.22
09/01/2017,3.23
10/01/2017,3.26
11/01/2017,3.23
12/01/2017,3.2
13/01/2017,3.19
14/01/2017,3.2
15/01/2017,3.21
16/01/2017,3.2
17/01/2017,3.17
18/01/2017,3.16
19/01/2017,3.14
20/01/2017,3.13
21/01/2017,3.12
22/01/2017,3.11
23/01/2017,3.1
24/01/2017,3.06
25/01/2017,3.07
26/01/2017,3.05
27/01/2017,3.0
28/01/2017,2.99
29/01/2017,3.0
30/01/2017,2.98
31/01/2017,2.96
01/02/2017,2.96
02/02/2017,2.95
03/02/2017,2.94
04/02/2017,2.94
05/02/2017,2.88
06/02/2017,2.86
07/02/2017,2.9
08/02/2017,2.91
09/02/2017,2.93
10/02/2017,2.91
11/02/2017,2.91
12/02/2017,2.91
13/02/2017,2.88
14/02/2017,2.87
15/02/2017,2.84
16/02/2017,2.83
17/02/2017,2.82
18/02/2017,2.86
19/02/2017,2.87
20/02/2017,2.87
21/02/2017,2.85
22/02/2017,2.86
23/02/2017,2.85
24/02/2017,2.86
25/02/2017,2.85
26/02/2017,2.84
27/02/2017,2.84
28/02/2017,2.82
01/03/2017,2.81
02/03/2017,2.81
03/03/2017,2.82
04/03/2017,2.92
05/03/2017,2.85
06/03/2017,2.81
07/03/2017,2.81
08/03/2017,2.82
09/03/2017,2.81
10/03/2017,2.8
11/03/2017,2.81
12/03/2017,2.93
13/03/2017,2.74
14/03/2017,2.79
15/03/2017,2.81
16/03/2017,2.84
17/03/2017,2.78
18/03/2017,2.81
19/03/2017,2.81
20/03/2017,2.81
21/03/2017,2.82
22/03/2017,2.82
23/03/2017,2.82
24/03/2017,2.81
25/03/2017,2.81
26/03/2017,2.85
27/03/2017,2.84
28/03/2017,2.83
29/03/2017,2.82
30/03/2017,2.82
31/03/2017,2.81
01/04/2017,2.8
02/04/2017,2.78
03/04/2017,2.75
04/04/2017,2.74
05/04/2017,2.73
06/04/2017,2.72
07/04/2017,2.75
08/04/2017,2.78
09/04/2017,2.76
10/04/2017,2.75
11/04/2017,2.74
12/04/2017,2.79
13/04/2017,2.83
14/04/2017,2.84
15/04/2017,2.85
16/04/2017,2.86
17/04/2017,2.87
18/04/2017,2.87
19/04/2017,2.87
20/04/2017,2.85
21/04/2017,2.83
22/04/2017,2.82
23/04/2017,2.81
24/04/2017,2.81
25/04/2017,2.81
26/04/2017,2.71
27/04/2017,2.66
28/04/2017,2.7
29/04/2017,2.72
30/04/2017,2.72
01/05/2017,2.72
02/05/2017,2.72
03/05/2017,2.71
04/05/2017,2.71
05/05/2017,2.7
06/05/2017,2.7
07/05/2017,2.69
08/05/2017,2.69
09/05/2017,2.7
10/05/2017,2.68
11/05/2017,2.67
12/05/2017,2.68
13/05/2017,2.71
14/05/2017,2.67
15/05/2017,2.69
16/05/2017,2.7
17/05/2017,2.72
18/05/2017,2.78
19/05/2017,2.83
20/05/2017,2.78
21/05/2017,2.76
22/05/2017,2.77
23/05/2017,2.79
24/05/2017,2.79
25/05/2017,2.83
26/05/2017,2.9
27/05/2017,2.99
28/05/2017,3.08
29/05/2017,3.12
30/05/2017,3.14
31/05/2017,3.21
01/06/2017,3.21
02/06/2017,3.21
03/06/2017,3.22
04/06/2017,3.23
05/06/2017,3.25
06/06/2017,3.25
07/06/2017,3.25
08/06/2017,3.26
09/06/2017,3.22
10/06/2017,3.16
11/06/2017,3.22
12/06/2017,3.28
13/06/2017,3.28
14/06/2017,3.28
15/06/2017,3.3
16/06/2017,3.31
17/06/2017,3.3
18/06/2017,3.29
19/06/2017,3.24
20/06/2017,3.27
21/06/2017,3.29
22/06/2017,3.29
23/06/2017,3.28
24/06/2017,3.28
25/06/2017,3.27
26/06/2017,3.27
27/06/2017,3.26
28/06/2017,3.27
29/06/2017,3.28
30/06/2017,3.28
01/07/2017,3.28
02/07/2017,3.31
03/07/2017,3.33
04/07/2017,3.34
05/07/2017,3.34
06/07/2017,3.34
07/07/2017,3.34
08/07/2017,3.33
09/07/2017,3.32
10/07/2017,3.3
11/07/2017,3.32
12/07/2017,3.31
13/07/2017,3.29
14/07/2017,3.29
15/07/2017,3.28
16/07/2017,3.26
17/07/2017,3.19
18/07/2017,3.21
19/07/2017,3.21
20/07/2017,3.21
21/07/2017,3.22
22/07/2017,3.23
23/07/2017,3.21
24/07/2017,3.22
25/07/2017,3.22
26/07/2017,3.21
27/07/2017,3.21
28/07/2017,3.19
29/07/2017,3.18
30/07/2017,3.18
31/07/2017,3.17
01/08/2017,3.17
02/08/2017,3.2
03/08/2017,3.19
04/08/2017,3.16
05/08/2017,3.17
06/08/2017,3.17
07/08/2017,3.17
08/08/2017,3.17
09/08/2017,3.18
10/08/2017,3.24
11/08/2017,3.26
12/08/2017,3.42
13/08/2017,3.47
14/08/2017,3.51
15/08/2017,3.64
16/08/2017,3.75
17/08/2017,3.82
18/08/2017,3.88
19/08/2017,3.95
20/08/2017,3.94
21/08/2017,3.95
22/08/2017,3.94
23/08/2017,3.97
24/08/2017,3.97
25/08/2017,3.96
26/08/2017,3.95
27/08/2017,3.95
28/08/2017,3.94
29/08/2017,3.94
30/08/2017,3.89
31/08/2017,3.92
01/09/2017,3.93
02/09/2017,3.92
03/09/2017,3.92
04/09/2017,3.95
05/09/2017,3.98
06/09/2017,3.99
07/09/2017,3.99
08/09/2017,4.0
09/09/2017,4.02
10/09/2017,4.05
11/09/2017,3.95
12/09/2017,4.04
13/09/2017,4.12
14/09/2017,4.17
15/09/2017,4.28
16/09/2017,4.38
17/09/2017,4.44
18/09/2017,4.5
19/09/2017,4.58
20/09/2017,4.63
21/09/2017,4.7
22/09/2017,4.69
23/09/2017,4.67
24/09/2017,4.69
25/09/2017,4.68
26/09/2017,4.67
27/09/2017,4.71
28/09/2017,4.7
29/09/2017,4.69
30/09/2017,4.65
01/10/2017,4.45
02/10/2017,4.6
03/10/2017,4.57
04/10/2017,4.59
05/10/2017,4.59
06/10/2017,4.6
07/10/2017,4.59
08/10/2017,4.59
09/10/2017,4.54
10/10/2017,4.53
11/10/2017,4.55
12/10/2017,4.59
13/10/2017,4.56
14/10/2017,4.48
15/10/2017,4.49
16/10/2017,4.5
17/10/2017,4.52
18/10/2017,4.51
19/10/2017,4.54
20/10/2017,4.54
21/10/2017,4.58
22/10/2017,4.53
23/10/2017,4.55
24/10/2017,4.58
25/10/2017,4.59
26/10/2017,4.58
27/10/2017,4.6
28/10/2017,4.63
29/10/2017,4.6
30/10/2017,4.6
31/10/2017,4.56
01/11/2017,4.57
02/11/2017,4.57
03/11/2017,4.54
04/11/2017,4.54
05/11/2017,4.51
06/11/2017,4.49
07/11/2017,4.5
08/11/2017,4.48
09/11/2017,4.45
10/11/2017,4.43
11/11/2017,4.39
12/11/2017,4.34
13/11/2017,4.35
14/11/2017,4.34
15/11/2017,4.3
16/11/2017,4.3
17/11/2017,4.28
18/11/2017,4.24
19/11/2017,4.2
20/11/2017,4.2
21/11/2017,4.2
22/11/2017,4.14
23/11/2017,4.09
24/11/2017,4.11
25/11/2017,4.09
26/11/2017,4.05
27/11/2017,4.05
28/11/2017,4.02
29/11/2017,4.0
30/11/2017,4.01
01/12/2017,4.0
02/12/2017,3.96
03/12/2017,3.92
04/12/2017,3.93
05/12/2017,3.88
06/12/2017,3.86
07/12/2017,3.81
08/12/2017,3.79
09/12/2017,3.77
10/12/2017,3.74
11/12/2017,3.74
12/12/2017,3.71
13/12/2017,3.67
14/12/2017,3.65
15/12/2017,3.61
16/12/2017,3.59
17/12/2017,3.65
18/12/2017,3.56
19/12/2017,3.55
20/12/2017,3.54
21/12/2017,3.49
22/12/2017,3.46
23/12/2017,3.47
24/12/2017,3.46
25/12/2017,3.39
26/12/2017,3.37
27/12/2017,3.35
28/12/2017,3.34
29/12/2017,3.33
30/12/2017,3.3
31/12/2017,3.29
01/01/2018,3.28
02/01/2018,3.27
03/01/2018,3.23
04/01/2018,3.18
05/01/2018,3.2
06/01/2018,3.17
07/01/2018,3.13
08/01/2018,3.12
09/01/2018,3.13
10/01/2018,3.11
11/01/2018,3.07
12/01/2018,3.06
13/01/2018,3.04
14/01/2018,3.02
15/01/2018,3.03
16/01/2018,3.0
17/01/2018,2.97
18/01/2018,2.96
19/01/2018,2.93
20/01/2018,2.93
21/01/2018,2.92
22/01/2018,2.88
23/01/2018,2.87
24/01/2018,2.92
25/01/2018,2.9
26/01/2018,2.9
27/01/2018,2.87
28/01/2018,2.87
29/01/2018,2.83
30/01/2018,2.83
31/01/2018,2.81
01/02/2018,2.79
02/02/2018,2.77
03/02/2018,2.76
04/02/2018,2.75
05/02/2018,2.72
06/02/2018,2.71
07/02/2018,2.69
08/02/2018,2.66
09/02/2018,2.67
10/02/2018,2.67
11/02/2018,2.67
12/02/2018,2.64
13/02/2018,2.6
14/02/2018,2.6
15/02/2018,2.6
16/02/2018,2.6
17/02/2018,2.57
18/02/2018,2.54
19/02/2018,2.53
20/02/2018,2.54
21/02/2018,2.51
22/02/2018,2.52
23/02/2018,2.48
24/02/2018,2.48
25/02/2018,2.47
26/02/2018,2.46
27/02/2018,2.45
28/02/2018,2.45
01/03/2018,2.43
02/03/2018,2.43
03/03/2018,2.42
04/03/2018,2.43
05/03/2018,2.42
06/03/2018,2.44
07/03/2018,2.38
08/03/2018,2.36
09/03/2018,2.37
10/03/2018,2.37
11/03/2018,2.45
12/03/2018,2.29
13/03/2018,2.32
14/03/2018,2.34
15/03/2018,2.32
16/03/2018,2.28
17/03/2018,2.29
18/03/2018,2.27
19/03/2018,2.27
20/03/2018,2.3
21/03/2018,2.31
22/03/2018,2.28
23/03/2018,2.3
24/03/2018,2.29
25/03/2018,2.35
26/03/2018,2.29
27/03/2018,2.34
28/03/2018,2.32
29/03/2018,2.31
30/03/2018,2.31
31/03/2018,2.33
01/04/2018,2.36
02/04/2018,2.33
03/04/2018,2.33
04/04/2018,2.33
05/04/2018,2.32
06/04/2018,2.34
07/04/2018,2.32
08/04/2018,2.33
09/04/2018,2.33
10/04/2018,2.32
11/04/2018,2.31
12/04/2018,2.37
13/04/2018,2.37
14/04/2018,2.37
15/04/2018,2.37
16/04/2018,2.35
17/04/2018,2.32
18/04/2018,2.3
19/04/2018,2.31
20/04/2018,2.32
21/04/2018,2.33
22/04/2018,2.33
23/04/2018,2.34
24/04/2018,2.38
25/04/2018,2.36
26/04/2018,2.36
27/04/2018,2.36
28/04/2018,2.36
29/04/2018,2.37
30/04/2018,2.39
01/05/2018,2.39
02/05/2018,2.41
03/05/2018,2.38
04/05/2018,2.38
05/05/2018,2.41
06/05/2018,2.42
07/05/2018,2.43
08/05/2018,2.42
09/05/2018,2.4
10/05/2018,2.4
11/05/2018,2.33
12/05/2018,2.35
13/05/2018,2.36
14/05/2018,2.38
15/05/2018,2.38
16/05/2018,2.37
17/05/2018,2.37
18/05/2018,2.38
19/05/2018,2.34
20/05/2018,2.33
21/05/2018,2.32
22/05/2018,2.32
23/05/2018,2.31
24/05/2018,2.32
25/05/2018,2.34
26/05/2018,2.34
27/05/2018,2.35
28/05/2018,2.34
29/05/2018,2.34
30/05/2018,2.34
31/05/2018,2.37
01/06/2018,2.4
02/06/2018,2.3
03/06/2018,2.32
04/06/2018,2.39
05/06/2018,2.36
06/06/2018,2.3
07/06/2018,2.26
08/06/2018,2.28
09/06/2018,2.33
10/06/2018,2.35
11/06/2018,2.37
12/06/2018,2.37
13/06/2018,2.24
14/06/2018,2.32
15/06/2018,2.36
16/06/2018,2.38
17/06/2018,2.39
18/06/2018,2.4
19/06/2018,2.41
20/06/2018,2.41
21/06/2018,2.4
22/06/2018,2.4
23/06/2018,2.45
24/06/2018,2.44
25/06/2018,2.44
26/06/2018,2.43
27/06/2018,2.45
28/06/2018,2.47
29/06/2018,2.47
30/06/2018,2.48
01/07/2018,2.48
02/07/2018,2.54
03/07/2018,2.54
04/07/2018,2.57
05/07/2018,2.6
06/07/2018,2.63
07/07/2018,2.73
08/07/2018,2.81
09/07/2018,2.84
10/07/2018,2.88
11/07/2018,2.9
12/07/2018,2.93
13/07/2018,2.94
14/07/2018,2.96
15/07/2018,3.0
16/07/2018,3.03
17/07/2018,3.06
18/07/2018,3.04
19/07/2018,3.1
20/07/2018,3.1
21/07/2018,3.07
22/07/2018,3.2
23/07/2018,3.26
24/07/2018,3.31
25/07/2018,3.35
26/07/2018,3.39
27/07/2018,3.39
28/07/2018,3.46
29/07/2018,3.47
30/07/2018,3.53
31/07/2018,3.59
01/08/2018,3.61
02/08/2018,3.63
03/08/2018,3.64
04/08/2018,3.64
05/08/2018,3.64
06/08/2018,3.66
07/08/2018,3.67
08/08/2018,3.67
09/08/2018,3.69
10/08/2018,3.58
11/08/2018,3.63
12/08/2018,3.65
13/08/2018,3.63
14/08/2018,3.63
15/08/2018,3.62
16/08/2018,3.6
17/08/2018,3.6
18/08/2018,3.58
19/08/2018,3.64
20/08/2018,3.52
21/08/2018,3.53
22/08/2018,3.54
23/08/2018,3.52
24/08/2018,3.55
25/08/2018,3.48
26/08/2018,3.52
27/08/2018,3.57
28/08/2018,3.59
29/08/2018,3.59
30/08/2018,3.68
31/08/2018,3.8
01/09/2018,3.85
02/09/2018,3.9
03/09/2018,3.95
04/09/2018,3.98
05/09/2018,4.04
06/09/2018,4.08
07/09/2018,4.11
08/09/2018,4.13
09/09/2018,4.15
10/09/2018,4.14
11/09/2018,4.13
12/09/2018,4.13
13/09/2018,4.12
14/09/2018,4.1
15/09/2018,4.11
16/09/2018,4.1
17/09/2018,4.08
18/09/2018,4.05
19/09/2018,4.03
20/09/2018,4.01
21/09/2018,4.0
22/09/2018,3.98
23/09/2018,4.02
24/09/2018,4.04
25/09/2018,4.07
26/09/2018,4.06
27/09/2018,4.13
28/09/2018,4.12
29/09/2018,4.12
30/09/2018,4.18
01/10/2018,4.25
02/10/2018,4.25
03/10/2018,4.29
04/10/2018,4.33
05/10/2018,4.36
06/10/2018,4.39
07/10/2018,4.23
08/10/2018,4.41
09/10/2018,4.44
10/10/2018,4.46
11/10/2018,4.45
12/10/2018,4.54
13/10/2018,4.48
14/10/2018,4.48
15/10/2018,4.49
16/10/2018,4.52
17/10/2018,4.54
18/10/2018,4.56
19/10/2018,4.57
20/10/2018,4.55
21/10/2018,4.54
22/10/2018,4.51
23/10/2018,4.51
24/10/2018,4.5
25/10/2018,4.47
26/10/2018,4.46
27/10/2018,4.44
28/10/2018,4.41
29/10/2018,4.39
30/10/2018,4.38
31/10/2018,4.37
01/11/2018,4.34
02/11/2018,4.32
03/11/2018,4.31
04/11/2018,4.28
05/11/2018,4.27
06/11/2018,4.25
07/11/2018,4.25
08/11/2018,4.22
09/11/2018,4.17
10/11/2018,4.16
11/11/2018,4.15
12/11/2018,4.13
13/11/2018,4.09
14/11/2018,4.03
15/11/2018,4.07
16/11/2018,4.09
17/11/2018,4.06
18/11/2018,4.02
19/11/2018,3.98
20/11/2018,3.95
21/11/2018,3.93
22/11/2018,3.91
23/11/2018,3.91
24/11/2018,3.9
25/11/2018,3.81
26/11/2018,3.82
27/11/2018,3.85
28/11/2018,3.81
29/11/2018,3.77
30/11/2018,3.75
01/12/2018,3.76
02/12/2018,3.67
03/12/2018,3.61
04/12/2018,3.6
05/12/2018,3.59
06/12/2018,3.58
07/12/2018,3.53
08/12/2018,3.5
09/12/2018,3.48
10/12/2018,3.48
11/12/2018,3.44
12/12/2018,3.44
13/12/2018,3.47
14/12/2018,3.42
15/12/2018,3.41
16/12/2018,3.41
17/12/2018,3.41
18/12/2018,3.42
19/12/2018,3.42
20/12/2018,3.41
21/12/2018,3.39
22/12/2018,3.39
23/12/2018,3.39
24/12/2018,3.38
25/12/2018,3.4
26/12/2018,3.41
27/12/2018,3.39
28/12/2018,3.37
29/12/2018,3.36
30/12/2018,3.35
31/12/2018,3.33
01/01/2019,3.32
02/01/2019,3.31
03/01/2019,3.37
04/01/2019,3.34
05/01/2019,3.34
06/01/2019,3.33
07/01/2019,3.29
08/01/2019,3.31
09/01/2019,3.33
10/01/2019,3.4
11/01/2019,3.42
12/01/2019,3.43
13/01/2019,3.44
14/01/2019,3.47
15/01/2019,3.52
16/01/2019,3.59
17/01/2019,3.67
18/01/2019,3.86
19/01/2019,3.84
20/01/2019,3.87
21/01/2019,3.9
22/01/2019,3.94
23/01/2019,3.98
24/01/2019,4.02
25/01/2019,4.03
26/01/2019,4.0
27/01/2019,4.0
28/01/2019,3.98
29/01/2019,3.96
30/01/2019,3.94
31/01/2019,3.95
01/02/2019,3.93
02/02/2019,3.95
03/02/2019,3.92
04/02/2019,3.88
05/02/2019,3.86
06/02/2019,3.84
07/02/2019,3.82
08/02/2019,3.8
09/02/2019,3.77
10/02/2019,3.74
11/02/2019,3.78
12/02/2019,3.78
13/02/2019,3.73
14/02/2019,3.74
15/02/2019,3.72
16/02/2019,3.7
17/02/2019,3.67
18/02/2019,3.65
19/02/2019,3.62
20/02/2019,3.6
21/02/2019,3.59
22/02/2019,3.57
23/02/2019,3.55
24/02/2019,3.57
25/02/2019,3.56
26/02/2019,3.51
27/02/2019,3.48
28/02/2019,3.46
01/03/2019,3.45
02/03/2019,3.44
03/03/2019,3.42
04/03/2019,3.4
05/03/2019,3.4
06/03/2019,3.38
07/03/2019,3.37
08/03/2019,3.4
09/03/2019,3.37
10/03/2019,3.49
11/03/2019,3.33
12/03/2019,3.28
13/03/2019,3.24
14/03/2019,3.23
15/03/2019,3.24
16/03/2019,3.26
17/03/2019,3.25
18/03/2019,3.2
19/03/2019,3.22
20/03/2019,3.21
21/03/2019,3.15
22/03/2019,3.15
23/03/2019,3.13
24/03/2019,3.08
25/03/2019,3.04
26/03/2019,3.08
27/03/2019,3.08
28/03/2019,3.06
29/03/2019,3.05
30/03/2019,3.01
31/03/2019,3.01
01/04/2019,3.0
02/04/2019,2.98
03/04/2019,2.98
04/04/2019,2.95
05/04/2019,2.99
06/04/2019,2.95
07/04/2019,2.93
08/04/2019,2.9
09/04/2019,2.9
10/04/2019,2.9
11/04/2019,2.89
12/04/2019,2.86
13/04/2019,2.86
14/04/2019,2.84
15/04/2019,2.86
16/04/2019,2.88
17/04/2019,2.81
18/04/2019,2.79
19/04/2019,2.77
20/04/2019,2.78
21/04/2019,2.77
22/04/2019,2.75
23/04/2019,2.76
24/04/2019,2.75
25/04/2019,2.76
26/04/2019,2.81
27/04/2019,2.73
28/04/2019,2.7
29/04/2019,2.7
30/04/2019,2.74
01/05/2019,2.7
02/05/2019,2.68
03/05/2019,2.69
04/05/2019,2.69
05/05/2019,2.68
06/05/2019,2.72
07/05/2019,2.69
08/05/2019,2.71
09/05/2019,2.7
10/05/2019,2.68
11/05/2019,2.64
12/05/2019,2.65
13/05/2019,2.65
14/05/2019,2.67
15/05/2019,2.66
16/05/2019,2.65
17/05/2019,2.67
18/05/2019,2.66
19/05/2019,2.65
20/05/2019,2.66
21/05/2019,2.69
22/05/2019,2.69
23/05/2019,2.67
24/05/2019,2.64
25/05/2019,2.61
26/05/2019,2.64
27/05/2019,2.64
28/05/2019,2.66
29/05/2019,2.65
30/05/2019,2.68
31/05/2019,2.67
01/06/2019,2.66
02/06/2019,2.65
03/06/2019,2.65
04/06/2019,2.65
05/06/2019,2.66
06/06/2019,2.65
07/06/2019,2.64
08/06/2019,2.64
09/06/2019,2.65
10/06/2019,2.65
11/06/2019,2.65
12/06/2019,2.66
13/06/2019,2.68
14/06/2019,2.69
15/06/2019,2.74
16/06/2019,2.77
17/06/2019,2.77
18/06/2019,2.77
19/06/2019,2.7
20/06/2019,2.82
21/06/2019,2.89
22/06/2019,2.95
23/06/2019,2.98
24/06/2019,3.06
25/06/2019,3.06
26/06/2019,3.07
27/06/2019,3.14
28/06/2019,3.18
29/06/2019,3.26
30/06/2019,3.29
01/07/2019,3.28
02/07/2019,3.29
03/07/2019,3.27
04/07/2019,3.28
05/07/2019,3.25
06/07/2019,3.27
07/07/2019,3.32
08/07/2019,3.33
09/07/2019,3.33
10/07/2019,3.33
11/07/2019,3.33
12/07/2019,3.33
13/07/2019,3.32
14/07/2019,3.32
15/07/2019,3.3
16/07/2019,3.29
17/07/2019,3.29
18/07/2019,3.28
19/07/2019,3.27
20/07/2019,3.27
21/07/2019,3.26
22/07/2019,3.29
23/07/2019,3.34
24/07/2019,3.34
25/07/2019,3.37
26/07/2019,3.34
27/07/2019,3.43
28/07/2019,3.5
29/07/2019,3.53
30/07/2019,3.56
31/07/2019,3.58
01/08/2019,3.62
02/08/2019,3.61
03/08/2019,3.64
04/08/2019,3.66
05/08/2019,3.68
06/08/2019,3.68
07/08/2019,3.69
08/08/2019,3.74
09/08/2019,3.78
10/08/2019,3.79
11/08/2019,3.86
12/08/2019,3.91
13/08/2019,3.91
14/08/2019,3.95
15/08/2019,3.99
16/08/2019,4.01
17/08/2019,4.02
18/08/2019,4.05
19/08/2019,4.02
20/08/2019,4.02
21/08/2019,4.0
22/08/2019,3.99
23/08/2019,3.98
24/08/2019,3.97
25/08/2019,3.98
26/08/2019,3.97
27/08/2019,3.95
28/08/2019,3.94
29/08/2019,3.93
30/08/2019,3.97
31/08/2019,3.99
01/09/2019,4.0
02/09/2019,3.99
03/09/2019,4.0
04/09/2019,4.0
05/09/2019,4.02
06/09/2019,4.04
07/09/2019,4.04
08/09/2019,4.03
09/09/2019,4.04
10/09/2019,4.08
11/09/2019,4.14
12/09/2019,4.16
13/09/2019,4.19
14/09/2019,4.25
15/09/2019,4.26
16/09/2019,4.35
17/09/2019,4.34
18/09/2019,4.36
19/09/2019,4.41
20/09/2019,4.38
21/09/2019,4.38
22/09/2019,4.41
23/09/2019,4.39
24/09/2019,4.38
25/09/2019,4.37
26/09/2019,4.37
27/09/2019,4.37
28/09/2019,4.36
29/09/2019,4.32
30/09/2019,4.3
01/10/2019,4.33
02/10/2019,4.43
03/10/2019,4.46
04/10/2019,4.5
05/10/2019,4.47
06/10/2019,4.31
07/10/2019,4.5
08/10/2019,4.53
09/10/2019,4.54
10/10/2019,4.55
11/10/2019,4.56
12/10/2019,4.62
13/10/2019,4.69
14/10/2019,4.75
15/10/2019,4.79
16/10/2019,4.83
17/10/2019,4.84
18/10/2019,4.87
19/10/2019,4.92
20/10/2019,4.97
21/10/2019,5.02
22/10/2019,5.03
23/10/2019,5.05
24/10/2019,5.08
25/10/2019,5.07
26/10/2019,5.07
27/10/2019,5.07
28/10/2019,5.07
29/10/2019,5.1
30/10/2019,5.18
31/10/2019,5.21
01/11/2019,5.23
02/11/2019,5.27
03/11/2019,5.32
04/11/2019,5.36
05/11/2019,5.38
06/11/2019,5.38
07/11/2019,5.36
08/11/2019,5.37
09/11/2019,5.38
10/11/2019,5.37
11/11/2019,5.36
12/11/2019,5.33
13/11/2019,5.29
14/11/2019,5.3
15/11/2019,5.27
16/11/2019,5.24
17/11/2019,5.22
18/11/2019,5.2
19/11/2019,5.19
20/11/2019,5.17
21/11/2019,5.16
22/11/2019,5.15
23/11/2019,5.11
24/11/2019,5.08
25/11/2019,5.05
26/11/2019,5.02
27/11/2019,4.99
28/11/2019,4.95
29/11/2019,4.92
30/11/2019,4.92
01/12/2019,4.91
02/12/2019,4.85
03/12/2019,4.82
04/12/2019,4.79
05/12/2019,4.76
06/12/2019,4.73
07/12/2019,4.71
08/12/2019,4.67
09/12/2019,4.65
10/12/2019,4.62
11/12/2019,4.6
12/12/2019,4.6
13/12/2019,4.54
14/12/2019,4.51
15/12/2019,4.53
16/12/2019,4.53
17/12/2019,4.52
18/12/2019,4.5
19/12/2019,4.49
20/12/2019,4.46
21/12/2019,4.43
22/12/2019,4.38
23/12/2019,4.36
24/12/2019,4.35
25/12/2019,4.35
26/12/2019,4.32
27/12/2019,4.3
28/12/2019,4.27
29/12/2019,4.26
30/12/2019,4.24
31/12/2019,4.21
01/01/2020,4.25
02/01/2020,4.22
03/01/2020,4.19
04/01/2020,4.15
05/01/2020,4.1
06/01/2020,4.07
07/01/2020,4.04
08/01/2020,4.01
09/01/2020,3.99
10/01/2020,3.98
11/01/2020,3.95
12/01/2020,3.94
13/01/2020,3.91
14/01/2020,3.88
15/01/2020,3.86
16/01/2020,3.86
17/01/2020,3.81
18/01/2020,3.79
19/01/2020,3.77
20/01/2020,3.74
21/01/2020,3.76
22/01/2020,3.76
23/01/2020,3.71
24/01/2020,3.65
25/01/2020,3.61
26/01/2020,3.61
27/01/2020,3.64
28/01/2020,3.59
29/01/2020,3.55
30/01/2020,3.59
31/01/2020,3.55
01/02/2020,3.52
02/02/2020,3.5
03/02/2020,3.51
04/02/2020,3.5
05/02/2020,3.48
06/02/2020,3.45
07/02/2020,3.42
08/02/2020,3.42
09/02/2020,3.38
10/02/2020,3.33
11/02/2020,3.33
12/02/2020,3.31
13/02/2020,3.28
14/02/2020,3.24
15/02/2020,3.23
16/02/2020,3.21
17/02/2020,3.18
18/02/2020,3.18
19/02/2020,3.18
20/02/2020,3.18
21/02/2020,3.12
22/02/2020,3.08
23/02/2020,3.08
24/02/2020,3.06
25/02/2020,3.07
26/02/2020,3.03
27/02/2020,2.99
28/02/2020,2.97
29/02/2020,2.97
01/03/2020,2.96
02/03/2020,2.96
03/03/2020,2.95
04/03/2020,2.92
05/03/2020,2.9
06/03/2020,2.89
07/03/2020,2.88
08/03/2020,2.96
09/03/2020,2.83
10/03/2020,2.84
11/03/2020,2.85
12/03/2020,2.81
13/03/2020,2.79
14/03/2020,2.78
15/03/2020,2.78
16/03/2020,2.76
17/03/2020,2.76
18/03/2020,2.77
19/03/2020,2.7
20/03/2020,2.68
21/03/2020,2.67
22/03/2020,2.67
23/03/2020,2.69
24/03/2020,2.69
25/03/2020,2.67
26/03/2020,2.67
27/03/2020,2.69
28/03/2020,2.69
29/03/2020,2.64
30/03/2020,2.64
31/03/2020,2.67
01/04/2020,2.66
02/04/2020,2.64
03/04/2020,2.64
04/04/2020,2.62
05/04/2020,2.63
06/04/2020,2.64
07/04/2020,2.62
08/04/2020,2.62
09/04/2020,2.62
10/04/2020,2.62
11/04/2020,2.62
12/04/2020,2.62
13/04/2020,2.62
14/04/2020,2.6
15/04/2020,2.57
16/04/2020,2.54
17/04/2020,2.53
18/04/2020,2.54
19/04/2020,2.59
20/04/2020,2.6
21/04/2020,2.59
22/04/2020,2.6
23/04/2020,2.61
24/04/2020,2.61
25/04/2020,2.61
26/04/2020,2.63
27/04/2020,2.64
28/04/2020,2.62
29/04/2020,2.61
30/04/2020,2.59
01/05/2020,2.58
02/05/2020,2.59
03/05/2020,2.61
04/05/2020,2.61
05/05/2020,2.59
06/05/2020,2.58
07/05/2020,2.57
08/05/2020,2.56
09/05/2020,2.54
10/05/2020,2.53
11/05/2020,2.53
12/05/2020,2.52
13/05/2020,2.52
14/05/2020,2.51
15/05/2020,2.5
16/05/2020,2.49
17/05/2020,2.48
18/05/2020,2.47
19/05/2020,2.47
20/05/2020,2.47
21/05/2020,2.46
22/05/2020,2.55
23/05/2020,2.65
24/05/2020,2.61
25/05/2020,2.59
26/05/2020,2.58
27/05/2020,2.58
28/05/2020,2.57
29/05/2020,2.57
30/05/2020,2.56
31/05/2020,2.55
01/06/2020,2.54
02/06/2020,2.54
03/06/2020,2.54
04/06/2020,2.56
05/06/2020,2.63
06/06/2020,2.62
07/06/2020,2.61
08/06/2020,2.6
09/06/2020,2.6
10/06/2020,2.6
11/06/2020,2.62
12/06/2020,2.62
13/06/2020,2.62
14/06/2020,2.61
15/06/2020,2.62
16/06/2020,2.63
17/06/2020,2.63
18/06/2020,2.63
19/06/2020,2.63
20/06/2020,2.64
21/06/2020,2.65
22/06/2020,2.66
23/06/2020,2.69
24/06/2020,2.72
25/06/2020,2.73
26/06/2020,2.71
27/06/2020,2.78
28/06/2020,2.82
29/06/2020,2.89
30/06/2020,2.89
01/07/2020,2.99
02/07/2020,2.98
03/07/2020,3.04
04/07/2020,3.11
05/07/2020,3.14
06/07/2020,3.15
07/07/2020,3.2
08/07/2020,3.18
09/07/2020,3.13
10/07/2020,3.19
11/07/2020,3.19
12/07/2020,3.21
13/07/2020,3.17
14/07/2020,3.16
15/07/2020,3.19
16/07/2020,3.21
17/07/2020,3.21
18/07/2020,3.22
19/07/2020,3.21
20/07/2020,3.2
21/07/2020,3.21
22/07/2020,3.2
23/07/2020,3.2
24/07/2020,3.18
25/07/2020,3.13
26/07/2020,3.16
27/07/2020,3.16
28/07/2020,3.15
29/07/2020,3.12
30/07/2020,3.14
31/07/2020,3.14
01/08/2020,3.13
02/08/2020,3.12
03/08/2020,3.11
04/08/2020,3.11
05/08/2020,3.1
06/08/2020,3.1
07/08/2020,3.09
08/08/2020,3.07
09/08/2020,3.05
10/08/2020,3.05
11/08/2020,3.01
12/08/2020,3.01
13/08/2020,3.0
14/08/2020,3.0
15/08/2020,2.97
16/08/2020,2.93
17/08/2020,2.94
18/08/2020,2.94
19/08/2020,2.94
20/08/2020,2.87
21/08/2020,2.85
22/08/2020,2.86
23/08/2020,2.87
24/08/2020,2.87
25/08/2020,2.89
26/08/2020,2.88
27/08/2020,2.89
28/08/2020,2.9
29/08/2020,2.91
30/08/2020,2.9
31/08/2020,2.89
01/09/2020,2.95
02/09/2020,3.04
03/09/2020,2.93
04/09/2020,3.02
05/09/2020,3.1
06/09/2020,3.16
07/09/2020,3.18
08/09/2020,3.2
09/09/2020,3.22
10/09/2020,3.21
11/09/2020,3.23
12/09/2020,3.26
13/09/2020,3.25
14/09/2020,3.25
15/09/2020,3.26
16/09/2020,3.25
17/09/2020,3.23
18/09/2020,3.25
19/09/2020,3.25
20/09/2020,3.18
21/09/2020,3.21
22/09/2020,3.19
23/09/2020,3.19
24/09/2020,3.18
25/09/2020,3.17
26/09/2020,3.18
27/09/2020,3.23
28/09/2020,3.21
29/09/2020,3.27
30/09/2020,3.28
01/10/2020,3.35
02/10/2020,3.45
03/10/2020,3.43
04/10/2020,3.3
05/10/2020,3.39
06/10/2020,3.36
07/10/2020,3.39
08/10/2020,3.4
09/10/2020,3.39
10/10/2020,3.37
11/10/2020,3.36
12/10/2020,3.35
13/10/2020,3.33
14/10/2020,3.33
15/10/2020,3.33
16/10/2020,3.34
17/10/2020,3.32
18/10/2020,3.29
19/10/2020,3.28
20/10/2020,3.36
21/10/2020,3.31
22/10/2020,3.32
23/10/2020,3.27
24/10/2020,3.24
25/10/2020,3.24
26/10/2020,3.27
27/10/2020,3.19
28/10/2020,3.2
29/10/2020,3.2
30/10/2020,3.18
31/10/2020,3.18
01/11/2020,3.16
02/11/2020,3.14
03/11/2020,3.15
04/11/2020,3.13
05/11/2020,3.13
06/11/2020,3.1
07/11/2020,3.09
08/11/2020,3.07
09/11/2020,3.08
10/11/2020,3.11
11/11/2020,3.06
12/11/2020,3.03
13/11/2020,3.0
14/11/2020,2.98
15/11/2020,2.99
16/11/2020,2.96
17/11/2020,2.91
18/11/2020,2.9
19/11/2020,2.91
20/11/2020,2.89
21/11/2020,2.87
22/11/2020,2.84
23/11/2020,2.85
24/11/2020,2.82
25/11/2020,2.81
26/11/2020,2.8
27/11/2020,2.79
28/11/2020,2.8
29/11/2020,2.74
30/11/2020,2.77
01/12/2020,2.72
02/12/2020,2.72
03/12/2020,2.77
04/12/2020,2.72
05/12/2020,2.69
06/12/2020,2.68
07/12/2020,2.71
08/12/2020,2.67
09/12/2020,2.66
10/12/2020,2.65
11/12/2020,2.65
12/12/2020,2.64
13/12/2020,2.64
14/12/2020,2.63
15/12/2020,2.59
16/12/2020,2.49
17/12/2020,2.45
18/12/2020,2.46
19/12/2020,2.41
20/12/2020,2.34
21/12/2020,2.35
22/12/2020,2.35
23/12/2020,2.37
24/12/2020,2.41
25/12/2020,2.43
26/12/2020,2.4
27/12/2020,2.36
28/12/2020,2.36
29/12/2020,2.3
30/12/2020,2.28
31/12/2020,2.26
01/01/2021,2.24
02/01/2021,2.25
03/01/2021,2.28
04/01/2021,2.28
05/01/2021,2.27
06/01/2021,2.22
07/01/2021,2.2
08/01/2021,2.2
09/01/2021,2.21
10/01/2021,2.2
11/01/2021,2.17
12/01/2021,2.23
13/01/2021,2.21
14/01/2021,2.23
15/01/2021,2.2
16/01/2021,2.18
17/01/2021,2.18
18/01/2021,2.15
19/01/2021,2.16
20/01/2021,2.18
21/01/2021,2.2
22/01/2021,2.2
23/01/2021,2.17
24/01/2021,2.14
25/01/2021,2.12
26/01/2021,2.12
27/01/2021,2.19
28/01/2021,2.18
29/01/2021,2.2
30/01/2021,2.24
31/01/2021,2.26
01/02/2021,2.25
02/02/2021,2.23
03/02/2021,2.36
04/02/2021,2.39
05/02/2021,2.41
06/02/2021,2.44
07/02/2021,2.48
08/02/2021,2.51
09/02/2021,2.56
10/02/2021,2.59
11/02/2021,2.64
12/02/2021,2.64
13/02/2021,2.67
14/02/2021,2.7
15/02/2021,2.74
16/02/2021,2.76
17/02/2021,2.79
18/02/2021,2.82
19/02/2021,2.85
20/02/2021,2.9
21/02/2021,2.92
22/02/2021,2.91
23/02/2021,2.94
24/02/2021,2.91
25/02/2021,2.92
26/02/2021,2.93
27/02/2021,2.96
28/02/2021,2.96
01/03/2021,2.96
02/03/2021,2.93
03/03/2021,2.92
04/03/2021,2.9
05/03/2021,2.9
06/03/2021,2.83
07/03/2021,2.83
08/03/2021,2.82
09/03/2021,2.82
10/03/2021,2.81
11/03/2021,2.77
12/03/2021,2.75
13/03/2021,2.76
14/03/2021,2.86
15/03/2021,2.73
16/03/2021,2.73
17/03/2021,2.68
18/03/2021,2.66
19/03/2021,2.67
20/03/2021,2.68
21/03/2021,2.69
22/03/2021,2.68
23/03/2021,2.66
24/03/2021,2.65
25/03/2021,2.66
26/03/2021,2.65
27/03/2021,2.65
28/03/2021,2.65
29/03/2021,2.64
30/03/2021,2.68
31/03/2021,2.66
01/04/2021,2.65
02/04/2021,2.64
03/04/2021,2.65
04/04/2021,2.64
05/04/2021,2.65
06/04/2021,2.64
07/04/2021,2.63
08/04/2021,2.62
09/04/2021,2.62
10/04/2021,2.67
11/04/2021,2.65
12/04/2021,2.68
13/04/2021,2.71
14/04/2021,2.77
15/04/2021,2.78
16/04/2021,2.82
17/04/2021,2.86
18/04/2021,2.9
19/04/2021,2.92
20/04/2021,2.95
21/04/2021,2.95
22/04/2021,2.96
23/04/2021,2.93
24/04/2021,2.9
25/04/2021,2.86
26/04/2021,2.87
27/04/2021,2.84
28/04/2021,2.82
29/04/2021,2.82
30/04/2021,2.82
01/05/2021,2.81
02/05/2021,2.8
03/05/2021,2.79
04/05/2021,2.83
05/05/2021,2.8
06/05/2021,2.73
07/05/2021,2.73
08/05/2021,2.73
09/05/2021,2.74
10/05/2021,2.73
11/05/2021,2.7
12/05/2021,2.67
13/05/2021,2.67
14/05/2021,2.67
15/05/2021,2.66
16/05/2021,2.66
17/05/2021,2.64
18/05/2021,2.62
19/05/2021,2.61
20/05/2021,2.61
21/05/2021,2.64
22/05/2021,2.55
23/05/2021,2.39
24/05/2021,2.46
25/05/2021,2.5
26/05/2021,2.53
27/05/2021,2.52
28/05/2021,2.53
29/05/2021,2.5
30/05/2021,2.47
31/05/2021,2.46
01/06/2021,2.48
02/06/2021,2.5
03/06/2021,2.5
04/06/2021,2.51
05/06/2021,2.53
06/06/2021,2.54
07/06/2021,2.56
08/06/2021,2.58
09/06/2021,2.58
10/06/2021,2.57
11/06/2021,2.52
12/06/2021,2.53
13/06/2021,2.57
14/06/2021,2.59
15/06/2021,2.62
16/06/2021,2.59
17/06/2021,2.6
18/06/2021,2.6
19/06/2021,2.61
20/06/2021,2.62
21/06/2021,2.58
22/06/2021,2.6
23/06/2021,2.6
24/06/2021,2.67
25/06/2021,2.65
26/06/2021,2.73
27/06/2021,2.69
28/06/2021,2.59
29/06/2021,2.64
30/06/2021,2.77
01/07/2021,2.83
02/07/2021,2.85
03/07/2021,2.85
04/07/2021,2.87
05/07/2021,2.88
06/07/2021,2.88
07/07/2021,2.88
08/07/2021,2.88
09/07/2021,2.88
10/07/2021,2.87
11/07/2021,2.87
12/07/2021,2.87
13/07/2021,2.86
14/07/2021,2.9
15/07/2021,2.94
16/07/2021,2.93
17/07/2021,2.93
18/07/2021,2.84
19/07/2021,2.84
20/07/2021,2.96
21/07/2021,2.98
22/07/2021,3.02
23/07/2021,3.03
24/07/2021,3.03
25/07/2021,3.04
26/07/2021,3.07
27/07/2021,2.98
28/07/2021,2.98
29/07/2021,2.95
30/07/2021,3.01
31/07/2021,3.03
01/08/2021,3.02
02/08/2021,3.02
03/08/2021,3.01
04/08/2021,3.01
05/08/2021,3.01
06/08/2021,3.0
07/08/2021,2.99
08/08/2021,2.99
09/08/2021,3.03
10/08/2021,3.01
11/08/2021,2.97
12/08/2021,2.97
13/08/2021,3.0
14/08/2021,2.99
15/08/2021,2.98
16/08/2021,2.98
17/08/2021,2.97
18/08/2021,2.98
19/08/2021,2.98
20/08/2021,2.99
21/08/2021,2.99
22/08/2021,2.99
23/08/2021,2.98
24/08/2021,3.03
25/08/2021,3.04
26/08/2021,2.98
27/08/2021,2.99
28/08/2021,3.03
29/08/2021,3.04
30/08/2021,3.04
31/08/2021,3.04
01/09/2021,3.04
02/09/2021,3.07
03/09/2021,3.06
04/09/2021,3.07
05/09/2021,3.06
06/09/2021,3.09
07/09/2021,3.17
08/09/2021,3.23
09/09/2021,3.04
10/09/2021,3.11
11/09/2021,3.16
12/09/2021,3.2
13/09/2021,3.34
14/09/2021,3.46
15/09/2021,3.53
16/09/2021,3.63
17/09/2021,3.73
18/09/2021,3.77
19/09/2021,3.83
20/09/2021,3.9
21/09/2021,3.94
22/09/2021,3.98
23/09/2021,4.0
24/09/2021,3.99
25/09/2021,3.99
26/09/2021,3.99
27/09/2021,4.0
28/09/2021,4.01
29/09/2021,4.01
30/09/2021,4.01
01/10/2021,4.0
02/10/2021,3.96
03/10/2021,3.78
04/10/2021,3.91
05/10/2021,3.9
06/10/2021,3.92
07/10/2021,3.88
08/10/2021,3.88
09/10/2021,3.89
10/10/2021,3.88
11/10/2021,3.86
12/10/2021,3.82
13/10/2021,3.81
14/10/2021,3.82
15/10/2021,3.84
16/10/2021,3.8
17/10/2021,3.76
18/10/2021,3.74
19/10/2021,3.74
20/10/2021,3.72
21/10/2021,3.7
22/10/2021,3.68
23/10/2021,3.67
24/10/2021,3.61
25/10/2021,3.57
26/10/2021,3.6
27/10/2021,3.59
28/10/2021,3.6
29/10/2021,3.61
30/10/2021,3.61
31/10/2021,3.57
01/11/2021,3.55
02/11/2021,3.54
03/11/2021,3.53
04/11/2021,3.48
05/11/2021,3.52
06/11/2021,3.46
07/11/2021,3.41
08/11/2021,3.39
09/11/2021,3.38
10/11/2021,3.39
11/11/2021,3.38
12/11/2021,3.36
13/11/2021,3.34
14/11/2021,3.28
15/11/2021,3.26
16/11/2021,3.26
17/11/2021,3.23
18/11/2021,3.19
19/11/2021,3.16
20/11/2021,3.16
21/11/2021,3.12
22/11/2021,3.11
23/11/2021,3.11
24/11/2021,3.05
25/11/2021,3.04
26/11/2021,3.09
27/11/2021,3.03
28/11/2021,2.98
29/11/2021,2.91
30/11/2021,2.91
01/12/2021,2.98
02/12/2021,3.03
03/12/2021,3.02
04/12/2021,3.01
05/12/2021,2.99
06/12/2021,2.97
07/12/2021,2.95
08/12/2021,2.93
09/12/2021,2.95
13/12/2021,2.82
14/12/2021,2.84
15/12/2021,2.82
16/12/2021,2.76
17/12/2021,2.81
18/12/2021,2.79
19/12/2021,2.78
20/12/2021,2.73
21/12/2021,2.72
22/12/2021,2.7
23/12/2021,2.68
24/12/2021,2.67
25/12/2021,2.65
26/12/2021,2.66
27/12/2021,2.63
28/12/2021,2.64
29/12/2021,2.65
30/12/2021,2.66
31/12/2021,2.65
01/01/2022,2.65
02/01/2022,2.59
03/01/2022,2.55
04/01/2022,2.63
05/01/2022,2.66
06/01/2022,2.65
07/01/2022,2.65
08/01/2022,2.66
09/01/2022,2.66
10/01/2022,2.61
11/01/2022,2.56
12/01/2022,2.48
13/01/2022,2.55
14/01/2022,2.64
15/01/2022,2.64
16/01/2022,2.64
17/01/2022,2.64
18/01/2022,2.65
19/01/2022,2.65
20/01/2022,2.65
21/01/2022,2.66
22/01/2022,2.5
23/01/2022,2.42
24/01/2022,2.39
25/01/2022,2.38
26/01/2022,2.46
27/01/2022,2.48
28/01/2022,2.43
29/01/2022,2.42
30/01/2022,2.44
31/01/2022,2.49
01/02/2022,2.47
02/02/2022,2.52
03/02/2022,2.52
04/02/2022,2.52
05/02/2022,2.53
06/02/2022,2.48
07/02/2022,2.49
08/02/2022,2.5
09/02/2022,2.51
10/02/2022,2.56
11/02/2022,2.59
12/02/2022,2.53
13/02/2022,2.45
14/02/2022,2.43
15/02/2022,2.48
16/02/2022,2.55
17/02/2022,2.63
18/02/2022,2.64
19/02/2022,2.64
20/02/2022,2.58
21/02/2022,2.42
22/02/2022,2.42
23/02/2022,2.41
24/02/2022,2.62
25/02/2022,2.63
26/02/2022,2.63
27/02/2022,2.62
28/02/2022,2.6
01/03/2022,2.63
02/03/2022,2.62
03/03/2022,2.63
04/03/2022,2.63
05/03/2022,2.58
06/03/2022,2.63
07/03/2022,2.63
08/03/2022,2.62
09/03/2022,2.64
10/03/2022,2.63
11/03/2022,2.63
12/03/2022,2.63
13/03/2022,2.63
14/03/2022,2.63
15/03/2022,2.62
16/03/2022,2.63
17/03/2022,2.63
18/03/2022,2.64
19/03/2022,2.64
20/03/2022,2.63
21/03/2022,2.64
22/03/2022,2.63
23/03/2022,2.63
24/03/2022,2.62
25/03/2022,2.61
26/03/2022,2.59
27/03/2022,2.58
28/03/2022,2.58
29/03/2022,2.62
30/03/2022,2.62
31/03/2022,2.58
01/04/2022,2.56
02/04/2022,2.55
03/04/2022,2.58
04/04/2022,2.56
05/04/2022,2.54
06/04/2022,2.52
07/04/2022,2.51
08/04/2022,2.51
09/04/2022,2.51
10/04/2022,2.56
11/04/2022,2.62
12/04/2022,2.61
13/04/2022,2.6
14/04/2022,2.61
15/04/2022,2.61
16/04/2022,2.59
17/04/2022,2.57
18/04/2022,2.57
19/04/2022,2.57
20/04/2022,2.58
21/04/2022,2.6
22/04/2022,2.58
23/04/2022,2.56
24/04/2022,2.54
25/04/2022,2.54
26/04/2022,2.54
27/04/2022,2.58
28/04/2022,2.54
29/04/2022,2.52
30/04/2022,2.47
01/05/2022,2.46
02/05/2022,2.54
03/05/2022,2.63
04/05/2022,2.62
05/05/2022,2.59
06/05/2022,2.57
07/05/2022,2.56
08/05/2022,2.56
09/05/2022,2.59
10/05/2022,2.59
11/05/2022,2.59
12/05/2022,2.62
13/05/2022,2.62
14/05/2022,2.63
15/05/2022,2.63
16/05/2022,2.61
17/05/2022,2.61
18/05/2022,2.63
19/05/2022,2.62
20/05/2022,2.61
21/05/2022,2.6
22/05/2022,2.6
23/05/2022,2.59
24/05/2022,2.59
25/05/2022,2.59
26/05/2022,2.63
27/05/2022,2.63
28/05/2022,2.63
29/05/2022,2.63
30/05/2022,2.57
31/05/2022,2.62
01/06/2022,2.61
02/06/2022,2.62
03/06/2022,2.62
04/06/2022,2.62
05/06/2022,2.62
06/06/2022,2.62
07/06/2022,2.62
08/06/2022,2.62
09/06/2022,2.62
10/06/2022,2.62
11/06/2022,2.62
12/06/2022,2.61
13/06/2022,2.6
14/06/2022,2.62
15/06/2022,2.62
16/06/2022,2.62
17/06/2022,2.62
18/06/2022,2.62
19/06/2022,2.61
20/06/2022,2.61
21/06/2022,2.62
22/06/2022,2.63
23/06/2022,2.63
24/06/2022,2.62
25/06/2022,2.63
26/06/2022,2.62
27/06/2022,2.62
28/06/2022,2.63
29/06/2022,2.62
30/06/2022,2.62
01/07/2022,2.64
02/07/2022,2.63
03/07/2022,2.65
04/07/2022,2.65
05/07/2022,2.65
06/07/2022,2.67
31/07/2022,3.96
09/08/2022,4.14
10/08/2022,4.13
11/08/2022,4.12
12/08/2022,4.1
13/08/2022,4.11
02/12/2022,2.68
03/12/2022,2.59
04/12/2022,2.54
05/12/2022,2.57
06/12/2022,2.55
07/12/2022,2.48
08/12/2022,2.51
09/12/2022,2.5
10/12/2022,2.53
11/12/2022,2.47
12/12/2022,2.54
13/12/2022,2.41
14/12/2022,2.4
15/12/2022,2.4
16/12/2022,2.35
18/12/2022,2.41
19/12/2022,2.38
20/12/2022,2.37
21/12/2022,2.36
22/12/2022,2.36
23/12/2022,2.34
24/12/2022,2.28
25/12/2022,2.27
26/12/2022,2.26
27/12/2022,2.24
28/12/2022,2.23
29/12/2022,2.24
30/12/2022,2.21
31/12/2022,2.23
01/01/2023,2.23
02/01/2023,2.18
03/01/2023,2.15
04/01/2023,2.2
05/01/2023,2.19
06/01/2023,2.19
07/01/2023,2.19
08/01/2023,2.17
09/01/2023,2.15
10/01/2023,2.13
11/01/2023,2.11
12/01/2023,2.11
13/01/2023,2.09
14/01/2023,2.08
15/01/2023,2.08
16/01/2023,2.08
17/01/2023,2.11
18/01/2023,2.12
19/01/2023,2.1
20/01/2023,2.08
21/01/2023,2.02
22/01/2023,2.01
23/01/2023,2.02
24/01/2023,2.0
25/01/2023,2.0
26/01/2023,2.01
27/01/2023,1.97
28/01/2023,1.98
29/01/2023,2.01
30/01/2023,1.98
31/01/2023,1.96
01/02/2023,1.98
02/02/2023,1.98
03/02/2023,2.01
04/02/2023,1.96
05/02/2023,1.89
06/02/2023,1.93
07/02/2023,1.95
08/02/2023,1.95
09/02/2023,1.94
10/02/2023,1.94
11/02/2023,1.93
12/02/2023,1.92
13/02/2023,1.9
14/02/2023,1.85
15/02/2023,1.93
16/02/2023,1.88
17/02/2023,1.8
18/02/2023,1.77
19/02/2023,1.87
20/02/2023,1.9
21/02/2023,1.86
22/02/2023,1.87
23/02/2023,1.88
24/02/2023,1.88
25/02/2023,1.86
26/02/2023,1.87
27/02/2023,1.89
28/02/2023,1.87
01/03/2023,1.87
02/03/2023,1.88
03/03/2023,1.86
04/03/2023,1.88
05/03/2023,1.88
06/03/2023,1.9
07/03/2023,1.88
08/03/2023,1.83
09/03/2023,1.86
10/03/2023,1.85
11/03/2023,1.86
12/03/2023,1.87
13/03/2023,1.91
14/03/2023,1.91
15/03/2023,1.92
16/03/2023,1.95
17/03/2023,1.92
18/03/2023,1.91
19/03/2023,1.9
20/03/2023,1.92
21/03/2023,1.95
22/03/2023,1.97
23/03/2023,1.96
24/03/2023,1.95
25/03/2023,1.94
26/03/2023,2.0
27/03/2023,1.96
28/03/2023,1.95
29/03/2023,1.94
30/03/2023,2.0
31/03/2023,1.98
01/04/2023,1.96
02/04/2023,1.94
03/04/2023,1.93
04/04/2023,1.93
05/04/2023,1.93
06/04/2023,1.94
07/04/2023,1.91
08/04/2023,1.9
09/04/2023,1.9
10/04/2023,1.89
11/04/2023,1.89
12/04/2023,1.91
13/04/2023,1.98
14/04/2023,1.93
15/04/2023,1.91
16/04/2023,1.91
17/04/2023,1.89
18/04/2023,1.86
19/04/2023,1.82
20/04/2023,1.81
21/04/2023,1.83
22/04/2023,1.86
23/04/2023,1.86
24/04/2023,1.88
25/04/2023,1.9
26/04/2023,1.88
27/04/2023,1.87
28/04/2023,1.86
29/04/2023,1.86
30/04/2023,1.87
01/05/2023,1.93
02/05/2023,1.92
03/05/2023,1.91
04/05/2023,1.9
05/05/2023,1.94
06/05/2023,2.08
07/05/2023,2.15
08/05/2023,2.11
09/05/2023,2.08
10/05/2023,2.06
11/05/2023,2.05
12/05/2023,2.04
13/05/2023,2.03
14/05/2023,2.03
15/05/2023,2.03
16/05/2023,2.02
17/05/2023,2.02
18/05/2023,2.02
19/05/2023,2.02
20/05/2023,2.02
21/05/2023,2.02
22/05/2023,2.01
23/05/2023,2.01
24/05/2023,2.01
25/05/2023,2.01
26/05/2023,2.03
27/05/2023,2.11
28/05/2023,2.13
29/05/2023,2.11
30/05/2023,2.1
31/05/2023,2.09
01/06/2023,2.08
02/06/2023,2.08
03/06/2023,2.07
04/06/2023,2.07
14/08/2023,3.05
15/08/2023,3.05
16/08/2023,3.04
17/08/2023,3.07
18/08/2023,3.07
19/08/2023,3.02
20/08/2023,3.07
21/08/2023,3.1
22/08/2023,3.14
23/08/2023,3.14
24/08/2023,3.15
25/08/2023,3.14
26/08/2023,3.14
27/08/2023,3.14
28/08/2023,3.13
29/08/2023,3.13
30/08/2023,3.12
31/08/2023,3.1
01/09/2023,3.11
02/09/2023,3.11
03/09/2023,3.1
04/09/2023,3.16
05/09/2023,3.1
06/09/2023,3.09
06/05/2026,2.28
12/05/2026,2.68
13/05/2026,2.74
14/05/2026,2.77
15/05/2026,2.8
16/05/2026,2.82
17/05/2026,2.84
18/05/2026,2.8
19/05/2026,2.81
20/05/2026,2.81
21/05/2026,2.81
22/05/2026,2.84
23/05/2026,2.83
24/05/2026,2.83
25/05/2026,2.83
26/05/2026,2.84
27/05/2026,2.82
28/05/2026,2.83
29/05/2026,2.83
30/05/2026,2.82
31/05/2026,2.81
01/06/2026,2.8
02/06/2026,2.81
03/06/2026,2.81
04/06/2026,2.8
05/06/2026,2.79
06/06/2026,2.78
07/06/2026,2.78
08/06/2026,2.79
09/06/2026,2.77
10/06/2026,2.76
11/06/2026,2.76
12/06/2026,2.76
13/06/2026,2.73
14/06/2026,2.75
15/06/2026,2.71
16/06/2026,2.67
17/06/2026,2.71
18/06/2026,2.66
19/06/2026,2.72
20/06/2026,2.7
21/06/2026,2.72
22/06/2026,2.69
23/06/2026,2.62
24/06/2026,2.65
25/06/2026,2.66
26/06/2026,2.69
27/06/2026,2.69
28/06/2026,2.68
29/06/2026,2.66
30/06/2026,2.62
01/07/2026,2.69
02/07/2026,2.68
03/07/2026,2.55
04/07/2026,2.61
05/07/2026,2.63
06/07/2026,2.58
07/07/2026,2.57
08/07/2026,2.61
09/07/2026,2.62
10/07/2026,2.63
11/07/2026,2.63
12/07/2026,2.61
13/07/2026,2.61
14/07/2026,2.62
15/07/2026,2.62
16/07/2026,2.63
17/07/2026,2.63
18/07/2026,2.62
19/07/2026,2.74
20/07/2026,2.83
21/07/2026,2.87
22/07/2026,2.96
23/07/2026,3.01
24/07/2026,3.07
25/07/2026,3.11
26/07/2026,3.16
27/07/2026,3.19
28/07/2026,3.23
29/07/2026,3.27
30/07/2026,3.28
31/07/2026,3.28
01/08/2026,3.31
02/08/2026,3.33
03/08/2026,3.33
04/08/2026,3.37
05/08/2026,3.39
06/08/2026,3.4
07/08/2026,3.37
08/08/2026,3.47
09/08/2026,3.49
10/08/2026,3.54
11/08/2026,3.58
12/08/2026,3.62
13/08/2026,3.61
14/08/2026,3.62
15/08/2026,3.63
16/08/2026,3.65
17/08/2026,3.78
18/08/2026,3.98
19/08/2026,4.15
20/08/2026,4.35
21/08/2026,4.49
22/08/2026,4.6
23/08/2026,4.72
24/08/2026,4.83
25/08/2026,4.9
26/08/2026,4.94
27/08/2026,4.99
28/08/2026,5.08
29/08/2026,5.12
30/08/2026,5.17
31/08/2026,5.2
